test_movie,control,objective,packet,horizon,windows,component_rmse,vector_rmse,component_r2,vector_r2,r2,baseline_component_rmse,baseline_vector_rmse,baseline_component_r2,baseline_vector_r2,baseline_r2,component_rmse_delta,rmse_improvement_percent,selected_alpha,selected_bound_px,validation_score,contract,objective_name,variant,protocol,validation_h1_gain,h1_guard_percent
1,no_update,h1_strict,none,1,14446,3.439468548617472,4.864143068810534,0.48741308058582733,0.48875458576031305,0.48875458576031305,3.439468548617472,4.864143068810534,0.48741308058582733,0.48875458576031305,0.48875458576031305,0.0,0.0,,0.0,,streaming_receding_h1,no_update,no_update,strict_fold_local_streaming,,
1,no_update,h1_strict,none,2,14078,4.654817774545505,6.582906427137599,0.709101066973369,0.7106420137563161,0.7106420137563161,4.654817774545505,6.582906427137599,0.709101066973369,0.7106420137563161,0.7106420137563161,0.0,0.0,,0.0,,streaming_receding_h1,no_update,no_update,strict_fold_local_streaming,,
1,no_update,h1_strict,none,4,13348,6.56971205285295,9.290975886030628,0.8231253778816919,0.8246075819804406,0.8246075819804406,6.56971205285295,9.290975886030628,0.8231253778816919,0.8246075819804406,0.8246075819804406,0.0,0.0,,0.0,,streaming_receding_h1,no_update,no_update,strict_fold_local_streaming,,
1,no_update,h1_strict,none,6,12627,7.968048500592912,11.2685222551851,0.86409412950239,0.8653610978960501,0.8653610978960501,7.968048500592912,11.2685222551851,0.86409412950239,0.8653610978960501,0.8653610978960501,0.0,0.0,,0.0,,streaming_receding_h1,no_update,no_update,strict_fold_local_streaming,,
1,real,h1_strict,update_only,1,14446,3.4381236840447773,4.862241143092273,0.48800869602978003,0.4891543111338372,0.4891543111338372,3.439468548617472,4.864143068810534,0.48741308058582733,0.48875458576031305,0.48875458576031305,0.0013448645726947817,0.039100941139158345,1.0,1.5,0.9781500437144455,streaming_receding_h1,lambda_00,lambda_00_real,strict_fold_local_streaming,0.32541492641455655,0.5
1,real,h1_strict,update_only,2,14078,4.3079054916234805,6.092298371675462,0.7510000758134412,0.752165113782198,0.752165113782198,4.654817774545505,6.582906427137599,0.709101066973369,0.7106420137563161,0.7106420137563161,0.34691228292202414,7.452757545506635,1.0,1.5,0.9781500437144455,streaming_receding_h1,lambda_00,lambda_00_real,strict_fold_local_streaming,0.32541492641455655,0.5
1,real,h1_strict,update_only,4,13348,5.736775507730594,8.113025727322405,0.8653214686401403,0.8662622981479071,0.8662622981479071,6.56971205285295,9.290975886030628,0.8231253778816919,0.8246075819804406,0.8246075819804406,0.8329365451223554,12.67843306405866,1.0,1.5,0.9781500437144455,streaming_receding_h1,lambda_00,lambda_00_real,strict_fold_local_streaming,0.32541492641455655,0.5
1,real,h1_strict,update_only,6,12627,6.782919763333693,9.592497121795013,0.9017097471968907,0.9024336668387227,0.9024336668387227,7.968048500592912,11.2685222551851,0.86409412950239,0.8653610978960501,0.8653610978960501,1.1851287372592187,14.873513096350154,1.0,1.5,0.9781500437144455,streaming_receding_h1,lambda_00,lambda_00_real,strict_fold_local_streaming,0.32541492641455655,0.5
1,wrong_cell,h1_strict,update_only,1,14446,3.480479873884847,4.92214184121455,0.4752165239825838,0.47648998539430576,0.47648998539430576,3.439468548617472,4.864143068810534,0.48741308058582733,0.48875458576031305,0.48875458576031305,-0.04101132526737494,-1.1923738998532156,1.0,1.5,0.9781500437144455,streaming_receding_h1,lambda_00,lambda_00_wrong_cell,strict_fold_local_streaming,0.32541492641455655,0.5
1,wrong_cell,h1_strict,update_only,2,14078,4.718499667214133,6.672966223427163,0.701163464082055,0.7026705258221697,0.7026705258221697,4.654817774545505,6.582906427137599,0.709101066973369,0.7106420137563161,0.7106420137563161,-0.06368189266862867,-1.3680856212431765,1.0,1.5,0.9781500437144455,streaming_receding_h1,lambda_00,lambda_00_wrong_cell,strict_fold_local_streaming,0.32541492641455655,0.5
1,wrong_cell,h1_strict,update_only,4,13348,6.62859165422682,9.37424421684068,0.8200241004359687,0.8214496619778536,0.8214496619778536,6.56971205285295,9.290975886030628,0.8231253778816919,0.8246075819804406,0.8246075819804406,-0.05887960137387083,-0.8962280370918524,1.0,1.5,0.9781500437144455,streaming_receding_h1,lambda_00,lambda_00_wrong_cell,strict_fold_local_streaming,0.32541492641455655,0.5
1,wrong_cell,h1_strict,update_only,6,12627,8.022662427360265,11.34575801111394,0.8622801077896906,0.8635091114677678,0.8635091114677678,7.968048500592912,11.2685222551851,0.86409412950239,0.8653610978960501,0.8653610978960501,-0.05461392676735333,-0.6854115755355836,1.0,1.5,0.9781500437144455,streaming_receding_h1,lambda_00,lambda_00_wrong_cell,strict_fold_local_streaming,0.32541492641455655,0.5
1,stale_time,h1_strict,update_only,1,14446,3.471447104965035,4.909367576902369,0.4778493671756674,0.4792037541768793,0.4792037541768793,3.439468548617472,4.864143068810534,0.48741308058582733,0.48875458576031305,0.48875458576031305,-0.03197855634756275,-0.9297528352284785,1.0,1.5,0.9781500437144455,streaming_receding_h1,lambda_00,lambda_00_stale_time,strict_fold_local_streaming,0.32541492641455655,0.5
1,stale_time,h1_strict,update_only,2,14078,4.658769567083272,6.588495105740196,0.7086885049516753,0.7101504937112961,0.7101504937112961,4.654817774545505,6.582906427137599,0.709101066973369,0.7106420137563161,0.7106420137563161,-0.003951792537767673,-0.08489682580868647,1.0,1.5,0.9781500437144455,streaming_receding_h1,lambda_00,lambda_00_stale_time,strict_fold_local_streaming,0.32541492641455655,0.5
1,stale_time,h1_strict,update_only,4,13348,6.051387324010212,8.557954024787872,0.8499350672459534,0.8511913942162238,0.8511913942162238,6.56971205285295,9.290975886030628,0.8231253778816919,0.8246075819804406,0.8246075819804406,0.518324728842738,7.889611061684985,1.0,1.5,0.9781500437144455,streaming_receding_h1,lambda_00,lambda_00_stale_time,strict_fold_local_streaming,0.32541492641455655,0.5
1,stale_time,h1_strict,update_only,6,12627,7.065173861152427,9.991664694965648,0.8931879550196866,0.8941447674033931,0.8941447674033931,7.968048500592912,11.2685222551851,0.86409412950239,0.8653610978960501,0.8653610978960501,0.9028746394404843,11.331189053044799,1.0,1.5,0.9781500437144455,streaming_receding_h1,lambda_00,lambda_00_stale_time,strict_fold_local_streaming,0.32541492641455655,0.5
1,real,h1_strict,update_only,1,14446,3.4608732621539464,4.894413904992527,0.4811522560904635,0.48237155753796124,0.48237155753796124,3.439468548617472,4.864143068810534,0.48741308058582733,0.48875458576031305,0.48875458576031305,-0.02140471353647433,-0.6223261888839822,1.0,1.5,0.9714640667410734,streaming_receding_h1,lambda_01,lambda_01_real,strict_fold_local_streaming,-0.6406344661985828,1.4500000000000002
1,real,h1_strict,update_only,2,14078,4.26932896813308,6.037742928966134,0.7553845082613991,0.756583874388421,0.756583874388421,4.654817774545505,6.582906427137599,0.709101066973369,0.7106420137563161,0.7106420137563161,0.38548880641242445,8.281501555666452,1.0,1.5,0.9714640667410734,streaming_receding_h1,lambda_01,lambda_01_real,strict_fold_local_streaming,-0.6406344661985828,1.4500000000000002
1,real,h1_strict,update_only,4,13348,5.634159533477682,7.967904824817807,0.8700327940683475,0.8710039459949139,0.8710039459949139,6.56971205285295,9.290975886030628,0.8231253778816919,0.8246075819804406,0.8246075819804406,0.9355525193752676,14.240388495702739,1.0,1.5,0.9714640667410734,streaming_receding_h1,lambda_01,lambda_01_real,strict_fold_local_streaming,-0.6406344661985828,1.4500000000000002
1,real,h1_strict,update_only,6,12627,6.634982320208582,9.383281983344682,0.905889805127319,0.906643155561203,0.906643155561203,7.968048500592912,11.2685222551851,0.86409412950239,0.8653610978960501,0.8653610978960501,1.3330661803843293,16.73014641270236,1.0,1.5,0.9714640667410734,streaming_receding_h1,lambda_01,lambda_01_real,strict_fold_local_streaming,-0.6406344661985828,1.4500000000000002
1,wrong_cell,h1_strict,update_only,1,14446,3.5032017236771233,4.954275389352992,0.46829287837705424,0.46963234266118825,0.46963234266118825,3.439468548617472,4.864143068810534,0.48741308058582733,0.48875458576031305,0.48875458576031305,-0.06373317505965126,-1.852994849604583,1.0,1.5,0.9714640667410734,streaming_receding_h1,lambda_01,lambda_01_wrong_cell,strict_fold_local_streaming,-0.6406344661985828,1.4500000000000002
1,wrong_cell,h1_strict,update_only,2,14078,4.736291446948236,6.698127599625885,0.6988976622974515,0.7004240516132677,0.7004240516132677,4.654817774545505,6.582906427137599,0.709101066973369,0.7106420137563161,0.7106420137563161,-0.08147367240273162,-1.7503085265391876,1.0,1.5,0.9714640667410734,streaming_receding_h1,lambda_01,lambda_01_wrong_cell,strict_fold_local_streaming,-0.6406344661985828,1.4500000000000002
1,wrong_cell,h1_strict,update_only,4,13348,6.651861632770041,9.407152936092633,0.8187546598802701,0.8201938430435692,0.8201938430435692,6.56971205285295,9.290975886030628,0.8231253778816919,0.8246075819804406,0.8246075819804406,-0.08214957991709149,-1.250428926811448,1.0,1.5,0.9714640667410734,streaming_receding_h1,lambda_01,lambda_01_wrong_cell,strict_fold_local_streaming,-0.6406344661985828,1.4500000000000002
1,wrong_cell,h1_strict,update_only,6,12627,8.048981019978772,11.382978121737608,0.8613777990629223,0.862612117392654,0.862612117392654,7.968048500592912,11.2685222551851,0.86409412950239,0.8653610978960501,0.8653610978960501,-0.08093251938586032,-1.0157131872357208,1.0,1.5,0.9714640667410734,streaming_receding_h1,lambda_01,lambda_01_wrong_cell,strict_fold_local_streaming,-0.6406344661985828,1.4500000000000002
1,stale_time,h1_strict,update_only,1,14446,3.478941552248546,4.919966325893201,0.4756354298743152,0.47695265079682647,0.47695265079682647,3.439468548617472,4.864143068810534,0.48741308058582733,0.48875458576031305,0.48875458576031305,-0.039473003631073755,-1.1476483379079105,1.0,1.5,0.9714640667410734,streaming_receding_h1,lambda_01,lambda_01_stale_time,strict_fold_local_streaming,-0.6406344661985828,1.4500000000000002
1,stale_time,h1_strict,update_only,2,14078,4.681414910607872,6.620520457677284,0.7058404790048269,0.707325844816022,0.707325844816022,4.654817774545505,6.582906427137599,0.709101066973369,0.7106420137563161,0.7106420137563161,-0.026597136062367355,-0.5713894152379422,1.0,1.5,0.9714640667410734,streaming_receding_h1,lambda_01,lambda_01_stale_time,strict_fold_local_streaming,-0.6406344661985828,1.4500000000000002
1,stale_time,h1_strict,update_only,4,13348,6.004471640317427,8.491605228621529,0.852217686590249,0.8534898404745949,0.8534898404745949,6.56971205285295,9.290975886030628,0.8231253778816919,0.8246075819804406,0.8246075819804406,0.5652404125355224,8.603731913791599,1.0,1.5,0.9714640667410734,streaming_receding_h1,lambda_01,lambda_01_stale_time,strict_fold_local_streaming,-0.6406344661985828,1.4500000000000002
1,stale_time,h1_strict,update_only,6,12627,6.975215141757711,9.864443853943925,0.895847997733416,0.8968232512321006,0.8968232512321006,7.968048500592912,11.2685222551851,0.86409412950239,0.8653610978960501,0.8653610978960501,0.9928333588352007,12.46018217335553,1.0,1.5,0.9714640667410734,streaming_receding_h1,lambda_01,lambda_01_stale_time,strict_fold_local_streaming,-0.6406344661985828,1.4500000000000002
1,real,h1_strict,update_only,1,14446,3.501053105015196,4.951236783700926,0.46900111387402854,0.4702827239258712,0.4702827239258712,3.439468548617472,4.864143068810534,0.48741308058582733,0.48875458576031305,0.48875458576031305,-0.061584556397723755,-1.7905253537636874,1.0,2.0,0.9609434041140436,streaming_receding_h1,lambda_02,lambda_02_real,strict_fold_local_streaming,-2.2443213509893996,2.4000000000000004
1,real,h1_strict,update_only,2,14078,4.200061020354357,5.939783257779712,0.7632425798187759,0.7644184334229064,0.7644184334229064,4.654817774545505,6.582906427137599,0.709101066973369,0.7106420137563161,0.7106420137563161,0.45475675419114747,9.769593058571447,1.0,2.0,0.9609434041140436,streaming_receding_h1,lambda_02,lambda_02_real,strict_fold_local_streaming,-2.2443213509893996,2.4000000000000004
1,real,h1_strict,update_only,4,13348,5.430791009212736,7.680298299642518,0.8792414434697402,0.8801482648176264,0.8801482648176264,6.56971205285295,9.290975886030628,0.8231253778816919,0.8246075819804406,0.8246075819804406,1.138921043640214,17.33593549424481,1.0,2.0,0.9609434041140436,streaming_receding_h1,lambda_02,lambda_02_real,strict_fold_local_streaming,-2.2443213509893996,2.4000000000000004
1,real,h1_strict,update_only,6,12627,6.336270199384269,8.960839250829709,0.9141796853117143,0.9148599303396688,0.9148599303396688,7.968048500592912,11.2685222551851,0.86409412950239,0.8653610978960501,0.8653610978960501,1.6317783012086426,20.47902069229649,1.0,2.0,0.9609434041140436,streaming_receding_h1,lambda_02,lambda_02_real,strict_fold_local_streaming,-2.2443213509893996,2.4000000000000004
1,wrong_cell,h1_strict,update_only,1,14446,3.5481540299670504,5.017847550568155,0.45452121563676884,0.455933895309629,0.455933895309629,3.439468548617472,4.864143068810534,0.48741308058582733,0.48875458576031305,0.48875458576031305,-0.10868548134957834,-3.159949853103484,1.0,2.0,0.9609434041140436,streaming_receding_h1,lambda_02,lambda_02_wrong_cell,strict_fold_local_streaming,-2.2443213509893996,2.4000000000000004
1,wrong_cell,h1_strict,update_only,2,14078,4.788062228552106,6.771342541104734,0.6922850310974911,0.6938391340696841,0.6938391340696841,4.654817774545505,6.582906427137599,0.709101066973369,0.7106420137563161,0.7106420137563161,-0.13324445400660156,-2.862506342036376,1.0,2.0,0.9609434041140436,streaming_receding_h1,lambda_02,lambda_02_wrong_cell,strict_fold_local_streaming,-2.2443213509893996,2.4000000000000004
1,wrong_cell,h1_strict,update_only,4,13348,6.718910167036363,9.501973882589303,0.8151006655149555,0.8165508032904453,0.8165508032904453,6.56971205285295,9.290975886030628,0.8231253778816919,0.8246075819804406,0.8246075819804406,-0.1491981141834131,-2.270999291645098,1.0,2.0,0.9609434041140436,streaming_receding_h1,lambda_02,lambda_02_wrong_cell,strict_fold_local_streaming,-2.2443213509893996,2.4000000000000004
1,wrong_cell,h1_strict,update_only,6,12627,8.127594408349896,11.494154241756153,0.8586797770625367,0.8599153112646984,0.8599153112646984,7.968048500592912,11.2685222551851,0.86409412950239,0.8653610978960501,0.8653610978960501,-0.15954590775698474,-2.002320991709736,1.0,2.0,0.9609434041140436,streaming_receding_h1,lambda_02,lambda_02_wrong_cell,strict_fold_local_streaming,-2.2443213509893996,2.4000000000000004
1,stale_time,h1_strict,update_only,1,14446,3.506914791549945,4.959526460296747,0.4672126059820432,0.46850746610691885,0.46850746610691885,3.439468548617472,4.864143068810534,0.48741308058582733,0.48875458576031305,0.48875458576031305,-0.0674462429324727,-1.9609495472660559,1.0,2.0,0.9609434041140436,streaming_receding_h1,lambda_02,lambda_02_stale_time,strict_fold_local_streaming,-2.2443213509893996,2.4000000000000004
1,stale_time,h1_strict,update_only,2,14078,4.732733708488869,6.693096197645272,0.6993717285756633,0.7008739447771963,0.7008739447771963,4.654817774545505,6.582906427137599,0.709101066973369,0.7106420137563161,0.7106420137563161,-0.07791593394336438,-1.6738772110358728,1.0,2.0,0.9609434041140436,streaming_receding_h1,lambda_02,lambda_02_stale_time,strict_fold_local_streaming,-2.2443213509893996,2.4000000000000004
1,stale_time,h1_strict,update_only,4,13348,5.913898014990244,8.36351477929053,0.8566349499651933,0.8578765284866309,0.8578765284866309,6.56971205285295,9.290975886030628,0.8231253778816919,0.8246075819804406,0.8246075819804406,0.6558140378627053,9.982386329670458,1.0,2.0,0.9609434041140436,streaming_receding_h1,lambda_02,lambda_02_stale_time,strict_fold_local_streaming,-2.2443213509893996,2.4000000000000004
1,stale_time,h1_strict,update_only,6,12627,6.787509444709447,9.598987911443574,0.9013755420567762,0.9023015851099552,0.9023015851099552,7.968048500592912,11.2685222551851,0.86409412950239,0.8653610978960501,0.8653610978960501,1.1805390558834645,14.815912024074894,1.0,2.0,0.9609434041140436,streaming_receding_h1,lambda_02,lambda_02_stale_time,strict_fold_local_streaming,-2.2443213509893996,2.4000000000000004
1,real,h1_strict,update_only,1,14446,3.5167802475401717,4.9734783219571215,0.4641768509424953,0.46551293002233063,0.46551293002233063,3.439468548617472,4.864143068810534,0.48741308058582733,0.48875458576031305,0.48875458576031305,-0.07731169892269962,-2.2477803715860643,1.0,2.0,0.9473230167392874,streaming_receding_h1,lambda_03,lambda_03_real,strict_fold_local_streaming,-2.9793460782988728,3.35
1,real,h1_strict,update_only,2,14078,4.191907529257269,5.9282524800895215,0.76413913061157,0.7653322048086239,0.7653322048086239,4.654817774545505,6.582906427137599,0.709101066973369,0.7106420137563161,0.7106420137563161,0.4629102452882359,9.944755470764573,1.0,2.0,0.9473230167392874,streaming_receding_h1,lambda_03,lambda_03_real,strict_fold_local_streaming,-2.9793460782988728,3.35
1,real,h1_strict,update_only,4,13348,5.401338771520935,7.638646545656538,0.8805260313914387,0.8814446984729923,0.8814446984729923,6.56971205285295,9.290975886030628,0.8231253778816919,0.8246075819804406,0.8246075819804406,1.1683732813320145,17.784238821009502,1.0,2.0,0.9473230167392874,streaming_receding_h1,lambda_03,lambda_03_real,strict_fold_local_streaming,-2.9793460782988728,3.35
1,real,h1_strict,update_only,6,12627,6.291646806813972,8.897732243857696,0.9153686469631395,0.9160549111408229,0.9160549111408229,7.968048500592912,11.2685222551851,0.86409412950239,0.8653610978960501,0.8653610978960501,1.6764016937789394,21.039049820720802,1.0,2.0,0.9473230167392874,streaming_receding_h1,lambda_03,lambda_03_real,strict_fold_local_streaming,-2.9793460782988728,3.35
1,wrong_cell,h1_strict,update_only,1,14446,3.564825915364588,5.0414251570076845,0.44934741829980124,0.4508090230949031,0.4508090230949031,3.439468548617472,4.864143068810534,0.48741308058582733,0.48875458576031305,0.48875458576031305,-0.12535736674711595,-3.6446725700545963,1.0,2.0,0.9473230167392874,streaming_receding_h1,lambda_03,lambda_03_wrong_cell,strict_fold_local_streaming,-2.9793460782988728,3.35
1,wrong_cell,h1_strict,update_only,2,14078,4.802039353808428,6.791109181205211,0.6904840288714026,0.6920490593064422,0.6920490593064422,4.654817774545505,6.582906427137599,0.709101066973369,0.7106420137563161,0.7106420137563161,-0.147221579262923,-3.1627785746628434,1.0,2.0,0.9473230167392874,streaming_receding_h1,lambda_03,lambda_03_wrong_cell,strict_fold_local_streaming,-2.9793460782988728,3.35
1,wrong_cell,h1_strict,update_only,4,13348,6.738340328882236,9.529452280990842,0.8140326412793011,0.8154882495609554,0.8154882495609554,6.56971205285295,9.290975886030628,0.8231253778816919,0.8246075819804406,0.8246075819804406,-0.16862827602928654,-2.566752921173438,1.0,2.0,0.9473230167392874,streaming_receding_h1,lambda_03,lambda_03_wrong_cell,strict_fold_local_streaming,-2.9793460782988728,3.35
1,wrong_cell,h1_strict,update_only,6,12627,8.150226361464266,11.52616065679349,0.857900122789974,0.8591340704562609,0.8591340704562609,7.968048500592912,11.2685222551851,0.86409412950239,0.8653610978960501,0.8653610978960501,-0.1821778608713549,-2.2863548189722844,1.0,2.0,0.9473230167392874,streaming_receding_h1,lambda_03,lambda_03_wrong_cell,strict_fold_local_streaming,-2.9793460782988728,3.35
1,stale_time,h1_strict,update_only,1,14446,3.5137497592322893,4.969192564291501,0.46516054366163884,0.4664336920898783,0.4664336920898783,3.439468548617472,4.864143068810534,0.48741308058582733,0.48875458576031305,0.48875458576031305,-0.07428121061481718,-2.159671169101844,1.0,2.0,0.9473230167392874,streaming_receding_h1,lambda_03,lambda_03_stale_time,strict_fold_local_streaming,-2.9793460782988728,3.35
1,stale_time,h1_strict,update_only,2,14078,4.749369383651196,6.716622595079069,0.6972553350331769,0.6987673781020243,0.6987673781020243,4.654817774545505,6.582906427137599,0.709101066973369,0.7106420137563161,0.7106420137563161,-0.09455160910569127,-2.0312633852766293,1.0,2.0,0.9473230167392874,streaming_receding_h1,lambda_03,lambda_03_stale_time,strict_fold_local_streaming,-2.9793460782988728,3.35
1,stale_time,h1_strict,update_only,4,13348,5.90168864608006,8.346248124189728,0.8572228964301899,0.8584627566130679,0.8584627566130679,6.56971205285295,9.290975886030628,0.8231253778816919,0.8246075819804406,0.8246075819804406,0.6680234067728898,10.168229617960126,1.0,2.0,0.9473230167392874,streaming_receding_h1,lambda_03,lambda_03_stale_time,strict_fold_local_streaming,-2.9793460782988728,3.35
1,stale_time,h1_strict,update_only,6,12627,6.759098795388968,9.558809185858728,0.902194248908021,0.9031177508390574,0.9031177508390574,7.968048500592912,11.2685222551851,0.86409412950239,0.8653610978960501,0.8653610978960501,1.2089497052039437,15.172469207660876,1.0,2.0,0.9473230167392874,streaming_receding_h1,lambda_03,lambda_03_stale_time,strict_fold_local_streaming,-2.9793460782988728,3.35
1,real,h1_strict,update_only,1,14446,3.5296494076411578,4.991678062708287,0.46020870751990256,0.46159401302669,0.46159401302669,3.439468548617472,4.864143068810534,0.48741308058582733,0.48875458576031305,0.48875458576031305,-0.09018085902368567,-2.621941667701388,1.0,2.0,0.9320383179959701,streaming_receding_h1,lambda_04,lambda_04_real,strict_fold_local_streaming,-3.5985047906504763,4.300000000000001
1,real,h1_strict,update_only,2,14078,4.188261843236595,5.923096701474931,0.7645321465626191,0.7657402066889141,0.7657402066889141,4.654817774545505,6.582906427137599,0.709101066973369,0.7106420137563161,0.7106420137563161,0.4665559313089096,10.023076174114335,1.0,2.0,0.9320383179959701,streaming_receding_h1,lambda_04,lambda_04_real,strict_fold_local_streaming,-3.5985047906504763,4.300000000000001
1,real,h1_strict,update_only,4,13348,5.384731868706301,7.615160838467071,0.8812434426107394,0.8821725956745373,0.8821725956745373,6.56971205285295,9.290975886030628,0.8231253778816919,0.8246075819804406,0.8246075819804406,1.1849801841466485,18.037018587931286,1.0,2.0,0.9320383179959701,streaming_receding_h1,lambda_04,lambda_04_real,strict_fold_local_streaming,-3.5985047906504763,4.300000000000001
1,real,h1_strict,update_only,6,12627,6.265694610133739,8.861030295339134,0.9160550294887859,0.9167460072531214,0.9167460072531214,7.968048500592912,11.2685222551851,0.86409412950239,0.8653610978960501,0.8653610978960501,1.7023538904591726,21.364753117811702,1.0,2.0,0.9320383179959701,streaming_receding_h1,lambda_04,lambda_04_real,strict_fold_local_streaming,-3.5985047906504763,4.300000000000001
1,wrong_cell,h1_strict,update_only,1,14446,3.5781623689437128,5.060285750533241,0.4451856847831262,0.4466921542076734,0.4466921542076734,3.439468548617472,4.864143068810534,0.48741308058582733,0.48875458576031305,0.48875458576031305,-0.13869382032624067,-4.0324200778631925,1.0,2.0,0.9320383179959701,streaming_receding_h1,lambda_04,lambda_04_wrong_cell,strict_fold_local_streaming,-3.5985047906504763,4.300000000000001
1,wrong_cell,h1_strict,update_only,2,14078,4.812617110139241,6.806068387667726,0.6891158860551501,0.6906908789809724,0.6906908789809724,4.654817774545505,6.582906427137599,0.709101066973369,0.7106420137563161,0.7106420137563161,-0.1577993355937366,-3.390021763185866,1.0,2.0,0.9320383179959701,streaming_receding_h1,lambda_04,lambda_04_wrong_cell,strict_fold_local_streaming,-3.5985047906504763,4.300000000000001
1,wrong_cell,h1_strict,update_only,4,13348,6.7531758806672695,9.550432919530522,0.8132141350592714,0.814674889939045,0.814674889939045,6.56971205285295,9.290975886030628,0.8231253778816919,0.8246075819804406,0.8246075819804406,-0.1834638278143199,-2.79257030351352,1.0,2.0,0.9320383179959701,streaming_receding_h1,lambda_04,lambda_04_wrong_cell,strict_fold_local_streaming,-3.5985047906504763,4.300000000000001
1,wrong_cell,h1_strict,update_only,6,12627,8.16749115446589,11.55057676120795,0.8573036930244731,0.8585366399293326,0.8585366399293326,7.968048500592912,11.2685222551851,0.86409412950239,0.8653610978960501,0.8653610978960501,-0.19944265387297921,-2.5030301190829656,1.0,2.0,0.9320383179959701,streaming_receding_h1,lambda_04,lambda_04_wrong_cell,strict_fold_local_streaming,-3.5985047906504763,4.300000000000001
1,stale_time,h1_strict,update_only,1,14446,3.51896326550785,4.976565575573916,0.46359143023230565,0.46484916547909405,0.46484916547909405,3.439468548617472,4.864143068810534,0.48741308058582733,0.48875458576031305,0.48875458576031305,-0.07949471689037813,-2.311250001757737,1.0,2.0,0.9320383179959701,streaming_receding_h1,lambda_04,lambda_04_stale_time,strict_fold_local_streaming,-3.5985047906504763,4.300000000000001
1,stale_time,h1_strict,update_only,2,14078,4.7619561120376614,6.734422917069114,0.6956488599539898,0.6971686153919363,0.6971686153919363,4.654817774545505,6.582906427137599,0.709101066973369,0.7106420137563161,0.7106420137563161,-0.10713833749215684,-2.301665557737495,1.0,2.0,0.9320383179959701,streaming_receding_h1,lambda_04,lambda_04_stale_time,strict_fold_local_streaming,-3.5985047906504763,4.300000000000001
1,stale_time,h1_strict,update_only,4,13348,5.895026706460458,8.336826718827977,0.8575457391108252,0.8587821161852051,0.8587821161852051,6.56971205285295,9.290975886030628,0.8231253778816919,0.8246075819804406,0.8246075819804406,0.6746853463924918,10.269633447625827,1.0,2.0,0.9320383179959701,streaming_receding_h1,lambda_04,lambda_04_stale_time,strict_fold_local_streaming,-3.5985047906504763,4.300000000000001
1,stale_time,h1_strict,update_only,6,12627,6.742379291260329,9.535164236363855,0.9026772799054006,0.9035964595524156,0.9035964595524156,7.968048500592912,11.2685222551851,0.86409412950239,0.8653610978960501,0.8653610978960501,1.2256692093325823,15.382301064575334,1.0,2.0,0.9320383179959701,streaming_receding_h1,lambda_04,lambda_04_stale_time,strict_fold_local_streaming,-3.5985047906504763,4.300000000000001
1,real,h1_strict,update_only,1,14446,3.540551936713391,5.007096567186405,0.45683175028663425,0.4582627741541989,0.4582627741541989,3.439468548617472,4.864143068810534,0.48741308058582733,0.48875458576031305,0.48875458576031305,-0.10108338809591899,-2.9389246235890263,1.0,2.0,0.9155194011111514,streaming_receding_h1,lambda_05,lambda_05_real,strict_fold_local_streaming,-4.132946180887745,5.25
1,real,h1_strict,update_only,2,14078,4.186903050748747,5.921175078710165,0.7646702146680497,0.7658921832485183,0.7658921832485183,4.654817774545505,6.582906427137599,0.709101066973369,0.7106420137563161,0.7106420137563161,0.467914723796758,10.052267273608688,1.0,2.0,0.9155194011111514,streaming_receding_h1,lambda_05,lambda_05_real,strict_fold_local_streaming,-4.132946180887745,5.25
1,real,h1_strict,update_only,4,13348,5.3750189353770494,7.601424676422418,0.8816581258971556,0.882597284433843,0.882597284433843,6.56971205285295,9.290975886030628,0.8231253778816919,0.8246075819804406,0.8246075819804406,1.1946931174759001,18.184862713383232,1.0,2.0,0.9155194011111514,streaming_receding_h1,lambda_05,lambda_05_real,strict_fold_local_streaming,-4.132946180887745,5.25
1,real,h1_strict,update_only,6,12627,6.249815113803703,8.838573296265546,0.9164720034624894,0.9171674629114985,0.9171674629114985,7.968048500592912,11.2685222551851,0.86409412950239,0.8653610978960501,0.8653610978960501,1.7182333867892083,21.564042772346987,1.0,2.0,0.9155194011111514,streaming_receding_h1,lambda_05,lambda_05_real,strict_fold_local_streaming,-4.132946180887745,5.25
1,wrong_cell,h1_strict,update_only,1,14446,3.5892100814695564,5.075909575420488,0.44172186147007403,0.443270161510243,0.443270161510243,3.439468548617472,4.864143068810534,0.48741308058582733,0.48875458576031305,0.48875458576031305,-0.14974153285208436,-4.353624135108735,1.0,2.0,0.9155194011111514,streaming_receding_h1,lambda_05,lambda_05_wrong_cell,strict_fold_local_streaming,-4.132946180887745,5.25
1,wrong_cell,h1_strict,update_only,2,14078,4.820898226439211,6.817779654650733,0.6880410935148972,0.6896255008388049,0.6896255008388049,4.654817774545505,6.582906427137599,0.709101066973369,0.7106420137563161,0.7106420137563161,-0.16608045189370646,-3.567925962685457,1.0,2.0,0.9155194011111514,streaming_receding_h1,lambda_05,lambda_05_wrong_cell,strict_fold_local_streaming,-4.132946180887745,5.25
1,wrong_cell,h1_strict,update_only,4,13348,6.764838606559767,9.566926504661932,0.8125684163752043,0.814034224758141,0.814034224758141,6.56971205285295,9.290975886030628,0.8231253778816919,0.8246075819804406,0.8246075819804406,-0.19512655370681742,-2.9700929376666085,1.0,2.0,0.9155194011111514,streaming_receding_h1,lambda_05,lambda_05_wrong_cell,strict_fold_local_streaming,-4.132946180887745,5.25
1,wrong_cell,h1_strict,update_only,6,12627,8.181026995644633,11.569719331381053,0.8568348441739966,0.8580673618507008,0.8580673618507008,7.968048500592912,11.2685222551851,0.86409412950239,0.8653610978960501,0.8653610978960501,-0.21297849505172106,-2.672906609891658,1.0,2.0,0.9155194011111514,streaming_receding_h1,lambda_05,lambda_05_wrong_cell,strict_fold_local_streaming,-4.132946180887745,5.25
1,stale_time,h1_strict,update_only,1,14446,3.5231105483029066,4.982430719149681,0.4623401397823458,0.463587015502668,0.463587015502668,3.439468548617472,4.864143068810534,0.48741308058582733,0.48875458576031305,0.48875458576031305,-0.08364199968543451,-2.4318291766050666,1.0,2.0,0.9155194011111514,streaming_receding_h1,lambda_05,lambda_05_stale_time,strict_fold_local_streaming,-4.132946180887745,5.25
1,stale_time,h1_strict,update_only,2,14078,4.7718495755234365,6.74841438730954,0.6943825057356302,0.6959089802836658,0.6959089802836658,4.654817774545505,6.582906427137599,0.709101066973369,0.7106420137563161,0.7106420137563161,-0.11703180097793187,-2.514208002253296,1.0,2.0,0.9155194011111514,streaming_receding_h1,lambda_05,lambda_05_stale_time,strict_fold_local_streaming,-4.132946180887745,5.25
1,stale_time,h1_strict,update_only,4,13348,5.891270676438679,8.331514890230496,0.8577294165514018,0.858962013464351,0.858962013464351,6.56971205285295,9.290975886030628,0.8231253778816919,0.8246075819804406,0.8246075819804406,0.6784413764142707,10.32680536005611,1.0,2.0,0.9155194011111514,streaming_receding_h1,lambda_05,lambda_05_stale_time,strict_fold_local_streaming,-4.132946180887745,5.25
1,stale_time,h1_strict,update_only,6,12627,6.732017604760126,9.520510598786208,0.9029778470342181,0.9038925377359142,0.9038925377359142,7.968048500592912,11.2685222551851,0.86409412950239,0.8653610978960501,0.8653610978960501,1.2360308958327852,15.51234151926674,1.0,2.0,0.9155194011111514,streaming_receding_h1,lambda_05,lambda_05_stale_time,strict_fold_local_streaming,-4.132946180887745,5.25
1,real,h1_strict,update_only,1,14446,3.55000549202313,5.020465913318082,0.45389190742454455,0.45536594896088967,0.45536594896088967,3.439468548617472,4.864143068810534,0.48741308058582733,0.48875458576031305,0.48875458576031305,-0.11053694340565778,-3.213779740770974,1.0,2.0,0.8980504799533051,streaming_receding_h1,lambda_06,lambda_06_real,strict_fold_local_streaming,-4.601396457170398,6.2
1,real,h1_strict,update_only,2,14078,4.186827389188797,5.921068077105934,0.7646653442777163,0.7659006443006857,0.7659006443006857,4.654817774545505,6.582906427137599,0.709101066973369,0.7106420137563161,0.7106420137563161,0.4679903853567078,10.05389271983697,1.0,2.0,0.8980504799533051,streaming_receding_h1,lambda_06,lambda_06_real,strict_fold_local_streaming,-4.601396457170398,6.2
1,real,h1_strict,update_only,4,13348,5.369404164639245,7.593484191495398,0.8818934092893997,0.882842435211409,0.882842435211409,6.56971205285295,9.290975886030628,0.8231253778816919,0.8246075819804406,0.8246075819804406,1.2003078882137048,18.270327200907712,1.0,2.0,0.8980504799533051,streaming_receding_h1,lambda_06,lambda_06_real,strict_fold_local_streaming,-4.601396457170398,6.2
1,real,h1_strict,update_only,6,12627,6.2399619511681905,8.824638820034135,0.9167283356315978,0.9174284367428992,0.9174284367428992,7.968048500592912,11.2685222551851,0.86409412950239,0.8653610978960501,0.8653610978960501,1.728086549424721,21.687701189270275,1.0,2.0,0.8980504799533051,streaming_receding_h1,lambda_06,lambda_06_real,strict_fold_local_streaming,-4.601396457170398,6.2
1,wrong_cell,h1_strict,update_only,1,14446,3.5985940741153373,5.089180545089361,0.43876764285083414,0.44035521469838856,0.44035521469838856,3.439468548617472,4.864143068810534,0.48741308058582733,0.48875458576031305,0.48875458576031305,-0.15912552549786518,-4.626456769370002,1.0,2.0,0.8980504799533051,streaming_receding_h1,lambda_06,lambda_06_wrong_cell,strict_fold_local_streaming,-4.601396457170398,6.2
1,wrong_cell,h1_strict,update_only,2,14078,4.827559377950261,6.827199945458682,0.6871737826416248,0.6887672044007629,0.6887672044007629,4.654817774545505,6.582906427137599,0.709101066973369,0.7106420137563161,0.7106420137563161,-0.17274160340475664,-3.7110282673014647,1.0,2.0,0.8980504799533051,streaming_receding_h1,lambda_06,lambda_06_wrong_cell,strict_fold_local_streaming,-4.601396457170398,6.2
1,wrong_cell,h1_strict,update_only,4,13348,6.774218679892647,9.580191931585347,0.8120473198857938,0.8135181497776314,0.8135181497776314,6.56971205285295,9.290975886030628,0.8231253778816919,0.8246075819804406,0.8246075819804406,-0.2045066270396978,-3.112870478865039,1.0,2.0,0.8980504799533051,streaming_receding_h1,lambda_06,lambda_06_wrong_cell,strict_fold_local_streaming,-4.601396457170398,6.2
1,wrong_cell,h1_strict,update_only,6,12627,8.191853293572962,11.585030028741592,0.8564588919509131,0.8576914624057329,0.8576914624057329,7.968048500592912,11.2685222551851,0.86409412950239,0.8653610978960501,0.8653610978960501,-0.22380479298004996,-2.8087779958090917,1.0,2.0,0.8980504799533051,streaming_receding_h1,lambda_06,lambda_06_wrong_cell,strict_fold_local_streaming,-4.601396457170398,6.2
1,stale_time,h1_strict,update_only,1,14446,3.526526074716311,4.987261002926162,0.46130704990838617,0.4625464459351585,0.4625464459351585,3.439468548617472,4.864143068810534,0.48741308058582733,0.48875458576031305,0.48875458576031305,-0.08705752609883888,-2.531133076760725,1.0,2.0,0.8980504799533051,streaming_receding_h1,lambda_06,lambda_06_stale_time,strict_fold_local_streaming,-4.601396457170398,6.2
1,stale_time,h1_strict,update_only,2,14078,4.7798640365402845,6.759748546774678,0.6933539646632783,0.6948866629635614,0.6948866629635614,4.654817774545505,6.582906427137599,0.709101066973369,0.7106420137563161,0.7106420137563161,-0.12504626199477986,-2.6863836148127054,1.0,2.0,0.8980504799533051,streaming_receding_h1,lambda_06,lambda_06_stale_time,strict_fold_local_streaming,-4.601396457170398,6.2
1,stale_time,h1_strict,update_only,4,13348,5.889207956884612,8.328597764261763,0.8578316182036976,0.8590607598632929,0.8590607598632929,6.56971205285295,9.290975886030628,0.8231253778816919,0.8246075819804406,0.8246075819804406,0.6805040959683373,10.358202771958979,1.0,2.0,0.8980504799533051,streaming_receding_h1,lambda_06,lambda_06_stale_time,strict_fold_local_streaming,-4.601396457170398,6.2
1,stale_time,h1_strict,update_only,6,12627,6.725472089364052,9.511253842140357,0.9031686518851652,0.9040793367279097,0.9040793367279097,7.968048500592912,11.2685222551851,0.86409412950239,0.8653610978960501,0.8653610978960501,1.2425764112288595,15.594488551825432,1.0,2.0,0.8980504799533051,streaming_receding_h1,lambda_06,lambda_06_stale_time,strict_fold_local_streaming,-4.601396457170398,6.2
1,real,h1_strict,update_only,1,14446,3.5591044565152297,5.033333792306361,0.4510445621646912,0.4525704847164682,0.4525704847164682,3.439468548617472,4.864143068810534,0.48741308058582733,0.48875458576031305,0.48875458576031305,-0.11963590789775758,-3.478325392620508,1000.0,2.0,0.8798240479736279,streaming_receding_h1,lambda_07,lambda_07_real,strict_fold_local_streaming,-5.086627995454465,7.1499999999999995
1,real,h1_strict,update_only,2,14078,4.18668287686594,5.920863705819019,0.7646621922405461,0.7659168043448841,0.7659168043448841,4.654817774545505,6.582906427137599,0.709101066973369,0.7106420137563161,0.7106420137563161,0.4681348976795645,10.056997295136288,1000.0,2.0,0.8798240479736279,streaming_receding_h1,lambda_07,lambda_07_real,strict_fold_local_streaming,-5.086627995454465,7.1499999999999995
1,real,h1_strict,update_only,4,13348,5.365120900597208,7.587426741395926,0.8820646515639875,0.8830292777791445,0.8830292777791445,6.56971205285295,9.290975886030628,0.8231253778816919,0.8246075819804406,0.8246075819804406,1.204591152255742,18.33552433599641,1000.0,2.0,0.8798240479736279,streaming_receding_h1,lambda_07,lambda_07_real,strict_fold_local_streaming,-5.086627995454465,7.1499999999999995
1,real,h1_strict,update_only,6,12627,6.2321897413657155,8.813647255521865,0.9169245273451245,0.917634003328979,0.917634003328979,7.968048500592912,11.2685222551851,0.86409412950239,0.8653610978960501,0.8653610978960501,1.7358587592271961,21.785243389244293,1000.0,2.0,0.8798240479736279,streaming_receding_h1,lambda_07,lambda_07_real,strict_fold_local_streaming,-5.086627995454465,7.1499999999999995
1,wrong_cell,h1_strict,update_only,1,14446,3.6069225640803873,5.100958808552023,0.43613297897047004,0.43776176318674764,0.43776176318674764,3.439468548617472,4.864143068810534,0.48741308058582733,0.48875458576031305,0.48875458576031305,-0.16745401546291516,-4.868601445133869,1000.0,2.0,0.8798240479736279,streaming_receding_h1,lambda_07,lambda_07_wrong_cell,strict_fold_local_streaming,-5.086627995454465,7.1499999999999995
1,wrong_cell,h1_strict,update_only,2,14078,4.833267340657687,6.835272223733042,0.6864229780245683,0.6880307844854773,0.6880307844854773,4.654817774545505,6.582906427137599,0.709101066973369,0.7106420137563161,0.7106420137563161,-0.17844956611218254,-3.8336531042744486,1000.0,2.0,0.8798240479736279,streaming_receding_h1,lambda_07,lambda_07_wrong_cell,strict_fold_local_streaming,-5.086627995454465,7.1499999999999995
1,wrong_cell,h1_strict,update_only,4,13348,6.783964183526939,9.593974154997117,0.8115013500122649,0.8129812120503912,0.8129812120503912,6.56971205285295,9.290975886030628,0.8231253778816919,0.8246075819804406,0.8246075819804406,-0.21425213067398907,-3.2612103688920184,1000.0,2.0,0.8798240479736279,streaming_receding_h1,lambda_07,lambda_07_wrong_cell,strict_fold_local_streaming,-5.086627995454465,7.1499999999999995
1,wrong_cell,h1_strict,update_only,6,12627,8.203900005207077,11.602066651716553,0.8560380248189445,0.8572726046963375,0.8572726046963375,7.968048500592912,11.2685222551851,0.86409412950239,0.8653610978960501,0.8653610978960501,-0.23585150461416493,-2.9599657255677467,1000.0,2.0,0.8798240479736279,streaming_receding_h1,lambda_07,lambda_07_wrong_cell,strict_fold_local_streaming,-5.086627995454465,7.1499999999999995
1,stale_time,h1_strict,update_only,1,14446,3.5295398208492976,4.991523083580981,0.4603941877956405,0.46162744482802853,0.46162744482802853,3.439468548617472,4.864143068810534,0.48741308058582733,0.48875458576031305,0.48875458576031305,-0.09007127223182554,-2.618755512912905,1000.0,2.0,0.8798240479736279,streaming_receding_h1,lambda_07,lambda_07_stale_time,strict_fold_local_streaming,-5.086627995454465,7.1499999999999995
1,stale_time,h1_strict,update_only,2,14078,4.788676393098245,6.772211100935413,0.6922172203053234,0.6937605865488725,0.6937605865488725,4.654817774545505,6.582906427137599,0.709101066973369,0.7106420137563161,0.7106420137563161,-0.13385861855274062,-2.8757005115159537,1000.0,2.0,0.8798240479736279,streaming_receding_h1,lambda_07,lambda_07_stale_time,strict_fold_local_streaming,-5.086627995454465,7.1499999999999995
1,stale_time,h1_strict,update_only,4,13348,5.891946118592122,8.332470109684495,0.857698103480776,0.8589296712184786,0.8589296712184786,6.56971205285295,9.290975886030628,0.8231253778816919,0.8246075819804406,0.8246075819804406,0.6777659342608278,10.316524206970417,1000.0,2.0,0.8798240479736279,streaming_receding_h1,lambda_07,lambda_07_stale_time,strict_fold_local_streaming,-5.086627995454465,7.1499999999999995
1,stale_time,h1_strict,update_only,6,12627,6.727542208308978,9.514181432427998,0.903105157123882,0.9040202783482525,0.9040202783482525,7.968048500592912,11.2685222551851,0.86409412950239,0.8653610978960501,0.8653610978960501,1.2405062922839338,15.56850830151983,1000.0,2.0,0.8798240479736279,streaming_receding_h1,lambda_07,lambda_07_stale_time,strict_fold_local_streaming,-5.086627995454465,7.1499999999999995
1,real,h1_strict,update_only,1,14446,3.566545335977673,5.043856784958132,0.44871543899013117,0.45027911333877224,0.45027911333877224,3.439468548617472,4.864143068810534,0.48741308058582733,0.48875458576031305,0.48875458576031305,-0.12707678736020078,-3.69466345058688,1000.0,2.0,0.8609724895185881,streaming_receding_h1,lambda_08,lambda_08_real,strict_fold_local_streaming,-5.452469402113959,8.100000000000001
1,real,h1_strict,update_only,2,14078,4.18804956377477,5.922796492981005,0.7644975020206366,0.7657639527126741,0.7657639527126741,4.654817774545505,6.582906427137599,0.709101066973369,0.7106420137563161,0.7106420137563161,0.46676821077073427,10.027636598863625,1000.0,2.0,0.8609724895185881,streaming_receding_h1,lambda_08,lambda_08_real,strict_fold_local_streaming,-5.452469402113959,8.100000000000001
1,real,h1_strict,update_only,4,13348,5.364121295591467,7.58601308643979,0.8820993255365491,0.8830728606281427,0.8830728606281427,6.56971205285295,9.290975886030628,0.8231253778816919,0.8246075819804406,0.8246075819804406,1.2055907572614828,18.3507396909115,1000.0,2.0,0.8609724895185881,streaming_receding_h1,lambda_08,lambda_08_real,strict_fold_local_streaming,-5.452469402113959,8.100000000000001
1,real,h1_strict,update_only,6,12627,6.229138804816906,8.809332579676601,0.9170007875193036,0.917714627292736,0.917714627292736,7.968048500592912,11.2685222551851,0.86409412950239,0.8653610978960501,0.8653610978960501,1.7389096957760053,21.823533022503703,1000.0,2.0,0.8609724895185881,streaming_receding_h1,lambda_08,lambda_08_real,strict_fold_local_streaming,-5.452469402113959,8.100000000000001
1,wrong_cell,h1_strict,update_only,1,14446,3.614118415306719,5.111135278949121,0.43385236703211016,0.4355161821824449,0.4355161821824449,3.439468548617472,4.864143068810534,0.48741308058582733,0.48875458576031305,0.48875458576031305,-0.1746498666892471,-5.077815488658831,1000.0,2.0,0.8609724895185881,streaming_receding_h1,lambda_08,lambda_08_wrong_cell,strict_fold_local_streaming,-5.452469402113959,8.100000000000001
1,wrong_cell,h1_strict,update_only,2,14078,4.837881866319102,6.841798148507335,0.685819319960933,0.68743479958835,0.68743479958835,4.654817774545505,6.582906427137599,0.709101066973369,0.7106420137563161,0.7106420137563161,-0.1830640917735975,-3.9327875040494327,1000.0,2.0,0.8609724895185881,streaming_receding_h1,lambda_08,lambda_08_wrong_cell,strict_fold_local_streaming,-5.452469402113959,8.100000000000001
1,wrong_cell,h1_strict,update_only,4,13348,6.7901068221998235,9.602661157917069,0.8111582427611632,0.8126423809769735,0.8126423809769735,6.56971205285295,9.290975886030628,0.8231253778816919,0.8246075819804406,0.8246075819804406,-0.22039476934687396,-3.354709728125235,1000.0,2.0,0.8609724895185881,streaming_receding_h1,lambda_08,lambda_08_wrong_cell,strict_fold_local_streaming,-5.452469402113959,8.100000000000001
1,wrong_cell,h1_strict,update_only,6,12627,8.210660454066602,11.611627370181422,0.8558023013902438,0.8570372778832107,0.8570372778832107,7.968048500592912,11.2685222551851,0.86409412950239,0.8653610978960501,0.8653610978960501,-0.24261195347369036,-3.0448101998329618,1000.0,2.0,0.8609724895185881,streaming_receding_h1,lambda_08,lambda_08_wrong_cell,strict_fold_local_streaming,-5.452469402113959,8.100000000000001
1,stale_time,h1_strict,update_only,1,14446,3.53214075862123,4.995201365052935,0.4596036063936649,0.46083369293971543,0.46083369293971543,3.439468548617472,4.864143068810534,0.48741308058582733,0.48875458576031305,0.48875458576031305,-0.0926722100037578,-2.694375851786995,1000.0,2.0,0.8609724895185881,streaming_receding_h1,lambda_08,lambda_08_stale_time,strict_fold_local_streaming,-5.452469402113959,8.100000000000001
1,stale_time,h1_strict,update_only,2,14078,4.794252279143864,6.780096594603373,0.6914986979516629,0.6930470072370623,0.6930470072370623,4.654817774545505,6.582906427137599,0.709101066973369,0.7106420137563161,0.7106420137563161,-0.13943450459835915,-2.995487929964638,1000.0,2.0,0.8609724895185881,streaming_receding_h1,lambda_08,lambda_08_stale_time,strict_fold_local_streaming,-5.452469402113959,8.100000000000001
1,stale_time,h1_strict,update_only,4,13348,5.891582850577631,8.331956371131627,0.8577182783758083,0.85894706606813,0.85894706606813,6.56971205285295,9.290975886030628,0.8231253778816919,0.8246075819804406,0.8246075819804406,0.6781292022753185,10.322053642835616,1000.0,2.0,0.8609724895185881,streaming_receding_h1,lambda_08,lambda_08_stale_time,strict_fold_local_streaming,-5.452469402113959,8.100000000000001
1,stale_time,h1_strict,update_only,6,12627,6.724971128408697,9.510545376363076,0.9031816361285884,0.9040936259010195,0.9040936259010195,7.968048500592912,11.2685222551851,0.86409412950239,0.8653610978960501,0.8653610978960501,1.2430773721842145,15.600775674140484,1000.0,2.0,0.8609724895185881,streaming_receding_h1,lambda_08,lambda_08_stale_time,strict_fold_local_streaming,-5.452469402113959,8.100000000000001
1,real,h1_strict,update_only,1,14446,3.6559556333510006,5.170302040119303,0.4206662800623073,0.422371551957607,0.422371551957607,3.439468548617472,4.864143068810534,0.48741308058582733,0.48875458576031305,0.48875458576031305,-0.2164870847335285,-6.2942016091569615,3000.0,3.0,0.8137026124755469,streaming_receding_h1,lambda_09,lambda_09_real,strict_fold_local_streaming,-8.775055988186635,9.05
1,real,h1_strict,update_only,2,14078,4.118010198423926,5.823745872601836,0.7722910210529721,0.7735329927397238,0.7735329927397238,4.654817774545505,6.582906427137599,0.709101066973369,0.7106420137563161,0.7106420137563161,0.5368075761215785,11.532300556577475,3000.0,3.0,0.8137026124755469,streaming_receding_h1,lambda_09,lambda_09_real,strict_fold_local_streaming,-8.775055988186635,9.05
1,real,h1_strict,update_only,4,13348,5.0948996039061685,7.205276118773414,0.893637236816033,0.8945153159406943,0.8945153159406943,6.56971205285295,9.290975886030628,0.8231253778816919,0.8246075819804406,0.8246075819804406,1.474812448946781,22.448661936504994,3000.0,3.0,0.8137026124755469,streaming_receding_h1,lambda_09,lambda_09_real,strict_fold_local_streaming,-8.775055988186635,9.05
1,real,h1_strict,update_only,6,12627,5.811534896358711,8.218751468635007,0.9277792043070437,0.9283776900614551,0.9283776900614551,7.968048500592912,11.2685222551851,0.86409412950239,0.8653610978960501,0.8653610978960501,2.156513604234201,27.06451402841903,3000.0,3.0,0.8137026124755469,streaming_receding_h1,lambda_09,lambda_09_real,strict_fold_local_streaming,-8.775055988186635,9.05
1,wrong_cell,h1_strict,update_only,1,14446,3.7055378207220575,5.2404218419515765,0.40477826375602255,0.4065976784823063,0.4065976784823063,3.439468548617472,4.864143068810534,0.48741308058582733,0.48875458576031305,0.48875458576031305,-0.2660692721045854,-7.7357669751489535,3000.0,3.0,0.8137026124755469,streaming_receding_h1,lambda_09,lambda_09_wrong_cell,strict_fold_local_streaming,-8.775055988186635,9.05
1,wrong_cell,h1_strict,update_only,2,14078,4.946909945985949,6.995987137451682,0.6715198744996018,0.6731879100224836,0.6731879100224836,4.654817774545505,6.582906427137599,0.709101066973369,0.7106420137563161,0.7106420137563161,-0.2920921714404443,-6.27505061611062,3000.0,3.0,0.8137026124755469,streaming_receding_h1,lambda_09,lambda_09_wrong_cell,strict_fold_local_streaming,-8.775055988186635,9.05
1,wrong_cell,h1_strict,update_only,4,13348,6.932912304008585,9.804618607072245,0.8031755424496984,0.8046787212929379,0.8046787212929379,6.56971205285295,9.290975886030628,0.8231253778816919,0.8246075819804406,0.8246075819804406,-0.3632002511556358,-5.5284044145879,3000.0,3.0,0.8137026124755469,streaming_receding_h1,lambda_09,lambda_09_wrong_cell,strict_fold_local_streaming,-8.775055988186635,9.05
1,wrong_cell,h1_strict,update_only,6,12627,8.37949742603802,11.85039890577341,0.849862923961771,0.8510973017857327,0.8510973017857327,7.968048500592912,11.2685222551851,0.86409412950239,0.8653610978960501,0.8653610978960501,-0.41144892544510814,-5.163735203349876,3000.0,3.0,0.8137026124755469,streaming_receding_h1,lambda_09,lambda_09_wrong_cell,strict_fold_local_streaming,-8.775055988186635,9.05
1,stale_time,h1_strict,update_only,1,14446,3.5980419552866634,5.0883997311538085,0.4393054742875868,0.4405269299368114,0.4405269299368114,3.439468548617472,4.864143068810534,0.48741308058582733,0.48875458576031305,0.48875458576031305,-0.15857340666919129,-4.610404323450825,3000.0,3.0,0.8137026124755469,streaming_receding_h1,lambda_09,lambda_09_stale_time,strict_fold_local_streaming,-8.775055988186635,9.05
1,stale_time,h1_strict,update_only,2,14078,4.906959504116085,6.939488680736523,0.676857774021689,0.6784451584122636,0.6784451584122636,4.654817774545505,6.582906427137599,0.709101066973369,0.7106420137563161,0.7106420137563161,-0.2521417295705808,-5.416790555140472,3000.0,3.0,0.8137026124755469,streaming_receding_h1,lambda_09,lambda_09_stale_time,strict_fold_local_streaming,-8.775055988186635,9.05
1,stale_time,h1_strict,update_only,4,13348,5.808839725438908,8.214939921367309,0.8616937618795033,0.8628812223887214,0.8628812223887214,6.56971205285295,9.290975886030628,0.8231253778816919,0.8246075819804406,0.8246075819804406,0.7608723274140416,11.581517139455553,3000.0,3.0,0.8137026124755469,streaming_receding_h1,lambda_09,lambda_09_stale_time,strict_fold_local_streaming,-8.775055988186635,9.05
1,stale_time,h1_strict,update_only,6,12627,6.50190674148033,9.19508469508654,0.9095088987047264,0.9103504537556992,0.9103504537556992,7.968048500592912,11.2685222551851,0.86409412950239,0.8653610978960501,0.8653610978960501,1.4661417591125812,18.40026148188586,3000.0,3.0,0.8137026124755469,streaming_receding_h1,lambda_09,lambda_09_stale_time,strict_fold_local_streaming,-8.775055988186635,9.05
1,real,h1_strict,update_only,1,14446,3.665174707722675,5.18333978012825,0.4177044625504001,0.4194547147057964,0.4194547147057964,3.439468548617472,4.864143068810534,0.48741308058582733,0.48875458576031305,0.48875458576031305,-0.22570615910520297,-6.562239366774491,3000.0,3.0,0.7882549400510628,streaming_receding_h1,lambda_10,lambda_10_real,strict_fold_local_streaming,-9.200102461972236,10.0
1,real,h1_strict,update_only,2,14078,4.1203133366111775,5.827003001862266,0.7720250027182267,0.7732796030468789,0.7732796030468789,4.654817774545505,6.582906427137599,0.709101066973369,0.7106420137563161,0.7106420137563161,0.5345044379343271,11.482821966892486,3000.0,3.0,0.7882549400510628,streaming_receding_h1,lambda_10,lambda_10_real,strict_fold_local_streaming,-9.200102461972236,10.0
1,real,h1_strict,update_only,4,13348,5.0937057546090685,7.203587760906025,0.8936788244208831,0.8945647450055497,0.8945647450055497,6.56971205285295,9.290975886030628,0.8231253778816919,0.8246075819804406,0.8246075819804406,1.476006298243881,22.46683395511853,3000.0,3.0,0.7882549400510628,streaming_receding_h1,lambda_10,lambda_10_real,strict_fold_local_streaming,-9.200102461972236,10.0
1,real,h1_strict,update_only,6,12627,5.806996849974077,8.21233370189118,0.9278884435121739,0.9284895016463062,0.9284895016463062,7.968048500592912,11.2685222551851,0.86409412950239,0.8653610978960501,0.8653610978960501,2.161051650618835,27.121467075131743,3000.0,3.0,0.7882549400510628,streaming_receding_h1,lambda_10,lambda_10_real,strict_fold_local_streaming,-9.200102461972236,10.0
1,wrong_cell,h1_strict,update_only,1,14446,3.7149071937055873,5.253672136295816,0.4017301942567745,0.4035930746292533,0.4035930746292533,3.439468548617472,4.864143068810534,0.48741308058582733,0.48875458576031305,0.48875458576031305,-0.2754386450881152,-8.008174553560913,3000.0,3.0,0.7882549400510628,streaming_receding_h1,lambda_10,lambda_10_wrong_cell,strict_fold_local_streaming,-9.200102461972236,10.0
1,wrong_cell,h1_strict,update_only,2,14078,4.953745417609693,7.0056539541272,0.6706061470117114,0.6722841304245508,0.6722841304245508,4.654817774545505,6.582906427137599,0.709101066973369,0.7106420137563161,0.7106420137563161,-0.2989276430641885,-6.421897860295417,3000.0,3.0,0.7882549400510628,streaming_receding_h1,lambda_10,lambda_10_wrong_cell,strict_fold_local_streaming,-9.200102461972236,10.0
1,wrong_cell,h1_strict,update_only,4,13348,6.941741451485728,9.817104907178612,0.8026727221900074,0.8041809165037774,0.8041809165037774,6.56971205285295,9.290975886030628,0.8231253778816919,0.8246075819804406,0.8246075819804406,-0.37202939863277873,-5.662796110998838,3000.0,3.0,0.7882549400510628,streaming_receding_h1,lambda_10,lambda_10_wrong_cell,strict_fold_local_streaming,-9.200102461972236,10.0
1,wrong_cell,h1_strict,update_only,6,12627,8.38926490809338,11.864212211366336,0.8495151760827313,0.8507499654205044,0.8507499654205044,7.968048500592912,11.2685222551851,0.86409412950239,0.8653610978960501,0.8653610978960501,-0.4212164075004692,-5.286318318332601,3000.0,3.0,0.7882549400510628,streaming_receding_h1,lambda_10,lambda_10_wrong_cell,strict_fold_local_streaming,-9.200102461972236,10.0
1,stale_time,h1_strict,update_only,1,14446,3.602492264759456,5.0946934191669895,0.4379197182573832,0.4391420833279245,0.4391420833279245,3.439468548617472,4.864143068810534,0.48741308058582733,0.48875458576031305,0.48875458576031305,-0.16302371614198385,-4.739793774463,3000.0,3.0,0.7882549400510628,streaming_receding_h1,lambda_10,lambda_10_stale_time,strict_fold_local_streaming,-9.200102461972236,10.0
1,stale_time,h1_strict,update_only,2,14078,4.914762895522226,6.950524342695595,0.6758269432669823,0.6774216270573139,0.6774216270573139,4.654817774545505,6.582906427137599,0.709101066973369,0.7106420137563161,0.7106420137563161,-0.2599451209767212,-5.584431734325028,3000.0,3.0,0.7882549400510628,streaming_receding_h1,lambda_10,lambda_10_stale_time,strict_fold_local_streaming,-9.200102461972236,10.0
1,stale_time,h1_strict,update_only,4,13348,5.809814098343356,8.21631789274359,0.8616502337791769,0.8628352180114875,0.8628352180114875,6.56971205285295,9.290975886030628,0.8231253778816919,0.8246075819804406,0.8246075819804406,0.7598979545095936,11.566685851621182,3000.0,3.0,0.7882549400510628,streaming_receding_h1,lambda_10,lambda_10_stale_time,strict_fold_local_streaming,-9.200102461972236,10.0
1,stale_time,h1_strict,update_only,6,12627,6.499611968955152,9.191839396658873,0.9095755603747602,0.9104137241222587,0.9104137241222587,7.968048500592912,11.2685222551851,0.86409412950239,0.8653610978960501,0.8653610978960501,1.4684365316377592,18.429061162573134,3000.0,3.0,0.7882549400510628,streaming_receding_h1,lambda_10,lambda_10_stale_time,strict_fold_local_streaming,-9.200102461972236,10.0
2,no_update,h1_strict,none,1,13633,3.0963014977109995,4.378831571259022,0.5087787008414699,0.5088474157638294,0.5088474157638294,3.0963014977109995,4.378831571259022,0.5087787008414699,0.5088474157638294,0.5088474157638294,0.0,0.0,,0.0,,streaming_receding_h1,no_update,no_update,strict_fold_local_streaming,,
2,no_update,h1_strict,none,2,13298,4.14208300965924,5.857789968735265,0.7297402724068278,0.7297913097623758,0.7297913097623758,4.14208300965924,5.857789968735265,0.7297402724068278,0.7297913097623758,0.7297913097623758,0.0,0.0,,0.0,,streaming_receding_h1,no_update,no_update,strict_fold_local_streaming,,
2,no_update,h1_strict,none,4,12631,5.742869560830659,8.121644019866338,0.8392841897749787,0.8392629992518919,0.8392629992518919,5.742869560830659,8.121644019866338,0.8392841897749787,0.8392629992518919,0.8392629992518919,0.0,0.0,,0.0,,streaming_receding_h1,no_update,no_update,strict_fold_local_streaming,,
2,no_update,h1_strict,none,6,11967,6.947797820432563,9.825669906281961,0.8743591612530991,0.8744264501072796,0.8744264501072796,6.947797820432563,9.825669906281961,0.8743591612530991,0.8744264501072796,0.8744264501072796,0.0,0.0,,0.0,,streaming_receding_h1,no_update,no_update,strict_fold_local_streaming,,
2,real,h1_strict,update_only,1,13633,3.090834788809674,4.371100477389222,0.5104845091422887,0.5105802043511312,0.5105802043511312,3.0963014977109995,4.378831571259022,0.5087787008414699,0.5088474157638294,0.5088474157638294,0.00546670890132539,0.17655609136793557,10.0,1.0,0.9876536481702503,streaming_receding_h1,lambda_00,lambda_00_real,strict_fold_local_streaming,-0.36100269615725405,0.5
2,real,h1_strict,update_only,2,13298,3.9167523978270715,5.539124361464385,0.758206796357864,0.7583905303744415,0.7583905303744415,4.14208300965924,5.857789968735265,0.7297402724068278,0.7297913097623758,0.7297913097623758,0.22533061183216851,5.4400312911813415,10.0,1.0,0.9876536481702503,streaming_receding_h1,lambda_00,lambda_00_real,strict_fold_local_streaming,-0.36100269615725405,0.5
2,real,h1_strict,update_only,4,12631,5.208253619820142,7.36558290542841,0.8676173824182196,0.867796727738501,0.867796727738501,5.742869560830659,8.121644019866338,0.8392841897749787,0.8392629992518919,0.8392629992518919,0.5346159410105171,9.309212674041465,10.0,1.0,0.9876536481702503,streaming_receding_h1,lambda_00,lambda_00_real,strict_fold_local_streaming,-0.36100269615725405,0.5
2,real,h1_strict,update_only,6,11967,6.222375293417041,8.799767530125647,0.8989615303652172,0.8992798809740706,0.8992798809740706,6.947797820432563,9.825669906281961,0.8743591612530991,0.8744264501072796,0.8744264501072796,0.7254225270155219,10.44104255426301,10.0,1.0,0.9876536481702503,streaming_receding_h1,lambda_00,lambda_00_real,strict_fold_local_streaming,-0.36100269615725405,0.5
2,wrong_cell,h1_strict,update_only,1,13633,3.118806381860475,4.410658283642846,0.5016176683971499,0.5016817689126565,0.5016817689126565,3.0963014977109995,4.378831571259022,0.5087787008414699,0.5088474157638294,0.5088474157638294,-0.02250488414947549,-0.7268311618268654,10.0,1.0,0.9876536481702503,streaming_receding_h1,lambda_00,lambda_00_wrong_cell,strict_fold_local_streaming,-0.36100269615725405,0.5
2,wrong_cell,h1_strict,update_only,2,13298,4.219489658454838,5.967259501279851,0.7194707681727961,0.7195977012539799,0.7195977012539799,4.14208300965924,5.857789968735265,0.7297402724068278,0.7297913097623758,0.7297913097623758,-0.07740664879559755,-1.8687855510159277,10.0,1.0,0.9876536481702503,streaming_receding_h1,lambda_00,lambda_00_wrong_cell,strict_fold_local_streaming,-0.36100269615725405,0.5
2,wrong_cell,h1_strict,update_only,4,12631,5.8616482938929995,8.289622515084595,0.8324611333091652,0.8325452506723012,0.8325452506723012,5.742869560830659,8.121644019866338,0.8392841897749787,0.8392629992518919,0.8392629992518919,-0.11877873306234044,-2.0682819242922186,10.0,1.0,0.9876536481702503,streaming_receding_h1,lambda_00,lambda_00_wrong_cell,strict_fold_local_streaming,-0.36100269615725405,0.5
2,wrong_cell,h1_strict,update_only,6,11967,7.110455342974372,10.055702380682595,0.8682646309103239,0.8684779244291589,0.8684779244291589,6.947797820432563,9.825669906281961,0.8743591612530991,0.8744264501072796,0.8744264501072796,-0.1626575225418092,-2.3411378215908174,10.0,1.0,0.9876536481702503,streaming_receding_h1,lambda_00,lambda_00_wrong_cell,strict_fold_local_streaming,-0.36100269615725405,0.5
2,stale_time,h1_strict,update_only,1,13633,3.1581654170413263,4.466320364997525,0.4889422575321225,0.48902494992238077,0.48902494992238077,3.0963014977109995,4.378831571259022,0.5087787008414699,0.5088474157638294,0.5088474157638294,-0.061863919330326755,-1.9979940382440422,10.0,1.0,0.9876536481702503,streaming_receding_h1,lambda_00,lambda_00_stale_time,strict_fold_local_streaming,-0.36100269615725405,0.5
2,stale_time,h1_strict,update_only,2,13298,4.197332201081511,5.935924124554788,0.7224287034021272,0.7225348759227117,0.7225348759227117,4.14208300965924,5.857789968735265,0.7297402724068278,0.7297913097623758,0.7297913097623758,-0.055249191422270805,-1.3338504152000574,10.0,1.0,0.9876536481702503,streaming_receding_h1,lambda_00,lambda_00_stale_time,strict_fold_local_streaming,-0.36100269615725405,0.5
2,stale_time,h1_strict,update_only,4,12631,5.460471218342811,7.72227245392834,0.8545428654344962,0.8546824053245193,0.8546824053245193,5.742869560830659,8.121644019866338,0.8392841897749787,0.8392629992518919,0.8392629992518919,0.28239834248784845,4.917373440169201,10.0,1.0,0.9876536481702503,streaming_receding_h1,lambda_00,lambda_00_stale_time,strict_fold_local_streaming,-0.36100269615725405,0.5
2,stale_time,h1_strict,update_only,6,11967,6.439225223734734,9.10643964258059,0.8918496702721835,0.8921373567569789,0.8921373567569789,6.947797820432563,9.825669906281961,0.8743591612530991,0.8744264501072796,0.8744264501072796,0.508572596697829,7.3199107090045645,10.0,1.0,0.9876536481702503,streaming_receding_h1,lambda_00,lambda_00_stale_time,strict_fold_local_streaming,-0.36100269615725405,0.5
2,real,h1_strict,update_only,1,13633,3.1378240580258123,4.437553339200686,0.4955050708373388,0.4955860083625704,0.4955860083625704,3.0963014977109995,4.378831571259022,0.5087787008414699,0.5088474157638294,0.5088474157638294,-0.04152256031481283,-1.3410373746067423,10.0,1.5,0.9776016026384402,streaming_receding_h1,lambda_01,lambda_01_real,strict_fold_local_streaming,-1.3621193828322478,1.4500000000000002
2,real,h1_strict,update_only,2,13298,3.8272041485172554,5.4124840128036755,0.7691206341106579,0.7693120161156137,0.7693120161156137,4.14208300965924,5.857789968735265,0.7297402724068278,0.7297913097623758,0.7297913097623758,0.3148788611419846,7.60194473185821,10.0,1.5,0.9776016026384402,streaming_receding_h1,lambda_01,lambda_01_real,strict_fold_local_streaming,-1.3621193828322478,1.4500000000000002
2,real,h1_strict,update_only,4,12631,4.963404000408688,7.019313252914842,0.8797411715056078,0.879934783344153,0.879934783344153,5.742869560830659,8.121644019866338,0.8392841897749787,0.8392629992518919,0.8392629992518919,0.7794655604219711,13.57275404160891,10.0,1.5,0.9776016026384402,streaming_receding_h1,lambda_01,lambda_01_real,strict_fold_local_streaming,-1.3621193828322478,1.4500000000000002
2,real,h1_strict,update_only,6,11967,5.874359430650605,8.307598777080377,0.9099058816869577,0.910231315831906,0.910231315831906,6.947797820432563,9.825669906281961,0.8743591612530991,0.8744264501072796,0.8744264501072796,1.0734383897819582,15.45005219675674,10.0,1.5,0.9776016026384402,streaming_receding_h1,lambda_01,lambda_01_real,strict_fold_local_streaming,-1.3621193828322478,1.4500000000000002
2,wrong_cell,h1_strict,update_only,1,13633,3.172369736566675,4.486408306314554,0.48438168536051845,0.48441824064194416,0.48441824064194416,3.0963014977109995,4.378831571259022,0.5087787008414699,0.5088474157638294,0.5088474157638294,-0.07606823885567549,-2.456745213988702,10.0,1.5,0.9776016026384402,streaming_receding_h1,lambda_01,lambda_01_wrong_cell,strict_fold_local_streaming,-1.3621193828322478,1.4500000000000002
2,wrong_cell,h1_strict,update_only,2,13298,4.271808333746663,6.041249281442943,0.7124812763430254,0.7126010127815612,0.7126010127815612,4.14208300965924,5.857789968735265,0.7297402724068278,0.7297913097623758,0.7297913097623758,-0.1297253240874232,-3.1318861496717187,10.0,1.5,0.9776016026384402,streaming_receding_h1,lambda_01,lambda_01_wrong_cell,strict_fold_local_streaming,-1.3621193828322478,1.4500000000000002
2,wrong_cell,h1_strict,update_only,4,12631,5.928576349802283,8.384273079454767,0.8286280782356451,0.8286994369379787,0.8286994369379787,5.742869560830659,8.121644019866338,0.8392841897749787,0.8392629992518919,0.8392629992518919,-0.18570678897162374,-3.233693313152019,10.0,1.5,0.9776016026384402,streaming_receding_h1,lambda_01,lambda_01_wrong_cell,strict_fold_local_streaming,-1.3621193828322478,1.4500000000000002
2,wrong_cell,h1_strict,update_only,6,11967,7.184437026768221,10.160328281271054,0.8655315918183839,0.8657268082637979,0.8657268082637979,6.947797820432563,9.825669906281961,0.8743591612530991,0.8744264501072796,0.8744264501072796,-0.23663920633565816,-3.4059598804060367,10.0,1.5,0.9776016026384402,streaming_receding_h1,lambda_01,lambda_01_wrong_cell,strict_fold_local_streaming,-1.3621193828322478,1.4500000000000002
2,stale_time,h1_strict,update_only,1,13633,3.1852872999870194,4.50467649969642,0.4801124111984274,0.48021090028188906,0.48021090028188906,3.0963014977109995,4.378831571259022,0.5087787008414699,0.5088474157638294,0.5088474157638294,-0.08898580227601993,-2.873938547063469,10.0,1.5,0.9776016026384402,streaming_receding_h1,lambda_01,lambda_01_stale_time,strict_fold_local_streaming,-1.3621193828322478,1.4500000000000002
2,stale_time,h1_strict,update_only,2,13298,4.259526555378395,6.023880223904478,0.7141396263884235,0.7142512256223448,0.7142512256223448,4.14208300965924,5.857789968735265,0.7297402724068278,0.7297913097623758,0.7297913097623758,-0.11744354571915494,-2.835374024259759,10.0,1.5,0.9776016026384402,streaming_receding_h1,lambda_01,lambda_01_stale_time,strict_fold_local_streaming,-1.3621193828322478,1.4500000000000002
2,stale_time,h1_strict,update_only,4,12631,5.344383570965153,7.558099728582872,0.8606543930985878,0.8607955250368767,0.8607955250368767,5.742869560830659,8.121644019866338,0.8392841897749787,0.8392629992518919,0.8392629992518919,0.398485989865506,6.938795764810445,10.0,1.5,0.9776016026384402,streaming_receding_h1,lambda_01,lambda_01_stale_time,strict_fold_local_streaming,-1.3621193828322478,1.4500000000000002
2,stale_time,h1_strict,update_only,6,11967,6.203270788619036,8.772749680337885,0.8996098126295055,0.899897411729463,0.899897411729463,6.947797820432563,9.825669906281961,0.8743591612530991,0.8744264501072796,0.8744264501072796,0.7445270318135275,10.716014643143055,10.0,1.5,0.9776016026384402,streaming_receding_h1,lambda_01,lambda_01_stale_time,strict_fold_local_streaming,-1.3621193828322478,1.4500000000000002
2,real,h1_strict,update_only,1,13633,3.1604869584078332,4.46960352028365,0.48820690039530534,0.4882734467168809,0.4882734467168809,3.0963014977109995,4.378831571259022,0.5087787008414699,0.5088474157638294,0.5088474157638294,-0.06418546069683373,-2.0729719229307633,10.0,1.5,0.9652400412504434,streaming_receding_h1,lambda_02,lambda_02_real,strict_fold_local_streaming,-1.6210216961024642,2.4000000000000004
2,real,h1_strict,update_only,2,13298,3.8074431372862825,5.384537722714627,0.7715159285848028,0.7716880895507309,0.7716880895507309,4.14208300965924,5.857789968735265,0.7297402724068278,0.7297913097623758,0.7297913097623758,0.33463987237295756,8.079023804993412,10.0,1.5,0.9652400412504434,streaming_receding_h1,lambda_02,lambda_02_real,strict_fold_local_streaming,-1.6210216961024642,2.4000000000000004
2,real,h1_strict,update_only,4,12631,4.9083063982818045,6.941393476732767,0.8824232688052789,0.88258562057044,0.88258562057044,5.742869560830659,8.121644019866338,0.8392841897749787,0.8392629992518919,0.8392629992518919,0.8345631625488545,14.532162949355614,10.0,1.5,0.9652400412504434,streaming_receding_h1,lambda_02,lambda_02_real,strict_fold_local_streaming,-1.6210216961024642,2.4000000000000004
2,real,h1_strict,update_only,6,11967,5.7898013296053135,8.188015563773613,0.9125187112827133,0.9127970552443682,0.9127970552443682,6.947797820432563,9.825669906281961,0.8743591612530991,0.8744264501072796,0.8744264501072796,1.1579964908272498,16.667101155732162,10.0,1.5,0.9652400412504434,streaming_receding_h1,lambda_02,lambda_02_real,strict_fold_local_streaming,-1.6210216961024642,2.4000000000000004
2,wrong_cell,h1_strict,update_only,1,13633,3.1961857177158115,4.520089189856885,0.47662682531385114,0.4766479124830195,0.4766479124830195,3.0963014977109995,4.378831571259022,0.5087787008414699,0.5088474157638294,0.5088474157638294,-0.09988422000481201,-3.2259203465377433,10.0,1.5,0.9652400412504434,streaming_receding_h1,lambda_02,lambda_02_wrong_cell,strict_fold_local_streaming,-1.6210216961024642,2.4000000000000004
2,wrong_cell,h1_strict,update_only,2,13298,4.277646867962513,6.04950621571538,0.7117116873622331,0.7118148653738174,0.7118148653738174,4.14208300965924,5.857789968735265,0.7297402724068278,0.7297913097623758,0.7297913097623758,-0.13556385830327322,-3.2728426250063434,10.0,1.5,0.9652400412504434,streaming_receding_h1,lambda_02,lambda_02_wrong_cell,strict_fold_local_streaming,-1.6210216961024642,2.4000000000000004
2,wrong_cell,h1_strict,update_only,4,12631,5.9281571923521765,8.383680301304057,0.8286813295882558,0.8287236583917437,0.8287236583917437,5.742869560830659,8.121644019866338,0.8392841897749787,0.8392629992518919,0.8392629992518919,-0.1852876315215175,-3.226394567365329,10.0,1.5,0.9652400412504434,streaming_receding_h1,lambda_02,lambda_02_wrong_cell,strict_fold_local_streaming,-1.6210216961024642,2.4000000000000004
2,wrong_cell,h1_strict,update_only,6,11967,7.172331985940068,10.1432091683588,0.8660265740874653,0.8661789002399731,0.8661789002399731,6.947797820432563,9.825669906281961,0.8743591612530991,0.8744264501072796,0.8744264501072796,-0.22453416550750482,-3.231731424987343,10.0,1.5,0.9652400412504434,streaming_receding_h1,lambda_02,lambda_02_wrong_cell,strict_fold_local_streaming,-1.6210216961024642,2.4000000000000004
2,stale_time,h1_strict,update_only,1,13633,3.1821976854995517,4.5003071249857385,0.48110897695729266,0.4812187648327336,0.4812187648327336,3.0963014977109995,4.378831571259022,0.5087787008414699,0.5088474157638294,0.5088474157638294,-0.08589618778855224,-2.7741545147348425,10.0,1.5,0.9652400412504434,streaming_receding_h1,lambda_02,lambda_02_stale_time,strict_fold_local_streaming,-1.6210216961024642,2.4000000000000004
2,stale_time,h1_strict,update_only,2,13298,4.273203578809085,6.043222455933055,0.7123064068068802,0.7124132433537568,0.7124132433537568,4.14208300965924,5.857789968735265,0.7297402724068278,0.7297913097623758,0.7297913097623758,-0.1311205691498447,-3.165570773064534,10.0,1.5,0.9652400412504434,streaming_receding_h1,lambda_02,lambda_02_stale_time,strict_fold_local_streaming,-1.6210216961024642,2.4000000000000004
2,stale_time,h1_strict,update_only,4,12631,5.308173840170351,7.5068914362029835,0.8625649058775722,0.8626754353723837,0.8626754353723837,5.742869560830659,8.121644019866338,0.8392841897749787,0.8392629992518919,0.8392629992518919,0.4346957206603079,7.569312101830723,10.0,1.5,0.9652400412504434,streaming_receding_h1,lambda_02,lambda_02_stale_time,strict_fold_local_streaming,-1.6210216961024642,2.4000000000000004
2,stale_time,h1_strict,update_only,6,11967,6.131585210669009,8.671370963774404,0.9019552155175845,0.9021976334617611,0.9021976334617611,6.947797820432563,9.825669906281961,0.8743591612530991,0.8744264501072796,0.8744264501072796,0.8162126097635545,11.747788736211927,10.0,1.5,0.9652400412504434,streaming_receding_h1,lambda_02,lambda_02_stale_time,strict_fold_local_streaming,-1.6210216961024642,2.4000000000000004
2,real,h1_strict,update_only,1,13633,3.214964398858203,4.546646255411936,0.47042834100850467,0.47048010255727435,0.47048010255727435,3.0963014977109995,4.378831571259022,0.5087787008414699,0.5088474157638294,0.5088474157638294,-0.11866290114720357,-3.832407833504825,10.0,2.0,0.9479083156442507,streaming_receding_h1,lambda_03,lambda_03_real,strict_fold_local_streaming,-2.8345361285354382,3.35
2,real,h1_strict,update_only,2,13298,3.7551046491887896,5.31051992301305,0.7777450174809478,0.7779218630871765,0.7779218630871765,4.14208300965924,5.857789968735265,0.7297402724068278,0.7297913097623758,0.7297913097623758,0.3869783604704504,9.342602733166526,10.0,2.0,0.9479083156442507,streaming_receding_h1,lambda_03,lambda_03_real,strict_fold_local_streaming,-2.8345361285354382,3.35
2,real,h1_strict,update_only,4,12631,4.736075006555728,6.697821506687355,0.8905108426438886,0.8906811385946007,0.8906811385946007,5.742869560830659,8.121644019866338,0.8392841897749787,0.8392629992518919,0.8392629992518919,1.006794554274931,17.53121054919636,10.0,2.0,0.9479083156442507,streaming_receding_h1,lambda_03,lambda_03_real,strict_fold_local_streaming,-2.8345361285354382,3.35
2,real,h1_strict,update_only,6,11967,5.536125536491835,7.82926381670678,0.9199923278619695,0.920271115716361,0.920271115716361,6.947797820432563,9.825669906281961,0.8743591612530991,0.8744264501072796,0.8744264501072796,1.411672283940728,20.318269477980273,10.0,2.0,0.9479083156442507,streaming_receding_h1,lambda_03,lambda_03_real,strict_fold_local_streaming,-2.8345361285354382,3.35
2,wrong_cell,h1_strict,update_only,1,13633,3.2535408076820427,4.601201535958259,0.457701987860294,0.45769642889904705,0.45769642889904705,3.0963014977109995,4.378831571259022,0.5087787008414699,0.5088474157638294,0.5088474157638294,-0.15723930997104318,-5.078294542288126,10.0,2.0,0.9479083156442507,streaming_receding_h1,lambda_03,lambda_03_wrong_cell,strict_fold_local_streaming,-2.8345361285354382,3.35
2,wrong_cell,h1_strict,update_only,2,13298,4.3337488280519985,6.128846368549643,0.7041115808031986,0.704206115692268,0.704206115692268,4.14208300965924,5.857789968735265,0.7297402724068278,0.7297913097623758,0.7297913097623758,-0.19166581839275842,-4.627280958537003,10.0,2.0,0.9479083156442507,streaming_receding_h1,lambda_03,lambda_03_wrong_cell,strict_fold_local_streaming,-2.8345361285354382,3.35
2,wrong_cell,h1_strict,update_only,4,12631,6.001018847631341,8.486722242376805,0.8244588168163229,0.8244875463628296,0.8244875463628296,5.742869560830659,8.121644019866338,0.8392841897749787,0.8392629992518919,0.8392629992518919,-0.2581492868006823,-4.495127114872919,10.0,2.0,0.9479083156442507,streaming_receding_h1,lambda_03,lambda_03_wrong_cell,strict_fold_local_streaming,-2.8345361285354382,3.35
2,wrong_cell,h1_strict,update_only,6,11967,7.254327113587257,10.259167789925966,0.8629684679898049,0.8631016866382242,0.8631016866382242,6.947797820432563,9.825669906281961,0.8743591612530991,0.8744264501072796,0.8744264501072796,-0.3065292931546937,-4.411891380218797,10.0,2.0,0.9479083156442507,streaming_receding_h1,lambda_03,lambda_03_wrong_cell,strict_fold_local_streaming,-2.8345361285354382,3.35
2,stale_time,h1_strict,update_only,1,13633,3.2138502515655234,4.545070613200147,0.4707259116913463,0.47084704965900404,0.47084704965900404,3.0963014977109995,4.378831571259022,0.5087787008414699,0.5088474157638294,0.5088474157638294,-0.1175487538545239,-3.7964246679925737,10.0,2.0,0.9479083156442507,streaming_receding_h1,lambda_03,lambda_03_stale_time,strict_fold_local_streaming,-2.8345361285354382,3.35
2,stale_time,h1_strict,update_only,2,13298,4.340332446304856,6.1381570107723205,0.7031973102570015,0.7033067219868263,0.7033067219868263,4.14208300965924,5.857789968735265,0.7297402724068278,0.7297913097623758,0.7297913097623758,-0.19824943664561623,-4.786225582232495,10.0,2.0,0.9479083156442507,streaming_receding_h1,lambda_03,lambda_03_stale_time,strict_fold_local_streaming,-2.8345361285354382,3.35
2,stale_time,h1_strict,update_only,4,12631,5.240104292409904,7.410626558575558,0.8660673151771623,0.8661748257549495,0.8661748257549495,5.742869560830659,8.121644019866338,0.8392841897749787,0.8392629992518919,0.8392629992518919,0.5027652684207551,8.754600171486992,10.0,2.0,0.9479083156442507,streaming_receding_h1,lambda_03,lambda_03_stale_time,strict_fold_local_streaming,-2.8345361285354382,3.35
2,stale_time,h1_strict,update_only,6,11967,5.969128410441861,8.441622353593434,0.9070750293066294,0.9073115390452672,0.9073115390452672,6.947797820432563,9.825669906281961,0.8743591612530991,0.8744264501072796,0.8744264501072796,0.9786694099907018,14.086037551532707,10.0,2.0,0.9479083156442507,streaming_receding_h1,lambda_03,lambda_03_stale_time,strict_fold_local_streaming,-2.8345361285354382,3.35
2,real,h1_strict,update_only,1,13633,3.23370669482046,4.57315186455177,0.464245300772249,0.4642882163523987,0.4642882163523987,3.0963014977109995,4.378831571259022,0.5087787008414699,0.5088474157638294,0.5088474157638294,-0.13740519710946053,-4.4377202029918585,10.0,2.0,0.9313491776900935,streaming_receding_h1,lambda_04,lambda_04_real,strict_fold_local_streaming,-3.072526179820311,4.300000000000001
2,real,h1_strict,update_only,2,13298,3.746979536787453,5.299029278859273,0.7787163546714471,0.7788818670528043,0.7788818670528043,4.14208300965924,5.857789968735265,0.7297402724068278,0.7297913097623758,0.7297913097623758,0.3951034728717868,9.538762790374188,10.0,2.0,0.9313491776900935,streaming_receding_h1,lambda_04,lambda_04_real,strict_fold_local_streaming,-3.072526179820311,4.300000000000001
2,real,h1_strict,update_only,4,12631,4.708074040547711,6.65822216079927,0.891819499455985,0.8919699631530286,0.8919699631530286,5.742869560830659,8.121644019866338,0.8392841897749787,0.8392629992518919,0.8392629992518919,1.0347955202829482,18.018788504979966,10.0,2.0,0.9313491776900935,streaming_receding_h1,lambda_04,lambda_04_real,strict_fold_local_streaming,-3.072526179820311,4.300000000000001
2,real,h1_strict,update_only,6,11967,5.4903425213295804,7.764516855737987,0.9213356357468891,0.9215843573483553,0.9215843573483553,6.947797820432563,9.825669906281961,0.8743591612530991,0.8744264501072796,0.8744264501072796,1.4574552991029828,20.977226695008273,10.0,2.0,0.9313491776900935,streaming_receding_h1,lambda_04,lambda_04_real,strict_fold_local_streaming,-3.072526179820311,4.300000000000001
2,wrong_cell,h1_strict,update_only,1,13633,3.2729290506695445,4.628620652141769,0.45122944211621796,0.4512138660143725,0.4512138660143725,3.0963014977109995,4.378831571259022,0.5087787008414699,0.5088474157638294,0.5088474157638294,-0.17662755295854504,-5.704468802186103,10.0,2.0,0.9313491776900935,streaming_receding_h1,lambda_04,lambda_04_wrong_cell,strict_fold_local_streaming,-3.072526179820311,4.300000000000001
2,wrong_cell,h1_strict,update_only,2,13298,4.339408694630376,6.136850628626007,0.703349094809496,0.7034329988333794,0.7034329988333794,4.14208300965924,5.857789968735265,0.7297402724068278,0.7297913097623758,0.7297913097623758,-0.197325684971136,-4.763923960745768,10.0,2.0,0.9313491776900935,streaming_receding_h1,lambda_04,lambda_04_wrong_cell,strict_fold_local_streaming,-3.072526179820311,4.300000000000001
2,wrong_cell,h1_strict,update_only,4,12631,6.002964002506405,8.489473106782036,0.8243641362720331,0.8243737476084582,0.8243737476084582,5.742869560830659,8.121644019866338,0.8392841897749787,0.8392629992518919,0.8392629992518919,-0.26009444167574625,-4.528997897666436,10.0,2.0,0.9313491776900935,streaming_receding_h1,lambda_04,lambda_04_wrong_cell,strict_fold_local_streaming,-3.072526179820311,4.300000000000001
2,wrong_cell,h1_strict,update_only,6,11967,7.248727695507965,10.251249016936834,0.8632080144709262,0.8633129412560426,0.8633129412560426,6.947797820432563,9.825669906281961,0.8743591612530991,0.8744264501072796,0.8744264501072796,-0.3009298750754015,-4.331298676976554,10.0,2.0,0.9313491776900935,streaming_receding_h1,lambda_04,lambda_04_wrong_cell,strict_fold_local_streaming,-3.072526179820311,4.300000000000001
2,stale_time,h1_strict,update_only,1,13633,3.213936142329709,4.54519208108374,0.4706899036966327,0.47081876585295235,0.47081876585295235,3.0963014977109995,4.378831571259022,0.5087787008414699,0.5088474157638294,0.5088474157638294,-0.11763464461870932,-3.7991986473433865,10.0,2.0,0.9313491776900935,streaming_receding_h1,lambda_04,lambda_04_stale_time,strict_fold_local_streaming,-3.072526179820311,4.300000000000001
2,stale_time,h1_strict,update_only,2,13298,4.351422550184333,6.153840786086803,0.7016813424135009,0.7017886065159905,0.7017886065159905,4.14208300965924,5.857789968735265,0.7297402724068278,0.7297913097623758,0.7297913097623758,-0.20933954052509307,-5.053967775076409,10.0,2.0,0.9313491776900935,streaming_receding_h1,lambda_04,lambda_04_stale_time,strict_fold_local_streaming,-3.072526179820311,4.300000000000001
2,stale_time,h1_strict,update_only,4,12631,5.221494792487427,7.384308751396208,0.8670358646397031,0.8671236608322861,0.8671236608322861,5.742869560830659,8.121644019866338,0.8392841897749787,0.8392629992518919,0.8392629992518919,0.5213747683432324,9.078645489343481,10.0,2.0,0.9313491776900935,streaming_receding_h1,lambda_04,lambda_04_stale_time,strict_fold_local_streaming,-3.072526179820311,4.300000000000001
2,stale_time,h1_strict,update_only,6,11967,5.928829229643338,8.384630705555637,0.9083516215325073,0.9085588434724124,0.9085588434724124,6.947797820432563,9.825669906281961,0.8743591612530991,0.8744264501072796,0.8744264501072796,1.0189685907892256,14.666065667492115,10.0,2.0,0.9313491776900935,streaming_receding_h1,lambda_04,lambda_04_stale_time,strict_fold_local_streaming,-3.072526179820311,4.300000000000001
2,real,h1_strict,update_only,1,13633,3.249314628051464,4.595224815407669,0.45906779931580993,0.4591043619356574,0.4591043619356574,3.0963014977109995,4.378831571259022,0.5087787008414699,0.5088474157638294,0.5088474157638294,-0.1530131303404647,-4.941803324178301,10.0,2.0,0.9142184335867407,streaming_receding_h1,lambda_05,lambda_05_real,strict_fold_local_streaming,-3.2645323587568362,5.25
2,real,h1_strict,update_only,2,13298,3.7417931368154225,5.291694601678937,0.7793367637261956,0.7794935668968948,0.7794935668968948,4.14208300965924,5.857789968735265,0.7297402724068278,0.7297913097623758,0.7297913097623758,0.40028987284381756,9.663975152365392,10.0,2.0,0.9142184335867407,streaming_receding_h1,lambda_05,lambda_05_real,strict_fold_local_streaming,-3.2645323587568362,5.25
2,real,h1_strict,update_only,4,12631,4.688908952925137,6.631118633959356,0.892713020287206,0.8928476856019264,0.8928476856019264,5.742869560830659,8.121644019866338,0.8392841897749787,0.8392629992518919,0.8392629992518919,1.0539606079055224,18.352508214605447,10.0,2.0,0.9142184335867407,streaming_receding_h1,lambda_05,lambda_05_real,strict_fold_local_streaming,-3.2645323587568362,5.25
2,real,h1_strict,update_only,6,11967,5.4581796006697845,7.719031617135374,0.9222756518481245,0.9225003981268471,0.9225003981268471,6.947797820432563,9.825669906281961,0.8743591612530991,0.8744264501072796,0.8744264501072796,1.4896182197627788,21.440149213640133,10.0,2.0,0.9142184335867407,streaming_receding_h1,lambda_05,lambda_05_real,strict_fold_local_streaming,-3.2645323587568362,5.25
2,wrong_cell,h1_strict,update_only,1,13633,3.288833563433354,4.651113029795284,0.44589020054237877,0.4458673504977557,0.4458673504977557,3.0963014977109995,4.378831571259022,0.5087787008414699,0.5088474157638294,0.5088474157638294,-0.1925320657223546,-6.218130432862808,10.0,2.0,0.9142184335867407,streaming_receding_h1,lambda_05,lambda_05_wrong_cell,strict_fold_local_streaming,-3.2645323587568362,5.25
2,wrong_cell,h1_strict,update_only,2,13298,4.343309411125556,6.1423670747964625,0.7028241512292901,0.7028995880337938,0.7028995880337938,4.14208300965924,5.857789968735265,0.7297402724068278,0.7297913097623758,0.7297913097623758,-0.20122640146631632,-4.858096783600452,10.0,2.0,0.9142184335867407,streaming_receding_h1,lambda_05,lambda_05_wrong_cell,strict_fold_local_streaming,-3.2645323587568362,5.25
2,wrong_cell,h1_strict,update_only,4,12631,6.003496911587683,8.49022675403229,0.8243483623410985,0.8243425640201204,0.8243425640201204,5.742869560830659,8.121644019866338,0.8392841897749787,0.8392629992518919,0.8392629992518919,-0.2606273507570238,-4.538277388966609,10.0,2.0,0.9142184335867407,streaming_receding_h1,lambda_05,lambda_05_wrong_cell,strict_fold_local_streaming,-3.2645323587568362,5.25
2,wrong_cell,h1_strict,update_only,6,11967,7.242870638647683,10.242965887689435,0.8634515849298308,0.8635337415035264,0.8635337415035264,6.947797820432563,9.825669906281961,0.8743591612530991,0.8744264501072796,0.8744264501072796,-0.2950728182151199,-4.246997765930225,10.0,2.0,0.9142184335867407,streaming_receding_h1,lambda_05,lambda_05_wrong_cell,strict_fold_local_streaming,-3.2645323587568362,5.25
2,stale_time,h1_strict,update_only,1,13633,3.2139720344238496,4.545242840170056,0.4706718179319933,0.4708069463718624,0.4708069463718624,3.0963014977109995,4.378831571259022,0.5087787008414699,0.5088474157638294,0.5088474157638294,-0.1176705367128501,-3.800357839824071,10.0,2.0,0.9142184335867407,streaming_receding_h1,lambda_05,lambda_05_stale_time,strict_fold_local_streaming,-3.2645323587568362,5.25
2,stale_time,h1_strict,update_only,2,13298,4.35978816564397,6.16567155292742,0.7005349164330539,0.7006408807468886,0.7006408807468886,4.14208300965924,5.857789968735265,0.7297402724068278,0.7297913097623758,0.7297913097623758,-0.21770515598472961,-5.255934163488426,10.0,2.0,0.9142184335867407,streaming_receding_h1,lambda_05,lambda_05_stale_time,strict_fold_local_streaming,-3.2645323587568362,5.25
2,stale_time,h1_strict,update_only,4,12631,5.2077928667504665,7.364931302188371,0.8677480655906573,0.8678201176782374,0.8678201176782374,5.742869560830659,8.121644019866338,0.8392841897749787,0.8392629992518919,0.8392629992518919,0.5350766940801925,9.31723572009527,10.0,2.0,0.9142184335867407,streaming_receding_h1,lambda_05,lambda_05_stale_time,strict_fold_local_streaming,-3.2645323587568362,5.25
2,stale_time,h1_strict,update_only,6,11967,5.8991460689806985,8.342652377172433,0.909288415997623,0.9094721664401003,0.9094721664401003,6.947797820432563,9.825669906281961,0.8743591612530991,0.8744264501072796,0.8744264501072796,1.0486517514518647,15.09329687700349,10.0,2.0,0.9142184335867407,streaming_receding_h1,lambda_05,lambda_05_stale_time,strict_fold_local_streaming,-3.2645323587568362,5.25
2,real,h1_strict,update_only,1,13633,3.345759508598947,4.731618473499373,0.4265034863666105,0.4265185303045027,0.4265185303045027,3.0963014977109995,4.378831571259022,0.5087787008414699,0.5088474157638294,0.5088474157638294,-0.2494580108879476,-8.056644712162695,10.0,3.0,0.8802570161877726,streaming_receding_h1,lambda_06,lambda_06_real,strict_fold_local_streaming,-5.71171094681672,6.2
2,real,h1_strict,update_only,2,13298,3.6953418932817463,5.226002623084516,0.7847650963594353,0.7849343915239382,0.7849343915239382,4.14208300965924,5.857789968735265,0.7297402724068278,0.7297913097623758,0.7297913097623758,0.4467411163774937,10.785421618439416,10.0,3.0,0.8802570161877726,streaming_receding_h1,lambda_06,lambda_06_real,strict_fold_local_streaming,-5.71171094681672,6.2
2,real,h1_strict,update_only,4,12631,4.473562588109032,6.3265728842286775,0.9023085470901229,0.9024639886183421,0.9024639886183421,5.742869560830659,8.121644019866338,0.8392841897749787,0.8392629992518919,0.8392629992518919,1.269306972721627,22.102312428945925,10.0,3.0,0.8802570161877726,streaming_receding_h1,lambda_06,lambda_06_real,strict_fold_local_streaming,-5.71171094681672,6.2
2,real,h1_strict,update_only,6,11967,5.126404720307033,7.249831081671658,0.9313962056228713,0.9316356628263827,0.9316356628263827,6.947797820432563,9.825669906281961,0.8743591612530991,0.8744264501072796,0.8744264501072796,1.8213931001255306,26.215401587666413,10.0,3.0,0.8802570161877726,streaming_receding_h1,lambda_06,lambda_06_real,strict_fold_local_streaming,-5.71171094681672,6.2
2,wrong_cell,h1_strict,update_only,1,13633,3.3819303005303554,4.782771698010546,0.4141158592167003,0.414051760954397,0.414051760954397,3.0963014977109995,4.378831571259022,0.5087787008414699,0.5088474157638294,0.5088474157638294,-0.2856288028193559,-9.224838182926064,10.0,3.0,0.8802570161877726,streaming_receding_h1,lambda_06,lambda_06_wrong_cell,strict_fold_local_streaming,-5.71171094681672,6.2
2,wrong_cell,h1_strict,update_only,2,13298,4.444521587115504,6.28550270675874,0.6888239448310066,0.6888915867043186,0.6888915867043186,4.14208300965924,5.857789968735265,0.7297402724068278,0.7297913097623758,0.7297913097623758,-0.3024385774562637,-7.301605900967799,10.0,3.0,0.8802570161877726,streaming_receding_h1,lambda_06,lambda_06_wrong_cell,strict_fold_local_streaming,-5.71171094681672,6.2
2,wrong_cell,h1_strict,update_only,4,12631,6.1397000718823564,8.682847110559095,0.816297014810907,0.8162817633726309,0.8162817633726309,5.742869560830659,8.121644019866338,0.8392841897749787,0.8392629992518919,0.8392629992518919,-0.3968305110516974,-6.909969081629273,10.0,3.0,0.8802570161877726,streaming_receding_h1,lambda_06,lambda_06_wrong_cell,strict_fold_local_streaming,-5.71171094681672,6.2
2,wrong_cell,h1_strict,update_only,6,11967,7.404241103900213,10.471178188216017,0.8573158792448475,0.8573850900723274,0.8573850900723274,6.947797820432563,9.825669906281961,0.8743591612530991,0.8744264501072796,0.8744264501072796,-0.4564432834676495,-6.569610907866513,10.0,3.0,0.8802570161877726,streaming_receding_h1,lambda_06,lambda_06_wrong_cell,strict_fold_local_streaming,-5.71171094681672,6.2
2,stale_time,h1_strict,update_only,1,13633,3.2805685359945786,4.639424515897982,0.44850280508154566,0.44864898517875595,0.44864898517875595,3.0963014977109995,4.378831571259022,0.5087787008414699,0.5088474157638294,0.5088474157638294,-0.18426703828357915,-5.951198176915333,10.0,3.0,0.8802570161877726,streaming_receding_h1,lambda_06,lambda_06_stale_time,strict_fold_local_streaming,-5.71171094681672,6.2
2,stale_time,h1_strict,update_only,2,13298,4.481505361235814,6.337805661707423,0.6835806524461485,0.6836924511861614,0.6836924511861614,4.14208300965924,5.857789968735265,0.7297402724068278,0.7297913097623758,0.7297913097623758,-0.33942235157657397,-8.194484533145497,10.0,3.0,0.8802570161877726,streaming_receding_h1,lambda_06,lambda_06_stale_time,strict_fold_local_streaming,-5.71171094681672,6.2
2,stale_time,h1_strict,update_only,4,12631,5.155088512870379,7.290396090135039,0.8704069615429879,0.8704819762469798,0.8704819762469798,5.742869560830659,8.121644019866338,0.8392841897749787,0.8392629992518919,0.8392629992518919,0.5877810479602799,10.234971241019483,10.0,3.0,0.8802570161877726,streaming_receding_h1,lambda_06,lambda_06_stale_time,strict_fold_local_streaming,-5.71171094681672,6.2
2,stale_time,h1_strict,update_only,6,11967,5.719240111288571,8.088226931852509,0.9147210209331695,0.9149096152428982,0.9149096152428982,6.947797820432563,9.825669906281961,0.8743591612530991,0.8744264501072796,0.8744264501072796,1.2285577091439919,17.682692284610884,10.0,3.0,0.8802570161877726,streaming_receding_h1,lambda_06,lambda_06_stale_time,strict_fold_local_streaming,-5.71171094681672,6.2
2,real,h1_strict,update_only,1,13633,3.362501608969118,4.7552953789054815,0.42075549540596086,0.42076479540536793,0.42076479540536793,3.0963014977109995,4.378831571259022,0.5087787008414699,0.5088474157638294,0.5088474157638294,-0.2662001112581187,-8.597357571764645,10.0,3.0,0.8571016509655827,streaming_receding_h1,lambda_07,lambda_07_real,strict_fold_local_streaming,-5.955466768176996,7.1499999999999995
2,real,h1_strict,update_only,2,13298,3.6930847102202033,5.222810484186123,0.7850336261377892,0.7851970433726612,0.7851970433726612,4.14208300965924,5.857789968735265,0.7297402724068278,0.7297913097623758,0.7297913097623758,0.4489982994390367,10.839915530229192,10.0,3.0,0.8571016509655827,streaming_receding_h1,lambda_07,lambda_07_real,strict_fold_local_streaming,-5.955466768176996,7.1499999999999995
2,real,h1_strict,update_only,4,12631,4.458021486385219,6.30459444739664,0.9029968757305893,0.9031404893176502,0.9031404893176502,5.742869560830659,8.121644019866338,0.8392841897749787,0.8392629992518919,0.8392629992518919,1.2848480744454402,22.372928042955543,10.0,3.0,0.8571016509655827,streaming_receding_h1,lambda_07,lambda_07_real,strict_fold_local_streaming,-5.955466768176996,7.1499999999999995
2,real,h1_strict,update_only,6,11967,5.098164736833826,7.209893714042656,0.9321658746628905,0.9323867896912358,0.9323867896912358,6.947797820432563,9.825669906281961,0.8743591612530991,0.8744264501072796,0.8744264501072796,1.8496330835987376,26.621861076026264,10.0,3.0,0.8571016509655827,streaming_receding_h1,lambda_07,lambda_07_real,strict_fold_local_streaming,-5.955466768176996,7.1499999999999995
2,wrong_cell,h1_strict,update_only,1,13633,3.399136575826696,4.807105045892557,0.40814530036982305,0.4080743262253468,0.4080743262253468,3.0963014977109995,4.378831571259022,0.5087787008414699,0.5088474157638294,0.5088474157638294,-0.30283507811569654,-9.780542312806851,10.0,3.0,0.8571016509655827,streaming_receding_h1,lambda_07,lambda_07_wrong_cell,strict_fold_local_streaming,-5.955466768176996,7.1499999999999995
2,wrong_cell,h1_strict,update_only,2,13298,4.4511227200717665,6.294838118512513,0.687905871279778,0.6879667658688393,0.6879667658688393,4.14208300965924,5.857789968735265,0.7297402724068278,0.7297913097623758,0.7297913097623758,-0.3090397104125264,-7.4609733723793825,10.0,3.0,0.8571016509655827,streaming_receding_h1,lambda_07,lambda_07_wrong_cell,strict_fold_local_streaming,-5.955466768176996,7.1499999999999995
2,wrong_cell,h1_strict,update_only,4,12631,6.14441942674141,8.689521286206421,0.8160273370390008,0.8159992203266436,0.8159992203266436,5.742869560830659,8.121644019866338,0.8392841897749787,0.8392629992518919,0.8392629992518919,-0.40154986591075126,-6.992146724862586,10.0,3.0,0.8571016509655827,streaming_receding_h1,lambda_07,lambda_07_wrong_cell,strict_fold_local_streaming,-5.955466768176996,7.1499999999999995
2,wrong_cell,h1_strict,update_only,6,11967,7.404444067862828,10.471465222604621,0.857327178200854,0.8573772712875072,0.8573772712875072,6.947797820432563,9.825669906281961,0.8743591612530991,0.8744264501072796,0.8744264501072796,-0.45664624743026483,-6.572532178287169,10.0,3.0,0.8571016509655827,streaming_receding_h1,lambda_07,lambda_07_wrong_cell,strict_fold_local_streaming,-5.955466768176996,7.1499999999999995
2,stale_time,h1_strict,update_only,1,13633,3.283960207345859,4.6442210635220755,0.44735665649599066,0.4475083486779339,0.4475083486779339,3.0963014977109995,4.378831571259022,0.5087787008414699,0.5088474157638294,0.5088474157638294,-0.18765870963485964,-6.060737617883464,10.0,3.0,0.8571016509655827,streaming_receding_h1,lambda_07,lambda_07_stale_time,strict_fold_local_streaming,-5.955466768176996,7.1499999999999995
2,stale_time,h1_strict,update_only,2,13298,4.492432551606318,6.353259042528024,0.6820363541550711,0.6821480743259979,0.6821480743259979,4.14208300965924,5.857789968735265,0.7297402724068278,0.7297913097623758,0.7297913097623758,-0.3503495419470779,-8.458293596001603,10.0,3.0,0.8571016509655827,streaming_receding_h1,lambda_07,lambda_07_stale_time,strict_fold_local_streaming,-5.955466768176996,7.1499999999999995
2,stale_time,h1_strict,update_only,4,12631,5.1462164175744665,7.277849052640894,0.8708649869045312,0.8709274031016834,0.8709274031016834,5.742869560830659,8.121644019866338,0.8392841897749787,0.8392629992518919,0.8392629992518919,0.5966531432561926,10.389460128533575,10.0,3.0,0.8571016509655827,streaming_receding_h1,lambda_07,lambda_07_stale_time,strict_fold_local_streaming,-5.955466768176996,7.1499999999999995
2,stale_time,h1_strict,update_only,6,11967,5.695454719436613,8.05458930810911,0.915445860899624,0.9156158977392276,0.9156158977392276,6.947797820432563,9.825669906281961,0.8743591612530991,0.8744264501072796,0.8744264501072796,1.25234310099595,18.025036613946554,10.0,3.0,0.8571016509655827,streaming_receding_h1,lambda_07,lambda_07_stale_time,strict_fold_local_streaming,-5.955466768176996,7.1499999999999995
2,real,h1_strict,update_only,1,13633,3.3771956377669543,4.776075873717281,0.4156862898582997,0.4156912538424702,0.4156912538424702,3.0963014977109995,4.378831571259022,0.5087787008414699,0.5088474157638294,0.5088474157638294,-0.2808941400559548,-9.071924690267121,10.0,3.0,0.8334684601368516,streaming_receding_h1,lambda_08,lambda_08_real,strict_fold_local_streaming,-6.16411639096315,8.100000000000001
2,real,h1_strict,update_only,2,13298,3.691735588150946,5.220902537458483,0.7851952110549978,0.785353954193523,0.785353954193523,4.14208300965924,5.857789968735265,0.7297402724068278,0.7297913097623758,0.7297913097623758,0.4503474215082939,10.87248663192153,10.0,3.0,0.8334684601368516,streaming_receding_h1,lambda_08,lambda_08_real,strict_fold_local_streaming,-6.16411639096315,8.100000000000001
2,real,h1_strict,update_only,4,12631,4.446115556402098,6.287756919741847,0.9035234899870896,0.9036571591636082,0.9036571591636082,5.742869560830659,8.121644019866338,0.8392841897749787,0.8392629992518919,0.8392629992518919,1.2967540044285606,22.580244783428373,10.0,3.0,0.8334684601368516,streaming_receding_h1,lambda_08,lambda_08_real,strict_fold_local_streaming,-6.16411639096315,8.100000000000001
2,real,h1_strict,update_only,6,11967,5.075913838856423,7.178426192348034,0.9327704738880429,0.9329756963398227,0.9329756963398227,6.947797820432563,9.825669906281961,0.8743591612530991,0.8744264501072796,0.8744264501072796,1.8718839815761399,26.942119358614242,10.0,3.0,0.8334684601368516,streaming_receding_h1,lambda_08,lambda_08_real,strict_fold_local_streaming,-6.16411639096315,8.100000000000001
2,wrong_cell,h1_strict,update_only,1,13633,3.4141583179536767,4.8283489973390035,0.40290721853034345,0.40283099326959726,0.40283099326959726,3.0963014977109995,4.378831571259022,0.5087787008414699,0.5088474157638294,0.5088474157638294,-0.31785682024267725,-10.265693456456324,10.0,3.0,0.8334684601368516,streaming_receding_h1,lambda_08,lambda_08_wrong_cell,strict_fold_local_streaming,-6.16411639096315,8.100000000000001
2,wrong_cell,h1_strict,update_only,2,13298,4.456476862236244,6.302410018976391,0.6871603770440164,0.6872156407239775,0.6872156407239775,4.14208300965924,5.857789968735265,0.7297402724068278,0.7297913097623758,0.7297913097623758,-0.3143938525770036,-7.59023544057047,10.0,3.0,0.8334684601368516,streaming_receding_h1,lambda_08,lambda_08_wrong_cell,strict_fold_local_streaming,-6.16411639096315,8.100000000000001
2,wrong_cell,h1_strict,update_only,4,12631,6.147891085083125,8.694430952517198,0.8158303988342146,0.8157912370305785,0.8157912370305785,5.742869560830659,8.121644019866338,0.8392841897749787,0.8392629992518919,0.8392629992518919,-0.40502152425246596,-7.052598356315146,10.0,3.0,0.8334684601368516,streaming_receding_h1,lambda_08,lambda_08_wrong_cell,strict_fold_local_streaming,-6.16411639096315,8.100000000000001
2,wrong_cell,h1_strict,update_only,6,11967,7.403838310073554,10.470608551723517,0.8573669416564818,0.8574006062723005,0.8574006062723005,6.947797820432563,9.825669906281961,0.8743591612530991,0.8744264501072796,0.8744264501072796,-0.45604048964099064,-6.563813476262008,10.0,3.0,0.8334684601368516,streaming_receding_h1,lambda_08,lambda_08_wrong_cell,strict_fold_local_streaming,-6.16411639096315,8.100000000000001
2,stale_time,h1_strict,update_only,1,13633,3.286959574536373,4.648462809281437,0.4463421163567169,0.4464986640377502,0.4464986640377502,3.0963014977109995,4.378831571259022,0.5087787008414699,0.5088474157638294,0.5088474157638294,-0.1906580768253736,-6.15760696968048,10.0,3.0,0.8334684601368516,streaming_receding_h1,lambda_08,lambda_08_stale_time,strict_fold_local_streaming,-6.16411639096315,8.100000000000001
2,stale_time,h1_strict,update_only,2,13298,4.501576257460543,6.36619019535742,0.6807408395757886,0.6808528730269006,0.6808528730269006,4.14208300965924,5.857789968735265,0.7297402724068278,0.7297913097623758,0.7297913097623758,-0.35949324780130265,-8.679044986857408,10.0,3.0,0.8334684601368516,streaming_receding_h1,lambda_08,lambda_08_stale_time,strict_fold_local_streaming,-6.16411639096315,8.100000000000001
2,stale_time,h1_strict,update_only,4,12631,5.139037547928964,7.267696597825714,0.8712355289901237,0.8712872593462548,0.8712872593462548,5.742869560830659,8.121644019866338,0.8392841897749787,0.8392629992518919,0.8392629992518919,0.6038320129016954,10.514465051063357,10.0,3.0,0.8334684601368516,streaming_receding_h1,lambda_08,lambda_08_stale_time,strict_fold_local_streaming,-6.16411639096315,8.100000000000001
2,stale_time,h1_strict,update_only,6,11967,5.676103769844921,8.027222932751739,0.9160340737368836,0.9161883326324213,0.9161883326324213,6.947797820432563,9.825669906281961,0.8743591612530991,0.8744264501072796,0.8744264501072796,1.2716940505876426,18.303555795014024,10.0,3.0,0.8334684601368516,streaming_receding_h1,lambda_08,lambda_08_stale_time,strict_fold_local_streaming,-6.16411639096315,8.100000000000001
2,real,h1_strict,update_only,1,13633,3.466985580020691,4.903058027817212,0.38421984930240394,0.38420803413406956,0.38420803413406956,3.0963014977109995,4.378831571259022,0.5087787008414699,0.5088474157638294,0.5088474157638294,-0.3706840823096913,-11.971834221690834,30.0,4.0,0.789868124500904,streaming_receding_h1,lambda_09,lambda_09_real,strict_fold_local_streaming,-8.528547889874003,9.05
2,real,h1_strict,update_only,2,13298,3.679765728091822,5.203974599023161,0.7865792892232393,0.7867436083684927,0.7867436083684927,4.14208300965924,5.857789968735265,0.7297402724068278,0.7297913097623758,0.7297913097623758,0.4623172815674179,11.16146828755737,30.0,4.0,0.789868124500904,streaming_receding_h1,lambda_09,lambda_09_real,strict_fold_local_streaming,-8.528547889874003,9.05
2,real,h1_strict,update_only,4,12631,4.3113472339951215,6.097165730415631,0.9092685854247948,0.9094092280583638,0.9094092280583638,5.742869560830659,8.121644019866338,0.8392841897749787,0.8392629992518919,0.8392629992518919,1.4315223268355375,24.926951790778258,30.0,4.0,0.789868124500904,streaming_receding_h1,lambda_09,lambda_09_real,strict_fold_local_streaming,-8.528547889874003,9.05
2,real,h1_strict,update_only,6,11967,4.851918250574556,6.861648593488079,0.9385553071994637,0.9387606211100372,0.9387606211100372,6.947797820432563,9.825669906281961,0.8743591612530991,0.8744264501072796,0.8744264501072796,2.095879569858007,30.166099014774147,30.0,4.0,0.789868124500904,streaming_receding_h1,lambda_09,lambda_09_real,strict_fold_local_streaming,-8.528547889874003,9.05
2,wrong_cell,h1_strict,update_only,1,13633,3.4926859109183424,4.939403784330147,0.37515382466443303,0.37504461812738443,0.37504461812738443,3.0963014977109995,4.378831571259022,0.5087787008414699,0.5088474157638294,0.5088474157638294,-0.39638441320734286,-12.801867437663216,30.0,4.0,0.789868124500904,streaming_receding_h1,lambda_09,lambda_09_wrong_cell,strict_fold_local_streaming,-8.528547889874003,9.05
2,wrong_cell,h1_strict,update_only,2,13298,4.5398575658509515,6.420328140868522,0.6753523150691532,0.6754017523469752,0.6754017523469752,4.14208300965924,5.857789968735265,0.7297402724068278,0.7297913097623758,0.7297913097623758,-0.3977745561917114,-9.60324926526365,30.0,4.0,0.789868124500904,streaming_receding_h1,lambda_09,lambda_09_wrong_cell,strict_fold_local_streaming,-8.528547889874003,9.05
2,wrong_cell,h1_strict,update_only,4,12631,6.258945638918457,8.851485808714418,0.8091240152271335,0.8090760920334936,0.8090760920334936,5.742869560830659,8.121644019866338,0.8392841897749787,0.8392629992518919,0.8392629992518919,-0.5160760780877975,-8.986379938135864,30.0,4.0,0.789868124500904,streaming_receding_h1,lambda_09,lambda_09_wrong_cell,strict_fold_local_streaming,-8.528547889874003,9.05
2,wrong_cell,h1_strict,update_only,6,11967,7.535505342168928,10.656813854230208,0.8522636789308331,0.8522836419214793,0.8522836419214793,6.947797820432563,9.825669906281961,0.8743591612530991,0.8744264501072796,0.8744264501072796,-0.5877075217363652,-8.458903625663867,30.0,4.0,0.789868124500904,streaming_receding_h1,lambda_09,lambda_09_wrong_cell,strict_fold_local_streaming,-8.528547889874003,9.05
2,stale_time,h1_strict,update_only,1,13633,3.34692688233456,4.733269389268635,0.4259533369097216,0.4261182720096418,0.4261182720096418,3.0963014977109995,4.378831571259022,0.5087787008414699,0.5088474157638294,0.5088474157638294,-0.25062538462356043,-8.094346910623532,30.0,4.0,0.789868124500904,streaming_receding_h1,lambda_09,lambda_09_stale_time,strict_fold_local_streaming,-8.528547889874003,9.05
2,stale_time,h1_strict,update_only,2,13298,4.606536742837869,6.514626737291297,0.665678512630566,0.6657966528707484,0.6657966528707484,4.14208300965924,5.857789968735265,0.7297402724068278,0.7297913097623758,0.7297913097623758,-0.4644537331786287,-11.213047447275526,30.0,4.0,0.789868124500904,streaming_receding_h1,lambda_09,lambda_09_stale_time,strict_fold_local_streaming,-8.528547889874003,9.05
2,stale_time,h1_strict,update_only,4,12631,5.126305675514315,7.249691011182515,0.8718768776910727,0.8719242362840447,0.8719242362840447,5.742869560830659,8.121644019866338,0.8392841897749787,0.8392629992518919,0.8392629992518919,0.616563885316344,10.736163842578431,30.0,4.0,0.789868124500904,streaming_receding_h1,lambda_09,lambda_09_stale_time,strict_fold_local_streaming,-8.528547889874003,9.05
2,stale_time,h1_strict,update_only,6,11967,5.573221041611783,7.88172478315049,0.9190496843693596,0.9191990691940313,0.9191990691940313,6.947797820432563,9.825669906281961,0.8743591612530991,0.8744264501072796,0.8744264501072796,1.3745767788207806,19.784352025591915,30.0,4.0,0.789868124500904,streaming_receding_h1,lambda_09,lambda_09_stale_time,strict_fold_local_streaming,-8.528547889874003,9.05
2,real,h1_strict,update_only,1,13633,3.481854365913384,4.92408566648268,0.3789300388114778,0.3789148407119195,0.3789148407119195,3.0963014977109995,4.378831571259022,0.5087787008414699,0.5088474157638294,0.5088474157638294,-0.3855528682023843,-12.45204539956499,30.0,4.0,0.7614652503682233,streaming_receding_h1,lambda_10,lambda_10_real,strict_fold_local_streaming,-8.758882633674446,10.0
2,real,h1_strict,update_only,2,13298,3.6803550885316163,5.204808080550245,0.7865138959972466,0.7866752915488631,0.7866752915488631,4.14208300965924,5.857789968735265,0.7297402724068278,0.7297913097623758,0.7297913097623758,0.46172792112762373,11.147239687154629,30.0,4.0,0.7614652503682233,streaming_receding_h1,lambda_10,lambda_10_real,strict_fold_local_streaming,-8.758882633674446,10.0
2,real,h1_strict,update_only,4,12631,4.302207095160666,6.084239622113971,0.9096598458408848,0.9097929292482085,0.9097929292482085,5.742869560830659,8.121644019866338,0.8392841897749787,0.8392629992518919,0.8392629992518919,1.440662465669993,25.086108093000338,30.0,4.0,0.7614652503682233,streaming_receding_h1,lambda_10,lambda_10_real,strict_fold_local_streaming,-8.758882633674446,10.0
2,real,h1_strict,update_only,6,11967,4.833106424001699,6.835044653215733,0.9390415871546,0.9392345743815272,0.9392345743815272,6.947797820432563,9.825669906281961,0.8743591612530991,0.8744264501072796,0.8744264501072796,2.114691396430864,30.436858571385503,30.0,4.0,0.7614652503682233,streaming_receding_h1,lambda_10,lambda_10_real,strict_fold_local_streaming,-8.758882633674446,10.0
2,wrong_cell,h1_strict,update_only,1,13633,3.5078807540304147,4.960892537537371,0.3697085468506017,0.36959508416215603,0.36959508416215603,3.0963014977109995,4.378831571259022,0.5087787008414699,0.5088474157638294,0.5088474157638294,-0.41157925631941517,-13.292609153975576,30.0,4.0,0.7614652503682233,streaming_receding_h1,lambda_10,lambda_10_wrong_cell,strict_fold_local_streaming,-8.758882633674446,10.0
2,wrong_cell,h1_strict,update_only,2,13298,4.546572755581113,6.4298248532588245,0.6743955293776437,0.6744407746590072,0.6744407746590072,4.14208300965924,5.857789968735265,0.7297402724068278,0.7297913097623758,0.7297913097623758,-0.4044897459218726,-9.765370345756278,30.0,4.0,0.7614652503682233,streaming_receding_h1,lambda_10,lambda_10_wrong_cell,strict_fold_local_streaming,-8.758882633674446,10.0
2,wrong_cell,h1_strict,update_only,4,12631,6.2645962977584,8.85947704708221,0.8087882413994896,0.8087311991621609,0.8087311991621609,5.742869560830659,8.121644019866338,0.8392841897749787,0.8392629992518919,0.8392629992518919,-0.5217267369277412,-9.0847742822889,30.0,4.0,0.7614652503682233,streaming_receding_h1,lambda_10,lambda_10_wrong_cell,strict_fold_local_streaming,-8.758882633674446,10.0
2,wrong_cell,h1_strict,update_only,6,11967,7.538305846354541,10.660774365230985,0.8521675567129876,0.8521738265526061,0.8521738265526061,6.947797820432563,9.825669906281961,0.8743591612530991,0.8744264501072796,0.8744264501072796,-0.5905080259219782,-8.499211421860483,30.0,4.0,0.7614652503682233,streaming_receding_h1,lambda_10,lambda_10_wrong_cell,strict_fold_local_streaming,-8.758882633674446,10.0
2,stale_time,h1_strict,update_only,1,13633,3.3517180144856176,4.740045073335782,0.4243047947268411,0.4244740704583374,0.4244740704583374,3.0963014977109995,4.378831571259022,0.5087787008414699,0.5088474157638294,0.5088474157638294,-0.2554165167746181,-8.249084172308145,30.0,4.0,0.7614652503682233,streaming_receding_h1,lambda_10,lambda_10_stale_time,strict_fold_local_streaming,-8.758882633674446,10.0
2,stale_time,h1_strict,update_only,2,13298,4.616865634278779,6.52923399565131,0.6641769753956965,0.6642962544982383,0.6642962544982383,4.14208300965924,5.857789968735265,0.7297402724068278,0.7297913097623758,0.7297913097623758,-0.4747826246195386,-11.462412112754784,30.0,4.0,0.7614652503682233,streaming_receding_h1,lambda_10,lambda_10_stale_time,strict_fold_local_streaming,-8.758882633674446,10.0
2,stale_time,h1_strict,update_only,4,12631,5.122267044999545,7.243979525135113,0.8720872444368766,0.8721259593059734,0.8721259593059734,5.742869560830659,8.121644019866338,0.8392841897749787,0.8392629992518919,0.8392629992518919,0.6206025158311137,10.806488102462641,30.0,4.0,0.7614652503682233,streaming_receding_h1,lambda_10,lambda_10_stale_time,strict_fold_local_streaming,-8.758882633674446,10.0
2,stale_time,h1_strict,update_only,6,11967,5.558306098343415,7.86063186809834,0.9194942263561907,0.9196309661894789,0.9196309661894789,6.947797820432563,9.825669906281961,0.8743591612530991,0.8744264501072796,0.8744264501072796,1.389491722089148,19.99902354675369,30.0,4.0,0.7614652503682233,streaming_receding_h1,lambda_10,lambda_10_stale_time,strict_fold_local_streaming,-8.758882633674446,10.0
3,no_update,h1_strict,none,1,12799,3.245848157306301,4.59032248546629,0.5450646143370472,0.5452556181768187,0.5452556181768187,3.245848157306301,4.59032248546629,0.5450646143370472,0.5452556181768187,0.5452556181768187,0.0,0.0,,0.0,,streaming_receding_h1,no_update,no_update,strict_fold_local_streaming,,
3,no_update,h1_strict,none,2,12481,4.579836603376913,6.4768670379483595,0.7276384946859968,0.7277970767531232,0.7277970767531232,4.579836603376913,6.4768670379483595,0.7276384946859968,0.7277970767531232,0.7277970767531232,0.0,0.0,,0.0,,streaming_receding_h1,no_update,no_update,strict_fold_local_streaming,,
3,no_update,h1_strict,none,4,11850,6.295456553085701,8.903120038704376,0.8406201675001549,0.8406834707262508,0.8406834707262508,6.295456553085701,8.903120038704376,0.8406201675001549,0.8406834707262508,0.8406834707262508,0.0,0.0,,0.0,,streaming_receding_h1,no_update,no_update,strict_fold_local_streaming,,
3,no_update,h1_strict,none,6,11222,7.62439900396513,10.782528476351404,0.8757454033344809,0.8758477940384412,0.8758477940384412,7.62439900396513,10.782528476351404,0.8757454033344809,0.8758477940384412,0.8758477940384412,0.0,0.0,,0.0,,streaming_receding_h1,no_update,no_update,strict_fold_local_streaming,,
3,real,h1_strict,update_only,1,12799,3.308686700572854,4.679189605593618,0.5273388243169159,0.5274777807880295,0.5274777807880295,3.245848157306301,4.59032248546629,0.5450646143370472,0.5452556181768187,0.5452556181768187,-0.06283854326655325,-1.9359668173357305,1.0,3.0,0.9674648478102684,streaming_receding_h1,lambda_00,lambda_00_real,strict_fold_local_streaming,1.5899031690791168,0.5
3,real,h1_strict,update_only,2,12481,4.241676280924023,5.998636123679024,0.7664075057561266,0.7665102293128429,0.7665102293128429,4.579836603376913,6.4768670379483595,0.7276384946859968,0.7277970767531232,0.7277970767531232,0.3381603224528904,7.383676574914267,1.0,3.0,0.9674648478102684,streaming_receding_h1,lambda_00,lambda_00_real,strict_fold_local_streaming,1.5899031690791168,0.5
3,real,h1_strict,update_only,4,11850,5.431237303803221,7.680929455505197,0.8814755336706553,0.8814220516949006,0.8814220516949006,6.295456553085701,8.903120038704376,0.8406201675001549,0.8406834707262508,0.8406834707262508,0.8642192492824803,13.727666007938463,1.0,3.0,0.9674648478102684,streaming_receding_h1,lambda_00,lambda_00_real,strict_fold_local_streaming,1.5899031690791168,0.5
3,real,h1_strict,update_only,6,11222,6.489285189624499,9.177235125273828,0.9101027753307612,0.9100633036823821,0.9100633036823821,7.62439900396513,10.782528476351404,0.8757454033344809,0.8758477940384412,0.8758477940384412,1.135113814340631,14.88791200133028,1.0,3.0,0.9674648478102684,streaming_receding_h1,lambda_00,lambda_00_real,strict_fold_local_streaming,1.5899031690791168,0.5
3,wrong_cell,h1_strict,update_only,1,12799,3.391514481385449,4.796325776560056,0.5033883296003769,0.5035239591135108,0.5035239591135108,3.245848157306301,4.59032248546629,0.5450646143370472,0.5452556181768187,0.5452556181768187,-0.14566632407914826,-4.487773827351043,1.0,3.0,0.9674648478102684,streaming_receding_h1,lambda_00,lambda_00_wrong_cell,strict_fold_local_streaming,1.5899031690791168,0.5
3,wrong_cell,h1_strict,update_only,2,12481,4.842318857153379,6.8480730011212945,0.695604808992154,0.6957016592595751,0.6957016592595751,4.579836603376913,6.4768670379483595,0.7276384946859968,0.7277970767531232,0.7277970767531232,-0.26248225377646595,-5.7312580449469825,1.0,3.0,0.9674648478102684,streaming_receding_h1,lambda_00,lambda_00_wrong_cell,strict_fold_local_streaming,1.5899031690791168,0.5
3,wrong_cell,h1_strict,update_only,4,11850,6.739690857869893,9.531362217401563,0.8174371753636549,0.8174060736999682,0.8174060736999682,6.295456553085701,8.903120038704376,0.8406201675001549,0.8406834707262508,0.8406834707262508,-0.44423430478419146,-7.05642713976719,1.0,3.0,0.9674648478102684,streaming_receding_h1,lambda_00,lambda_00_wrong_cell,strict_fold_local_streaming,1.5899031690791168,0.5
3,wrong_cell,h1_strict,update_only,6,11222,8.276610672903361,11.70489506410184,0.8536965546625648,0.8536986740820376,0.8536986740820376,7.62439900396513,10.782528476351404,0.8757454033344809,0.8758477940384412,0.8758477940384412,-0.6522116689382313,-8.55426989850667,1.0,3.0,0.9674648478102684,streaming_receding_h1,lambda_00,lambda_00_wrong_cell,strict_fold_local_streaming,1.5899031690791168,0.5
3,stale_time,h1_strict,update_only,1,12799,3.3783305287451393,4.7776808519304454,0.5073228479248106,0.5073763939701751,0.5073763939701751,3.245848157306301,4.59032248546629,0.5450646143370472,0.5452556181768187,0.5452556181768187,-0.13248237143883834,-4.081594856513073,1.0,3.0,0.9674648478102684,streaming_receding_h1,lambda_00,lambda_00_stale_time,strict_fold_local_streaming,1.5899031690791168,0.5
3,stale_time,h1_strict,update_only,2,12481,4.773468966609683,6.750704552146496,0.7042964668788682,0.7042933956441371,0.7042933956441371,4.579836603376913,6.4768670379483595,0.7276384946859968,0.7277970767531232,0.7277970767531232,-0.1936323632327701,-4.2279316928031125,1.0,3.0,0.9674648478102684,streaming_receding_h1,lambda_00,lambda_00_stale_time,strict_fold_local_streaming,1.5899031690791168,0.5
3,stale_time,h1_strict,update_only,4,11850,5.900480229078954,8.344539164477762,0.860125104224182,0.860047360536806,0.860047360536806,6.295456553085701,8.903120038704376,0.8406201675001549,0.8406834707262508,0.8406834707262508,0.3949763240067474,6.273990149501562,1.0,3.0,0.9674648478102684,streaming_receding_h1,lambda_00,lambda_00_stale_time,strict_fold_local_streaming,1.5899031690791168,0.5
3,stale_time,h1_strict,update_only,6,11222,6.856670464598645,9.696796363758434,0.8996316378957664,0.8995916654111766,0.8995916654111766,7.62439900396513,10.782528476351404,0.8757454033344809,0.8758477940384412,0.8758477940384412,0.7677285393664848,10.069364666870417,1.0,3.0,0.9674648478102684,streaming_receding_h1,lambda_00,lambda_00_stale_time,strict_fold_local_streaming,1.5899031690791168,0.5
3,real,h1_strict,update_only,1,12799,3.3418356312518323,4.726069272937995,0.5178180041450613,0.5179621797944228,0.5179621797944228,3.245848157306301,4.59032248546629,0.5450646143370472,0.5452556181768187,0.5452556181768187,-0.09598747394553131,-2.9572385796749785,1.0,3.0,0.9628909495101505,streaming_receding_h1,lambda_01,lambda_01_real,strict_fold_local_streaming,-0.025759793352623146,1.4500000000000002
3,real,h1_strict,update_only,2,12481,4.171711018776053,5.899690301054376,0.7740489503928338,0.7741493991329549,0.7741493991329549,4.579836603376913,6.4768670379483595,0.7276384946859968,0.7277970767531232,0.7277970767531232,0.40812558460086024,8.911356887709301,1.0,3.0,0.9628909495101505,streaming_receding_h1,lambda_01,lambda_01_real,strict_fold_local_streaming,-0.025759793352623146,1.4500000000000002
3,real,h1_strict,update_only,4,11850,5.218135343226256,7.3795577726889565,0.8905992783028234,0.8905446351312009,0.8905446351312009,6.295456553085701,8.903120038704376,0.8406201675001549,0.8406834707262508,0.8406834707262508,1.0773212098594458,17.112678020649664,1.0,3.0,0.9628909495101505,streaming_receding_h1,lambda_01,lambda_01_real,strict_fold_local_streaming,-0.025759793352623146,1.4500000000000002
3,real,h1_strict,update_only,6,11222,6.166676064111858,8.720996924628528,0.9188232730065515,0.9187832737305561,0.9187832737305561,7.62439900396513,10.782528476351404,0.8757454033344809,0.8758477940384412,0.8758477940384412,1.457722939853272,19.119184857654634,1.0,3.0,0.9628909495101505,streaming_receding_h1,lambda_01,lambda_01_real,strict_fold_local_streaming,-0.025759793352623146,1.4500000000000002
3,wrong_cell,h1_strict,update_only,1,12799,3.4233263171308135,4.841314506115135,0.4940228998949498,0.49416655491384387,0.49416655491384387,3.245848157306301,4.59032248546629,0.5450646143370472,0.5452556181768187,0.5452556181768187,-0.17747815982451254,-5.467851582182452,1.0,3.0,0.9628909495101505,streaming_receding_h1,lambda_01,lambda_01_wrong_cell,strict_fold_local_streaming,-0.025759793352623146,1.4500000000000002
3,wrong_cell,h1_strict,update_only,2,12481,4.869960216538068,6.8871637864455515,0.692112008079565,0.6922176975934682,0.6922176975934682,4.579836603376913,6.4768670379483595,0.7276384946859968,0.7277970767531232,0.7277970767531232,-0.2901236131611551,-6.3348027077480085,1.0,3.0,0.9628909495101505,streaming_receding_h1,lambda_01,lambda_01_wrong_cell,strict_fold_local_streaming,-0.025759793352623146,1.4500000000000002
3,wrong_cell,h1_strict,update_only,4,11850,6.763268836894963,9.564706515112166,0.8161396450990107,0.8161262742390935,0.8161262742390935,6.295456553085701,8.903120038704376,0.8406201675001549,0.8406834707262508,0.8406834707262508,-0.46781228380926176,-7.4309508748807875,1.0,3.0,0.9628909495101505,streaming_receding_h1,lambda_01,lambda_01_wrong_cell,strict_fold_local_streaming,-0.025759793352623146,1.4500000000000002
3,wrong_cell,h1_strict,update_only,6,11222,8.283280139365992,11.714327114027085,0.8534424560267893,0.8534627937281456,0.8534627937281456,7.62439900396513,10.782528476351404,0.8757454033344809,0.8758477940384412,0.8758477940384412,-0.6588811354008621,-8.641745205860891,1.0,3.0,0.9628909495101505,streaming_receding_h1,lambda_01,lambda_01_wrong_cell,strict_fold_local_streaming,-0.025759793352623146,1.4500000000000002
3,stale_time,h1_strict,update_only,1,12799,3.4177100643994045,4.833371925332662,0.49575297262079066,0.4958249174812689,0.4958249174812689,3.245848157306301,4.59032248546629,0.5450646143370472,0.5452556181768187,0.5452556181768187,-0.17186190709310356,-5.294822763235177,1.0,3.0,0.9628909495101505,streaming_receding_h1,lambda_01,lambda_01_stale_time,strict_fold_local_streaming,-0.025759793352623146,1.4500000000000002
3,stale_time,h1_strict,update_only,2,12481,4.8329181781829895,6.8347784334258534,0.696869085987621,0.696882017001581,0.696882017001581,4.579836603376913,6.4768670379483595,0.7276384946859968,0.7277970767531232,0.7277970767531232,-0.2530815748060764,-5.525995722630548,1.0,3.0,0.9628909495101505,streaming_receding_h1,lambda_01,lambda_01_stale_time,strict_fold_local_streaming,-0.025759793352623146,1.4500000000000002
3,stale_time,h1_strict,update_only,4,11850,5.814471612786772,8.222904612836416,0.8641703541647696,0.8640976759340517,0.8640976759340517,6.295456553085701,8.903120038704376,0.8406201675001549,0.8406834707262508,0.8406834707262508,0.4809849402989297,7.640191561058049,1.0,3.0,0.9628909495101505,streaming_receding_h1,lambda_01,lambda_01_stale_time,strict_fold_local_streaming,-0.025759793352623146,1.4500000000000002
3,stale_time,h1_strict,update_only,6,11222,6.65911472729073,9.417410360732964,0.905325641305414,0.9052942815168532,0.9052942815168532,7.62439900396513,10.782528476351404,0.8757454033344809,0.8758477940384412,0.8758477940384412,0.9652842766744003,12.660463810621616,1.0,3.0,0.9628909495101505,streaming_receding_h1,lambda_01,lambda_01_stale_time,strict_fold_local_streaming,-0.025759793352623146,1.4500000000000002
3,real,h1_strict,update_only,1,12799,3.362374587266484,4.755115743090899,0.5118673108383547,0.5120187528074109,0.5120187528074109,3.245848157306301,4.59032248546629,0.5450646143370472,0.5452556181768187,0.5452556181768187,-0.11652642996018292,-3.5900148224089174,1.0,3.0,0.9526030618606245,streaming_receding_h1,lambda_02,lambda_02_real,strict_fold_local_streaming,-1.242620057114111,2.4000000000000004
3,real,h1_strict,update_only,2,12481,4.137813434476919,5.851751877606855,0.7777032650334228,0.7778048229481623,0.7778048229481623,4.579836603376913,6.4768670379483595,0.7276384946859968,0.7277970767531232,0.7277970767531232,0.44202316889999427,9.651505221257704,1.0,3.0,0.9526030618606245,streaming_receding_h1,lambda_02,lambda_02_real,strict_fold_local_streaming,-1.242620057114111,2.4000000000000004
3,real,h1_strict,update_only,4,11850,5.105798237078864,7.220689113617568,0.8952582582489069,0.8952066623892007,0.8952066623892007,6.295456553085701,8.903120038704376,0.8406201675001549,0.8406834707262508,0.8406834707262508,1.1896583160068372,18.89709357812547,1.0,3.0,0.9526030618606245,streaming_receding_h1,lambda_02,lambda_02_real,strict_fold_local_streaming,-1.242620057114111,2.4000000000000004
3,real,h1_strict,update_only,6,11222,5.988470363201227,8.468976005508509,0.923445660928188,0.9234094800436047,0.9234094800436047,7.62439900396513,10.782528476351404,0.8757454033344809,0.8758477940384412,0.8758477940384412,1.635928640763903,21.456493028671836,1.0,3.0,0.9526030618606245,streaming_receding_h1,lambda_02,lambda_02_real,strict_fold_local_streaming,-1.242620057114111,2.4000000000000004
3,wrong_cell,h1_strict,update_only,1,12799,3.44589395030965,4.873229959027307,0.4873214685355093,0.4874753489212167,0.4874753489212167,3.245848157306301,4.59032248546629,0.5450646143370472,0.5452556181768187,0.5452556181768187,-0.20004579300334902,-6.163128504734651,1.0,3.0,0.9526030618606245,streaming_receding_h1,lambda_02,lambda_02_wrong_cell,strict_fold_local_streaming,-1.242620057114111,2.4000000000000004
3,wrong_cell,h1_strict,update_only,2,12481,4.888164541105279,6.912908589142342,0.6897975930350987,0.6899123641344149,0.6899123641344149,4.579836603376913,6.4768670379483595,0.7276384946859968,0.7277970767531232,0.7277970767531232,-0.3083279377283663,-6.732291224124081,1.0,3.0,0.9526030618606245,streaming_receding_h1,lambda_02,lambda_02_wrong_cell,strict_fold_local_streaming,-1.242620057114111,2.4000000000000004
3,wrong_cell,h1_strict,update_only,4,11850,6.777332228166316,9.584595153781072,0.8153585728132341,0.8153607933062582,0.8153607933062582,6.295456553085701,8.903120038704376,0.8406201675001549,0.8406834707262508,0.8406834707262508,-0.481875675080615,-7.6543404122839185,1.0,3.0,0.9526030618606245,streaming_receding_h1,lambda_02,lambda_02_wrong_cell,strict_fold_local_streaming,-1.242620057114111,2.4000000000000004
3,wrong_cell,h1_strict,update_only,6,11222,8.282900684070194,11.713790483201455,0.8534400525200089,0.8534762190969378,0.8534762190969378,7.62439900396513,10.782528476351404,0.8757454033344809,0.8758477940384412,0.8758477940384412,-0.658501680105064,-8.636768350693675,1.0,3.0,0.9526030618606245,streaming_receding_h1,lambda_02,lambda_02_wrong_cell,strict_fold_local_streaming,-1.242620057114111,2.4000000000000004
3,stale_time,h1_strict,update_only,1,12799,3.4446271430901727,4.87143842307661,0.4877631052824521,0.4878521165133678,0.4878521165133678,3.245848157306301,4.59032248546629,0.5450646143370472,0.5452556181768187,0.5452556181768187,-0.19877898578387176,-6.12409996248366,1.0,3.0,0.9526030618606245,streaming_receding_h1,lambda_02,lambda_02_stale_time,strict_fold_local_streaming,-1.242620057114111,2.4000000000000004
3,stale_time,h1_strict,update_only,2,12481,4.873107428029106,6.891614615619832,0.6917897819232899,0.6918197604635011,0.6918197604635011,4.579836603376913,6.4768670379483595,0.7276384946859968,0.7277970767531232,0.7277970767531232,-0.29327082465219245,-6.403521567471448,1.0,3.0,0.9526030618606245,streaming_receding_h1,lambda_02,lambda_02_stale_time,strict_fold_local_streaming,-1.242620057114111,2.4000000000000004
3,stale_time,h1_strict,update_only,4,11850,5.769393270406858,8.159154209673444,0.866263059416215,0.8661967501573481,0.8661967501573481,6.295456553085701,8.903120038704376,0.8406201675001549,0.8406834707262508,0.8406834707262508,0.5260632826788436,8.35623720444858,1.0,3.0,0.9526030618606245,streaming_receding_h1,lambda_02,lambda_02_stale_time,strict_fold_local_streaming,-1.242620057114111,2.4000000000000004
3,stale_time,h1_strict,update_only,6,11222,6.545893341136624,9.257291140883147,0.9085101518923349,0.9084873655431589,0.9084873655431589,7.62439900396513,10.782528476351404,0.8757454033344809,0.8758477940384412,0.8758477940384412,1.0785056628285057,14.145451494178362,1.0,3.0,0.9526030618606245,streaming_receding_h1,lambda_02,lambda_02_stale_time,strict_fold_local_streaming,-1.242620057114111,2.4000000000000004
3,real,h1_strict,update_only,1,12799,3.421375962563576,4.838556288234711,0.494587413289979,0.49474276264055184,0.49474276264055184,3.245848157306301,4.59032248546629,0.5450646143370472,0.5452556181768187,0.5452556181768187,-0.17552780525727485,-5.407763911018676,1.0,4.0,0.9381072871550218,streaming_receding_h1,lambda_03,lambda_03_real,strict_fold_local_streaming,-3.267076890406309,3.35
3,real,h1_strict,update_only,2,12481,4.0933901258244925,5.788927832025108,0.7824491552678166,0.7825501599579245,0.7825501599579245,4.579836603376913,6.4768670379483595,0.7276384946859968,0.7277970767531232,0.7277970767531232,0.48644647755242065,10.6214810631834,1.0,4.0,0.9381072871550218,streaming_receding_h1,lambda_03,lambda_03_real,strict_fold_local_streaming,-3.267076890406309,3.35
3,real,h1_strict,update_only,4,11850,4.916653759993847,6.953198428875971,0.9028819322095409,0.902826996689674,0.902826996689674,6.295456553085701,8.903120038704376,0.8406201675001549,0.8406834707262508,0.8406834707262508,1.3788027930918547,21.90155362784671,1.0,4.0,0.9381072871550218,streaming_receding_h1,lambda_03,lambda_03_real,strict_fold_local_streaming,-3.267076890406309,3.35
3,real,h1_strict,update_only,6,11222,5.694653906905957,8.053456788167338,0.9307809051725868,0.9307407349703622,0.9307407349703622,7.62439900396513,10.782528476351404,0.8757454033344809,0.8758477940384412,0.8758477940384412,1.9297450970591727,25.31012734322526,1.0,4.0,0.9381072871550218,streaming_receding_h1,lambda_03,lambda_03_real,strict_fold_local_streaming,-3.267076890406309,3.35
3,wrong_cell,h1_strict,update_only,1,12799,3.505474068186618,4.957488969776704,0.4694392967533708,0.4695988452257128,0.4695988452257128,3.245848157306301,4.59032248546629,0.5450646143370472,0.5452556181768187,0.5452556181768187,-0.25962591088031717,-7.998707835297455,1.0,4.0,0.9381072871550218,streaming_receding_h1,lambda_03,lambda_03_wrong_cell,strict_fold_local_streaming,-3.267076890406309,3.35
3,wrong_cell,h1_strict,update_only,2,12481,4.964628827501646,7.021045420001264,0.6800155171392025,0.6801352466896244,0.6801352466896244,4.579836603376913,6.4768670379483595,0.7276384946859968,0.7277970767531232,0.7277970767531232,-0.384792224124733,-8.401876692304022,1.0,4.0,0.9381072871550218,streaming_receding_h1,lambda_03,lambda_03_wrong_cell,strict_fold_local_streaming,-3.267076890406309,3.35
3,wrong_cell,h1_strict,update_only,4,11850,6.881243814510072,9.731548328476114,0.8096449956350475,0.8096555289250749,0.8096555289250749,6.295456553085701,8.903120038704376,0.8406201675001549,0.8406834707262508,0.8406834707262508,-0.5857872614243709,-9.304921040829816,1.0,4.0,0.9381072871550218,streaming_receding_h1,lambda_03,lambda_03_wrong_cell,strict_fold_local_streaming,-3.267076890406309,3.35
3,wrong_cell,h1_strict,update_only,6,11222,8.40385112755305,11.88484024074995,0.8491209344967945,0.8491657704010499,0.8491657704010499,7.62439900396513,10.782528476351404,0.8757454033344809,0.8758477940384412,0.8758477940384412,-0.7794521235879204,-10.223128710637521,1.0,4.0,0.9381072871550218,streaming_receding_h1,lambda_03,lambda_03_wrong_cell,strict_fold_local_streaming,-3.267076890406309,3.35
3,stale_time,h1_strict,update_only,1,12799,3.5085491062500473,4.961837730310818,0.4685718596271479,0.46866789033930234,0.46866789033930234,3.245848157306301,4.59032248546629,0.5450646143370472,0.5452556181768187,0.5452556181768187,-0.2627009489437464,-8.093445417414703,1.0,4.0,0.9381072871550218,streaming_receding_h1,lambda_03,lambda_03_stale_time,strict_fold_local_streaming,-3.267076890406309,3.35
3,stale_time,h1_strict,update_only,2,12481,4.972928701442375,7.032783214294231,0.679030391041577,0.6790648519418063,0.6790648519418063,4.579836603376913,6.4768670379483595,0.7276384946859968,0.7277970767531232,0.7277970767531232,-0.39309209806546175,-8.583103112797033,1.0,4.0,0.9381072871550218,streaming_receding_h1,lambda_03,lambda_03_stale_time,strict_fold_local_streaming,-3.267076890406309,3.35
3,stale_time,h1_strict,update_only,4,11850,5.725044415929967,8.096435458196515,0.8683168312711183,0.8682459131844181,0.8682459131844181,6.295456553085701,8.903120038704376,0.8406201675001549,0.8406834707262508,0.8406834707262508,0.570412137155734,9.060695318056768,1.0,4.0,0.9381072871550218,streaming_receding_h1,lambda_03,lambda_03_stale_time,strict_fold_local_streaming,-3.267076890406309,3.35
3,stale_time,h1_strict,update_only,6,11222,6.388042856576923,9.034056844791651,0.9128700143567261,0.912847700396818,0.912847700396818,7.62439900396513,10.782528476351404,0.8757454033344809,0.8758477940384412,0.8758477940384412,1.2363561473882072,16.21578496541472,1.0,4.0,0.9381072871550218,streaming_receding_h1,lambda_03,lambda_03_stale_time,strict_fold_local_streaming,-3.267076890406309,3.35
3,real,h1_strict,update_only,1,12799,3.3882807040645484,4.791752524815143,0.5043029858531678,0.5044702782632238,0.5044702782632238,3.245848157306301,4.59032248546629,0.5450646143370472,0.5452556181768187,0.5452556181768187,-0.14243254675824746,-4.388145712781922,1.0,3.0,0.9225548304652267,streaming_receding_h1,lambda_04,lambda_04_real,strict_fold_local_streaming,-3.0998662066175715,4.300000000000001
3,real,h1_strict,update_only,2,12481,4.104752446238784,5.804996579655027,0.7812341579125295,0.7813413018820797,0.7813413018820797,4.579836603376913,6.4768670379483595,0.7276384946859968,0.7277970767531232,0.7277970767531232,0.475084157138129,10.373386613571077,1.0,3.0,0.9225548304652267,streaming_receding_h1,lambda_04,lambda_04_real,strict_fold_local_streaming,-3.0998662066175715,4.300000000000001
3,real,h1_strict,update_only,4,11850,4.986288127516136,7.051676295833264,0.9000974631101268,0.9000549902146605,0.9000549902146605,6.295456553085701,8.903120038704376,0.8406201675001549,0.8406834707262508,0.8406834707262508,1.309168425569565,20.795448503697155,1.0,3.0,0.9225548304652267,streaming_receding_h1,lambda_04,lambda_04_real,strict_fold_local_streaming,-3.0998662066175715,4.300000000000001
3,real,h1_strict,update_only,6,11222,5.788818742140261,8.186625975254318,0.9284573752616438,0.9284313028604091,0.9284313028604091,7.62439900396513,10.782528476351404,0.8757454033344809,0.8758477940384412,0.8758477940384412,1.8355802618248687,24.07508133913585,1.0,3.0,0.9225548304652267,streaming_receding_h1,lambda_04,lambda_04_real,strict_fold_local_streaming,-3.0998662066175715,4.300000000000001
3,wrong_cell,h1_strict,update_only,1,12799,3.4760615232219463,4.915893349783756,0.4782855554025425,0.47846212593131365,0.47846212593131365,3.245848157306301,4.59032248546629,0.5450646143370472,0.5452556181768187,0.5452556181768187,-0.23021336591564534,-7.092548842663585,1.0,3.0,0.9225548304652267,streaming_receding_h1,lambda_04,lambda_04_wrong_cell,strict_fold_local_streaming,-3.0998662066175715,4.300000000000001
3,wrong_cell,h1_strict,update_only,2,12481,4.910196085195819,6.944065897595205,0.6869782542356416,0.6871108606126098,0.6871108606126098,4.579836603376913,6.4768670379483595,0.7276384946859968,0.7277970767531232,0.7277970767531232,-0.3303594818189062,-7.213346466887438,1.0,3.0,0.9225548304652267,streaming_receding_h1,lambda_04,lambda_04_wrong_cell,strict_fold_local_streaming,-3.0998662066175715,4.300000000000001
3,wrong_cell,h1_strict,update_only,4,11850,6.7914959988300545,9.604625750348072,0.8145597573129587,0.8145882415123924,0.8145882415123924,6.295456553085701,8.903120038704376,0.8406201675001549,0.8406834707262508,0.8406834707262508,-0.4960394457443531,-7.879324423281433,1.0,3.0,0.9225548304652267,streaming_receding_h1,lambda_04,lambda_04_wrong_cell,strict_fold_local_streaming,-3.0998662066175715,4.300000000000001
3,wrong_cell,h1_strict,update_only,6,11222,8.274240112241017,11.701542585062727,0.8537201158217753,0.8537824684067385,0.8537824684067385,7.62439900396513,10.782528476351404,0.8757454033344809,0.8758477940384412,0.8758477940384412,-0.6498411082758873,-8.523178127717767,1.0,3.0,0.9225548304652267,streaming_receding_h1,lambda_04,lambda_04_wrong_cell,strict_fold_local_streaming,-3.0998662066175715,4.300000000000001
3,stale_time,h1_strict,update_only,1,12799,3.4791902680819424,4.920318063197968,0.47740123699722214,0.4775228483659708,0.4775228483659708,3.245848157306301,4.59032248546629,0.5450646143370472,0.5452556181768187,0.5452556181768187,-0.2333421107756415,-7.18894105537241,1.0,3.0,0.9225548304652267,streaming_receding_h1,lambda_04,lambda_04_stale_time,strict_fold_local_streaming,-3.0998662066175715,4.300000000000001
3,stale_time,h1_strict,update_only,2,12481,4.924131750413359,6.9637739043465405,0.685268319028891,0.6853323141972056,0.6853323141972056,4.579836603376913,6.4768670379483595,0.7276384946859968,0.7277970767531232,0.7277970767531232,-0.3442951470364459,-7.517629488846438,1.0,3.0,0.9225548304652267,streaming_receding_h1,lambda_04,lambda_04_stale_time,strict_fold_local_streaming,-3.0998662066175715,4.300000000000001
3,stale_time,h1_strict,update_only,4,11850,5.721047236079884,8.090782592241283,0.8684828568094348,0.8684298282401514,0.8684298282401514,6.295456553085701,8.903120038704376,0.8406201675001549,0.8406834707262508,0.8406834707262508,0.5744093170058173,9.124188407340721,1.0,3.0,0.9225548304652267,streaming_receding_h1,lambda_04,lambda_04_stale_time,strict_fold_local_streaming,-3.0998662066175715,4.300000000000001
3,stale_time,h1_strict,update_only,6,11222,6.416421459107667,9.074190249371826,0.9120786960502303,0.912071639809323,0.912071639809323,7.62439900396513,10.782528476351404,0.8757454033344809,0.8758477940384412,0.8758477940384412,1.2079775448574628,15.843577234471129,1.0,3.0,0.9225548304652267,streaming_receding_h1,lambda_04,lambda_04_stale_time,strict_fold_local_streaming,-3.0998662066175715,4.300000000000001
3,real,h1_strict,update_only,1,12799,3.4521592059610104,4.882090368541195,0.48543565687484225,0.4856099304317809,0.4856099304317809,3.245848157306301,4.59032248546629,0.5450646143370472,0.5452556181768187,0.5452556181768187,-0.2063110486547095,-6.356152187535634,1.0,4.0,0.899135779664274,streaming_receding_h1,lambda_05,lambda_05_real,strict_fold_local_streaming,-5.2259980560046015,5.25
3,real,h1_strict,update_only,2,12481,4.071396351151239,5.757823937594414,0.7847724905274702,0.7848805972448357,0.7848805972448357,4.579836603376913,6.4768670379483595,0.7276384946859968,0.7277970767531232,0.7277970767531232,0.5084402522256743,11.101711616758974,1.0,4.0,0.899135779664274,streaming_receding_h1,lambda_05,lambda_05_real,strict_fold_local_streaming,-5.2259980560046015,5.25
3,real,h1_strict,update_only,4,11850,4.814429411790725,6.808631369242365,0.906871281781042,0.9068257251079817,0.9068257251079817,6.295456553085701,8.903120038704376,0.8406201675001549,0.8406834707262508,0.8406834707262508,1.4810271412949767,23.525333370286784,1.0,4.0,0.899135779664274,streaming_receding_h1,lambda_05,lambda_05_real,strict_fold_local_streaming,-5.2259980560046015,5.25
3,real,h1_strict,update_only,6,11222,5.515976964693503,7.8007694332071305,0.9350486826997868,0.9350187447516294,0.9350187447516294,7.62439900396513,10.782528476351404,0.8757454033344809,0.8758477940384412,0.8758477940384412,2.108422039271627,27.65361621519447,1.0,4.0,0.899135779664274,streaming_receding_h1,lambda_05,lambda_05_real,strict_fold_local_streaming,-5.2259980560046015,5.25
3,wrong_cell,h1_strict,update_only,1,12799,3.539394824029564,5.005460162735743,0.4590995045728703,0.4592843167434343,0.4592843167434343,3.245848157306301,4.59032248546629,0.5450646143370472,0.5452556181768187,0.5452556181768187,-0.2935466667232629,-9.043758441456932,1.0,4.0,0.899135779664274,streaming_receding_h1,lambda_05,lambda_05_wrong_cell,strict_fold_local_streaming,-5.2259980560046015,5.25
3,wrong_cell,h1_strict,update_only,2,12481,4.993623886932723,7.062050626290508,0.6762492712297149,0.6763881063059594,0.6763881063059594,4.579836603376913,6.4768670379483595,0.7276384946859968,0.7277970767531232,0.7277970767531232,-0.41378728355581007,-9.034979179185271,1.0,4.0,0.899135779664274,streaming_receding_h1,lambda_05,lambda_05_wrong_cell,strict_fold_local_streaming,-5.2259980560046015,5.25
3,wrong_cell,h1_strict,update_only,4,11850,6.906896492701228,9.76782669388524,0.8081975962978043,0.8082337083922392,0.8082337083922392,6.295456553085701,8.903120038704376,0.8406201675001549,0.8406834707262508,0.8406834707262508,-0.6114399396155266,-9.712400275653254,1.0,4.0,0.899135779664274,streaming_receding_h1,lambda_05,lambda_05_wrong_cell,strict_fold_local_streaming,-5.2259980560046015,5.25
3,wrong_cell,h1_strict,update_only,6,11222,8.412221292912795,11.896677442121007,0.8487950310858827,0.8488651615140284,0.8488651615140284,7.62439900396513,10.782528476351404,0.8757454033344809,0.8758477940384412,0.8758477940384412,-0.7878222889476652,-10.332910023963224,1.0,4.0,0.899135779664274,streaming_receding_h1,lambda_05,lambda_05_wrong_cell,strict_fold_local_streaming,-5.2259980560046015,5.25
3,stale_time,h1_strict,update_only,1,12799,3.546581088383435,5.015623075247786,0.4569557912816149,0.4570863870097014,0.4570863870097014,3.245848157306301,4.59032248546629,0.5450646143370472,0.5452556181768187,0.5452556181768187,-0.30073293107713406,-9.26515710231835,1.0,4.0,0.899135779664274,streaming_receding_h1,lambda_05,lambda_05_stale_time,strict_fold_local_streaming,-5.2259980560046015,5.25
3,stale_time,h1_strict,update_only,2,12481,5.029608101337571,7.112939990333184,0.6716376073450359,0.6717073867065153,0.6717073867065153,4.579836603376913,6.4768670379483595,0.7276384946859968,0.7277970767531232,0.7277970767531232,-0.44977149796065774,-9.820688747476746,1.0,4.0,0.899135779664274,streaming_receding_h1,lambda_05,lambda_05_stale_time,strict_fold_local_streaming,-5.2259980560046015,5.25
3,stale_time,h1_strict,update_only,4,11850,5.692345653386397,8.050192424734579,0.8698044408819232,0.8697466499797227,0.8697466499797227,6.295456553085701,8.903120038704376,0.8406201675001549,0.8406834707262508,0.8406834707262508,0.6031108996993044,9.580097878742269,1.0,4.0,0.899135779664274,streaming_receding_h1,lambda_05,lambda_05_stale_time,strict_fold_local_streaming,-5.2259980560046015,5.25
3,stale_time,h1_strict,update_only,6,11222,6.280294525002599,8.88167769295617,0.9157697547770647,0.9157629341501327,0.9157629341501327,7.62439900396513,10.782528476351404,0.8757454033344809,0.8758477940384412,0.8758477940384412,1.3441044789625307,17.62898922608219,1.0,4.0,0.899135779664274,streaming_receding_h1,lambda_05,lambda_05_stale_time,strict_fold_local_streaming,-5.2259980560046015,5.25
3,real,h1_strict,update_only,1,12799,3.4638233321278378,4.898585933959555,0.48194357489029804,0.4821280244503864,0.4821280244503864,3.245848157306301,4.59032248546629,0.5450646143370472,0.5452556181768187,0.5452556181768187,-0.21797517482153683,-6.715507450059906,1.0,4.0,0.8766115072004932,streaming_receding_h1,lambda_06,lambda_06_real,strict_fold_local_streaming,-6.048549534264356,6.2
3,real,h1_strict,update_only,2,12481,4.065366059424642,5.749295817249594,0.7854048775972315,0.7855173675092824,0.7855173675092824,4.579836603376913,6.4768670379483595,0.7276384946859968,0.7277970767531232,0.7277970767531232,0.514470543952271,11.233382072472399,1.0,4.0,0.8766115072004932,streaming_receding_h1,lambda_06,lambda_06_real,strict_fold_local_streaming,-6.048549534264356,6.2
3,real,h1_strict,update_only,4,11850,4.781172508491567,6.761599005554166,0.9081493937280822,0.9081085294015958,0.9081085294015958,6.295456553085701,8.903120038704376,0.8406201675001549,0.8406834707262508,0.8406834707262508,1.5142840445941346,24.05360170187994,1.0,4.0,0.8766115072004932,streaming_receding_h1,lambda_06,lambda_06_real,strict_fold_local_streaming,-6.048549534264356,6.2
3,real,h1_strict,update_only,6,11222,5.455241441500564,7.7148764325898505,0.9364669681671691,0.9364418625374396,0.9364418625374396,7.62439900396513,10.782528476351404,0.8757454033344809,0.8758477940384412,0.8758477940384412,2.169157562464566,28.45021045378761,1.0,4.0,0.8766115072004932,streaming_receding_h1,lambda_06,lambda_06_real,strict_fold_local_streaming,-6.048549534264356,6.2
3,wrong_cell,h1_strict,update_only,1,12799,3.5523683702420783,5.023807527741556,0.4551150178517706,0.45531309743025783,0.45531309743025783,3.245848157306301,4.59032248546629,0.5450646143370472,0.5452556181768187,0.5452556181768187,-0.30652021293577736,-9.443455087256934,1.0,4.0,0.8766115072004932,streaming_receding_h1,lambda_06,lambda_06_wrong_cell,strict_fold_local_streaming,-6.048549534264356,6.2
3,wrong_cell,h1_strict,update_only,2,12481,5.004123206235353,7.076898906043974,0.6748773890501486,0.6750258585305675,0.6750258585305675,4.579836603376913,6.4768670379483595,0.7276384946859968,0.7277970767531232,0.7277970767531232,-0.42428660285844,-9.26423013750305,1.0,4.0,0.8766115072004932,streaming_receding_h1,lambda_06,lambda_06_wrong_cell,strict_fold_local_streaming,-6.048549534264356,6.2
3,wrong_cell,h1_strict,update_only,4,11850,6.915452583883835,9.779926834076582,0.8077108854013577,0.8077583035122355,0.8077583035122355,6.295456553085701,8.903120038704376,0.8406201675001549,0.8406834707262508,0.8406834707262508,-0.6199960307981334,-9.848309261927064,1.0,4.0,0.8766115072004932,streaming_receding_h1,lambda_06,lambda_06_wrong_cell,strict_fold_local_streaming,-6.048549534264356,6.2
3,wrong_cell,h1_strict,update_only,6,11222,8.413632080964245,11.898672597717,0.8487333998259459,0.8488144645349445,0.8488144645349445,7.62439900396513,10.782528476351404,0.8757454033344809,0.8758477940384412,0.8758477940384412,-0.7892330769991149,-10.351413620780706,1.0,4.0,0.8766115072004932,streaming_receding_h1,lambda_06,lambda_06_wrong_cell,strict_fold_local_streaming,-6.048549534264356,6.2
3,stale_time,h1_strict,update_only,1,12799,3.5607903813233275,5.035718050035115,0.45257955781857906,0.45272733123579834,0.45272733123579834,3.245848157306301,4.59032248546629,0.5450646143370472,0.5452556181768187,0.5452556181768187,-0.31494222401702654,-9.702925360451678,1.0,4.0,0.8766115072004932,streaming_receding_h1,lambda_06,lambda_06_stale_time,strict_fold_local_streaming,-6.048549534264356,6.2
3,stale_time,h1_strict,update_only,2,12481,5.050576547763581,7.142593851650743,0.668877254648709,0.6689643756432275,0.6689643756432275,4.579836603376913,6.4768670379483595,0.7276384946859968,0.7277970767531232,0.7277970767531232,-0.47073994438666755,-10.278531422705573,1.0,4.0,0.8766115072004932,streaming_receding_h1,lambda_06,lambda_06_stale_time,strict_fold_local_streaming,-6.048549534264356,6.2
3,stale_time,h1_strict,update_only,4,11850,5.6820297735148975,8.035603567512494,0.8702699658245346,0.870218322102937,0.870218322102937,6.295456553085701,8.903120038704376,0.8406201675001549,0.8406834707262508,0.8406834707262508,0.6134267795708039,9.743960178235755,1.0,4.0,0.8766115072004932,streaming_receding_h1,lambda_06,lambda_06_stale_time,strict_fold_local_streaming,-6.048549534264356,6.2
3,stale_time,h1_strict,update_only,6,11222,6.244103936086506,8.83049647128076,0.9167309707152107,0.9167309795713708,0.9167309795713708,7.62439900396513,10.782528476351404,0.8757454033344809,0.8758477940384412,0.8758477940384412,1.3802950678786239,18.10365731332778,1.0,4.0,0.8766115072004932,streaming_receding_h1,lambda_06,lambda_06_stale_time,strict_fold_local_streaming,-6.048549534264356,6.2
3,real,h1_strict,update_only,1,12799,3.474541450153486,4.913743641834542,0.4787161446719962,0.47891816063141435,0.47891816063141435,3.245848157306301,4.59032248546629,0.5450646143370472,0.5452556181768187,0.5452556181768187,-0.22869329284718498,-7.045717537106707,3000.0,4.0,0.8523212010111592,streaming_receding_h1,lambda_07,lambda_07_real,strict_fold_local_streaming,-7.097646222313705,7.1499999999999995
3,real,h1_strict,update_only,2,12481,4.0583410964999995,5.739361019406397,0.7861363030971373,0.7862579801381988,0.7862579801381988,4.579836603376913,6.4768670379483595,0.7276384946859968,0.7277970767531232,0.7277970767531232,0.5214955068769136,11.386771014764856,3000.0,4.0,0.8523212010111592,streaming_receding_h1,lambda_07,lambda_07_real,strict_fold_local_streaming,-7.097646222313705,7.1499999999999995
3,real,h1_strict,update_only,4,11850,4.753225774960465,6.722076355970454,0.9092107581756801,0.9091796311258413,0.9091796311258413,6.295456553085701,8.903120038704376,0.8406201675001549,0.8406834707262508,0.8406834707262508,1.5422307781252362,24.4975207932984,3000.0,4.0,0.8523212010111592,streaming_receding_h1,lambda_07,lambda_07_real,strict_fold_local_streaming,-7.097646222313705,7.1499999999999995
3,real,h1_strict,update_only,6,11222,5.407316702835592,7.647100617196662,0.9375695897096151,0.9375536840582909,0.9375536840582909,7.62439900396513,10.782528476351404,0.8757454033344809,0.8758477940384412,0.8758477940384412,2.2170823011295377,29.078781160017023,3000.0,4.0,0.8523212010111592,streaming_receding_h1,lambda_07,lambda_07_real,strict_fold_local_streaming,-7.097646222313705,7.1499999999999995
3,wrong_cell,h1_strict,update_only,1,12799,3.56314363509608,5.0390460534362465,0.45178200780578387,0.45200372950779344,0.45200372950779344,3.245848157306301,4.59032248546629,0.5450646143370472,0.5452556181768187,0.5452556181768187,-0.31729547778977896,-9.775425787418827,3000.0,4.0,0.8523212010111592,streaming_receding_h1,lambda_07,lambda_07_wrong_cell,strict_fold_local_streaming,-7.097646222313705,7.1499999999999995
3,wrong_cell,h1_strict,update_only,2,12481,5.008390452699176,7.0829337038671,0.6743058266314605,0.6744713813646697,0.6744713813646697,4.579836603376913,6.4768670379483595,0.7276384946859968,0.7277970767531232,0.7277970767531232,-0.42855384932226315,-9.357404781783519,3000.0,4.0,0.8523212010111592,streaming_receding_h1,lambda_07,lambda_07_wrong_cell,strict_fold_local_streaming,-7.097646222313705,7.1499999999999995
3,wrong_cell,h1_strict,update_only,4,11850,6.91671533572755,9.781712634859876,0.8076222242317672,0.8076880909796611,0.8076880909796611,6.295456553085701,8.903120038704376,0.8406201675001549,0.8406834707262508,0.8406834707262508,-0.6212587826418483,-9.868367407560616,3000.0,4.0,0.8523212010111592,streaming_receding_h1,lambda_07,lambda_07_wrong_cell,strict_fold_local_streaming,-7.097646222313705,7.1499999999999995
3,wrong_cell,h1_strict,update_only,6,11222,8.406200370837238,11.888162572463765,0.8489835114097448,0.8490814291096199,0.8490814291096199,7.62439900396513,10.782528476351404,0.8757454033344809,0.8758477940384412,0.8758477940384412,-0.7818013668721084,-10.253940887216507,3000.0,4.0,0.8523212010111592,streaming_receding_h1,lambda_07,lambda_07_wrong_cell,strict_fold_local_streaming,-7.097646222313705,7.1499999999999995
3,stale_time,h1_strict,update_only,1,12799,3.5741032326370434,5.054545264916828,0.4484569236502416,0.4486274665160893,0.4486274665160893,3.245848157306301,4.59032248546629,0.5450646143370472,0.5452556181768187,0.5452556181768187,-0.3282550753307425,-10.113075517468394,3000.0,4.0,0.8523212010111592,streaming_receding_h1,lambda_07,lambda_07_stale_time,strict_fold_local_streaming,-7.097646222313705,7.1499999999999995
3,stale_time,h1_strict,update_only,2,12481,5.0705024109204535,7.170773277569182,0.6662379970865766,0.6663471764743554,0.6663471764743554,4.579836603376913,6.4768670379483595,0.7276384946859968,0.7277970767531232,0.7277970767531232,-0.4906658075435404,-10.713609458943385,3000.0,4.0,0.8523212010111592,streaming_receding_h1,lambda_07,lambda_07_stale_time,strict_fold_local_streaming,-7.097646222313705,7.1499999999999995
3,stale_time,h1_strict,update_only,4,11850,5.672182156143173,8.02167693346834,0.8707121024003034,0.8706677857138521,0.8706677857138521,6.295456553085701,8.903120038704376,0.8406201675001549,0.8406834707262508,0.8406834707262508,0.6232743969425281,9.900384375411688,3000.0,4.0,0.8523212010111592,streaming_receding_h1,lambda_07,lambda_07_stale_time,strict_fold_local_streaming,-7.097646222313705,7.1499999999999995
3,stale_time,h1_strict,update_only,6,11222,6.2161417412000315,8.79095195603859,0.9174659218207224,0.9174750963071986,0.9174750963071986,7.62439900396513,10.782528476351404,0.8757454033344809,0.8758477940384412,0.8758477940384412,1.4082572627650984,18.470403529940167,3000.0,4.0,0.8523212010111592,streaming_receding_h1,lambda_07,lambda_07_stale_time,strict_fold_local_streaming,-7.097646222313705,7.1499999999999995
3,real,h1_strict,update_only,1,12799,3.485323653603642,4.928991980186018,0.47546331521537394,0.4756790984312591,0.4756790984312591,3.245848157306301,4.59032248546629,0.5450646143370472,0.5452556181768187,0.5452556181768187,-0.2394754962973411,-7.3779020056218405,10000.0,4.0,0.8266230972972415,streaming_receding_h1,lambda_08,lambda_08_real,strict_fold_local_streaming,-7.94128210817827,8.100000000000001
3,real,h1_strict,update_only,2,12481,4.055317954710754,5.735085651287068,0.7864474081522692,0.7865763031886436,0.7865763031886436,4.579836603376913,6.4768670379483595,0.7276384946859968,0.7277970767531232,0.7277970767531232,0.5245186486661595,11.452780832386226,10000.0,4.0,0.8266230972972415,streaming_receding_h1,lambda_08,lambda_08_real,strict_fold_local_streaming,-7.94128210817827,8.100000000000001
3,real,h1_strict,update_only,4,11850,4.731632903988064,6.6915394249907125,0.9100272992636786,0.9100029112460994,0.9100029112460994,6.295456553085701,8.903120038704376,0.8406201675001549,0.8406834707262508,0.8406834707262508,1.5638236490976372,24.84051213618706,10000.0,4.0,0.8266230972972415,streaming_receding_h1,lambda_08,lambda_08_real,strict_fold_local_streaming,-7.94128210817827,8.100000000000001
3,real,h1_strict,update_only,6,11222,5.366177358996526,7.588920799192325,0.9385104010463168,0.9385002636696795,0.9385002636696795,7.62439900396513,10.782528476351404,0.8757454033344809,0.8758477940384412,0.8758477940384412,2.2582216449686037,29.618356067070955,10000.0,4.0,0.8266230972972415,streaming_receding_h1,lambda_08,lambda_08_real,strict_fold_local_streaming,-7.94128210817827,8.100000000000001
3,wrong_cell,h1_strict,update_only,1,12799,3.5752158357686046,5.05611872335502,0.4480460227160782,0.4482841332372032,0.4482841332372032,3.245848157306301,4.59032248546629,0.5450646143370472,0.5452556181768187,0.5452556181768187,-0.32936767846230364,-10.147353249439828,10000.0,4.0,0.8266230972972415,streaming_receding_h1,lambda_08,lambda_08_wrong_cell,strict_fold_local_streaming,-7.94128210817827,8.100000000000001
3,wrong_cell,h1_strict,update_only,2,12481,5.016568911095753,7.094499790650843,0.6732303641126336,0.6734073684802688,0.6734073684802688,4.579836603376913,6.4768670379483595,0.7276384946859968,0.7277970767531232,0.7277970767531232,-0.43673230771883986,-9.535980113282166,10000.0,4.0,0.8266230972972415,streaming_receding_h1,lambda_08,lambda_08_wrong_cell,strict_fold_local_streaming,-7.94128210817827,8.100000000000001
3,wrong_cell,h1_strict,update_only,4,11850,6.9217720115728465,9.78886385442082,0.8073282514936144,0.8074067972120857,0.8074067972120857,6.295456553085701,8.903120038704376,0.8406201675001549,0.8406834707262508,0.8406834707262508,-0.6263154584871451,-9.948690030751752,10000.0,4.0,0.8266230972972415,streaming_receding_h1,lambda_08,lambda_08_wrong_cell,strict_fold_local_streaming,-7.94128210817827,8.100000000000001
3,wrong_cell,h1_strict,update_only,6,11222,8.403830635765816,11.884811260986526,0.8490566427609465,0.8491665059826602,0.8491665059826602,7.62439900396513,10.782528476351404,0.8757454033344809,0.8758477940384412,0.8758477940384412,-0.7794316318006862,-10.222859944703005,10000.0,4.0,0.8266230972972415,streaming_receding_h1,lambda_08,lambda_08_wrong_cell,strict_fold_local_streaming,-7.94128210817827,8.100000000000001
3,stale_time,h1_strict,update_only,1,12799,3.587473656291752,5.07345389938399,0.44430338996574337,0.444494472552858,0.444494472552858,3.245848157306301,4.59032248546629,0.5450646143370472,0.5452556181768187,0.5452556181768187,-0.34162549898545125,-10.524999397043977,10000.0,4.0,0.8266230972972415,streaming_receding_h1,lambda_08,lambda_08_stale_time,strict_fold_local_streaming,-7.94128210817827,8.100000000000001
3,stale_time,h1_strict,update_only,2,12481,5.090332245717547,7.1988168988788495,0.6636039986865454,0.6637323594870637,0.6637323594870637,4.579836603376913,6.4768670379483595,0.7276384946859968,0.7277970767531232,0.7277970767531232,-0.5104956423406337,-11.146590731298645,10000.0,4.0,0.8266230972972415,streaming_receding_h1,lambda_08,lambda_08_stale_time,strict_fold_local_streaming,-7.94128210817827,8.100000000000001
3,stale_time,h1_strict,update_only,4,11850,5.665945362471468,8.012856775272091,0.8709904472464423,0.8709520413525726,0.8709520413525726,6.295456553085701,8.903120038704376,0.8406201675001549,0.8406834707262508,0.8406834707262508,0.6295111906142337,9.999452546546134,10000.0,4.0,0.8266230972972415,streaming_receding_h1,lambda_08,lambda_08_stale_time,strict_fold_local_streaming,-7.94128210817827,8.100000000000001
3,stale_time,h1_strict,update_only,6,11222,6.191887133215662,8.756650760477052,0.9181021325228086,0.918117843611483,0.918117843611483,7.62439900396513,10.782528476351404,0.8757454033344809,0.8758477940384412,0.8758477940384412,1.432511870749468,18.78852182322146,10000.0,4.0,0.8266230972972415,streaming_receding_h1,lambda_08,lambda_08_stale_time,strict_fold_local_streaming,-7.94128210817827,8.100000000000001
3,real,h1_strict,update_only,1,12799,3.493907028334706,4.941130705141619,0.47286691669650316,0.4730934077525407,0.4730934077525407,3.245848157306301,4.59032248546629,0.5450646143370472,0.5452556181768187,0.5452556181768187,-0.24805887102840485,-7.642343665092042,10000.0,4.0,0.7998585329766023,streaming_receding_h1,lambda_09,lambda_09_real,strict_fold_local_streaming,-8.563201504549772,9.05
3,real,h1_strict,update_only,2,12481,4.054470199015438,5.733886743685175,0.7865310950243498,0.7866655254123354,0.7866655254123354,4.579836603376913,6.4768670379483595,0.7276384946859968,0.7277970767531232,0.7277970767531232,0.525366404361475,11.471291442452323,10000.0,4.0,0.7998585329766023,streaming_receding_h1,lambda_09,lambda_09_real,strict_fold_local_streaming,-8.563201504549772,9.05
3,real,h1_strict,update_only,4,11850,4.71472511084064,6.667628194611827,0.9106654088647523,0.910644944764517,0.910644944764517,6.295456553085701,8.903120038704376,0.8406201675001549,0.8406834707262508,0.8406834707262508,1.5807314422450611,25.109083494036184,10000.0,4.0,0.7998585329766023,streaming_receding_h1,lambda_09,lambda_09_real,strict_fold_local_streaming,-8.563201504549772,9.05
3,real,h1_strict,update_only,6,11222,5.332275662937299,7.540976560837915,0.9392813552663664,0.9392748781631782,0.9392748781631782,7.62439900396513,10.782528476351404,0.8757454033344809,0.8758477940384412,0.8758477940384412,2.292123341027831,30.063003521140406,10000.0,4.0,0.7998585329766023,streaming_receding_h1,lambda_09,lambda_09_real,strict_fold_local_streaming,-8.563201504549772,9.05
3,wrong_cell,h1_strict,update_only,1,12799,3.5846777375409076,5.069499873167254,0.44510938532003363,0.4453600081589594,0.4453600081589594,3.245848157306301,4.59032248546629,0.5450646143370472,0.5452556181768187,0.5452556181768187,-0.33882958023460663,-10.438861086952327,10000.0,4.0,0.7998585329766023,streaming_receding_h1,lambda_09,lambda_09_wrong_cell,strict_fold_local_streaming,-8.563201504549772,9.05
3,wrong_cell,h1_strict,update_only,2,12481,5.024451130113018,7.105646931686653,0.6721946206728453,0.6723802532967258,0.6723802532967258,4.579836603376913,6.4768670379483595,0.7276384946859968,0.7277970767531232,0.7277970767531232,-0.444614526736105,-9.708087105296974,10000.0,4.0,0.7998585329766023,streaming_receding_h1,lambda_09,lambda_09_wrong_cell,strict_fold_local_streaming,-8.563201504549772,9.05
3,wrong_cell,h1_strict,update_only,4,11850,6.9276814114663345,9.797221007895676,0.8069916244417695,0.8070778074459463,0.8070778074459463,6.295456553085701,8.903120038704376,0.8406201675001549,0.8406834707262508,0.8406834707262508,-0.6322248583806331,-10.042557724757067,10000.0,4.0,0.7998585329766023,streaming_receding_h1,lambda_09,lambda_09_wrong_cell,strict_fold_local_streaming,-8.563201504549772,9.05
3,wrong_cell,h1_strict,update_only,6,11222,8.40485708602225,11.886262880860277,0.849012769240789,0.849129657897441,0.849129657897441,7.62439900396513,10.782528476351404,0.8757454033344809,0.8758477940384412,0.8758477940384412,-0.7804580820571205,-10.236322648529242,10000.0,4.0,0.7998585329766023,streaming_receding_h1,lambda_09,lambda_09_wrong_cell,strict_fold_local_streaming,-8.563201504549772,9.05
3,stale_time,h1_strict,update_only,1,12799,3.597294257230038,5.087342326421569,0.44124153635170416,0.44144895048281907,0.44144895048281907,3.245848157306301,4.59032248546629,0.5450646143370472,0.5452556181768187,0.5452556181768187,-0.351446099923737,-10.827558249533116,10000.0,4.0,0.7998585329766023,streaming_receding_h1,lambda_09,lambda_09_stale_time,strict_fold_local_streaming,-8.563201504549772,9.05
3,stale_time,h1_strict,update_only,2,12481,5.104342218655172,7.218629992615719,0.6617348700311678,0.6618788130276365,0.6618788130276365,4.579836603376913,6.4768670379483595,0.7276384946859968,0.7277970767531232,0.7277970767531232,-0.524505615278259,-11.452496250445225,10000.0,4.0,0.7998585329766023,streaming_receding_h1,lambda_09,lambda_09_stale_time,strict_fold_local_streaming,-8.563201504549772,9.05
3,stale_time,h1_strict,update_only,4,11850,5.661289280438816,8.006272080913995,0.8711975169843293,0.8711640486914561,0.8711640486914561,6.295456553085701,8.903120038704376,0.8406201675001549,0.8406834707262508,0.8406834707262508,0.6341672726468852,10.073411948749765,10000.0,4.0,0.7998585329766023,streaming_receding_h1,lambda_09,lambda_09_stale_time,strict_fold_local_streaming,-8.563201504549772,9.05
3,stale_time,h1_strict,update_only,6,11222,6.172515421196084,8.729255022612579,0.9186087094354914,0.9186293892062753,0.9186293892062753,7.62439900396513,10.782528476351404,0.8757454033344809,0.8758477940384412,0.8758477940384412,1.451883582769046,19.042597088819488,10000.0,4.0,0.7998585329766023,streaming_receding_h1,lambda_09,lambda_09_stale_time,strict_fold_local_streaming,-8.563201504549772,9.05
3,real,h1_strict,update_only,1,12799,3.5016275344399186,4.952049149583995,0.4705251326712578,0.4707622180244573,0.4707622180244573,3.245848157306301,4.59032248546629,0.5450646143370472,0.5452556181768187,0.5452556181768187,-0.25577937713361765,-7.8802015601951805,10000.0,4.0,0.7722019102503502,streaming_receding_h1,lambda_10,lambda_10_real,strict_fold_local_streaming,-9.132563319437057,10.0
3,real,h1_strict,update_only,2,12481,4.054269225959492,5.733602524863784,0.7865466892226832,0.7866866741279925,0.7866866741279925,4.579836603376913,6.4768670379483595,0.7276384946859968,0.7277970767531232,0.7277970767531232,0.5255673774174214,11.475679656996881,10000.0,4.0,0.7722019102503502,streaming_receding_h1,lambda_10,lambda_10_real,strict_fold_local_streaming,-9.132563319437057,10.0
3,real,h1_strict,update_only,4,11850,4.700941085338957,6.648134638803249,0.9111833892797268,0.9111666599717856,0.9111666599717856,6.295456553085701,8.903120038704376,0.8406201675001549,0.8406834707262508,0.8406834707262508,1.5945154677467448,25.328035453841665,10000.0,4.0,0.7722019102503502,streaming_receding_h1,lambda_10,lambda_10_real,strict_fold_local_streaming,-9.132563319437057,10.0
3,real,h1_strict,update_only,6,11222,5.304001017235614,7.500990173415297,0.9399202418911524,0.9399171664565055,0.9399171664565055,7.62439900396513,10.782528476351404,0.8757454033344809,0.8758477940384412,0.8758477940384412,2.3203979867295157,30.433847776366033,10000.0,4.0,0.7722019102503502,streaming_receding_h1,lambda_10,lambda_10_real,strict_fold_local_streaming,-9.132563319437057,10.0
3,wrong_cell,h1_strict,update_only,1,12799,3.5931141259152892,5.081430728023751,0.44248339070558446,0.4427462923253974,0.4427462923253974,3.245848157306301,4.59032248546629,0.5450646143370472,0.5452556181768187,0.5452556181768187,-0.3472659686089883,-10.698774304253995,10000.0,4.0,0.7722019102503502,streaming_receding_h1,lambda_10,lambda_10_wrong_cell,strict_fold_local_streaming,-9.132563319437057,10.0
3,wrong_cell,h1_strict,update_only,2,12481,5.031369462047426,7.1154309305372925,0.6712833755150882,0.6714774113492314,0.6714774113492314,4.579836603376913,6.4768670379483595,0.7276384946859968,0.7277970767531232,0.7277970767531232,-0.45153285867051274,-9.859147776966058,10000.0,4.0,0.7722019102503502,streaming_receding_h1,lambda_10,lambda_10_wrong_cell,strict_fold_local_streaming,-9.132563319437057,10.0
3,wrong_cell,h1_strict,update_only,4,11850,6.9326964215629525,9.804313303189751,0.8067051061934496,0.8067983901692568,0.8067983901692568,6.295456553085701,8.903120038704376,0.8406201675001549,0.8406834707262508,0.8406834707262508,-0.6372398684772511,-10.122218509552095,10000.0,4.0,0.7722019102503502,streaming_receding_h1,lambda_10,lambda_10_wrong_cell,strict_fold_local_streaming,-9.132563319437057,10.0
3,wrong_cell,h1_strict,update_only,6,11222,8.40557406383028,11.887276840600315,0.8489805656048057,0.8491039167575667,0.8491039167575667,7.62439900396513,10.782528476351404,0.8757454033344809,0.8758477940384412,0.8758477940384412,-0.7811750598651495,-10.245726377369456,10000.0,4.0,0.7722019102503502,streaming_receding_h1,lambda_10,lambda_10_wrong_cell,strict_fold_local_streaming,-9.132563319437057,10.0
3,stale_time,h1_strict,update_only,1,12799,3.606014319796996,5.099674357168503,0.43851458344560895,0.4387377441888354,0.4387377441888354,3.245848157306301,4.59032248546629,0.5450646143370472,0.5452556181768187,0.5452556181768187,-0.3601661624906951,-11.096211068283418,10000.0,4.0,0.7722019102503502,streaming_receding_h1,lambda_10,lambda_10_stale_time,strict_fold_local_streaming,-9.132563319437057,10.0
3,stale_time,h1_strict,update_only,2,12481,5.116738682600217,7.23616124005227,0.660075649812404,0.6602344887661918,0.6602344887661918,4.579836603376913,6.4768670379483595,0.7276384946859968,0.7277970767531232,0.7277970767531232,-0.5369020792233039,-11.723171058710317,10000.0,4.0,0.7722019102503502,streaming_receding_h1,lambda_10,lambda_10_stale_time,strict_fold_local_streaming,-9.132563319437057,10.0
3,stale_time,h1_strict,update_only,4,11850,5.657670135742289,8.001153837399976,0.8713575904964026,0.8713287203365685,0.8713287203365685,6.295456553085701,8.903120038704376,0.8406201675001549,0.8406834707262508,0.8406834707262508,0.6377864173434125,10.13090014942289,10000.0,4.0,0.7722019102503502,streaming_receding_h1,lambda_10,lambda_10_stale_time,strict_fold_local_streaming,-9.132563319437057,10.0
3,stale_time,h1_strict,update_only,6,11222,6.156686434308265,8.7068694546772,0.9190209614534357,0.9190461926427688,0.9190461926427688,7.62439900396513,10.782528476351404,0.8757454033344809,0.8758477940384412,0.8758477940384412,1.4677125696568654,19.250206723094763,10000.0,4.0,0.7722019102503502,streaming_receding_h1,lambda_10,lambda_10_stale_time,strict_fold_local_streaming,-9.132563319437057,10.0
4,no_update,h1_strict,none,1,13260,3.871088065780318,5.474545243767158,0.4462375070684319,0.4478515867257473,0.4478515867257473,3.871088065780318,5.474545243767158,0.4462375070684319,0.4478515867257473,0.4478515867257473,0.0,0.0,,0.0,,streaming_receding_h1,no_update,no_update,strict_fold_local_streaming,,
4,no_update,h1_strict,none,2,12929,4.979604481244714,7.0422241926301155,0.7049388879370132,0.7079656673763965,0.7079656673763965,4.979604481244714,7.0422241926301155,0.7049388879370132,0.7079656673763965,0.7079656673763965,0.0,0.0,,0.0,,streaming_receding_h1,no_update,no_update,strict_fold_local_streaming,,
4,no_update,h1_strict,none,4,12268,6.922230960221259,9.789512905823837,0.8229924453678303,0.8256149310029889,0.8256149310029889,6.922230960221259,9.789512905823837,0.8229924453678303,0.8256149310029889,0.8256149310029889,0.0,0.0,,0.0,,streaming_receding_h1,no_update,no_update,strict_fold_local_streaming,,
4,no_update,h1_strict,none,6,11613,8.475571251287862,11.9862678124308,0.8595748017038662,0.862301973194505,0.862301973194505,8.475571251287862,11.9862678124308,0.8595748017038662,0.862301973194505,0.862301973194505,0.0,0.0,,0.0,,streaming_receding_h1,no_update,no_update,strict_fold_local_streaming,,
4,real,h1_strict,update_only,1,13260,3.816761201712741,5.39771545580159,0.46081506247677656,0.46324054499752454,0.46324054499752454,3.871088065780318,5.474545243767158,0.4462375070684319,0.4478515867257473,0.4478515867257473,0.05432686406757714,1.40340036559272,3000.0,1.0,0.9851032703067562,streaming_receding_h1,lambda_00,lambda_00_real,strict_fold_local_streaming,-0.0008137243427632006,0.5
4,real,h1_strict,update_only,2,12929,4.7504570419033305,6.718160776130464,0.731329402404951,0.7342244633199287,0.7342244633199287,4.979604481244714,7.0422241926301155,0.7049388879370132,0.7079656673763965,0.7079656673763965,0.22914743934138393,4.601719678830911,3000.0,1.0,0.9851032703067562,streaming_receding_h1,lambda_00,lambda_00_real,strict_fold_local_streaming,-0.0008137243427632006,0.5
4,real,h1_strict,update_only,4,12268,6.423949654511174,9.08483672541166,0.8472265838227075,0.8498167895537097,0.8498167895537097,6.922230960221259,9.789512905823837,0.8229924453678303,0.8256149310029889,0.8256149310029889,0.4982813057100852,7.198276228768859,3000.0,1.0,0.9851032703067562,streaming_receding_h1,lambda_00,lambda_00_real,strict_fold_local_streaming,-0.0008137243427632006,0.5
4,real,h1_strict,update_only,6,11613,7.84269715433991,11.09124868125238,0.8791861381346142,0.8820981421350724,0.8820981421350724,8.475571251287862,11.9862678124308,0.8595748017038662,0.862301973194505,0.862301973194505,0.632874096947952,7.467037656627414,3000.0,1.0,0.9851032703067562,streaming_receding_h1,lambda_00,lambda_00_real,strict_fold_local_streaming,-0.0008137243427632006,0.5
4,wrong_cell,h1_strict,update_only,1,13260,3.84711762028113,5.440645914646081,0.4522571020707227,0.4546684122629876,0.4546684122629876,3.871088065780318,5.474545243767158,0.4462375070684319,0.4478515867257473,0.4478515867257473,0.02397044549918803,0.6192172611902635,3000.0,1.0,0.9851032703067562,streaming_receding_h1,lambda_00,lambda_00_wrong_cell,strict_fold_local_streaming,-0.0008137243427632006,0.5
4,wrong_cell,h1_strict,update_only,2,12929,5.0305223672880715,7.114232957639998,0.6985453405546878,0.7019628634330085,0.7019628634330085,4.979604481244714,7.0422241926301155,0.7049388879370132,0.7079656673763965,0.7079656673763965,-0.05091788604335701,-1.0225287216110273,3000.0,1.0,0.9851032703067562,streaming_receding_h1,lambda_00,lambda_00_wrong_cell,strict_fold_local_streaming,-0.0008137243427632006,0.5
4,wrong_cell,h1_strict,update_only,4,12268,7.052516151397198,9.97376399016122,0.815786724402649,0.8189888591841332,0.8189888591841332,6.922230960221259,9.789512905823837,0.8229924453678303,0.8256149310029889,0.8256149310029889,-0.13028519117593884,-1.8821271917193365,3000.0,1.0,0.9851032703067562,streaming_receding_h1,lambda_00,lambda_00_wrong_cell,strict_fold_local_streaming,-0.0008137243427632006,0.5
4,wrong_cell,h1_strict,update_only,6,11613,8.720358653210198,12.33244947612744,0.8507489080206774,0.8542332561168946,0.8542332561168946,8.475571251287862,11.9862678124308,0.8595748017038662,0.862301973194505,0.862301973194505,-0.24478740192233595,-2.8881522515091893,3000.0,1.0,0.9851032703067562,streaming_receding_h1,lambda_00,lambda_00_wrong_cell,strict_fold_local_streaming,-0.0008137243427632006,0.5
4,stale_time,h1_strict,update_only,1,13260,3.923864525974041,5.549182429547164,0.43100001009134653,0.43269353231303764,0.43269353231303764,3.871088065780318,5.474545243767158,0.4462375070684319,0.4478515867257473,0.4478515867257473,-0.05277646019372284,-1.3633495104453115,3000.0,1.0,0.9851032703067562,streaming_receding_h1,lambda_00,lambda_00_stale_time,strict_fold_local_streaming,-0.0008137243427632006,0.5
4,stale_time,h1_strict,update_only,2,12929,5.008782260712823,7.083487804073847,0.7010264702873026,0.7045333155298734,0.7045333155298734,4.979604481244714,7.0422241926301155,0.7049388879370132,0.7079656673763965,0.7079656673763965,-0.02917777946810851,-0.5859457227577873,3000.0,1.0,0.9851032703067562,streaming_receding_h1,lambda_00,lambda_00_stale_time,strict_fold_local_streaming,-0.0008137243427632006,0.5
4,stale_time,h1_strict,update_only,4,12268,6.715411325385473,9.497025773274018,0.8331039448453079,0.8358796765565732,0.8358796765565732,6.922230960221259,9.789512905823837,0.8229924453678303,0.8256149310029889,0.8256149310029889,0.20681963483578603,2.9877598136248165,3000.0,1.0,0.9851032703067562,streaming_receding_h1,lambda_00,lambda_00_stale_time,strict_fold_local_streaming,-0.0008137243427632006,0.5
4,stale_time,h1_strict,update_only,6,11613,8.131568127518678,11.499773929297707,0.8702471424746747,0.8732528016392447,0.8732528016392447,8.475571251287862,11.9862678124308,0.8595748017038662,0.862301973194505,0.862301973194505,0.34400312376918407,4.058760330956015,3000.0,1.0,0.9851032703067562,streaming_receding_h1,lambda_00,lambda_00_stale_time,strict_fold_local_streaming,-0.0008137243427632006,0.5
4,real,h1_strict,update_only,1,13260,3.858404914464896,5.456608559163259,0.44918385971601255,0.45146375443893094,0.45146375443893094,3.871088065780318,5.474545243767158,0.4462375070684319,0.4478515867257473,0.4478515867257473,0.01268315131542197,0.3276378914636072,10000.0,1.5,0.9763066977564293,streaming_receding_h1,lambda_01,lambda_01_real,strict_fold_local_streaming,-1.0109966068324872,1.4500000000000002
4,real,h1_strict,update_only,2,12929,4.64751159924271,6.572573934935313,0.7429225451609153,0.7456187024689537,0.7456187024689537,4.979604481244714,7.0422241926301155,0.7049388879370132,0.7079656673763965,0.7079656673763965,0.33209288200200415,6.6690614335497065,10000.0,1.5,0.9763066977564293,streaming_receding_h1,lambda_01,lambda_01_real,strict_fold_local_streaming,-1.0109966068324872,1.4500000000000002
4,real,h1_strict,update_only,4,12268,6.144300381311088,8.68935293054432,0.8602658276635087,0.8626078229743568,0.8626078229743568,6.922230960221259,9.789512905823837,0.8229924453678303,0.8256149310029889,0.8256149310029889,0.7779305789101709,11.238148270125121,10000.0,1.5,0.9763066977564293,streaming_receding_h1,lambda_01,lambda_01_real,strict_fold_local_streaming,-1.0109966068324872,1.4500000000000002
4,real,h1_strict,update_only,6,11613,7.438021683023798,10.51895114135741,0.8913053361931503,0.8939514734760481,0.8939514734760481,8.475571251287862,11.9862678124308,0.8595748017038662,0.862301973194505,0.862301973194505,1.0375495682640636,12.241647642410038,10000.0,1.5,0.9763066977564293,streaming_receding_h1,lambda_01,lambda_01_real,strict_fold_local_streaming,-1.0109966068324872,1.4500000000000002
4,wrong_cell,h1_strict,update_only,1,13260,3.8982358428324253,5.512937998262529,0.43778274487260455,0.4400800442082552,0.4400800442082552,3.871088065780318,5.474545243767158,0.4462375070684319,0.4478515867257473,0.4478515867257473,-0.027147777052107358,-0.7012957750067362,10000.0,1.5,0.9763066977564293,streaming_receding_h1,lambda_01,lambda_01_wrong_cell,strict_fold_local_streaming,-1.0109966068324872,1.4500000000000002
4,wrong_cell,h1_strict,update_only,2,12929,5.0745442843161985,7.176489349742838,0.6932364050191502,0.6967238158026935,0.6967238158026935,4.979604481244714,7.0422241926301155,0.7049388879370132,0.7079656673763965,0.7079656673763965,-0.09493980307148409,-1.9065731712040048,10000.0,1.5,0.9763066977564293,streaming_receding_h1,lambda_01,lambda_01_wrong_cell,strict_fold_local_streaming,-1.0109966068324872,1.4500000000000002
4,wrong_cell,h1_strict,update_only,4,12268,7.106771090216639,10.050492060465396,0.8129139569247492,0.8161931126391339,0.8161931126391339,6.922230960221259,9.789512905823837,0.8229924453678303,0.8256149310029889,0.8256149310029889,-0.18454012999537994,-2.66590541482715,10000.0,1.5,0.9763066977564293,streaming_receding_h1,lambda_01,lambda_01_wrong_cell,strict_fold_local_streaming,-1.0109966068324872,1.4500000000000002
4,wrong_cell,h1_strict,update_only,6,11613,8.778836364476106,12.415149448496226,0.8487138323212114,0.8522717114760117,0.8522717114760117,8.475571251287862,11.9862678124308,0.8595748017038662,0.862301973194505,0.862301973194505,-0.30326511318824423,-3.578108238334533,10000.0,1.5,0.9763066977564293,streaming_receding_h1,lambda_01,lambda_01_wrong_cell,strict_fold_local_streaming,-1.0109966068324872,1.4500000000000002
4,stale_time,h1_strict,update_only,1,13260,3.941887723268896,5.5746710795988745,0.4255598080258362,0.42747002958932534,0.42747002958932534,3.871088065780318,5.474545243767158,0.4462375070684319,0.4478515867257473,0.4478515867257473,-0.07079965748857786,-1.828934301816416,10000.0,1.5,0.9763066977564293,streaming_receding_h1,lambda_01,lambda_01_stale_time,strict_fold_local_streaming,-1.0109966068324872,1.4500000000000002
4,stale_time,h1_strict,update_only,2,12929,5.055858092828622,7.150063084312008,0.6953634452218286,0.6989532348346368,0.6989532348346368,4.979604481244714,7.0422241926301155,0.7049388879370132,0.7079656673763965,0.7079656673763965,-0.07625361158390742,-1.5313186392837144,10000.0,1.5,0.9763066977564293,streaming_receding_h1,lambda_01,lambda_01_stale_time,strict_fold_local_streaming,-1.0109966068324872,1.4500000000000002
4,stale_time,h1_strict,update_only,4,12268,6.566847925154639,9.28692539779531,0.8403619071398787,0.84306094084517,0.84306094084517,6.922230960221259,9.789512905823837,0.8229924453678303,0.8256149310029889,0.8256149310029889,0.3553830350666196,5.133937846177561,10000.0,1.5,0.9763066977564293,streaming_receding_h1,lambda_01,lambda_01_stale_time,strict_fold_local_streaming,-1.0109966068324872,1.4500000000000002
4,stale_time,h1_strict,update_only,6,11613,7.8486226046008225,11.099628533374528,0.8790876004799385,0.8819199163288142,0.8819199163288142,8.475571251287862,11.9862678124308,0.8595748017038662,0.862301973194505,0.862301973194505,0.6269486466870395,7.397125551764724,10000.0,1.5,0.9763066977564293,streaming_receding_h1,lambda_01,lambda_01_stale_time,strict_fold_local_streaming,-1.0109966068324872,1.4500000000000002
4,real,h1_strict,update_only,1,13260,3.912153010538977,5.532619845582955,0.4339461403980578,0.436074945327831,0.436074945327831,3.871088065780318,5.474545243767158,0.4462375070684319,0.4478515867257473,0.4478515867257473,-0.04106494475865885,-1.0608114323635556,10000.0,2.0,0.9642784115143883,streaming_receding_h1,lambda_02,lambda_02_real,strict_fold_local_streaming,-2.2337545644128043,2.4000000000000004
4,real,h1_strict,update_only,2,12929,4.57902208369224,6.475715133163475,0.750504797679256,0.7530609974454187,0.7530609974454187,4.979604481244714,7.0422241926301155,0.7049388879370132,0.7079656673763965,0.7079656673763965,0.4005823975524745,8.044462146767607,10000.0,2.0,0.9642784115143883,streaming_receding_h1,lambda_02,lambda_02_real,strict_fold_local_streaming,-2.2337545644128043,2.4000000000000004
4,real,h1_strict,update_only,4,12268,5.931807467766378,8.388842570301218,0.8697951487265481,0.8719465689202617,0.8719465689202617,6.922230960221259,9.789512905823837,0.8229924453678303,0.8256149310029889,0.8256149310029889,0.9904234924548811,14.307865457630205,10000.0,2.0,0.9642784115143883,streaming_receding_h1,lambda_02,lambda_02_real,strict_fold_local_streaming,-2.2337545644128043,2.4000000000000004
4,real,h1_strict,update_only,6,11613,7.117059364103836,10.065041876930081,0.9004791329060384,0.902906325953818,0.902906325953818,8.475571251287862,11.9862678124308,0.8595748017038662,0.862301973194505,0.862301973194505,1.3585118871840258,16.02855839336611,10000.0,2.0,0.9642784115143883,streaming_receding_h1,lambda_02,lambda_02_real,strict_fold_local_streaming,-2.2337545644128043,2.4000000000000004
4,wrong_cell,h1_strict,update_only,1,13260,3.957738711106321,5.597087761575572,0.4206989213077016,0.422856294945931,0.422856294945931,3.871088065780318,5.474545243767158,0.4462375070684319,0.4478515867257473,0.4478515867257473,-0.08665064532600297,-2.238405426422049,10000.0,2.0,0.9642784115143883,streaming_receding_h1,lambda_02,lambda_02_wrong_cell,strict_fold_local_streaming,-2.2337545644128043,2.4000000000000004
4,wrong_cell,h1_strict,update_only,2,12929,5.123984209330444,7.246407962220694,0.6872415329557947,0.6907855514036763,0.6907855514036763,4.979604481244714,7.0422241926301155,0.7049388879370132,0.7079656673763965,0.7079656673763965,-0.1443797280857293,-2.8994216032523084,10000.0,2.0,0.9642784115143883,streaming_receding_h1,lambda_02,lambda_02_wrong_cell,strict_fold_local_streaming,-2.2337545644128043,2.4000000000000004
4,wrong_cell,h1_strict,update_only,4,12268,7.165943033292857,10.134173824875754,0.8097896789007528,0.8131195680033863,0.8131195680033863,6.922230960221259,9.789512905823837,0.8229924453678303,0.8256149310029889,0.8256149310029889,-0.24371207307159803,-3.5207157124934785,10000.0,2.0,0.9642784115143883,streaming_receding_h1,lambda_02,lambda_02_wrong_cell,strict_fold_local_streaming,-2.2337545644128043,2.4000000000000004
4,wrong_cell,h1_strict,update_only,6,11613,8.837832552066873,12.498582657115394,0.8466889629072611,0.8502794905442976,0.8502794905442976,8.475571251287862,11.9862678124308,0.8595748017038662,0.862301973194505,0.862301973194505,-0.36226130077901075,-4.274181527575091,10000.0,2.0,0.9642784115143883,streaming_receding_h1,lambda_02,lambda_02_wrong_cell,strict_fold_local_streaming,-2.2337545644128043,2.4000000000000004
4,stale_time,h1_strict,update_only,1,13260,3.964277523267516,5.606335038415744,0.4188197380765161,0.42094765365377207,0.42094765365377207,3.871088065780318,5.474545243767158,0.4462375070684319,0.4478515867257473,0.4478515867257473,-0.09318945748719809,-2.407319490118945,10000.0,2.0,0.9642784115143883,streaming_receding_h1,lambda_02,lambda_02_stale_time,strict_fold_local_streaming,-2.2337545644128043,2.4000000000000004
4,stale_time,h1_strict,update_only,2,12929,5.11372143286788,7.231894204559732,0.6883274367803776,0.692022955990101,0.692022955990101,4.979604481244714,7.0422241926301155,0.7049388879370132,0.7079656673763965,0.7079656673763965,-0.13411695162316573,-2.6933253861487714,10000.0,2.0,0.9642784115143883,streaming_receding_h1,lambda_02,lambda_02_stale_time,strict_fold_local_streaming,-2.2337545644128043,2.4000000000000004
4,stale_time,h1_strict,update_only,4,12268,6.461543499076924,9.13800245025829,0.8454002972915944,0.848053860185479,0.848053860185479,6.922230960221259,9.789512905823837,0.8229924453678303,0.8256149310029889,0.8256149310029889,0.46068746114433523,6.655187666977382,10000.0,2.0,0.9642784115143883,streaming_receding_h1,lambda_02,lambda_02_stale_time,strict_fold_local_streaming,-2.2337545644128043,2.4000000000000004
4,stale_time,h1_strict,update_only,6,11613,7.629382324650989,10.789575956051001,0.8857423601612684,0.8884245836122558,0.8884245836122558,8.475571251287862,11.9862678124308,0.8595748017038662,0.862301973194505,0.862301973194505,0.8461889266368727,9.983857153089174,10000.0,2.0,0.9642784115143883,streaming_receding_h1,lambda_02,lambda_02_stale_time,strict_fold_local_streaming,-2.2337545644128043,2.4000000000000004
4,real,h1_strict,update_only,1,13260,3.9455534508026524,5.579855201193077,0.42455930569090855,0.4264046949696153,0.4264046949696153,3.871088065780318,5.474545243767158,0.4462375070684319,0.4478515867257473,0.4478515867257473,-0.07446538502233446,-1.9236293196373986,10000.0,2.0,0.9498592608190958,streaming_receding_h1,lambda_03,lambda_03_real,strict_fold_local_streaming,-2.6630277769505115,3.35
4,real,h1_strict,update_only,2,12929,4.566291582719637,6.457711486032216,0.7519736465582852,0.7544321580076335,0.7544321580076335,4.979604481244714,7.0422241926301155,0.7049388879370132,0.7079656673763965,0.7079656673763965,0.4133128985250778,8.30011500073526,10000.0,2.0,0.9498592608190958,streaming_receding_h1,lambda_03,lambda_03_real,strict_fold_local_streaming,-2.6630277769505115,3.35
4,real,h1_strict,update_only,4,12268,5.876207484926205,8.310212320500932,0.8723040747345112,0.8743358578925481,0.8743358578925481,6.922230960221259,9.789512905823837,0.8229924453678303,0.8256149310029889,0.8256149310029889,1.046023475295054,15.111074468708848,10000.0,2.0,0.9498592608190958,streaming_receding_h1,lambda_03,lambda_03_real,strict_fold_local_streaming,-2.6630277769505115,3.35
4,real,h1_strict,update_only,6,11613,7.01654753806646,9.922896689369137,0.9033604057967054,0.9056294030021945,0.9056294030021945,8.475571251287862,11.9862678124308,0.8595748017038662,0.862301973194505,0.862301973194505,1.4590237132214021,17.214458706835877,10000.0,2.0,0.9498592608190958,streaming_receding_h1,lambda_03,lambda_03_real,strict_fold_local_streaming,-2.6630277769505115,3.35
4,wrong_cell,h1_strict,update_only,1,13260,3.9941668457999318,5.64860492371123,0.41029087823716076,0.41218301568567806,0.41218301568567806,3.871088065780318,5.474545243767158,0.4462375070684319,0.4478515867257473,0.4478515867257473,-0.12307878001961381,-3.1794363219893347,10000.0,2.0,0.9498592608190958,streaming_receding_h1,lambda_03,lambda_03_wrong_cell,strict_fold_local_streaming,-2.6630277769505115,3.35
4,wrong_cell,h1_strict,update_only,2,12929,5.1381626216400145,7.2664592652018065,0.6856014092881002,0.6890719490923041,0.6890719490923041,4.979604481244714,7.0422241926301155,0.7049388879370132,0.7079656673763965,0.7079656673763965,-0.15855814039530003,-3.1841512913826127,10000.0,2.0,0.9498592608190958,streaming_receding_h1,lambda_03,lambda_03_wrong_cell,strict_fold_local_streaming,-2.6630277769505115,3.35
4,wrong_cell,h1_strict,update_only,4,12268,7.1715890257092925,10.142158463924133,0.8095801505100666,0.8128249686297553,0.8128249686297553,6.922230960221259,9.789512905823837,0.8229924453678303,0.8256149310029889,0.8256149310029889,-0.24935806548803363,-3.6022789028706907,10000.0,2.0,0.9498592608190958,streaming_receding_h1,lambda_03,lambda_03_wrong_cell,strict_fold_local_streaming,-2.6630277769505115,3.35
4,wrong_cell,h1_strict,update_only,6,11613,8.824893635180912,12.48028426537285,0.8472447495280702,0.8507175624662212,0.8507175624662212,8.475571251287862,11.9862678124308,0.8595748017038662,0.862301973194505,0.862301973194505,-0.3493223838930497,-4.121520231925019,10000.0,2.0,0.9498592608190958,streaming_receding_h1,lambda_03,lambda_03_wrong_cell,strict_fold_local_streaming,-2.6630277769505115,3.35
4,stale_time,h1_strict,update_only,1,13260,3.9649058509104558,5.6072236278900025,0.4186172318371165,0.4207640825353527,0.4207640825353527,3.871088065780318,5.474545243767158,0.4462375070684319,0.4478515867257473,0.4478515867257473,-0.09381778513013783,-2.4235507830335665,10000.0,2.0,0.9498592608190958,streaming_receding_h1,lambda_03,lambda_03_stale_time,strict_fold_local_streaming,-2.6630277769505115,3.35
4,stale_time,h1_strict,update_only,2,12929,5.1323936732881155,7.258300740201921,0.6861345186861012,0.6897697553049759,0.6897697553049759,4.979604481244714,7.0422241926301155,0.7049388879370132,0.7079656673763965,0.7079656673763965,-0.15278919204340102,-3.068299753903536,10000.0,2.0,0.9498592608190958,streaming_receding_h1,lambda_03,lambda_03_stale_time,strict_fold_local_streaming,-2.6630277769505115,3.35
4,stale_time,h1_strict,update_only,4,12268,6.416737144637913,9.074636696130144,0.8475709409277868,0.8501538375893982,0.8501538375893982,6.922230960221259,9.789512905823837,0.8229924453678303,0.8256149310029889,0.8256149310029889,0.5054938155833462,7.302469658816308,10000.0,2.0,0.9498592608190958,streaming_receding_h1,lambda_03,lambda_03_stale_time,strict_fold_local_streaming,-2.6630277769505115,3.35
4,stale_time,h1_strict,update_only,6,11613,7.535891402040038,10.657359825335822,0.8885970250928095,0.8911423333198631,0.8911423333198631,8.475571251287862,11.9862678124308,0.8595748017038662,0.862301973194505,0.862301973194505,0.939679849247824,11.08692053181713,10000.0,2.0,0.9498592608190958,streaming_receding_h1,lambda_03,lambda_03_stale_time,strict_fold_local_streaming,-2.6630277769505115,3.35
4,real,h1_strict,update_only,1,13260,3.973212025305077,5.618970332370312,0.4167266825376336,0.41833463058298814,0.41833463058298814,3.871088065780318,5.474545243767158,0.4462375070684319,0.4478515867257473,0.4478515867257473,-0.10212395952475894,-2.638120285289175,10000.0,2.0,0.9343790076494178,streaming_receding_h1,lambda_04,lambda_04_real,strict_fold_local_streaming,-3.0112022982081528,4.300000000000001
4,real,h1_strict,update_only,2,12929,4.560371907344845,6.449339800832339,0.7526894036332756,0.7550684466083527,0.7550684466083527,4.979604481244714,7.0422241926301155,0.7049388879370132,0.7079656673763965,0.7079656673763965,0.419232573899869,8.418993425660116,10000.0,2.0,0.9343790076494178,streaming_receding_h1,lambda_04,lambda_04_real,strict_fold_local_streaming,-3.0112022982081528,4.300000000000001
4,real,h1_strict,update_only,4,12268,5.841410345055268,8.261001733363662,0.8738848695107237,0.8758197420730137,0.8758197420730137,6.922230960221259,9.789512905823837,0.8229924453678303,0.8256149310029889,0.8256149310029889,1.0808206151659911,15.613761248027533,10000.0,2.0,0.9343790076494178,streaming_receding_h1,lambda_04,lambda_04_real,strict_fold_local_streaming,-3.0112022982081528,4.300000000000001
4,real,h1_strict,update_only,6,11613,6.948411781586157,9.826538178472143,0.9053130634459802,0.9074533176682806,0.9074533176682806,8.475571251287862,11.9862678124308,0.8595748017038662,0.862301973194505,0.862301973194505,1.5271594697017052,18.018366248406604,10000.0,2.0,0.9343790076494178,streaming_receding_h1,lambda_04,lambda_04_real,strict_fold_local_streaming,-3.0112022982081528,4.300000000000001
4,wrong_cell,h1_strict,update_only,1,13260,4.0236604031607275,5.690315112533495,0.40180162627822885,0.40346989803221345,0.40346989803221345,3.871088065780318,5.474545243767158,0.4462375070684319,0.4478515867257473,0.4478515867257473,-0.15257233738040954,-3.9413295380469378,10000.0,2.0,0.9343790076494178,streaming_receding_h1,lambda_04,lambda_04_wrong_cell,strict_fold_local_streaming,-3.0112022982081528,4.300000000000001
4,wrong_cell,h1_strict,update_only,2,12929,5.149315161038045,7.282231337673401,0.6843127314959732,0.6877207265250682,0.6877207265250682,4.979604481244714,7.0422241926301155,0.7049388879370132,0.7079656673763965,0.7079656673763965,-0.16971067979333032,-3.4081156532116585,10000.0,2.0,0.9343790076494178,streaming_receding_h1,lambda_04,lambda_04_wrong_cell,strict_fold_local_streaming,-3.0112022982081528,4.300000000000001
4,wrong_cell,h1_strict,update_only,4,12268,7.175891175014764,10.148242621819284,0.8094276234774831,0.8126003332080494,0.8126003332080494,6.922230960221259,9.789512905823837,0.8229924453678303,0.8256149310029889,0.8256149310029889,-0.25366021479350476,-3.664428653871394,10000.0,2.0,0.9343790076494178,streaming_receding_h1,lambda_04,lambda_04_wrong_cell,strict_fold_local_streaming,-3.0112022982081528,4.300000000000001
4,wrong_cell,h1_strict,update_only,6,11613,8.813847179987562,12.464662218622268,0.847717276762751,0.8510910535792789,0.8510910535792789,8.475571251287862,11.9862678124308,0.8595748017038662,0.862301973194505,0.862301973194505,-0.3382759286996997,-3.991187362719636,10000.0,2.0,0.9343790076494178,streaming_receding_h1,lambda_04,lambda_04_wrong_cell,strict_fold_local_streaming,-3.0112022982081528,4.300000000000001
4,stale_time,h1_strict,update_only,1,13260,3.9660922619296124,5.608901466443844,0.4182805556481353,0.4204173834118182,0.4204173834118182,3.871088065780318,5.474545243767158,0.4462375070684319,0.4478515867257473,0.4478515867257473,-0.09500419614929445,-2.454198781709811,10000.0,2.0,0.9343790076494178,streaming_receding_h1,lambda_04,lambda_04_stale_time,strict_fold_local_streaming,-3.0112022982081528,4.300000000000001
4,stale_time,h1_strict,update_only,2,12929,5.147112583078017,7.279116422050146,0.6844094996594187,0.6879878192622644,0.6879878192622644,4.979604481244714,7.0422241926301155,0.7049388879370132,0.7079656673763965,0.7079656673763965,-0.16750810183330245,-3.363883667150844,10000.0,2.0,0.9343790076494178,streaming_receding_h1,lambda_04,lambda_04_stale_time,strict_fold_local_streaming,-3.0112022982081528,4.300000000000001
4,stale_time,h1_strict,update_only,4,12268,6.385825520467038,9.030921057992714,0.8490749486353679,0.8515940808823619,0.8515940808823619,6.922230960221259,9.789512905823837,0.8229924453678303,0.8256149310029889,0.8256149310029889,0.5364054397542208,7.74902546356349,10000.0,2.0,0.9343790076494178,streaming_receding_h1,lambda_04,lambda_04_stale_time,strict_fold_local_streaming,-3.0112022982081528,4.300000000000001
4,stale_time,h1_strict,update_only,6,11613,7.469062434930839,10.562849393690605,0.8906356030750778,0.8930644917072063,0.8930644917072063,8.475571251287862,11.9862678124308,0.8595748017038662,0.862301973194505,0.862301973194505,1.006508816357023,11.875409769035736,10000.0,2.0,0.9343790076494178,streaming_receding_h1,lambda_04,lambda_04_stale_time,strict_fold_local_streaming,-3.0112022982081528,4.300000000000001
4,real,h1_strict,update_only,1,13260,3.9965291359558632,5.651945706488009,0.410074619916189,0.4114874989680234,0.4114874989680234,3.871088065780318,5.474545243767158,0.4462375070684319,0.4478515867257473,0.4478515867257473,-0.1254410701755453,-3.2404602541704097,10000.0,2.0,0.9181377413008476,streaming_receding_h1,lambda_05,lambda_05_real,strict_fold_local_streaming,-3.304159945787527,5.25
4,real,h1_strict,update_only,2,12929,4.5581289034340715,6.446167714281268,0.7529966663478811,0.7553093249127184,0.7553093249127184,4.979604481244714,7.0422241926301155,0.7049388879370132,0.7079656673763965,0.7079656673763965,0.42147557781064293,8.464037242276918,10000.0,2.0,0.9181377413008476,streaming_receding_h1,lambda_05,lambda_05_real,strict_fold_local_streaming,-3.304159945787527,5.25
4,real,h1_strict,update_only,4,12268,5.818822626193744,8.229057875006623,0.8749246781780933,0.8767782522491868,0.8767782522491868,6.922230960221259,9.789512905823837,0.8229924453678303,0.8256149310029889,0.8256149310029889,1.103408334027515,15.940068171204823,10000.0,2.0,0.9181377413008476,streaming_receding_h1,lambda_05,lambda_05_real,strict_fold_local_streaming,-3.304159945787527,5.25
4,real,h1_strict,update_only,6,11613,6.900027907900289,9.758113048105443,0.9067062800785384,0.9087376908780099,0.9087376908780099,8.475571251287862,11.9862678124308,0.8595748017038662,0.862301973194505,0.862301973194505,1.5755433433875732,18.5892289342523,10000.0,2.0,0.9181377413008476,streaming_receding_h1,lambda_05,lambda_05_real,strict_fold_local_streaming,-3.304159945787527,5.25
4,wrong_cell,h1_strict,update_only,1,13260,4.047950167419822,5.724666026575553,0.39476208798010615,0.39624597307593434,0.39624597307593434,3.871088065780318,5.474545243767158,0.4462375070684319,0.4478515867257473,0.4478515867257473,-0.17686210163950422,-4.568795610798203,10000.0,2.0,0.9181377413008476,streaming_receding_h1,lambda_05,lambda_05_wrong_cell,strict_fold_local_streaming,-3.304159945787527,5.25
4,wrong_cell,h1_strict,update_only,2,12929,5.158133924767137,7.2947029529424485,0.6832953590660036,0.6866501859829709,0.6866501859829709,4.979604481244714,7.0422241926301155,0.7049388879370132,0.7079656673763965,0.7079656673763965,-0.1785294435224225,-3.585213327581327,10000.0,2.0,0.9181377413008476,streaming_receding_h1,lambda_05,lambda_05_wrong_cell,strict_fold_local_streaming,-3.304159945787527,5.25
4,wrong_cell,h1_strict,update_only,4,12268,7.178902175890025,10.152500820093396,0.8093324118747103,0.8124430345732971,0.8124430345732971,6.922230960221259,9.789512905823837,0.8229924453678303,0.8256149310029889,0.8256149310029889,-0.2566712156687663,-3.7079262039035195,10000.0,2.0,0.9181377413008476,streaming_receding_h1,lambda_05,lambda_05_wrong_cell,strict_fold_local_streaming,-3.304159945787527,5.25
4,wrong_cell,h1_strict,update_only,6,11613,8.803822624664246,12.450485356527276,0.8481415876713168,0.8514295883968359,0.8514295883968359,8.475571251287862,11.9862678124308,0.8595748017038662,0.862301973194505,0.862301973194505,-0.3282513733763839,-3.872911496396259,10000.0,2.0,0.9181377413008476,streaming_receding_h1,lambda_05,lambda_05_wrong_cell,strict_fold_local_streaming,-3.304159945787527,5.25
4,stale_time,h1_strict,update_only,1,13260,3.967552913501717,5.610967139707015,0.41787845819533626,0.41999040184241243,0.41999040184241243,3.871088065780318,5.474545243767158,0.4462375070684319,0.4478515867257473,0.4478515867257473,-0.09646484772139896,-2.4919311077970523,10000.0,2.0,0.9181377413008476,streaming_receding_h1,lambda_05,lambda_05_stale_time,strict_fold_local_streaming,-3.304159945787527,5.25
4,stale_time,h1_strict,update_only,2,12929,5.15898004379785,7.295899545951064,0.683020628570091,0.6865473763272716,0.6865473763272716,4.979604481244714,7.0422241926301155,0.7049388879370132,0.7079656673763965,0.7079656673763965,-0.17937556255313591,-3.6022050190680757,10000.0,2.0,0.9181377413008476,streaming_receding_h1,lambda_05,lambda_05_stale_time,strict_fold_local_streaming,-3.304159945787527,5.25
4,stale_time,h1_strict,update_only,4,12268,6.363547769618045,8.9994155606029,0.8501672859167418,0.8526277399201903,0.8526277399201903,6.922230960221259,9.789512905823837,0.8229924453678303,0.8256149310029889,0.8256149310029889,0.5586831906032135,8.070854523833397,10000.0,2.0,0.9181377413008476,streaming_receding_h1,lambda_05,lambda_05_stale_time,strict_fold_local_streaming,-3.304159945787527,5.25
4,stale_time,h1_strict,update_only,6,11613,7.419247503066021,10.492400441438688,0.8921591395295452,0.8944861482900089,0.8944861482900089,8.475571251287862,11.9862678124308,0.8595748017038662,0.862301973194505,0.862301973194505,1.0563237482218408,12.463156959023058,10000.0,2.0,0.9181377413008476,streaming_receding_h1,lambda_05,lambda_05_stale_time,strict_fold_local_streaming,-3.304159945787527,5.25
4,real,h1_strict,update_only,1,13260,4.092348998498528,5.78745545564057,0.38155426430594247,0.3829291193988442,0.3829291193988442,3.871088065780318,5.474545243767158,0.4462375070684319,0.4478515867257473,0.4478515867257473,-0.2212609327182098,-5.7157297627536385,10000.0,3.0,0.888416629497705,streaming_receding_h1,lambda_06,lambda_06_real,strict_fold_local_streaming,-5.7401236507162565,6.2
4,real,h1_strict,update_only,2,12929,4.498831812486563,6.362308964054031,0.7594322593636588,0.7616343184395241,0.7616343184395241,4.979604481244714,7.0422241926301155,0.7049388879370132,0.7079656673763965,0.7079656673763965,0.48077266875815106,9.654836454761481,10000.0,3.0,0.888416629497705,streaming_receding_h1,lambda_06,lambda_06_real,strict_fold_local_streaming,-5.7401236507162565,6.2
4,real,h1_strict,update_only,4,12268,5.566748467670288,7.872571181298966,0.8855387557246214,0.887223055707705,0.887223055707705,6.922230960221259,9.789512905823837,0.8229924453678303,0.8256149310029889,0.8256149310029889,1.355482492550971,19.58158432361299,10000.0,3.0,0.888416629497705,streaming_receding_h1,lambda_06,lambda_06_real,strict_fold_local_streaming,-5.7401236507162565,6.2
4,real,h1_strict,update_only,6,11613,6.49810620073835,9.189709918824882,0.9172196633102816,0.9190599686435916,0.9190599686435916,8.475571251287862,11.9862678124308,0.8595748017038662,0.862301973194505,0.862301973194505,1.9774650505495117,23.33134831766102,10000.0,3.0,0.888416629497705,streaming_receding_h1,lambda_06,lambda_06_real,strict_fold_local_streaming,-5.7401236507162565,6.2
4,wrong_cell,h1_strict,update_only,1,13260,4.141275786295525,5.856648382506435,0.3666388329982742,0.36808592069879753,0.36808592069879753,3.871088065780318,5.474545243767158,0.4462375070684319,0.4478515867257473,0.4478515867257473,-0.270187720515207,-6.979632494120065,10000.0,3.0,0.888416629497705,streaming_receding_h1,lambda_06,lambda_06_wrong_cell,strict_fold_local_streaming,-5.7401236507162565,6.2
4,wrong_cell,h1_strict,update_only,2,12929,5.253294513919732,7.429280348725461,0.6714320893673866,0.6749817767008918,0.6749817767008918,4.979604481244714,7.0422241926301155,0.7049388879370132,0.7079656673763965,0.7079656673763965,-0.27369003267501757,-5.496220306368696,10000.0,3.0,0.888416629497705,streaming_receding_h1,lambda_06,lambda_06_wrong_cell,strict_fold_local_streaming,-5.7401236507162565,6.2
4,wrong_cell,h1_strict,update_only,4,12268,7.303065074832684,10.328093675721664,0.8025916819637406,0.8058991364191728,0.8058991364191728,6.922230960221259,9.789512905823837,0.8229924453678303,0.8256149310029889,0.8256149310029889,-0.38083411461142536,-5.501609478214412,10000.0,3.0,0.888416629497705,streaming_receding_h1,lambda_06,lambda_06_wrong_cell,strict_fold_local_streaming,-5.7401236507162565,6.2
4,wrong_cell,h1_strict,update_only,6,11613,8.94219752813086,12.646177021701828,0.8432492090180024,0.8467225465445516,0.8467225465445516,8.475571251287862,11.9862678124308,0.8595748017038662,0.862301973194505,0.862301973194505,-0.46662627684299807,-5.5055436737918315,10000.0,3.0,0.888416629497705,streaming_receding_h1,lambda_06,lambda_06_wrong_cell,strict_fold_local_streaming,-5.7401236507162565,6.2
4,stale_time,h1_strict,update_only,1,13260,4.0252308475636305,5.692536056307034,0.40060415964278734,0.40300415287136193,0.40300415287136193,3.871088065780318,5.474545243767158,0.4462375070684319,0.4478515867257473,0.4478515867257473,-0.15414278178331253,-3.9818980907695023,10000.0,3.0,0.888416629497705,streaming_receding_h1,lambda_06,lambda_06_stale_time,strict_fold_local_streaming,-5.7401236507162565,6.2
4,stale_time,h1_strict,update_only,2,12929,5.269553619511776,7.452274196365787,0.6691863242741047,0.6729667807967492,0.6729667807967492,4.979604481244714,7.0422241926301155,0.7049388879370132,0.7079656673763965,0.7079656673763965,-0.2899491382670618,-5.822734302676694,10000.0,3.0,0.888416629497705,streaming_receding_h1,lambda_06,lambda_06_stale_time,strict_fold_local_streaming,-5.7401236507162565,6.2
4,stale_time,h1_strict,update_only,4,12268,6.2763476105223885,8.87609591296873,0.8541942461807055,0.8566389728623971,0.8566389728623971,6.922230960221259,9.789512905823837,0.8229924453678303,0.8256149310029889,0.8256149310029889,0.6458833496988703,9.330566307458565,10000.0,3.0,0.888416629497705,streaming_receding_h1,lambda_06,lambda_06_stale_time,strict_fold_local_streaming,-5.7401236507162565,6.2
4,stale_time,h1_strict,update_only,6,11613,7.186488812712469,10.163229944780495,0.8988148667302771,0.9010027191085432,0.9010027191085432,8.475571251287862,11.9862678124308,0.8595748017038662,0.862301973194505,0.862301973194505,1.2890824385753934,15.20938707676509,10000.0,3.0,0.888416629497705,streaming_receding_h1,lambda_06,lambda_06_stale_time,strict_fold_local_streaming,-5.7401236507162565,6.2
4,real,h1_strict,update_only,1,13260,4.117003366148782,5.822321996743292,0.3742639655598165,0.37547163264724726,0.37547163264724726,3.871088065780318,5.474545243767158,0.4462375070684319,0.4478515867257473,0.4478515867257473,-0.24591530036846398,-6.352614463677757,10000.0,3.0,0.8665531842081672,streaming_receding_h1,lambda_07,lambda_07_real,strict_fold_local_streaming,-6.090411595976231,7.1499999999999995
4,real,h1_strict,update_only,2,12929,4.5000110853459425,6.363976707725502,0.7593679145561444,0.7615093370965723,0.7615093370965723,4.979604481244714,7.0422241926301155,0.7049388879370132,0.7079656673763965,0.7079656673763965,0.4795933958987719,9.631154395999168,10000.0,3.0,0.8665531842081672,streaming_receding_h1,lambda_07,lambda_07_real,strict_fold_local_streaming,-6.090411595976231,7.1499999999999995
4,real,h1_strict,update_only,4,12268,5.5487895220466505,7.847173396832098,0.8863362569362419,0.8879495437149743,0.8879495437149743,6.922230960221259,9.789512905823837,0.8229924453678303,0.8256149310029889,0.8256149310029889,1.3734414381746083,19.841023017970905,10000.0,3.0,0.8665531842081672,streaming_receding_h1,lambda_07,lambda_07_real,strict_fold_local_streaming,-6.090411595976231,7.1499999999999995
4,real,h1_strict,update_only,6,11613,6.454798446179294,9.128463504971537,0.918390938110307,0.9201352511831963,0.9201352511831963,8.475571251287862,11.9862678124308,0.8595748017038662,0.862301973194505,0.862301973194505,2.0207728051085683,23.842319829492464,10000.0,3.0,0.8665531842081672,streaming_receding_h1,lambda_07,lambda_07_real,strict_fold_local_streaming,-6.090411595976231,7.1499999999999995
4,wrong_cell,h1_strict,update_only,1,13260,4.166829276274354,5.8927864746004595,0.3589702602359607,0.36026348633268324,0.36026348633268324,3.871088065780318,5.474545243767158,0.4462375070684319,0.4478515867257473,0.4478515867257473,-0.29574121049403646,-7.639743799897824,10000.0,3.0,0.8665531842081672,streaming_receding_h1,lambda_07,lambda_07_wrong_cell,strict_fold_local_streaming,-6.090411595976231,7.1499999999999995
4,wrong_cell,h1_strict,update_only,2,12929,5.264704051935141,7.4454158721272625,0.6700585373472482,0.6735684408337207,0.6735684408337207,4.979604481244714,7.0422241926301155,0.7049388879370132,0.7079656673763965,0.7079656673763965,-0.28509957069042624,-5.725345692900534,10000.0,3.0,0.8665531842081672,streaming_receding_h1,lambda_07,lambda_07_wrong_cell,strict_fold_local_streaming,-6.090411595976231,7.1499999999999995
4,wrong_cell,h1_strict,update_only,4,12268,7.3101192083928765,10.338069727073279,0.8022625092646005,0.8055239858014291,0.8055239858014291,6.922230960221259,9.789512905823837,0.8229924453678303,0.8256149310029889,0.8256149310029889,-0.3878882481716177,-5.603514970832747,10000.0,3.0,0.8665531842081672,streaming_receding_h1,lambda_07,lambda_07_wrong_cell,strict_fold_local_streaming,-6.090411595976231,7.1499999999999995
4,wrong_cell,h1_strict,update_only,6,11613,8.938169904027847,12.640481101071206,0.8434554465325624,0.8468605897797115,0.8468605897797115,8.475571251287862,11.9862678124308,0.8595748017038662,0.862301973194505,0.862301973194505,-0.4625986527399846,-5.458023288633115,10000.0,3.0,0.8665531842081672,streaming_receding_h1,lambda_07,lambda_07_wrong_cell,strict_fold_local_streaming,-6.090411595976231,7.1499999999999995
4,stale_time,h1_strict,update_only,1,13260,4.030155579406763,5.699500678870644,0.3991791255367773,0.4015424513731153,0.4015424513731153,3.871088065780318,5.474545243767158,0.4462375070684319,0.4478515867257473,0.4478515867257473,-0.15906751362644522,-4.109116375640528,10000.0,3.0,0.8665531842081672,streaming_receding_h1,lambda_07,lambda_07_stale_time,strict_fold_local_streaming,-6.090411595976231,7.1499999999999995
4,stale_time,h1_strict,update_only,2,12929,5.283978418126046,7.472673942200588,0.6674353153562369,0.6711738983922806,0.6711738983922806,4.979604481244714,7.0422241926301155,0.7049388879370132,0.7079656673763965,0.7079656673763965,-0.30437393688133163,-6.112411899935666,10000.0,3.0,0.8665531842081672,streaming_receding_h1,lambda_07,lambda_07_stale_time,strict_fold_local_streaming,-6.090411595976231,7.1499999999999995
4,stale_time,h1_strict,update_only,4,12268,6.260552858107811,8.85375875988971,0.8549706487271799,0.8573596157874475,0.8573596157874475,6.922230960221259,9.789512905823837,0.8229924453678303,0.8256149310029889,0.8256149310029889,0.6616781021134477,9.558740612900587,10000.0,3.0,0.8665531842081672,streaming_receding_h1,lambda_07,lambda_07_stale_time,strict_fold_local_streaming,-6.090411595976231,7.1499999999999995
4,stale_time,h1_strict,update_only,6,11613,7.144964364354475,10.10450550674256,0.9000496252073282,0.9021434517249832,0.9021434517249832,8.475571251287862,11.9862678124308,0.8595748017038662,0.862301973194505,0.862301973194505,1.3306068869333867,15.699318045744718,10000.0,3.0,0.8665531842081672,streaming_receding_h1,lambda_07,lambda_07_stale_time,strict_fold_local_streaming,-6.090411595976231,7.1499999999999995
4,real,h1_strict,update_only,1,13260,4.1388801359874865,5.853260421350103,0.36774714031443845,0.36881681010164113,0.36881681010164113,3.871088065780318,5.474545243767158,0.4462375070684319,0.4478515867257473,0.4478515867257473,-0.26779207020716855,-6.917746784796747,10000.0,3.0,0.8440841354334458,streaming_receding_h1,lambda_08,lambda_08_real,strict_fold_local_streaming,-6.403729134046962,8.100000000000001
4,real,h1_strict,update_only,2,12929,4.502233224710287,6.367119287352043,0.7591848571039971,0.7612737419706908,0.7612737419706908,4.979604481244714,7.0422241926301155,0.7049388879370132,0.7079656673763965,0.7079656673763965,0.47737125653442725,9.586529579455723,10000.0,3.0,0.8440841354334458,streaming_receding_h1,lambda_08,lambda_08_real,strict_fold_local_streaming,-6.403729134046962,8.100000000000001
4,real,h1_strict,update_only,4,12268,5.53579734823196,7.828799688418654,0.8869230168274957,0.8884736489046156,0.8884736489046156,6.922230960221259,9.789512905823837,0.8229924453678303,0.8256149310029889,0.8256149310029889,1.3864336119892986,20.02871068527571,10000.0,3.0,0.8440841354334458,streaming_receding_h1,lambda_08,lambda_08_real,strict_fold_local_streaming,-6.403729134046962,8.100000000000001
4,real,h1_strict,update_only,6,11613,6.420360078823022,9.079760298790312,0.919326587486617,0.9209851845866158,0.9209851845866158,8.475571251287862,11.9862678124308,0.8595748017038662,0.862301973194505,0.862301973194505,2.0552111724648396,24.248644858628857,10000.0,3.0,0.8440841354334458,streaming_receding_h1,lambda_08,lambda_08_real,strict_fold_local_streaming,-6.403729134046962,8.100000000000001
4,wrong_cell,h1_strict,update_only,1,13260,4.189279143713793,5.924535381606791,0.35218501165854166,0.3533514251645262,0.3533514251645262,3.871088065780318,5.474545243767158,0.4462375070684319,0.4478515867257473,0.4478515867257473,-0.3181910779334749,-8.219680682189162,10000.0,3.0,0.8440841354334458,streaming_receding_h1,lambda_08,lambda_08_wrong_cell,strict_fold_local_streaming,-6.403729134046962,8.100000000000001
4,wrong_cell,h1_strict,update_only,2,12929,5.274439172153594,7.459183411171532,0.6688844107170833,0.672360096140866,0.672360096140866,4.979604481244714,7.0422241926301155,0.7049388879370132,0.7079656673763965,0.7079656673763965,-0.29483469090887926,-5.920845561516999,10000.0,3.0,0.8440841354334458,streaming_receding_h1,lambda_08,lambda_08_wrong_cell,strict_fold_local_streaming,-6.403729134046962,8.100000000000001
4,wrong_cell,h1_strict,update_only,4,12268,7.315800322553726,10.346104035768944,0.8020010424183868,0.8052215913467748,0.8052215913467748,6.922230960221259,9.789512905823837,0.8229924453678303,0.8256149310029889,0.8256149310029889,-0.3935693623324674,-5.685585537294577,10000.0,3.0,0.8440841354334458,streaming_receding_h1,lambda_08,lambda_08_wrong_cell,strict_fold_local_streaming,-6.403729134046962,8.100000000000001
4,wrong_cell,h1_strict,update_only,6,11613,8.933883419271522,12.634419096193906,0.8436639341320764,0.8470074369200764,0.8470074369200764,8.475571251287862,11.9862678124308,0.8595748017038662,0.862301973194505,0.862301973194505,-0.45831216798366015,-5.407448706351441,10000.0,3.0,0.8440841354334458,streaming_receding_h1,lambda_08,lambda_08_wrong_cell,strict_fold_local_streaming,-6.403729134046962,8.100000000000001
4,stale_time,h1_strict,update_only,1,13260,4.034804141842071,5.706074738912194,0.39783457480112827,0.40016107953879,0.40016107953879,3.871088065780318,5.474545243767158,0.4462375070684319,0.4478515867257473,0.4478515867257473,-0.16371607606175287,-4.229200505898376,10000.0,3.0,0.8440841354334458,streaming_receding_h1,lambda_08,lambda_08_stale_time,strict_fold_local_streaming,-6.403729134046962,8.100000000000001
4,stale_time,h1_strict,update_only,2,12929,5.296457898601715,7.4903225927406485,0.6659174536283894,0.6696188486094048,0.6696188486094048,4.979604481244714,7.0422241926301155,0.7049388879370132,0.7079656673763965,0.7079656673763965,-0.31685341735700057,-6.363023781314436,10000.0,3.0,0.8440841354334458,streaming_receding_h1,lambda_08,lambda_08_stale_time,strict_fold_local_streaming,-6.403729134046962,8.100000000000001
4,stale_time,h1_strict,update_only,4,12268,6.248144474440616,8.836210655420434,0.8555870934908049,0.8579244804730985,0.8579244804730985,6.922230960221259,9.789512905823837,0.8229924453678303,0.8256149310029889,0.8256149310029889,0.6740864857806432,9.73799472531753,10000.0,3.0,0.8440841354334458,streaming_receding_h1,lambda_08,lambda_08_stale_time,strict_fold_local_streaming,-6.403729134046962,8.100000000000001
4,stale_time,h1_strict,update_only,6,11613,7.110992577247225,10.056462144677432,0.9010630615412113,0.903071786303456,0.903071786303456,8.475571251287862,11.9862678124308,0.8595748017038662,0.862301973194505,0.862301973194505,1.3645786740406374,16.100138074271864,10000.0,3.0,0.8440841354334458,streaming_receding_h1,lambda_08,lambda_08_stale_time,strict_fold_local_streaming,-6.403729134046962,8.100000000000001
4,real,h1_strict,update_only,1,13260,4.235554340197058,5.989978392074905,0.33794025100167563,0.3389866337949524,0.3389866337949524,3.871088065780318,5.474545243767158,0.4462375070684319,0.4478515867257473,0.4478515867257473,-0.36446627441673973,-9.415086100431356,10000.0,4.0,0.804946246779894,streaming_receding_h1,lambda_09,lambda_09_real,strict_fold_local_streaming,-8.734522597854367,9.05
4,real,h1_strict,update_only,2,12929,4.4815531651790526,6.337873266692288,0.7614289316034402,0.7634617827666612,0.7634617827666612,4.979604481244714,7.0422241926301155,0.7049388879370132,0.7079656673763965,0.7079656673763965,0.4980513160656619,10.001824802382052,10000.0,4.0,0.804946246779894,streaming_receding_h1,lambda_09,lambda_09_real,strict_fold_local_streaming,-8.734522597854367,9.05
4,real,h1_strict,update_only,4,12268,5.367557688999917,7.59087288060367,0.8937121633543365,0.8951494849260685,0.8951494849260685,6.922230960221259,9.789512905823837,0.8229924453678303,0.8256149310029889,0.8256149310029889,1.5546732712213416,22.459136081348674,10000.0,4.0,0.804946246779894,streaming_receding_h1,lambda_09,lambda_09_real,strict_fold_local_streaming,-8.734522597854367,9.05
4,real,h1_strict,update_only,6,11613,6.1285737519669405,8.667112118035412,0.9264864450742814,0.9280039628879402,0.9280039628879402,8.475571251287862,11.9862678124308,0.8595748017038662,0.862301973194505,0.862301973194505,2.3469974993209215,27.691319319205718,10000.0,4.0,0.804946246779894,streaming_receding_h1,lambda_09,lambda_09_real,strict_fold_local_streaming,-8.734522597854367,9.05
4,wrong_cell,h1_strict,update_only,1,13260,4.27555054385165,6.046541565726666,0.3253186360541784,0.32644383547799605,0.32644383547799605,3.871088065780318,5.474545243767158,0.4462375070684319,0.4478515867257473,0.4478515867257473,-0.40446247807133195,-10.448289245773129,10000.0,4.0,0.804946246779894,streaming_receding_h1,lambda_09,lambda_09_wrong_cell,strict_fold_local_streaming,-8.734522597854367,9.05
4,wrong_cell,h1_strict,update_only,2,12929,5.3593520869269735,7.579268406864676,0.6580794844591482,0.6617258650571499,0.6617258650571499,4.979604481244714,7.0422241926301155,0.7049388879370132,0.7079656673763965,0.7079656673763965,-0.37974760568225907,-7.626059601973376,10000.0,4.0,0.804946246779894,streaming_receding_h1,lambda_09,lambda_09_wrong_cell,strict_fold_local_streaming,-8.734522597854367,9.05
4,wrong_cell,h1_strict,update_only,4,12268,7.423676405201582,10.498663854905223,0.7960436676744559,0.7994349793948421,0.7994349793948421,6.922230960221259,9.789512905823837,0.8229924453678303,0.8256149310029889,0.8256149310029889,-0.5014454449803232,-7.24398604816698,10000.0,4.0,0.804946246779894,streaming_receding_h1,lambda_09,lambda_09_wrong_cell,strict_fold_local_streaming,-8.734522597854367,9.05
4,wrong_cell,h1_strict,update_only,6,11613,9.050639693678647,12.799537402952616,0.8394793325046088,0.8429824088500787,0.8429824088500787,8.475571251287862,11.9862678124308,0.8595748017038662,0.862301973194505,0.862301973194505,-0.5750684423907853,-6.785011008000241,10000.0,4.0,0.804946246779894,streaming_receding_h1,lambda_09,lambda_09_wrong_cell,strict_fold_local_streaming,-8.734522597854367,9.05
4,stale_time,h1_strict,update_only,1,13260,4.090713490932225,5.785142498658941,0.38086417432013814,0.3834222456822076,0.3834222456822076,3.871088065780318,5.474545243767158,0.4462375070684319,0.4478515867257473,0.4478515867257473,-0.21962542515190675,-5.673480463886982,10000.0,4.0,0.804946246779894,streaming_receding_h1,lambda_09,lambda_09_stale_time,strict_fold_local_streaming,-8.734522597854367,9.05
4,stale_time,h1_strict,update_only,2,12929,5.3982550676672,7.6342855298442425,0.6528740257235559,0.6567970471643649,0.6567970471643649,4.979604481244714,7.0422241926301155,0.7049388879370132,0.7079656673763965,0.7079656673763965,-0.4186505864224852,-8.407306001898332,10000.0,4.0,0.804946246779894,streaming_receding_h1,lambda_09,lambda_09_stale_time,strict_fold_local_streaming,-8.734522597854367,9.05
4,stale_time,h1_strict,update_only,4,12268,6.205317298782977,8.775643882767264,0.8575341946808177,0.8598654854697407,0.8598654854697407,6.922230960221259,9.789512905823837,0.8229924453678303,0.8256149310029889,0.8256149310029889,0.7169136614382818,10.35668508545931,10000.0,4.0,0.804946246779894,streaming_receding_h1,lambda_09,lambda_09_stale_time,strict_fold_local_streaming,-8.734522597854367,9.05
4,stale_time,h1_strict,update_only,6,11613,6.956450769643935,9.837907024411207,0.9053405738746589,0.9072390494085736,0.9072390494085736,8.475571251287862,11.9862678124308,0.8595748017038662,0.862301973194505,0.862301973194505,1.5191204816439274,17.923517325314172,10000.0,4.0,0.804946246779894,streaming_receding_h1,lambda_09,lambda_09_stale_time,strict_fold_local_streaming,-8.734522597854367,9.05
4,real,h1_strict,update_only,1,13260,4.258001992278574,6.021724166092018,0.3310238478564299,0.33196157085438527,0.33196157085438527,3.871088065780318,5.474545243767158,0.4462375070684319,0.4478515867257473,0.4478515867257473,-0.3869139264982562,-9.994965754421907,10000.0,4.0,0.7779659057788267,streaming_receding_h1,lambda_10,lambda_10_real,strict_fold_local_streaming,-9.073554472033177,10.0
4,real,h1_strict,update_only,2,12929,4.485886604572199,6.344001675453797,0.761015144945083,0.7630041201820991,0.7630041201820991,4.979604481244714,7.0422241926301155,0.7049388879370132,0.7079656673763965,0.7079656673763965,0.4937178766725152,9.914801035545382,10000.0,4.0,0.7779659057788267,streaming_receding_h1,lambda_10,lambda_10_real,strict_fold_local_streaming,-9.073554472033177,10.0
4,real,h1_strict,update_only,4,12268,5.357713815711712,7.576951541493209,0.8941494651972048,0.8955337150725331,0.8955337150725331,6.922230960221259,9.789512905823837,0.8229924453678303,0.8256149310029889,0.8256149310029889,1.564517144509547,22.601342739068897,10000.0,4.0,0.7779659057788267,streaming_receding_h1,lambda_10,lambda_10_real,strict_fold_local_streaming,-9.073554472033177,10.0
4,real,h1_strict,update_only,6,11613,6.0981592468884305,8.624099512460518,0.9272733145619554,0.928716784634751,0.928716784634751,8.475571251287862,11.9862678124308,0.8595748017038662,0.862301973194505,0.862301973194505,2.3774120043994316,28.05016834751031,10000.0,4.0,0.7779659057788267,streaming_receding_h1,lambda_10,lambda_10_real,strict_fold_local_streaming,-9.073554472033177,10.0
4,wrong_cell,h1_strict,update_only,1,13260,4.2985489095713305,6.079066166439854,0.3181499082927265,0.31917817301723783,0.31917817301723783,3.871088065780318,5.474545243767158,0.4462375070684319,0.4478515867257473,0.4478515867257473,-0.42746084379101257,-11.042395226543283,10000.0,4.0,0.7779659057788267,streaming_receding_h1,lambda_10,lambda_10_wrong_cell,strict_fold_local_streaming,-9.073554472033177,10.0
4,wrong_cell,h1_strict,update_only,2,12929,5.370580495610184,7.595147774708342,0.6566825440052658,0.6603069401305688,0.6603069401305688,4.979604481244714,7.0422241926301155,0.7049388879370132,0.7079656673763965,0.7079656673763965,-0.3909760143654699,-7.8515475644310735,10000.0,4.0,0.7779659057788267,streaming_receding_h1,lambda_10,lambda_10_wrong_cell,strict_fold_local_streaming,-9.073554472033177,10.0
4,wrong_cell,h1_strict,update_only,4,12268,7.431838092394503,10.510206223625298,0.7956304429151984,0.7989937293423883,0.7989937293423883,6.922230960221259,9.789512905823837,0.8229924453678303,0.8256149310029889,0.8256149310029889,-0.5096071321732438,-7.361891492810795,10000.0,4.0,0.7779659057788267,streaming_receding_h1,lambda_10,lambda_10_wrong_cell,strict_fold_local_streaming,-9.073554472033177,10.0
4,wrong_cell,h1_strict,update_only,6,11613,9.050369365596042,12.799155101311907,0.8395353538259642,0.8429917884369116,0.8429917884369116,8.475571251287862,11.9862678124308,0.8595748017038662,0.862301973194505,0.862301973194505,-0.5747981143081802,-6.781821511096844,10000.0,4.0,0.7779659057788267,streaming_receding_h1,lambda_10,lambda_10_wrong_cell,strict_fold_local_streaming,-9.073554472033177,10.0
4,stale_time,h1_strict,update_only,1,13260,4.097479201623519,5.794710658477661,0.3788541108969026,0.3813810191588184,0.3813810191588184,3.871088065780318,5.474545243767158,0.4462375070684319,0.4478515867257473,0.4478515867257473,-0.2263911358432007,-5.848255890752145,10000.0,4.0,0.7779659057788267,streaming_receding_h1,lambda_10,lambda_10_stale_time,strict_fold_local_streaming,-9.073554472033177,10.0
4,stale_time,h1_strict,update_only,2,12929,5.412182816895603,7.653982341696383,0.6511264286471591,0.6550238034141691,0.6550238034141691,4.979604481244714,7.0422241926301155,0.7049388879370132,0.7079656673763965,0.7079656673763965,-0.43257833565088877,-8.687001895033244,10000.0,4.0,0.7779659057788267,streaming_receding_h1,lambda_10,lambda_10_stale_time,strict_fold_local_streaming,-9.073554472033177,10.0
4,stale_time,h1_strict,update_only,4,12268,6.197139771155896,8.764079112290366,0.857948059327398,0.8602345878782456,0.8602345878782456,6.922230960221259,9.789512905823837,0.8229924453678303,0.8256149310029889,0.8256149310029889,0.7250911890653624,10.47481936433664,10000.0,4.0,0.7779659057788267,streaming_receding_h1,lambda_10,lambda_10_stale_time,strict_fold_local_streaming,-9.073554472033177,10.0
4,stale_time,h1_strict,update_only,6,11613,6.928409777103774,9.798251072458509,0.9061619187453751,0.9079853686912565,0.9079853686912565,8.475571251287862,11.9862678124308,0.8595748017038662,0.862301973194505,0.862301973194505,1.5471614741840884,18.254362193568927,10000.0,4.0,0.7779659057788267,streaming_receding_h1,lambda_10,lambda_10_stale_time,strict_fold_local_streaming,-9.073554472033177,10.0
5,no_update,h1_strict,none,1,14154,3.0945886892756964,4.376409294340069,0.5653223455617755,0.5657182705771415,0.5657182705771415,3.0945886892756964,4.376409294340069,0.5653223455617755,0.5657182705771415,0.5657182705771415,0.0,0.0,,0.0,,streaming_receding_h1,no_update,no_update,strict_fold_local_streaming,,
5,no_update,h1_strict,none,2,13795,4.223246602080926,5.972572621908935,0.7581775940478167,0.75830738665695,0.75830738665695,4.223246602080926,5.972572621908935,0.7581775940478167,0.75830738665695,0.75830738665695,0.0,0.0,,0.0,,streaming_receding_h1,no_update,no_update,strict_fold_local_streaming,,
5,no_update,h1_strict,none,4,13080,5.818923837645272,8.229201009614043,0.8615290532857955,0.8614548392271966,0.8614548392271966,5.818923837645272,8.229201009614043,0.8615290532857955,0.8614548392271966,0.8614548392271966,0.0,0.0,,0.0,,streaming_receding_h1,no_update,no_update,strict_fold_local_streaming,,
5,no_update,h1_strict,none,6,12370,7.027150053149779,9.93789090999523,0.8946374548143781,0.8945088818556918,0.8945088818556918,7.027150053149779,9.93789090999523,0.8946374548143781,0.8945088818556918,0.8945088818556918,0.0,0.0,,0.0,,streaming_receding_h1,no_update,no_update,strict_fold_local_streaming,,
5,real,h1_strict,update_only,1,14154,3.1538083243426205,4.460158505410499,0.548607144523822,0.5489379584862153,0.5489379584862153,3.0945886892756964,4.376409294340069,0.5653223455617755,0.5657182705771415,0.5657182705771415,-0.05921963506692407,-1.9136512478104066,30.0,3.0,0.9658027044667461,streaming_receding_h1,lambda_00,lambda_00_real,strict_fold_local_streaming,2.189754378540129,0.5
5,real,h1_strict,update_only,2,13795,3.8543264771695895,5.450840777826947,0.7985810420845566,0.7986890066749853,0.7986890066749853,4.223246602080926,5.972572621908935,0.7581775940478167,0.75830738665695,0.75830738665695,0.3689201249113365,8.735462540348887,30.0,3.0,0.9658027044667461,streaming_receding_h1,lambda_00,lambda_00_real,strict_fold_local_streaming,2.189754378540129,0.5
5,real,h1_strict,update_only,4,13080,4.877123871523873,6.897294724482637,0.9027519443777327,0.9026729438367196,0.9026729438367196,5.818923837645272,8.229201009614043,0.8615290532857955,0.8614548392271966,0.8614548392271966,0.9417999661213994,16.185122754631465,30.0,3.0,0.9658027044667461,streaming_receding_h1,lambda_00,lambda_00_real,strict_fold_local_streaming,2.189754378540129,0.5
5,real,h1_strict,update_only,6,12370,5.6987939069873095,8.059311632430612,0.9307487011544875,0.9306217495727447,0.9306217495727447,7.027150053149779,9.93789090999523,0.8946374548143781,0.8945088818556918,0.8945088818556918,1.328356146162469,18.903198823355996,30.0,3.0,0.9658027044667461,streaming_receding_h1,lambda_00,lambda_00_real,strict_fold_local_streaming,2.189754378540129,0.5
5,wrong_cell,h1_strict,update_only,1,14154,3.2025998612725703,4.529160158665862,0.5345957569775737,0.5348735339307946,0.5348735339307946,3.0945886892756964,4.376409294340069,0.5653223455617755,0.5657182705771415,0.5657182705771415,-0.10801117199687393,-3.4903240088476664,30.0,3.0,0.9658027044667461,streaming_receding_h1,lambda_00,lambda_00_wrong_cell,strict_fold_local_streaming,2.189754378540129,0.5
5,wrong_cell,h1_strict,update_only,2,13795,4.424909781454867,6.25776742521084,0.7346213160102906,0.7346742895644178,0.7346742895644178,4.223246602080926,5.972572621908935,0.7581775940478167,0.75830738665695,0.75830738665695,-0.20166317937394052,-4.775074684830735,30.0,3.0,0.9658027044667461,streaming_receding_h1,lambda_00,lambda_00_wrong_cell,strict_fold_local_streaming,2.189754378540129,0.5
5,wrong_cell,h1_strict,update_only,4,13080,6.137289412501078,8.679437923367828,0.8460333988464774,0.8458799212325367,0.8458799212325367,5.818923837645272,8.229201009614043,0.8615290532857955,0.8614548392271966,0.8614548392271966,-0.31836557485580563,-5.471210549211068,30.0,3.0,0.9658027044667461,streaming_receding_h1,lambda_00,lambda_00_wrong_cell,strict_fold_local_streaming,2.189754378540129,0.5
5,wrong_cell,h1_strict,update_only,6,12370,7.4486972687462405,10.534048699472365,0.8816773035126301,0.881472782553572,0.881472782553572,7.027150053149779,9.93789090999523,0.8946374548143781,0.8945088818556918,0.8945088818556918,-0.4215472155964619,-5.998836120021542,30.0,3.0,0.9658027044667461,streaming_receding_h1,lambda_00,lambda_00_wrong_cell,strict_fold_local_streaming,2.189754378540129,0.5
5,stale_time,h1_strict,update_only,1,14154,3.2174360033396128,4.550141631990367,0.5301703241379141,0.5305541269236083,0.5305541269236083,3.0945886892756964,4.376409294340069,0.5653223455617755,0.5657182705771415,0.5657182705771415,-0.12284731406391636,-3.9697461084131787,30.0,3.0,0.9658027044667461,streaming_receding_h1,lambda_00,lambda_00_stale_time,strict_fold_local_streaming,2.189754378540129,0.5
5,stale_time,h1_strict,update_only,2,13795,4.380068765298964,6.194352652012573,0.7398868152939713,0.7400245416239656,0.7400245416239656,4.223246602080926,5.972572621908935,0.7581775940478167,0.75830738665695,0.75830738665695,-0.1568221632180382,-3.7133082198128573,30.0,3.0,0.9658027044667461,streaming_receding_h1,lambda_00,lambda_00_stale_time,strict_fold_local_streaming,2.189754378540129,0.5
5,stale_time,h1_strict,update_only,4,13080,5.32974802919063,7.537401946912663,0.8838318908200645,0.883769696835838,0.883769696835838,5.818923837645272,8.229201009614043,0.8615290532857955,0.8614548392271966,0.8614548392271966,0.48917580845464226,8.40663707075767,30.0,3.0,0.9658027044667461,streaming_receding_h1,lambda_00,lambda_00_stale_time,strict_fold_local_streaming,2.189754378540129,0.5
5,stale_time,h1_strict,update_only,6,12370,6.116454871023854,8.649973432244913,0.9201986017475074,0.9200797207792122,0.9200797207792122,7.027150053149779,9.93789090999523,0.8946374548143781,0.8945088818556918,0.8945088818556918,0.9106951821259246,12.959666084228894,30.0,3.0,0.9658027044667461,streaming_receding_h1,lambda_00,lambda_00_stale_time,strict_fold_local_streaming,2.189754378540129,0.5
5,real,h1_strict,update_only,1,14154,3.200473985220179,4.526153715920645,0.5351082539660056,0.5354908280522879,0.5354908280522879,3.0945886892756964,4.376409294340069,0.5653223455617755,0.5657182705771415,0.5657182705771415,-0.10588529594448248,-3.421627446368824,30.0,3.0,0.9576440820141263,streaming_receding_h1,lambda_01,lambda_01_real,strict_fold_local_streaming,1.1929845080889008,1.4500000000000002
5,real,h1_strict,update_only,2,13795,3.8026823017280047,5.377804884499882,0.803930916639291,0.8040476023327056,0.8040476023327056,4.223246602080926,5.972572621908935,0.7581775940478167,0.75830738665695,0.75830738665695,0.42056430035292136,9.958317379470481,30.0,3.0,0.9576440820141263,streaming_receding_h1,lambda_01,lambda_01_real,strict_fold_local_streaming,1.1929845080889008,1.4500000000000002
5,real,h1_strict,update_only,4,13080,4.705648861623819,6.654792439873921,0.9094664602418384,0.9093964845698222,0.9093964845698222,5.818923837645272,8.229201009614043,0.8615290532857955,0.8614548392271966,0.8614548392271966,1.1132749760214535,19.13197366185084,30.0,3.0,0.9576440820141263,streaming_receding_h1,lambda_01,lambda_01_real,strict_fold_local_streaming,1.1929845080889008,1.4500000000000002
5,real,h1_strict,update_only,6,12370,5.437227603543739,7.6894010186409165,0.9369584726064812,0.9368443124974251,0.9368443124974251,7.027150053149779,9.93789090999523,0.8946374548143781,0.8945088818556918,0.8945088818556918,1.58992244960604,22.625423359123936,30.0,3.0,0.9576440820141263,streaming_receding_h1,lambda_01,lambda_01_real,strict_fold_local_streaming,1.1929845080889008,1.4500000000000002
5,wrong_cell,h1_strict,update_only,1,14154,3.243298595215525,4.586716860179402,0.5226777914112238,0.5229767369605454,0.5229767369605454,3.0945886892756964,4.376409294340069,0.5653223455617755,0.5657182705771415,0.5657182705771415,-0.1487099059398287,-4.805482113186259,30.0,3.0,0.9576440820141263,streaming_receding_h1,lambda_01,lambda_01_wrong_cell,strict_fold_local_streaming,1.1929845080889008,1.4500000000000002
5,wrong_cell,h1_strict,update_only,2,13795,4.472635744174545,6.325262128966322,0.7288620997996738,0.7289199509886284,0.7289199509886284,4.223246602080926,5.972572621908935,0.7581775940478167,0.75830738665695,0.75830738665695,-0.2493891420936185,-5.90515225823509,30.0,3.0,0.9576440820141263,streaming_receding_h1,lambda_01,lambda_01_wrong_cell,strict_fold_local_streaming,1.1929845080889008,1.4500000000000002
5,wrong_cell,h1_strict,update_only,4,13080,6.201211408453117,8.76983727697716,0.8427990070006162,0.8426527743187249,0.8426527743187249,5.818923837645272,8.229201009614043,0.8615290532857955,0.8614548392271966,0.8614548392271966,-0.38228757080784526,-6.569729755434374,30.0,3.0,0.9576440820141263,streaming_receding_h1,lambda_01,lambda_01_wrong_cell,strict_fold_local_streaming,1.1929845080889008,1.4500000000000002
5,wrong_cell,h1_strict,update_only,6,12370,7.518007918815022,10.63206876081653,0.8794539362431227,0.8792567118251994,0.8792567118251994,7.027150053149779,9.93789090999523,0.8946374548143781,0.8945088818556918,0.8945088818556918,-0.4908578656652436,-6.985162718209304,30.0,3.0,0.9576440820141263,streaming_receding_h1,lambda_01,lambda_01_wrong_cell,strict_fold_local_streaming,1.1929845080889008,1.4500000000000002
5,stale_time,h1_strict,update_only,1,14154,3.253262927655647,4.600808554256217,0.5196434626054625,0.5200411330672885,0.5200411330672885,3.0945886892756964,4.376409294340069,0.5653223455617755,0.5657182705771415,0.5657182705771415,-0.15867423837995043,-5.127474256266635,30.0,3.0,0.9576440820141263,streaming_receding_h1,lambda_01,lambda_01_stale_time,strict_fold_local_streaming,1.1929845080889008,1.4500000000000002
5,stale_time,h1_strict,update_only,2,13795,4.447408614566072,6.289585580134276,0.7317990514670623,0.7319692874558889,0.7319692874558889,4.223246602080926,5.972572621908935,0.7581775940478167,0.75830738665695,0.75830738665695,-0.224162012485146,-5.307812533956562,30.0,3.0,0.9576440820141263,streaming_receding_h1,lambda_01,lambda_01_stale_time,strict_fold_local_streaming,1.1929845080889008,1.4500000000000002
5,stale_time,h1_strict,update_only,4,13080,5.27395623557998,7.458500435719361,0.8862369897420441,0.8861903576816758,0.8861903576816758,5.818923837645272,8.229201009614043,0.8615290532857955,0.8614548392271966,0.8614548392271966,0.5449676020652925,9.365436243376283,30.0,3.0,0.9576440820141263,streaming_receding_h1,lambda_01,lambda_01_stale_time,strict_fold_local_streaming,1.1929845080889008,1.4500000000000002
5,stale_time,h1_strict,update_only,6,12370,5.971464290240981,8.444925786485422,0.9239258386026981,0.923823832313236,0.923823832313236,7.027150053149779,9.93789090999523,0.8946374548143781,0.8945088818556918,0.8945088818556918,1.055685762908798,15.022957456780192,30.0,3.0,0.9576440820141263,streaming_receding_h1,lambda_01,lambda_01_stale_time,strict_fold_local_streaming,1.1929845080889008,1.4500000000000002
5,real,h1_strict,update_only,1,14154,3.231293188844054,4.569738651667068,0.5260754950618889,0.5265017030860839,0.5265017030860839,3.0945886892756964,4.376409294340069,0.5653223455617755,0.5657182705771415,0.5657182705771415,-0.13670449956835773,-4.4175337434053015,30.0,3.0,0.9463097101996222,streaming_receding_h1,lambda_02,lambda_02_real,strict_fold_local_streaming,0.3357591533817635,2.4000000000000004
5,real,h1_strict,update_only,2,13795,3.782163085530771,5.348786330664489,0.8060305451163807,0.8061566092041481,0.8061566092041481,4.223246602080926,5.972572621908935,0.7581775940478167,0.75830738665695,0.75830738665695,0.441083516550155,10.444180937310628,30.0,3.0,0.9463097101996222,streaming_receding_h1,lambda_02,lambda_02_real,strict_fold_local_streaming,0.3357591533817635,2.4000000000000004
5,real,h1_strict,update_only,4,13080,4.622337563570712,6.5369724722683085,0.9126381185905168,0.912576270049213,0.912576270049213,5.818923837645272,8.229201009614043,0.8615290532857955,0.8614548392271966,0.8614548392271966,1.1965862740745603,20.56370400198913,30.0,3.0,0.9463097101996222,streaming_receding_h1,lambda_02,lambda_02_real,strict_fold_local_streaming,0.3357591533817635,2.4000000000000004
5,real,h1_strict,update_only,6,12370,5.303852914299487,7.5007807242343985,0.940008986062846,0.9399047170109687,0.9399047170109687,7.027150053149779,9.93789090999523,0.8946374548143781,0.8945088818556918,0.8945088818556918,1.7232971388502918,24.523414553782846,30.0,3.0,0.9463097101996222,streaming_receding_h1,lambda_02,lambda_02_real,strict_fold_local_streaming,0.3357591533817635,2.4000000000000004
5,wrong_cell,h1_strict,update_only,1,14154,3.273472429825292,4.629389106313338,0.5137317007216202,0.5140595338625684,0.5140595338625684,3.0945886892756964,4.376409294340069,0.5653223455617755,0.5657182705771415,0.5657182705771415,-0.17888374054959577,-5.780533651193057,30.0,3.0,0.9463097101996222,streaming_receding_h1,lambda_02,lambda_02_wrong_cell,strict_fold_local_streaming,0.3357591533817635,2.4000000000000004
5,wrong_cell,h1_strict,update_only,2,13795,4.505510142722296,6.371753549247411,0.7248519161721795,0.7249203656383525,0.7249203656383525,4.223246602080926,5.972572621908935,0.7581775940478167,0.75830738665695,0.75830738665695,-0.28226354064137027,-6.683567578135034,30.0,3.0,0.9463097101996222,streaming_receding_h1,lambda_02,lambda_02_wrong_cell,strict_fold_local_streaming,0.3357591533817635,2.4000000000000004
5,wrong_cell,h1_strict,update_only,4,13080,6.243845006884779,8.830130290091986,0.8406183539984436,0.8404817990547593,0.8404817990547593,5.818923837645272,8.229201009614043,0.8615290532857955,0.8614548392271966,0.8614548392271966,-0.4249211692395072,-7.3024012875112465,30.0,3.0,0.9463097101996222,streaming_receding_h1,lambda_02,lambda_02_wrong_cell,strict_fold_local_streaming,0.3357591533817635,2.4000000000000004
5,wrong_cell,h1_strict,update_only,6,12370,7.563412401150266,10.696280395527562,0.8779826131666544,0.8777938664818339,0.8777938664818339,7.027150053149779,9.93789090999523,0.8946374548143781,0.8945088818556918,0.8945088818556918,-0.5362623480004878,-7.6312921162131575,30.0,3.0,0.9463097101996222,streaming_receding_h1,lambda_02,lambda_02_wrong_cell,strict_fold_local_streaming,0.3357591533817635,2.4000000000000004
5,stale_time,h1_strict,update_only,1,14154,3.278772634131985,4.636884727127211,0.5120727515461406,0.5124846503590624,0.5124846503590624,3.0945886892756964,4.376409294340069,0.5653223455617755,0.5657182705771415,0.5657182705771415,-0.18418394485628875,-5.951806955624784,30.0,3.0,0.9463097101996222,streaming_receding_h1,lambda_02,lambda_02_stale_time,strict_fold_local_streaming,0.3357591533817635,2.4000000000000004
5,stale_time,h1_strict,update_only,2,13795,4.4935080257969044,6.354779992714334,0.7261879322517607,0.7263839692651887,0.7263839692651887,4.223246602080926,5.972572621908935,0.7581775940478167,0.75830738665695,0.75830738665695,-0.2702614237159784,-6.399375863649831,30.0,3.0,0.9463097101996222,streaming_receding_h1,lambda_02,lambda_02_stale_time,strict_fold_local_streaming,0.3357591533817635,2.4000000000000004
5,stale_time,h1_strict,update_only,4,13080,5.251230670539408,7.426361633426392,0.8872049383304075,0.887169059786173,0.887169059786173,5.818923837645272,8.229201009614043,0.8615290532857955,0.8614548392271966,0.8614548392271966,0.5676931671058645,9.75598208440534,30.0,3.0,0.9463097101996222,streaming_receding_h1,lambda_02,lambda_02_stale_time,strict_fold_local_streaming,0.3357591533817635,2.4000000000000004
5,stale_time,h1_strict,update_only,6,12370,5.897295966178275,8.340035936697461,0.9257950998304711,0.9257043666346026,0.9257043666346026,7.027150053149779,9.93789090999523,0.8946374548143781,0.8945088818556918,0.8945088818556918,1.1298540869715037,16.078411282324467,30.0,3.0,0.9463097101996222,streaming_receding_h1,lambda_02,lambda_02_stale_time,strict_fold_local_streaming,0.3357591533817635,2.4000000000000004
5,real,h1_strict,update_only,1,14154,3.3015684984219176,4.66912294757205,0.5052056129487841,0.5056821251123729,0.5056821251123729,3.0945886892756964,4.376409294340069,0.5653223455617755,0.5657182705771415,0.5657182705771415,-0.20697980914622116,-6.688443277244246,100.0,4.0,0.9316248888481653,streaming_receding_h1,lambda_03,lambda_03_real,strict_fold_local_streaming,-1.35113773200642,3.35
5,real,h1_strict,update_only,2,13795,3.752885813519361,5.307382015516666,0.8089995433240231,0.8091460308699826,0.8091460308699826,4.223246602080926,5.972572621908935,0.7581775940478167,0.75830738665695,0.75830738665695,0.47036078856156527,11.137421819739433,100.0,4.0,0.9316248888481653,streaming_receding_h1,lambda_03,lambda_03_real,strict_fold_local_streaming,-1.35113773200642,3.35
5,real,h1_strict,update_only,4,13080,4.465926324939207,6.315773577288059,0.9184360657249572,0.9183926785337375,0.9183926785337375,5.818923837645272,8.229201009614043,0.8615290532857955,0.8614548392271966,0.8614548392271966,1.3529975127060654,23.25167935611921,100.0,4.0,0.9316248888481653,streaming_receding_h1,lambda_03,lambda_03_real,strict_fold_local_streaming,-1.35113773200642,3.35
5,real,h1_strict,update_only,6,12370,5.05448133107178,7.148116049163325,0.9455089313705711,0.9454228774646627,0.9454228774646627,7.027150053149779,9.93789090999523,0.8946374548143781,0.8945088818556918,0.8945088818556918,1.9726687220779988,28.072101878538792,100.0,4.0,0.9316248888481653,streaming_receding_h1,lambda_03,lambda_03_real,strict_fold_local_streaming,-1.35113773200642,3.35
5,wrong_cell,h1_strict,update_only,1,14154,3.3353103420935883,4.716841120512,0.4951697831155154,0.495526693420015,0.495526693420015,3.0945886892756964,4.376409294340069,0.5653223455617755,0.5657182705771415,0.5657182705771415,-0.24072165281789193,-7.778793144695233,100.0,4.0,0.9316248888481653,streaming_receding_h1,lambda_03,lambda_03_wrong_cell,strict_fold_local_streaming,-1.35113773200642,3.35
5,wrong_cell,h1_strict,update_only,2,13795,4.586525104261731,6.4863260066116135,0.7148645929203346,0.7149388420865663,0.7149388420865663,4.223246602080926,5.972572621908935,0.7581775940478167,0.75830738665695,0.75830738665695,-0.3632785021808047,-8.601877569777857,100.0,4.0,0.9316248888481653,streaming_receding_h1,lambda_03,lambda_03_wrong_cell,strict_fold_local_streaming,-1.35113773200642,3.35
5,wrong_cell,h1_strict,update_only,4,13080,6.358991867810578,8.992972542477938,0.8346778396284734,0.8345439871900507,0.8345439871900507,5.818923837645272,8.229201009614043,0.8615290532857955,0.8614548392271966,0.8614548392271966,-0.5400680301653056,-9.281235589841529,100.0,4.0,0.9316248888481653,streaming_receding_h1,lambda_03,lambda_03_wrong_cell,strict_fold_local_streaming,-1.35113773200642,3.35
5,wrong_cell,h1_strict,update_only,6,12370,7.700878961733311,10.890687469876887,0.8735008103665787,0.8733112544239537,0.8733112544239537,7.027150053149779,9.93789090999523,0.8946374548143781,0.8945088818556918,0.8945088818556918,-0.6737289085835325,-9.587512768160503,100.0,4.0,0.9316248888481653,streaming_receding_h1,lambda_03,lambda_03_wrong_cell,strict_fold_local_streaming,-1.35113773200642,3.35
5,stale_time,h1_strict,update_only,1,14154,3.3370896355869877,4.719357421501807,0.4945611114597455,0.49498830544192873,0.49498830544192873,3.0945886892756964,4.376409294340069,0.5653223455617755,0.5657182705771415,0.5657182705771415,-0.24250094631129127,-7.836290074725563,100.0,4.0,0.9316248888481653,streaming_receding_h1,lambda_03,lambda_03_stale_time,strict_fold_local_streaming,-1.35113773200642,3.35
5,stale_time,h1_strict,update_only,2,13795,4.592307215567131,6.494503146838861,0.7139929628040814,0.7142196508633885,0.7142196508633885,4.223246602080926,5.972572621908935,0.7581775940478167,0.75830738665695,0.75830738665695,-0.3690606134862051,-8.738789094256475,100.0,4.0,0.9316248888481653,streaming_receding_h1,lambda_03,lambda_03_stale_time,strict_fold_local_streaming,-1.35113773200642,3.35
5,stale_time,h1_strict,update_only,4,13080,5.223306303576517,7.386870614946789,0.888385184461556,0.8883658669659916,0.8883658669659916,5.818923837645272,8.229201009614043,0.8615290532857955,0.8614548392271966,0.8614548392271966,0.5956175340687553,10.235870939149157,100.0,4.0,0.9316248888481653,streaming_receding_h1,lambda_03,lambda_03_stale_time,strict_fold_local_streaming,-1.35113773200642,3.35
5,stale_time,h1_strict,update_only,6,12370,5.778065376821935,8.17141842017999,0.9287532554795828,0.9286781920053653,0.9286781920053653,7.027150053149779,9.93789090999523,0.8946374548143781,0.8945088818556918,0.8945088818556918,1.2490846763278434,17.77512457938715,100.0,4.0,0.9316248888481653,streaming_receding_h1,lambda_03,lambda_03_stale_time,strict_fold_local_streaming,-1.35113773200642,3.35
5,real,h1_strict,update_only,1,14154,3.402685868141363,4.812124503220785,0.4744067161387249,0.4749394299590899,0.4749394299590899,3.0945886892756964,4.376409294340069,0.5653223455617755,0.5657182705771415,0.5657182705771415,-0.3080971788656668,-9.955997704424444,100.0,6.0,0.9136103117396721,streaming_receding_h1,lambda_04,lambda_04_real,strict_fold_local_streaming,-3.8539362947448232,4.300000000000001
5,real,h1_strict,update_only,2,13795,3.7425576539986385,5.292775792248108,0.8100203986512504,0.8101950677704979,0.8101950677704979,4.223246602080926,5.972572621908935,0.7581775940478167,0.75830738665695,0.75830738665695,0.48068894808228757,11.381976791159603,100.0,6.0,0.9136103117396721,streaming_receding_h1,lambda_04,lambda_04_real,strict_fold_local_streaming,-3.8539362947448232,4.300000000000001
5,real,h1_strict,update_only,4,13080,4.308345069415496,6.092920028550648,0.9240697888822237,0.9240501403950895,0.9240501403950895,5.818923837645272,8.229201009614043,0.8615290532857955,0.8614548392271966,0.8614548392271966,1.5105787682297764,25.959761811233093,100.0,6.0,0.9136103117396721,streaming_receding_h1,lambda_04,lambda_04_real,strict_fold_local_streaming,-3.8539362947448232,4.300000000000001
5,real,h1_strict,update_only,6,12370,4.7883568537652055,6.771759204076916,0.951083376077306,0.9510186829277668,0.9510186829277668,7.027150053149779,9.93789090999523,0.8946374548143781,0.8945088818556918,0.8945088818556918,2.238793199384573,31.85919159903351,100.0,6.0,0.9136103117396721,streaming_receding_h1,lambda_04,lambda_04_real,strict_fold_local_streaming,-3.8539362947448232,4.300000000000001
5,wrong_cell,h1_strict,update_only,1,14154,3.411247809636649,4.8242329170036635,0.47190117430890083,0.4722937588856754,0.4722937588856754,3.0945886892756964,4.376409294340069,0.5653223455617755,0.5657182705771415,0.5657182705771415,-0.3166591203609528,-10.232672324381447,100.0,6.0,0.9136103117396721,streaming_receding_h1,lambda_04,lambda_04_wrong_cell,strict_fold_local_streaming,-3.8539362947448232,4.300000000000001
5,wrong_cell,h1_strict,update_only,2,13795,4.6884479523717495,6.630466680724496,0.7020448439836947,0.7021286777057958,0.7021286777057958,4.223246602080926,5.972572621908935,0.7581775940478167,0.75830738665695,0.75830738665695,-0.46520135029082343,-11.015254237382305,100.0,6.0,0.9136103117396721,streaming_receding_h1,lambda_04,lambda_04_wrong_cell,strict_fold_local_streaming,-3.8539362947448232,4.300000000000001
5,wrong_cell,h1_strict,update_only,4,13080,6.505756391335612,9.200528922122267,0.8269472261154268,0.8268184551780634,0.8268184551780634,5.818923837645272,8.229201009614043,0.8615290532857955,0.8614548392271966,0.8614548392271966,-0.6868325536903397,-11.803429170990462,100.0,6.0,0.9136103117396721,streaming_receding_h1,lambda_04,lambda_04_wrong_cell,strict_fold_local_streaming,-3.8539362947448232,4.300000000000001
5,wrong_cell,h1_strict,update_only,6,12370,7.8785221823457885,11.141912921730688,0.8675890722338024,0.8673989493009787,0.8673989493009787,7.027150053149779,9.93789090999523,0.8946374548143781,0.8945088818556918,0.8945088818556918,-0.8513721291960099,-12.115468187766952,100.0,6.0,0.9136103117396721,streaming_receding_h1,lambda_04,lambda_04_wrong_cell,strict_fold_local_streaming,-3.8539362947448232,4.300000000000001
5,stale_time,h1_strict,update_only,1,14154,3.412726095283514,4.826323528614521,0.47139010202968706,0.47183629016086837,0.47183629016086837,3.0945886892756964,4.376409294340069,0.5653223455617755,0.5657182705771415,0.5657182705771415,-0.3181374060078177,-10.280442344739498,100.0,6.0,0.9136103117396721,streaming_receding_h1,lambda_04,lambda_04_stale_time,strict_fold_local_streaming,-3.8539362947448232,4.300000000000001
5,stale_time,h1_strict,update_only,2,13795,4.7192393994008155,6.674012362718093,0.6979412504079543,0.6982032817582672,0.6982032817582672,4.223246602080926,5.972572621908935,0.7581775940478167,0.75830738665695,0.75830738665695,-0.49599279731988943,-11.744348461098584,100.0,6.0,0.9136103117396721,streaming_receding_h1,lambda_04,lambda_04_stale_time,strict_fold_local_streaming,-3.8539362947448232,4.300000000000001
5,stale_time,h1_strict,update_only,4,13080,5.216732849941548,7.377574347664585,0.8886476315882617,0.8886466699681606,0.8886466699681606,5.818923837645272,8.229201009614043,0.8615290532857955,0.8614548392271966,0.8614548392271966,0.6021909877037244,10.348837766321605,100.0,6.0,0.9136103117396721,streaming_receding_h1,lambda_04,lambda_04_stale_time,strict_fold_local_streaming,-3.8539362947448232,4.300000000000001
5,stale_time,h1_strict,update_only,6,12370,5.673291356612204,8.023245579815033,0.9312998661059795,0.9312413064218168,0.9312413064218168,7.027150053149779,9.93789090999523,0.8946374548143781,0.8945088818556918,0.8945088818556918,1.353858696537575,19.26611337879052,100.0,6.0,0.9136103117396721,streaming_receding_h1,lambda_04,lambda_04_stale_time,strict_fold_local_streaming,-3.8539362947448232,4.300000000000001
5,real,h1_strict,update_only,1,14154,3.4315714756220137,4.8529749210773065,0.4654088656621195,0.4659870496264159,0.4659870496264159,3.0945886892756964,4.376409294340069,0.5653223455617755,0.5657182705771415,0.5657182705771415,-0.3369827863463173,-10.8894208627509,100.0,6.0,0.8917824215750639,streaming_receding_h1,lambda_05,lambda_05_real,strict_fold_local_streaming,-4.878662177154061,5.25
5,real,h1_strict,update_only,2,13795,3.745529333916624,5.296978382291155,0.8097045383831105,0.8098935288294804,0.8098935288294804,4.223246602080926,5.972572621908935,0.7581775940478167,0.75830738665695,0.75830738665695,0.47771726816430204,11.311611970016521,100.0,6.0,0.8917824215750639,streaming_receding_h1,lambda_05,lambda_05_real,strict_fold_local_streaming,-4.878662177154061,5.25
5,real,h1_strict,update_only,4,13080,4.277770399916223,6.0496809162797005,0.9251351491828708,0.925124289352248,0.925124289352248,5.818923837645272,8.229201009614043,0.8615290532857955,0.8614548392271966,0.8614548392271966,1.541153437729049,26.485196932096354,100.0,6.0,0.8917824215750639,streaming_receding_h1,lambda_05,lambda_05_real,strict_fold_local_streaming,-4.878662177154061,5.25
5,real,h1_strict,update_only,6,12370,4.72748895719478,6.685678999233898,0.9523132256521427,0.9522560345482194,0.9522560345482194,7.027150053149779,9.93789090999523,0.8946374548143781,0.8945088818556918,0.8945088818556918,2.299661095954999,32.725373423956164,100.0,6.0,0.8917824215750639,streaming_receding_h1,lambda_05,lambda_05_real,strict_fold_local_streaming,-4.878662177154061,5.25
5,wrong_cell,h1_strict,update_only,1,14154,3.438471790615651,4.862733440125955,0.4634069031718189,0.46383726932319536,0.46383726932319536,3.0945886892756964,4.376409294340069,0.5653223455617755,0.5657182705771415,0.5657182705771415,-0.3438831013399546,-11.112400899404895,100.0,6.0,0.8917824215750639,streaming_receding_h1,lambda_05,lambda_05_wrong_cell,strict_fold_local_streaming,-4.878662177154061,5.25
5,wrong_cell,h1_strict,update_only,2,13795,4.718195248674138,6.672535710599263,0.6982360794721015,0.6983368144634641,0.6983368144634641,4.223246602080926,5.972572621908935,0.7581775940478167,0.75830738665695,0.75830738665695,-0.4949486465932118,-11.719624573884344,100.0,6.0,0.8917824215750639,streaming_receding_h1,lambda_05,lambda_05_wrong_cell,strict_fold_local_streaming,-4.878662177154061,5.25
5,wrong_cell,h1_strict,update_only,4,13080,6.544765615823422,9.255696296450585,0.8248519691453673,0.8247353978849084,0.8247353978849084,5.818923837645272,8.229201009614043,0.8615290532857955,0.8614548392271966,0.8614548392271966,-0.7258417781781503,-12.473814719525093,100.0,6.0,0.8917824215750639,streaming_receding_h1,lambda_05,lambda_05_wrong_cell,strict_fold_local_streaming,-4.878662177154061,5.25
5,wrong_cell,h1_strict,update_only,6,12370,7.92173986894377,11.203031960251943,0.8661213802844763,0.8659401913144806,0.8659401913144806,7.027150053149779,9.93789090999523,0.8946374548143781,0.8945088818556918,0.8945088818556918,-0.8945898157939913,-12.730478345101076,100.0,6.0,0.8917824215750639,streaming_receding_h1,lambda_05,lambda_05_wrong_cell,strict_fold_local_streaming,-4.878662177154061,5.25
5,stale_time,h1_strict,update_only,1,14154,3.436467771050314,4.859899328477395,0.4639947822231114,0.46446206286638836,0.46446206286638836,3.0945886892756964,4.376409294340069,0.5653223455617755,0.5657182705771415,0.5657182705771415,-0.3418790817746178,-11.047642064982673,100.0,6.0,0.8917824215750639,streaming_receding_h1,lambda_05,lambda_05_stale_time,strict_fold_local_streaming,-4.878662177154061,5.25
5,stale_time,h1_strict,update_only,2,13795,4.7578890507106015,6.728671223781384,0.6929526517955625,0.6932397267177698,0.6932397267177698,4.223246602080926,5.972572621908935,0.7581775940478167,0.75830738665695,0.75830738665695,-0.5346424486296755,-12.659512905692988,100.0,6.0,0.8917824215750639,streaming_receding_h1,lambda_05,lambda_05_stale_time,strict_fold_local_streaming,-4.878662177154061,5.25
5,stale_time,h1_strict,update_only,4,13080,5.220111262049948,7.38235214388757,0.8884938008235124,0.8885023960465082,0.8885023960465082,5.818923837645272,8.229201009614043,0.8615290532857955,0.8614548392271966,0.8614548392271966,0.598812575595324,10.290778712746373,100.0,6.0,0.8917824215750639,streaming_receding_h1,lambda_05,lambda_05_stale_time,strict_fold_local_streaming,-4.878662177154061,5.25
5,stale_time,h1_strict,update_only,6,12370,5.647437145230215,7.986682203434163,0.9319169094969992,0.9318665699709137,0.9318665699709137,7.027150053149779,9.93789090999523,0.8946374548143781,0.8945088818556918,0.8945088818556918,1.379712907919564,19.634032253248034,100.0,6.0,0.8917824215750639,streaming_receding_h1,lambda_05,lambda_05_stale_time,strict_fold_local_streaming,-4.878662177154061,5.25
5,real,h1_strict,update_only,1,14154,3.4559002341072906,4.887380981282885,0.45776727825773755,0.4583882417180142,0.4583882417180142,3.0945886892756964,4.376409294340069,0.5653223455617755,0.5657182705771415,0.5657182705771415,-0.3613115448315942,-11.675591851147137,100.0,6.0,0.8680144800424721,streaming_receding_h1,lambda_06,lambda_06_real,strict_fold_local_streaming,-5.832946090567837,6.2
5,real,h1_strict,update_only,2,13795,3.74982385938807,5.303051758456831,0.8092544231931351,0.8094573367449523,0.8094573367449523,4.223246602080926,5.972572621908935,0.7581775940478167,0.75830738665695,0.75830738665695,0.4734227426928559,11.209924195749915,100.0,6.0,0.8680144800424721,streaming_receding_h1,lambda_06,lambda_06_real,strict_fold_local_streaming,-5.832946090567837,6.2
5,real,h1_strict,update_only,4,13080,4.256470288532997,6.019558009881485,0.9258706876105767,0.9258680835337485,0.9258680835337485,5.818923837645272,8.229201009614043,0.8615290532857955,0.8614548392271966,0.8614548392271966,1.5624535491122753,26.851245912586975,100.0,6.0,0.8680144800424721,streaming_receding_h1,lambda_06,lambda_06_real,strict_fold_local_streaming,-5.832946090567837,6.2
5,real,h1_strict,update_only,6,12370,4.682086114682994,6.621469683583441,0.9532192493776541,0.9531686976567705,0.9531686976567705,7.027150053149779,9.93789090999523,0.8946374548143781,0.8945088818556918,0.8945088818556918,2.345063938466785,33.371479486419354,100.0,6.0,0.8680144800424721,streaming_receding_h1,lambda_06,lambda_06_real,strict_fold_local_streaming,-5.832946090567837,6.2
5,wrong_cell,h1_strict,update_only,1,14154,3.461910011627269,4.895880090158483,0.45603543219204357,0.45650288848074383,0.45650288848074383,3.0945886892756964,4.376409294340069,0.5653223455617755,0.5657182705771415,0.5657182705771415,-0.36732132235157255,-11.869794639414451,100.0,6.0,0.8680144800424721,streaming_receding_h1,lambda_06,lambda_06_wrong_cell,strict_fold_local_streaming,-5.832946090567837,6.2
5,wrong_cell,h1_strict,update_only,2,13795,4.743020760395852,6.707644285968963,0.6950364747021676,0.6951539681984149,0.6951539681984149,4.223246602080926,5.972572621908935,0.7581775940478167,0.75830738665695,0.75830738665695,-0.5197741583149256,-12.307454602788683,100.0,6.0,0.8680144800424721,streaming_receding_h1,lambda_06,lambda_06_wrong_cell,strict_fold_local_streaming,-5.832946090567837,6.2
5,wrong_cell,h1_strict,update_only,4,13080,6.576932259714522,9.301186800497405,0.8231131888076585,0.8230083602551377,0.8230083602551377,5.818923837645272,8.229201009614043,0.8615290532857955,0.8614548392271966,0.8614548392271966,-0.75800842206925,-13.026608411083641,100.0,6.0,0.8680144800424721,streaming_receding_h1,lambda_06,lambda_06_wrong_cell,strict_fold_local_streaming,-5.832946090567837,6.2
5,wrong_cell,h1_strict,update_only,6,12370,7.957063044476772,11.2529864741568,0.8649146894691946,0.8647419757990775,0.8647419757990775,7.027150053149779,9.93789090999523,0.8946374548143781,0.8945088818556918,0.8945088818556918,-0.9299129913269937,-13.233145504131919,100.0,6.0,0.8680144800424721,streaming_receding_h1,lambda_06,lambda_06_wrong_cell,strict_fold_local_streaming,-5.832946090567837,6.2
5,stale_time,h1_strict,update_only,1,14154,3.4565174452930685,4.88825384971266,0.4577062708095892,0.45819476467047393,0.45819476467047393,3.0945886892756964,4.376409294340069,0.5653223455617755,0.5657182705771415,0.5657182705771415,-0.36192875601737207,-11.695536704817572,100.0,6.0,0.8680144800424721,streaming_receding_h1,lambda_06,lambda_06_stale_time,strict_fold_local_streaming,-5.832946090567837,6.2
5,stale_time,h1_strict,update_only,2,13795,4.789861462170395,6.773887041689597,0.688792770684412,0.6891030941148578,0.6891030941148578,4.223246602080926,5.972572621908935,0.7581775940478167,0.75830738665695,0.75830738665695,-0.5666148600894694,-13.416570555228304,100.0,6.0,0.8680144800424721,streaming_receding_h1,lambda_06,lambda_06_stale_time,strict_fold_local_streaming,-5.832946090567837,6.2
5,stale_time,h1_strict,update_only,4,13080,5.224650329377685,7.38877135446298,0.8882909726219133,0.8883084096966312,0.8883084096966312,5.818923837645272,8.229201009614043,0.8615290532857955,0.8614548392271966,0.8614548392271966,0.5942735082675874,10.212773441421609,100.0,6.0,0.8680144800424721,streaming_receding_h1,lambda_06,lambda_06_stale_time,strict_fold_local_streaming,-5.832946090567837,6.2
5,stale_time,h1_strict,update_only,6,12370,5.628712926980389,7.960202160040426,0.9323606597576513,0.9323176171623158,0.9323176171623158,7.027150053149779,9.93789090999523,0.8946374548143781,0.8945088818556918,0.8945088818556918,1.39843712616939,19.90048761720363,100.0,6.0,0.8680144800424721,streaming_receding_h1,lambda_06,lambda_06_stale_time,strict_fold_local_streaming,-5.832946090567837,6.2
5,real,h1_strict,update_only,1,14154,3.4768170214516156,4.916961785626503,0.45115099892637467,0.45181220604815464,0.45181220604815464,3.0945886892756964,4.376409294340069,0.5653223455617755,0.5657182705771415,0.5657182705771415,-0.3822283321759192,-12.351506793149357,100.0,6.0,0.8426043748202717,streaming_receding_h1,lambda_07,lambda_07_real,strict_fold_local_streaming,-6.729959869446766,7.1499999999999995
5,real,h1_strict,update_only,2,13795,3.7547055319411866,5.309955485988512,0.8087445729882702,0.808960901504912,0.808960901504912,4.223246602080926,5.972572621908935,0.7581775940478167,0.75830738665695,0.75830738665695,0.46854107013973945,11.09433367942271,100.0,6.0,0.8426043748202717,streaming_receding_h1,lambda_07,lambda_07_real,strict_fold_local_streaming,-6.729959869446766,7.1499999999999995
5,real,h1_strict,update_only,4,13080,4.241217719276326,5.997987619577667,0.9263932758816107,0.9263984179391238,0.9263984179391238,5.818923837645272,8.229201009614043,0.8615290532857955,0.8614548392271966,0.8614548392271966,1.5777061183689458,27.11336601730453,100.0,6.0,0.8426043748202717,streaming_receding_h1,lambda_07,lambda_07_real,strict_fold_local_streaming,-6.729959869446766,7.1499999999999995
5,real,h1_strict,update_only,6,12370,4.6471510606061175,6.572064056305685,0.9539095617585887,0.9538649473151839,0.9538649473151839,7.027150053149779,9.93789090999523,0.8946374548143781,0.8945088818556918,0.8945088818556918,2.379998992543661,33.868623475271804,100.0,6.0,0.8426043748202717,streaming_receding_h1,lambda_07,lambda_07_real,strict_fold_local_streaming,-6.729959869446766,7.1499999999999995
5,wrong_cell,h1_strict,update_only,1,14154,3.4823760612610553,4.924823455118785,0.44955448772038253,0.45005782324679056,0.45005782324679056,3.0945886892756964,4.376409294340069,0.5653223455617755,0.5657182705771415,0.5657182705771415,-0.38778737198535884,-12.53114423022474,100.0,6.0,0.8426043748202717,streaming_receding_h1,lambda_07,lambda_07_wrong_cell,strict_fold_local_streaming,-6.729959869446766,7.1499999999999995
5,wrong_cell,h1_strict,update_only,2,13795,4.764093872770997,6.737446167291306,0.6923053256082697,0.6924391052615932,0.6924391052615932,4.223246602080926,5.972572621908935,0.7581775940478167,0.75830738665695,0.75830738665695,-0.5408472706900707,-12.806433572303787,100.0,6.0,0.8426043748202717,streaming_receding_h1,lambda_07,lambda_07_wrong_cell,strict_fold_local_streaming,-6.729959869446766,7.1499999999999995
5,wrong_cell,h1_strict,update_only,4,13080,6.603944124405018,9.33938734588769,0.8216452150727791,0.8215515437008601,0.8215515437008601,5.818923837645272,8.229201009614043,0.8615290532857955,0.8614548392271966,0.8614548392271966,-0.785020286759746,-13.49081563297137,100.0,6.0,0.8426043748202717,streaming_receding_h1,lambda_07,lambda_07_wrong_cell,strict_fold_local_streaming,-6.729959869446766,7.1499999999999995
5,wrong_cell,h1_strict,update_only,6,12370,7.986481749677229,11.294590806038743,0.8639047374749561,0.8637399800440283,0.8637399800440283,7.027150053149779,9.93789090999523,0.8946374548143781,0.8945088818556918,0.8945088818556918,-0.9593316965274505,-13.65178897948037,100.0,6.0,0.8426043748202717,streaming_receding_h1,lambda_07,lambda_07_wrong_cell,strict_fold_local_streaming,-6.729959869446766,7.1499999999999995
5,stale_time,h1_strict,update_only,1,14154,3.4737422738704806,4.912613435896388,0.4522718833624759,0.4527813647780453,0.4527813647780453,3.0945886892756964,4.376409294340069,0.5653223455617755,0.5657182705771415,0.5657182705771415,-0.3791535845947842,-12.252147948085693,100.0,6.0,0.8426043748202717,streaming_receding_h1,lambda_07,lambda_07_stale_time,strict_fold_local_streaming,-6.729959869446766,7.1499999999999995
5,stale_time,h1_strict,update_only,2,13795,4.8168046260230195,6.811990429423218,0.6852636735984623,0.6855956417393958,0.6855956417393958,4.223246602080926,5.972572621908935,0.7581775940478167,0.75830738665695,0.75830738665695,-0.5935580239420934,-14.054543337574199,100.0,6.0,0.8426043748202717,streaming_receding_h1,lambda_07,lambda_07_stale_time,strict_fold_local_streaming,-6.729959869446766,7.1499999999999995
5,stale_time,h1_strict,update_only,4,13080,5.229628077500525,7.395810953368377,0.8880698287520348,0.8880954815891569,0.8880954815891569,5.818923837645272,8.229201009614043,0.8615290532857955,0.8614548392271966,0.8614548392271966,0.589295760144747,10.127229305397057,100.0,6.0,0.8426043748202717,streaming_receding_h1,lambda_07,lambda_07_stale_time,strict_fold_local_streaming,-6.729959869446766,7.1499999999999995
5,stale_time,h1_strict,update_only,6,12370,5.614689150897925,7.940369545708923,0.932690940821599,0.9326544544422868,0.9326544544422868,7.027150053149779,9.93789090999523,0.8946374548143781,0.8945088818556918,0.8945088818556918,1.412460902251854,20.100053244469237,100.0,6.0,0.8426043748202717,streaming_receding_h1,lambda_07,lambda_07_stale_time,strict_fold_local_streaming,-6.729959869446766,7.1499999999999995
5,real,h1_strict,update_only,1,14154,3.4950905274362496,4.942804425622078,0.4453356595895257,0.4460347162108913,0.4460347162108913,3.0945886892756964,4.376409294340069,0.5653223455617755,0.5657182705771415,0.5657182705771415,-0.4005018381605532,-12.942005493282293,100.0,6.0,0.8157771969057306,streaming_receding_h1,lambda_08,lambda_08_real,strict_fold_local_streaming,-7.577947701146873,8.100000000000001
5,real,h1_strict,update_only,2,13795,3.759797741586033,5.317156957930701,0.8082131964930908,0.80844236773178,0.80844236773178,4.223246602080926,5.972572621908935,0.7581775940478167,0.75830738665695,0.75830738665695,0.4634488604948932,10.973757967780934,100.0,6.0,0.8157771969057306,streaming_receding_h1,lambda_08,lambda_08_real,strict_fold_local_streaming,-7.577947701146873,8.100000000000001
5,real,h1_strict,update_only,4,13080,4.230091593452482,5.982252901540916,0.9267716751999464,0.9267840743202514,0.9267840743202514,5.818923837645272,8.229201009614043,0.8615290532857955,0.8614548392271966,0.8614548392271966,1.5888322441927905,27.3045719195345,100.0,6.0,0.8157771969057306,streaming_receding_h1,lambda_08,lambda_08_real,strict_fold_local_streaming,-7.577947701146873,8.100000000000001
5,real,h1_strict,update_only,6,12370,4.619632647052942,6.533147142643792,0.9544489800180123,0.9544097131471581,0.9544097131471581,7.027150053149779,9.93789090999523,0.8946374548143781,0.8945088818556918,0.8945088818556918,2.4075174060968365,34.2602248121586,100.0,6.0,0.8157771969057306,streaming_receding_h1,lambda_08,lambda_08_real,strict_fold_local_streaming,-7.577947701146873,8.100000000000001
5,wrong_cell,h1_strict,update_only,1,14154,3.5004565487322346,4.950393125714843,0.44379466993745137,0.4443324018366114,0.4443324018366114,3.0945886892756964,4.376409294340069,0.5653223455617755,0.5657182705771415,0.5657182705771415,-0.40586785945653814,-13.11540563898117,100.0,6.0,0.8157771969057306,streaming_receding_h1,lambda_08,lambda_08_wrong_cell,strict_fold_local_streaming,-7.577947701146873,8.100000000000001
5,wrong_cell,h1_strict,update_only,2,13795,4.7822404041650275,6.763109238098773,0.6899422107085413,0.6900916314441824,0.6900916314441824,4.223246602080926,5.972572621908935,0.7581775940478167,0.75830738665695,0.75830738665695,-0.5589938020841014,-13.23611559430765,100.0,6.0,0.8157771969057306,streaming_receding_h1,lambda_08,lambda_08_wrong_cell,strict_fold_local_streaming,-7.577947701146873,8.100000000000001
5,wrong_cell,h1_strict,update_only,4,13080,6.6269807352456604,9.371966033369638,0.8203875545199364,0.8203044048629782,0.8203044048629782,5.818923837645272,8.229201009614043,0.8615290532857955,0.8614548392271966,0.8614548392271966,-0.8080568976003883,-13.886706891963419,100.0,6.0,0.8157771969057306,streaming_receding_h1,lambda_08,lambda_08_wrong_cell,strict_fold_local_streaming,-7.577947701146873,8.100000000000001
5,wrong_cell,h1_strict,update_only,6,12370,8.011381770305128,11.329804752914086,0.8630463313866279,0.8628890004709722,0.8628890004709722,7.027150053149779,9.93789090999523,0.8946374548143781,0.8945088818556918,0.8945088818556918,-0.9842317171553496,-14.006129223243036,100.0,6.0,0.8157771969057306,streaming_receding_h1,lambda_08,lambda_08_wrong_cell,strict_fold_local_streaming,-7.577947701146873,8.100000000000001
5,stale_time,h1_strict,update_only,1,14154,3.4887529020643373,4.93384166986788,0.44751187792329394,0.44804189818937235,0.44804189818937235,3.0945886892756964,4.376409294340069,0.5653223455617755,0.5657182705771415,0.5657182705771415,-0.3941642127886409,-12.737208474735846,100.0,6.0,0.8157771969057306,streaming_receding_h1,lambda_08,lambda_08_stale_time,strict_fold_local_streaming,-7.577947701146873,8.100000000000001
5,stale_time,h1_strict,update_only,2,13795,4.839863420614926,6.8446004894670684,0.6822260622302592,0.682578231233122,0.682578231233122,4.223246602080926,5.972572621908935,0.7581775940478167,0.75830738665695,0.75830738665695,-0.6166168185340002,-14.60054021543932,100.0,6.0,0.8157771969057306,streaming_receding_h1,lambda_08,lambda_08_stale_time,strict_fold_local_streaming,-7.577947701146873,8.100000000000001
5,stale_time,h1_strict,update_only,4,13080,5.234697596111203,7.402980335342301,0.8878451178676525,0.887878419497132,0.887878419497132,5.818923837645272,8.229201009614043,0.8615290532857955,0.8614548392271966,0.8614548392271966,0.5842262415340693,10.040108065248136,100.0,6.0,0.8157771969057306,streaming_receding_h1,lambda_08,lambda_08_stale_time,strict_fold_local_streaming,-7.577947701146873,8.100000000000001
5,stale_time,h1_strict,update_only,6,12370,5.603922605300767,7.925143350905513,0.9329430348611225,0.9329124860709949,0.9329124860709949,7.027150053149779,9.93789090999523,0.8946374548143781,0.8945088818556918,0.8945088818556918,1.423227447849012,20.25326678787909,100.0,6.0,0.8157771969057306,streaming_receding_h1,lambda_08,lambda_08_stale_time,strict_fold_local_streaming,-7.577947701146873,8.100000000000001
5,real,h1_strict,update_only,1,14154,3.51125914817052,4.965670308349351,0.44016281634869003,0.44089746890182,0.44089746890182,3.0945886892756964,4.376409294340069,0.5653223455617755,0.5657182705771415,0.5657182705771415,-0.4166704588948238,-13.464485937623833,100.0,6.0,0.7877125095102202,streaming_receding_h1,lambda_09,lambda_09_real,strict_fold_local_streaming,-8.382331425297199,9.05
5,real,h1_strict,update_only,2,13795,3.7649016859105022,5.3243750252159625,0.8076805224393127,0.8079219338290795,0.8079219338290795,4.223246602080926,5.972572621908935,0.7581775940478167,0.75830738665695,0.75830738665695,0.45834491617042383,10.852904396929672,100.0,6.0,0.7877125095102202,streaming_receding_h1,lambda_09,lambda_09_real,strict_fold_local_streaming,-8.382331425297199,9.05
5,real,h1_strict,update_only,4,13080,4.221884759320756,5.970646685407683,0.9270487026358635,0.9270678923262429,0.9270678923262429,5.818923837645272,8.229201009614043,0.8615290532857955,0.8614548392271966,0.8614548392271966,1.5970390783245163,27.44560889408007,100.0,6.0,0.7877125095102202,streaming_receding_h1,lambda_09,lambda_09_real,strict_fold_local_streaming,-8.382331425297199,9.05
5,real,h1_strict,update_only,6,12370,4.59756333738693,6.501936425601906,0.9548786933804332,0.9548442684075731,0.9548442684075731,7.027150053149779,9.93789090999523,0.8946374548143781,0.8945088818556918,0.8945088818556918,2.4295867157628486,34.57428256671188,100.0,6.0,0.7877125095102202,streaming_receding_h1,lambda_09,lambda_09_real,strict_fold_local_streaming,-8.382331425297199,9.05
5,wrong_cell,h1_strict,update_only,1,14154,3.516585787844026,4.973203314417497,0.4386293231264923,0.4391998461741021,0.4391998461741021,3.0945886892756964,4.376409294340069,0.5653223455617755,0.5657182705771415,0.5657182705771415,-0.4219970985683297,-13.63661348698008,100.0,6.0,0.7877125095102202,streaming_receding_h1,lambda_09,lambda_09_wrong_cell,strict_fold_local_streaming,-8.382331425297199,9.05
5,wrong_cell,h1_strict,update_only,2,13795,4.798058750696487,6.785479758297881,0.6878737209390675,0.6880380560549553,0.6880380560549553,4.223246602080926,5.972572621908935,0.7581775940478167,0.75830738665695,0.75830738665695,-0.5748121486155613,-13.610669770795134,100.0,6.0,0.7877125095102202,streaming_receding_h1,lambda_09,lambda_09_wrong_cell,strict_fold_local_streaming,-8.382331425297199,9.05
5,wrong_cell,h1_strict,update_only,4,13080,6.646888415207435,9.400119744366965,0.819296429743223,0.8192231596498301,0.8192231596498301,5.818923837645272,8.229201009614043,0.8615290532857955,0.8614548392271966,0.8614548392271966,-0.8279645775621631,-14.2288265092195,100.0,6.0,0.7877125095102202,streaming_receding_h1,lambda_09,lambda_09_wrong_cell,strict_fold_local_streaming,-8.382331425297199,9.05
5,wrong_cell,h1_strict,update_only,6,12370,8.032752735823777,11.360027862191568,0.8623069364132403,0.8621565169157752,0.8621565169157752,7.027150053149779,9.93789090999523,0.8946374548143781,0.8945088818556918,0.8945088818556918,-1.0056026826739988,-14.310249177378212,100.0,6.0,0.7877125095102202,streaming_receding_h1,lambda_09,lambda_09_wrong_cell,strict_fold_local_streaming,-8.382331425297199,9.05
5,stale_time,h1_strict,update_only,1,14154,3.5019907610146643,4.952562829532214,0.44329523637667395,0.443845208885869,0.443845208885869,3.0945886892756964,4.376409294340069,0.5653223455617755,0.5657182705771415,0.5657182705771415,-0.4074020717389679,-13.164982899046347,100.0,6.0,0.7877125095102202,streaming_receding_h1,lambda_09,lambda_09_stale_time,strict_fold_local_streaming,-8.382331425297199,9.05
5,stale_time,h1_strict,update_only,2,13795,4.8598566419742095,6.872875174268893,0.6795792433992909,0.6799503092375268,0.6799503092375268,4.223246602080926,5.972572621908935,0.7581775940478167,0.75830738665695,0.75830738665695,-0.6366100398932835,-15.073949022527025,100.0,6.0,0.7877125095102202,streaming_receding_h1,lambda_09,lambda_09_stale_time,strict_fold_local_streaming,-8.382331425297199,9.05
5,stale_time,h1_strict,update_only,4,13080,5.239690767200234,7.410041745615658,0.8876239898510898,0.8876644207972542,0.8876644207972542,5.818923837645272,8.229201009614043,0.8615290532857955,0.8614548392271966,0.8614548392271966,0.5792330704450377,9.954298880795017,100.0,6.0,0.7877125095102202,streaming_receding_h1,lambda_09,lambda_09_stale_time,strict_fold_local_streaming,-8.382331425297199,9.05
5,stale_time,h1_strict,update_only,6,12370,5.595505977336009,7.913240441488305,0.9331389949662467,0.933113854525305,0.933113854525305,7.027150053149779,9.93789090999523,0.8946374548143781,0.8945088818556918,0.8945088818556918,1.4316440758137698,20.3730397812135,100.0,6.0,0.7877125095102202,streaming_receding_h1,lambda_09,lambda_09_stale_time,strict_fold_local_streaming,-8.382331425297199,9.05
5,real,h1_strict,update_only,1,14154,3.525713682722817,4.9861121071509995,0.4355166278558404,0.4362847639436608,0.4362847639436608,3.0945886892756964,4.376409294340069,0.5653223455617755,0.5657182705771415,0.5657182705771415,-0.43112499344712063,-13.931576591783754,100.0,6.0,0.7585592750374277,streaming_receding_h1,lambda_10,lambda_10_real,strict_fold_local_streaming,-9.146903058621652,10.0
5,real,h1_strict,update_only,2,13795,3.7699114514784338,5.331459903626442,0.8071573744141725,0.8074104164604148,0.8074104164604148,4.223246602080926,5.972572621908935,0.7581775940478167,0.75830738665695,0.75830738665695,0.4533351506024923,10.734280834538996,100.0,6.0,0.7585592750374277,streaming_receding_h1,lambda_10,lambda_10_real,strict_fold_local_streaming,-9.146903058621652,10.0
5,real,h1_strict,update_only,4,13080,4.215804279434734,5.9620475882871355,0.9272522802632361,0.9272778188853505,0.9272778188853505,5.818923837645272,8.229201009614043,0.8615290532857955,0.8614548392271966,0.8614548392271966,1.6031195582105378,27.550103815403567,100.0,6.0,0.7585592750374277,streaming_receding_h1,lambda_10,lambda_10_real,strict_fold_local_streaming,-9.146903058621652,10.0
5,real,h1_strict,update_only,6,12370,4.579616117106246,6.476555223274066,0.9552261464159914,0.9551961235142111,0.9551961235142111,7.027150053149779,9.93789090999523,0.8946374548143781,0.8945088818556918,0.8945088818556918,2.4475339360435324,34.82968084545846,100.0,6.0,0.7585592750374277,streaming_receding_h1,lambda_10,lambda_10_real,strict_fold_local_streaming,-9.146903058621652,10.0
5,wrong_cell,h1_strict,update_only,1,14154,3.5310930561475575,4.993719690005337,0.43396159237080384,0.4345632695691829,0.4345632695691829,3.0945886892756964,4.376409294340069,0.5653223455617755,0.5657182705771415,0.5657182705771415,-0.4365043668718611,-14.105408204475378,100.0,6.0,0.7585592750374277,streaming_receding_h1,lambda_10,lambda_10_wrong_cell,strict_fold_local_streaming,-9.146903058621652,10.0
5,wrong_cell,h1_strict,update_only,2,13795,4.811992693766253,6.805185329564479,0.6860450058371311,0.6862235006249102,0.6862235006249102,4.223246602080926,5.972572621908935,0.7581775940478167,0.75830738665695,0.75830738665695,-0.5887460916853273,-13.940604164465167,100.0,6.0,0.7585592750374277,streaming_receding_h1,lambda_10,lambda_10_wrong_cell,strict_fold_local_streaming,-9.146903058621652,10.0
5,wrong_cell,h1_strict,update_only,4,13080,6.664288939368589,9.424727801628068,0.8183394449607164,0.8182754292401399,0.8182754292401399,5.818923837645272,8.229201009614043,0.8615290532857955,0.8614548392271966,0.8614548392271966,-0.845365101723317,-14.52785988113927,100.0,6.0,0.7585592750374277,streaming_receding_h1,lambda_10,lambda_10_wrong_cell,strict_fold_local_streaming,-9.146903058621652,10.0
5,wrong_cell,h1_strict,update_only,6,12370,8.051317722523715,11.386282718167896,0.8616626197466682,0.861518623601409,0.861518623601409,7.027150053149779,9.93789090999523,0.8946374548143781,0.8945088818556918,0.8945088818556918,-1.024167669373936,-14.57443859356431,100.0,6.0,0.7585592750374277,streaming_receding_h1,lambda_10,lambda_10_wrong_cell,strict_fold_local_streaming,-9.146903058621652,10.0
5,stale_time,h1_strict,update_only,1,14154,3.5137829203625204,4.969239461211617,0.43952419425228817,0.440093452754307,0.440093452754307,3.0945886892756964,4.376409294340069,0.5653223455617755,0.5657182705771415,0.5657182705771415,-0.41919423108682397,-13.546040303822684,100.0,6.0,0.7585592750374277,streaming_receding_h1,lambda_10,lambda_10_stale_time,strict_fold_local_streaming,-9.146903058621652,10.0
5,stale_time,h1_strict,update_only,2,13795,4.877385209869939,6.897664312716011,0.677248647602637,0.6776374303742722,0.6776374303742722,4.223246602080926,5.972572621908935,0.7581775940478167,0.75830738665695,0.75830738665695,-0.6541386077890126,-15.488998617004698,100.0,6.0,0.7585592750374277,streaming_receding_h1,lambda_10,lambda_10_stale_time,strict_fold_local_streaming,-9.146903058621652,10.0
5,stale_time,h1_strict,update_only,4,13080,5.244528256295933,7.416882988302627,0.8874098170801281,0.8874568997743618,0.8874568997743618,5.818923837645272,8.229201009614043,0.8615290532857955,0.8614548392271966,0.8614548392271966,0.5743955813493393,9.871165139390763,100.0,6.0,0.7585592750374277,streaming_receding_h1,lambda_10,lambda_10_stale_time,strict_fold_local_streaming,-9.146903058621652,10.0
5,stale_time,h1_strict,update_only,6,12370,5.58884099964471,7.903814739644355,0.9332932916889671,0.9332730998802179,0.9332730998802179,7.027150053149779,9.93789090999523,0.8946374548143781,0.8945088818556918,0.8945088818556918,1.4383090535050682,20.46788588014248,100.0,6.0,0.7585592750374277,streaming_receding_h1,lambda_10,lambda_10_stale_time,strict_fold_local_streaming,-9.146903058621652,10.0
6,no_update,h1_strict,none,1,12960,4.150787287998501,5.870099677213318,0.47567001595961017,0.4790871537273188,0.4790871537273188,4.150787287998501,5.870099677213318,0.47567001595961017,0.4790871537273188,0.4790871537273188,0.0,0.0,,0.0,,streaming_receding_h1,no_update,no_update,strict_fold_local_streaming,,
6,no_update,h1_strict,none,2,12638,5.573299625323043,7.881835917300736,0.70023705483519,0.7048328807683156,0.7048328807683156,5.573299625323043,7.881835917300736,0.70023705483519,0.7048328807683156,0.7048328807683156,0.0,0.0,,0.0,,streaming_receding_h1,no_update,no_update,strict_fold_local_streaming,,
6,no_update,h1_strict,none,4,11997,7.530094699831211,10.64916205045506,0.82744091818483,0.8308640120212161,0.8308640120212161,7.530094699831211,10.64916205045506,0.82744091818483,0.8308640120212161,0.8308640120212161,0.0,0.0,,0.0,,streaming_receding_h1,no_update,no_update,strict_fold_local_streaming,,
6,no_update,h1_strict,none,6,11361,8.82927379872645,12.486478752064361,0.8719082504757827,0.8751772045352936,0.8751772045352936,8.82927379872645,12.486478752064361,0.8719082504757827,0.8751772045352936,0.8751772045352936,0.0,0.0,,0.0,,streaming_receding_h1,no_update,no_update,strict_fold_local_streaming,,
6,real,h1_strict,update_only,1,12960,4.038026624282792,5.710632017284371,0.5024356293130279,0.5070050530803207,0.5070050530803207,4.150787287998501,5.870099677213318,0.47567001595961017,0.4790871537273188,0.4790871537273188,0.11276066371570881,2.7166090645440355,1000.0,2.0,0.9789098733385193,streaming_receding_h1,lambda_00,lambda_00_real,strict_fold_local_streaming,-0.06504255819912033,0.5
6,real,h1_strict,update_only,2,12638,5.247475023605854,7.421050346597475,0.7340568560699678,0.7383360135764542,0.7383360135764542,5.573299625323043,7.881835917300736,0.70023705483519,0.7048328807683156,0.7048328807683156,0.32582460171718886,5.846170556428738,1000.0,2.0,0.9789098733385193,streaming_receding_h1,lambda_00,lambda_00_real,strict_fold_local_streaming,-0.06504255819912033,0.5
6,real,h1_strict,update_only,4,11997,6.7231220534694005,9.507930389506079,0.8624085707429796,0.865172916606286,0.865172916606286,7.530094699831211,10.64916205045506,0.82744091818483,0.8308640120212161,0.8308640120212161,0.8069726463618103,10.71663343596328,1000.0,2.0,0.9789098733385193,streaming_receding_h1,lambda_00,lambda_00_real,strict_fold_local_streaming,-0.06504255819912033,0.5
6,real,h1_strict,update_only,6,11361,7.671756720758338,10.849502401723383,0.9032039061711039,0.9057603682913843,0.9057603682913843,8.82927379872645,12.486478752064361,0.8719082504757827,0.8751772045352936,0.8751772045352936,1.1575170779681114,13.109991878778002,1000.0,2.0,0.9789098733385193,streaming_receding_h1,lambda_00,lambda_00_real,strict_fold_local_streaming,-0.06504255819912033,0.5
6,wrong_cell,h1_strict,update_only,1,12960,4.107558416138713,5.808964820343117,0.48487833199874303,0.48988087185844253,0.48988087185844253,4.150787287998501,5.870099677213318,0.47567001595961017,0.4790871537273188,0.4790871537273188,0.043228871859787965,1.0414619892659644,1000.0,2.0,0.9789098733385193,streaming_receding_h1,lambda_00,lambda_00_wrong_cell,strict_fold_local_streaming,-0.06504255819912033,0.5
6,wrong_cell,h1_strict,update_only,2,12638,5.687356693678617,8.043136970253705,0.6875972203566881,0.6926281247605514,0.6926281247605514,5.573299625323043,7.881835917300736,0.70023705483519,0.7048328807683156,0.7048328807683156,-0.11405706835557439,-2.0464908765597425,1000.0,2.0,0.9789098733385193,streaming_receding_h1,lambda_00,lambda_00_wrong_cell,strict_fold_local_streaming,-0.06504255819912033,0.5
6,wrong_cell,h1_strict,update_only,4,11997,7.695699340396097,10.883362379133843,0.8196670286947896,0.8233428039782922,0.8233428039782922,7.530094699831211,10.64916205045506,0.82744091818483,0.8308640120212161,0.8308640120212161,-0.16560464056488655,-2.199237156587136,1000.0,2.0,0.9789098733385193,streaming_receding_h1,lambda_00,lambda_00_wrong_cell,strict_fold_local_streaming,-0.06504255819912033,0.5
6,wrong_cell,h1_strict,update_only,6,11361,9.039939192464844,12.784404609011867,0.8656979233562252,0.8691496304074564,0.8691496304074564,8.82927379872645,12.486478752064361,0.8719082504757827,0.8751772045352936,0.8751772045352936,-0.21066539373839532,-2.385987778165653,1000.0,2.0,0.9789098733385193,streaming_receding_h1,lambda_00,lambda_00_wrong_cell,strict_fold_local_streaming,-0.06504255819912033,0.5
6,stale_time,h1_strict,update_only,1,12960,4.245630928004453,6.0042288392145675,0.4518101943648366,0.4550099311633874,0.4550099311633874,4.150787287998501,5.870099677213318,0.47567001595961017,0.4790871537273188,0.4790871537273188,-0.09484364000595225,-2.284955441590109,1000.0,2.0,0.9789098733385193,streaming_receding_h1,lambda_00,lambda_00_stale_time,strict_fold_local_streaming,-0.06504255819912033,0.5
6,stale_time,h1_strict,update_only,2,12638,5.585688171228106,7.899355966937758,0.6986134941952273,0.7035192045729222,0.7035192045729222,5.573299625323043,7.881835917300736,0.70023705483519,0.7048328807683156,0.7048328807683156,-0.012388545905062998,-0.22228386661240962,1000.0,2.0,0.9789098733385193,streaming_receding_h1,lambda_00,lambda_00_stale_time,strict_fold_local_streaming,-0.06504255819912033,0.5
6,stale_time,h1_strict,update_only,4,11997,7.089859036561226,10.026574804818331,0.8469671581855639,0.8500624709293244,0.8500624709293244,7.530094699831211,10.64916205045506,0.82744091818483,0.8308640120212161,0.8308640120212161,0.4402356632699851,5.84634962532215,1000.0,2.0,0.9789098733385193,streaming_receding_h1,lambda_00,lambda_00_stale_time,strict_fold_local_streaming,-0.06504255819912033,0.5
6,stale_time,h1_strict,update_only,6,11361,8.04018815781264,11.370543136810186,0.8936623178070757,0.8964914178061419,0.8964914178061419,8.82927379872645,12.486478752064361,0.8719082504757827,0.8751772045352936,0.8751772045352936,0.7890856409138092,8.937152238133429,1000.0,2.0,0.9789098733385193,streaming_receding_h1,lambda_00,lambda_00_stale_time,strict_fold_local_streaming,-0.06504255819912033,0.5
6,real,h1_strict,update_only,1,12960,4.070728528348777,5.756879493529911,0.49462887042901593,0.49898769393313325,0.49898769393313325,4.150787287998501,5.870099677213318,0.47567001595961017,0.4790871537273188,0.4790871537273188,0.08005875964972375,1.9287608372802907,3000.0,2.0,0.9694899832399937,streaming_receding_h1,lambda_01,lambda_01_real,strict_fold_local_streaming,-0.9136312891026525,1.4500000000000002
6,real,h1_strict,update_only,2,12638,5.163310087137392,7.302023151967506,0.7425036977561981,0.7466624251740691,0.7466624251740691,5.573299625323043,7.881835917300736,0.70023705483519,0.7048328807683156,0.7048328807683156,0.4099895381856511,7.35631610981057,3000.0,2.0,0.9694899832399937,streaming_receding_h1,lambda_01,lambda_01_real,strict_fold_local_streaming,-0.9136312891026525,1.4500000000000002
6,real,h1_strict,update_only,4,11997,6.531071796970152,9.23633031210761,0.8701934067396888,0.8727657410455373,0.8727657410455373,7.530094699831211,10.64916205045506,0.82744091818483,0.8308640120212161,0.8308640120212161,0.9990229028610589,13.267069574615737,3000.0,2.0,0.9694899832399937,streaming_receding_h1,lambda_01,lambda_01_real,strict_fold_local_streaming,-0.9136312891026525,1.4500000000000002
6,real,h1_strict,update_only,6,11361,7.405378554836058,10.472786786756025,0.9098230890931742,0.9121911148072479,0.9121911148072479,8.82927379872645,12.486478752064361,0.8719082504757827,0.8751772045352936,0.8751772045352936,1.4238952438903913,16.12698027436613,3000.0,2.0,0.9694899832399937,streaming_receding_h1,lambda_01,lambda_01_real,strict_fold_local_streaming,-0.9136312891026525,1.4500000000000002
6,wrong_cell,h1_strict,update_only,1,12960,4.142196828116057,5.857950932340544,0.47643083046545076,0.48124108260699494,0.48124108260699494,4.150787287998501,5.870099677213318,0.47567001595961017,0.4790871537273188,0.4790871537273188,0.008590459882444001,0.20695977139764007,3000.0,2.0,0.9694899832399937,streaming_receding_h1,lambda_01,lambda_01_wrong_cell,strict_fold_local_streaming,-0.9136312891026525,1.4500000000000002
6,wrong_cell,h1_strict,update_only,2,12638,5.693179172590718,8.051371198897831,0.6869684822722009,0.6919984535614033,0.6919984535614033,5.573299625323043,7.881835917300736,0.70023705483519,0.7048328807683156,0.7048328807683156,-0.11987954726767569,-2.150961823817738,3000.0,2.0,0.9694899832399937,streaming_receding_h1,lambda_01,lambda_01_wrong_cell,strict_fold_local_streaming,-0.9136312891026525,1.4500000000000002
6,wrong_cell,h1_strict,update_only,4,11997,7.705109496025403,10.896670348848849,0.8192279904717277,0.8229105136840978,0.8229105136840978,7.530094699831211,10.64916205045506,0.82744091818483,0.8308640120212161,0.8308640120212161,-0.17501479619419236,-2.3242044512151403,3000.0,2.0,0.9694899832399937,streaming_receding_h1,lambda_01,lambda_01_wrong_cell,strict_fold_local_streaming,-0.9136312891026525,1.4500000000000002
6,wrong_cell,h1_strict,update_only,6,11361,9.050987457943426,12.800029215892376,0.8653588191607386,0.8688295943958652,0.8688295943958652,8.82927379872645,12.486478752064361,0.8719082504757827,0.8751772045352936,0.8751772045352936,-0.22171365921697728,-2.511119988701196,3000.0,2.0,0.9694899832399937,streaming_receding_h1,lambda_01,lambda_01_wrong_cell,strict_fold_local_streaming,-0.9136312891026525,1.4500000000000002
6,stale_time,h1_strict,update_only,1,12960,4.2481347134812,6.007769726593055,0.4506955108451333,0.454366945186242,0.454366945186242,4.150787287998501,5.870099677213318,0.47567001595961017,0.4790871537273188,0.4790871537273188,-0.09734742548269892,-2.345276178429264,3000.0,2.0,0.9694899832399937,streaming_receding_h1,lambda_01,lambda_01_stale_time,strict_fold_local_streaming,-0.9136312891026525,1.4500000000000002
6,stale_time,h1_strict,update_only,2,12638,5.624642897377247,7.954446268976404,0.6942893576332592,0.6993694559697239,0.6993694559697239,5.573299625323043,7.881835917300736,0.70023705483519,0.7048328807683156,0.7048328807683156,-0.05134327205420419,-0.9212365296299354,3000.0,2.0,0.9694899832399937,streaming_receding_h1,lambda_01,lambda_01_stale_time,strict_fold_local_streaming,-0.9136312891026525,1.4500000000000002
6,stale_time,h1_strict,update_only,4,11997,6.995895917658669,9.893690887703459,0.8509703532588927,0.8540104305422824,0.8540104305422824,7.530094699831211,10.64916205045506,0.82744091818483,0.8308640120212161,0.8308640120212161,0.5341987821725418,7.094184116761719,3000.0,2.0,0.9694899832399937,streaming_receding_h1,lambda_01,lambda_01_stale_time,strict_fold_local_streaming,-0.9136312891026525,1.4500000000000002
6,stale_time,h1_strict,update_only,6,11361,7.860979838484747,11.117104301126592,0.8983234920222333,0.9010542146044275,0.9010542146044275,8.82927379872645,12.486478752064361,0.8719082504757827,0.8751772045352936,0.8751772045352936,0.9682939602417022,10.966858456483372,3000.0,2.0,0.9694899832399937,streaming_receding_h1,lambda_01,lambda_01_stale_time,strict_fold_local_streaming,-0.9136312891026525,1.4500000000000002
6,real,h1_strict,update_only,1,12960,4.099830656285955,5.798036117552584,0.48768036994038644,0.4917984927431277,0.4917984927431277,4.150787287998501,5.870099677213318,0.47567001595961017,0.4790871537273188,0.4790871537273188,0.05095663171254561,1.2276377510329315,3000.0,2.0,0.9575072343943958,streaming_receding_h1,lambda_02,lambda_02_real,strict_fold_local_streaming,-1.4810815257964183,2.4000000000000004
6,real,h1_strict,update_only,2,12638,5.122040419991533,7.24365902897521,0.7466334187761722,0.7506960291432624,0.7506960291432624,5.573299625323043,7.881835917300736,0.70023705483519,0.7048328807683156,0.7048328807683156,0.4512592053315094,8.096805046711504,3000.0,2.0,0.9575072343943958,streaming_receding_h1,lambda_02,lambda_02_real,strict_fold_local_streaming,-1.4810815257964183,2.4000000000000004
6,real,h1_strict,update_only,4,11997,6.4349272564911075,9.100361399014016,0.8740375487146543,0.876484223719414,0.876484223719414,7.530094699831211,10.64916205045506,0.82744091818483,0.8308640120212161,0.8308640120212161,1.0951674433401033,14.543873443778226,3000.0,2.0,0.9575072343943958,streaming_receding_h1,lambda_02,lambda_02_real,strict_fold_local_streaming,-1.4810815257964183,2.4000000000000004
6,real,h1_strict,update_only,6,11361,7.270656286730964,10.282260728048135,0.9131097154378265,0.9153569773548725,0.9153569773548725,8.82927379872645,12.486478752064361,0.8719082504757827,0.8751772045352936,0.8751772045352936,1.558617511995485,17.652839265447888,3000.0,2.0,0.9575072343943958,streaming_receding_h1,lambda_02,lambda_02_real,strict_fold_local_streaming,-1.4810815257964183,2.4000000000000004
6,wrong_cell,h1_strict,update_only,1,12960,4.173734937184555,5.902552553916816,0.4687198833603211,0.4733114935754926,0.4733114935754926,4.150787287998501,5.870099677213318,0.47567001595961017,0.4790871537273188,0.4790871537273188,-0.02294764918605452,-0.552850521933631,3000.0,2.0,0.9575072343943958,streaming_receding_h1,lambda_02,lambda_02_wrong_cell,strict_fold_local_streaming,-1.4810815257964183,2.4000000000000004
6,wrong_cell,h1_strict,update_only,2,12638,5.699456891798525,8.060249234542281,0.6863346925966203,0.6913188286273044,0.6913188286273044,5.573299625323043,7.881835917300736,0.70023705483519,0.7048328807683156,0.7048328807683156,-0.12615726647548264,-2.263601007601852,3000.0,2.0,0.9575072343943958,streaming_receding_h1,lambda_02,lambda_02_wrong_cell,strict_fold_local_streaming,-1.4810815257964183,2.4000000000000004
6,wrong_cell,h1_strict,update_only,4,11997,7.713671051606435,10.908778216866555,0.8188841762993162,0.8225167480083768,0.8225167480083768,7.530094699831211,10.64916205045506,0.82744091818483,0.8308640120212161,0.8308640120212161,-0.18357635177522447,-2.437902298617033,3000.0,2.0,0.9575072343943958,streaming_receding_h1,lambda_02,lambda_02_wrong_cell,strict_fold_local_streaming,-1.4810815257964183,2.4000000000000004
6,wrong_cell,h1_strict,update_only,6,11361,9.059026921223257,12.811398733896914,0.8651691310247287,0.868596468892789,0.868596468892789,8.82927379872645,12.486478752064361,0.8719082504757827,0.8751772045352936,0.8751772045352936,-0.2297531224968079,-2.6021746265241874,3000.0,2.0,0.9575072343943958,streaming_receding_h1,lambda_02,lambda_02_wrong_cell,strict_fold_local_streaming,-1.4810815257964183,2.4000000000000004
6,stale_time,h1_strict,update_only,1,12960,4.252506461696892,6.013952312210967,0.4492260180439655,0.4532433472379427,0.4532433472379427,4.150787287998501,5.870099677213318,0.47567001595961017,0.4790871537273188,0.4790871537273188,-0.1017191736983909,-2.4505995282509314,3000.0,2.0,0.9575072343943958,streaming_receding_h1,lambda_02,lambda_02_stale_time,strict_fold_local_streaming,-1.4810815257964183,2.4000000000000004
6,stale_time,h1_strict,update_only,2,12638,5.6567223998009055,7.999813536378122,0.6907259466072802,0.6959304535702213,0.6959304535702213,5.573299625323043,7.881835917300736,0.70023705483519,0.7048328807683156,0.7048328807683156,-0.08342277447786284,-1.496829169184089,3000.0,2.0,0.9575072343943958,streaming_receding_h1,lambda_02,lambda_02_stale_time,strict_fold_local_streaming,-1.4810815257964183,2.4000000000000004
6,stale_time,h1_strict,update_only,4,11997,6.950583826563155,9.829609913936698,0.8528898578037286,0.8558954413899983,0.8558954413899983,7.530094699831211,10.64916205045506,0.82744091818483,0.8308640120212161,0.8308640120212161,0.5795108732680561,7.695930746807819,3000.0,2.0,0.9575072343943958,streaming_receding_h1,lambda_02,lambda_02_stale_time,strict_fold_local_streaming,-1.4810815257964183,2.4000000000000004
6,stale_time,h1_strict,update_only,6,11361,7.765006723387112,10.981377820132323,0.9007923309958383,0.9034554844831169,0.9034554844831169,8.82927379872645,12.486478752064361,0.8719082504757827,0.8751772045352936,0.8751772045352936,1.0642670753393375,12.0538460987907,3000.0,2.0,0.9575072343943958,streaming_receding_h1,lambda_02,lambda_02_stale_time,strict_fold_local_streaming,-1.4810815257964183,2.4000000000000004
6,real,h1_strict,update_only,1,12960,4.1595215620916495,5.882451806093333,0.47272648604574996,0.4768925905253757,0.4768925905253757,4.150787287998501,5.870099677213318,0.47567001595961017,0.4790871537273188,0.4790871537273188,-0.008734274093148642,-0.21042451677547386,3000.0,3.0,0.9396701650561708,streaming_receding_h1,lambda_03,lambda_03_real,strict_fold_local_streaming,-3.3174492843456345,3.35
6,real,h1_strict,update_only,2,12638,5.0277583928626655,7.110324107521538,0.755808614370282,0.7597894970556657,0.7597894970556657,5.573299625323043,7.881835917300736,0.70023705483519,0.7048328807683156,0.7048328807683156,0.5455412324603772,9.788478444288849,3000.0,3.0,0.9396701650561708,streaming_receding_h1,lambda_03,lambda_03_real,strict_fold_local_streaming,-3.3174492843456345,3.35
6,real,h1_strict,update_only,4,11997,6.152355270092543,8.700744263502461,0.8848766464087552,0.8870937558753834,0.8870937558753834,7.530094699831211,10.64916205045506,0.82744091818483,0.8308640120212161,0.8308640120212161,1.3777394297386678,18.296442271430532,3000.0,3.0,0.9396701650561708,streaming_receding_h1,lambda_03,lambda_03_real,strict_fold_local_streaming,-3.3174492843456345,3.35
6,real,h1_strict,update_only,6,11361,6.850268801334625,9.687743044748713,0.9228386135725246,0.9248620811418519,0.9248620811418519,8.82927379872645,12.486478752064361,0.8719082504757827,0.8751772045352936,0.8751772045352936,1.979004997391824,22.414131020348236,3000.0,3.0,0.9396701650561708,streaming_receding_h1,lambda_03,lambda_03_real,strict_fold_local_streaming,-3.3174492843456345,3.35
6,wrong_cell,h1_strict,update_only,1,12960,4.242693897874141,6.0000752513711815,0.451109498188936,0.45576369362308466,0.45576369362308466,4.150787287998501,5.870099677213318,0.47567001595961017,0.4790871537273188,0.4790871537273188,-0.09190660987564048,-2.2141970546497847,3000.0,3.0,0.9396701650561708,streaming_receding_h1,lambda_03,lambda_03_wrong_cell,strict_fold_local_streaming,-3.3174492843456345,3.35
6,wrong_cell,h1_strict,update_only,2,12638,5.77796125973853,8.171271176388561,0.6776954097870671,0.6827567104278148,0.6827567104278148,5.573299625323043,7.881835917300736,0.70023705483519,0.7048328807683156,0.7048328807683156,-0.20466163441548701,-3.6721807219116505,3000.0,3.0,0.9396701650561708,streaming_receding_h1,lambda_03,lambda_03_wrong_cell,strict_fold_local_streaming,-3.3174492843456345,3.35
6,wrong_cell,h1_strict,update_only,4,11997,7.828085685399702,11.070584943710944,0.8135457220656916,0.81721258538964,0.81721258538964,7.530094699831211,10.64916205045506,0.82744091818483,0.8308640120212161,0.8308640120212161,-0.29799098556849124,-3.957333837716155,3000.0,3.0,0.9396701650561708,streaming_receding_h1,lambda_03,lambda_03_wrong_cell,strict_fold_local_streaming,-3.3174492843456345,3.35
6,wrong_cell,h1_strict,update_only,6,11361,9.198288785110625,13.008344750527787,0.8610640778588634,0.8645253567627565,0.8645253567627565,8.82927379872645,12.486478752064361,0.8719082504757827,0.8751772045352936,0.8751772045352936,-0.36901498638417607,-4.179448896888932,3000.0,3.0,0.9396701650561708,streaming_receding_h1,lambda_03,lambda_03_wrong_cell,strict_fold_local_streaming,-3.3174492843456345,3.35
6,stale_time,h1_strict,update_only,1,12960,4.313069956844039,6.09960202843278,0.4329766114248502,0.4375588126492874,0.4375588126492874,4.150787287998501,5.870099677213318,0.47567001595961017,0.4790871537273188,0.4790871537273188,-0.16228266884553832,-3.9096840571608915,3000.0,3.0,0.9396701650561708,streaming_receding_h1,lambda_03,lambda_03_stale_time,strict_fold_local_streaming,-3.3174492843456345,3.35
6,stale_time,h1_strict,update_only,2,12638,5.765229247951844,8.153265392643537,0.6785704196554807,0.6841532912965838,0.6841532912965838,5.573299625323043,7.881835917300736,0.70023705483519,0.7048328807683156,0.7048328807683156,-0.19192962262880098,-3.443734152686547,3000.0,3.0,0.9396701650561708,streaming_receding_h1,lambda_03,lambda_03_stale_time,strict_fold_local_streaming,-3.3174492843456345,3.35
6,stale_time,h1_strict,update_only,4,11997,6.855466751352964,9.695094056161183,0.8568270121270458,0.859812527296156,0.859812527296156,7.530094699831211,10.64916205045506,0.82744091818483,0.8308640120212161,0.8308640120212161,0.6746279484782471,8.959089830482066,3000.0,3.0,0.9396701650561708,streaming_receding_h1,lambda_03,lambda_03_stale_time,strict_fold_local_streaming,-3.3174492843456345,3.35
6,stale_time,h1_strict,update_only,6,11361,7.518781313929375,10.633162506676321,0.9069053570254518,0.9094811886998043,0.9094811886998043,8.82927379872645,12.486478752064361,0.8719082504757827,0.8751772045352936,0.8751772045352936,1.3104924847970745,14.842585185047747,3000.0,3.0,0.9396701650561708,streaming_receding_h1,lambda_03,lambda_03_stale_time,strict_fold_local_streaming,-3.3174492843456345,3.35
6,real,h1_strict,update_only,1,12960,4.192976975217192,5.92976490507027,0.46448803105738024,0.4684439483451306,0.4684439483451306,4.150787287998501,5.870099677213318,0.47567001595961017,0.4790871537273188,0.4790871537273188,-0.04218968721869132,-1.0164261450033274,3000.0,3.0,0.9220601607682076,streaming_receding_h1,lambda_04,lambda_04_real,strict_fold_local_streaming,-3.873260232920066,4.300000000000001
6,real,h1_strict,update_only,2,12638,5.012069204682742,7.088136244814867,0.7573796931393009,0.7612863182382354,0.7612863182382354,5.573299625323043,7.881835917300736,0.70023705483519,0.7048328807683156,0.7048328807683156,0.5612304206403005,10.069984719469844,3000.0,3.0,0.9220601607682076,streaming_receding_h1,lambda_04,lambda_04_real,strict_fold_local_streaming,-3.873260232920066,4.300000000000001
6,real,h1_strict,update_only,4,11997,6.106637581536153,8.636089688305665,0.8866405375631894,0.8887655169357426,0.8887655169357426,7.530094699831211,10.64916205045506,0.82744091818483,0.8308640120212161,0.8308640120212161,1.4234571182950582,18.9035752541992,3000.0,3.0,0.9220601607682076,streaming_receding_h1,lambda_04,lambda_04_real,strict_fold_local_streaming,-3.873260232920066,4.300000000000001
6,real,h1_strict,update_only,6,11361,6.780957798966254,9.589722485177688,0.9244347003498857,0.9263748795272171,0.9263748795272171,8.82927379872645,12.486478752064361,0.8719082504757827,0.8751772045352936,0.8751772045352936,2.048315999760195,23.19914464602568,3000.0,3.0,0.9220601607682076,streaming_receding_h1,lambda_04,lambda_04_real,strict_fold_local_streaming,-3.873260232920066,4.300000000000001
6,wrong_cell,h1_strict,update_only,1,12960,4.27734279991354,6.049076198556636,0.44238127483929846,0.4468381422452061,0.4468381422452061,4.150787287998501,5.870099677213318,0.47567001595961017,0.4790871537273188,0.4790871537273188,-0.126555511915039,-3.048951997153864,3000.0,3.0,0.9220601607682076,streaming_receding_h1,lambda_04,lambda_04_wrong_cell,strict_fold_local_streaming,-3.873260232920066,4.300000000000001
6,wrong_cell,h1_strict,update_only,2,12638,5.79069404716834,8.189278057058614,0.6763305953063641,0.6813569633702383,0.6813569633702383,5.573299625323043,7.881835917300736,0.70023705483519,0.7048328807683156,0.7048328807683156,-0.217394421845297,-3.9006412082626234,3000.0,3.0,0.9220601607682076,streaming_receding_h1,lambda_04,lambda_04_wrong_cell,strict_fold_local_streaming,-3.873260232920066,4.300000000000001
6,wrong_cell,h1_strict,update_only,4,11997,7.846116149644677,11.096083870782072,0.8127444089481082,0.8163695855491588,0.8163695855491588,7.530094699831211,10.64916205045506,0.82744091818483,0.8308640120212161,0.8308640120212161,-0.3160214498134666,-4.196779222717482,3000.0,3.0,0.9220601607682076,streaming_receding_h1,lambda_04,lambda_04_wrong_cell,strict_fold_local_streaming,-3.873260232920066,4.300000000000001
6,wrong_cell,h1_strict,update_only,6,11361,9.21710788387295,13.034958975229106,0.8605445578105483,0.8639704451228272,0.8639704451228272,8.82927379872645,12.486478752064361,0.8719082504757827,0.8751772045352936,0.8751772045352936,-0.3878340851465012,-4.392593252713978,3000.0,3.0,0.9220601607682076,streaming_receding_h1,lambda_04,lambda_04_wrong_cell,strict_fold_local_streaming,-3.873260232920066,4.300000000000001
6,stale_time,h1_strict,update_only,1,12960,4.324434417410091,6.115673802694343,0.4297051302973797,0.4345909676322748,0.4345909676322748,4.150787287998501,5.870099677213318,0.47567001595961017,0.4790871537273188,0.4790871537273188,-0.17364712941158977,-4.183474540207575,3000.0,3.0,0.9220601607682076,streaming_receding_h1,lambda_04,lambda_04_stale_time,strict_fold_local_streaming,-3.873260232920066,4.300000000000001
6,stale_time,h1_strict,update_only,2,12638,5.801060990616935,8.20393912908397,0.6745071081469773,0.6802150238124185,0.6802150238124185,5.573299625323043,7.881835917300736,0.70023705483519,0.7048328807683156,0.7048328807683156,-0.22776136529389213,-4.086652084144687,3000.0,3.0,0.9220601607682076,streaming_receding_h1,lambda_04,lambda_04_stale_time,strict_fold_local_streaming,-3.873260232920066,4.300000000000001
6,stale_time,h1_strict,update_only,4,11997,6.841865663679836,9.67585921351082,0.8574027678857921,0.8603682329102414,0.8603682329102414,7.530094699831211,10.64916205045506,0.82744091818483,0.8308640120212161,0.8308640120212161,0.688229036151375,9.13971289320972,3000.0,3.0,0.9220601607682076,streaming_receding_h1,lambda_04,lambda_04_stale_time,strict_fold_local_streaming,-3.873260232920066,4.300000000000001
6,stale_time,h1_strict,update_only,6,11361,7.470341714410212,10.5646585680804,0.908121518366736,0.9106437629603543,0.9106437629603543,8.82927379872645,12.486478752064361,0.8719082504757827,0.8751772045352936,0.8751772045352936,1.358932084316237,15.39121014133973,3000.0,3.0,0.9220601607682076,streaming_receding_h1,lambda_04,lambda_04_stale_time,strict_fold_local_streaming,-3.873260232920066,4.300000000000001
6,real,h1_strict,update_only,1,12960,4.224227693597264,5.97396009483727,0.45671648867508585,0.46049092963240434,0.46049092963240434,4.150787287998501,5.870099677213318,0.47567001595961017,0.4790871537273188,0.4790871537273188,-0.07344040559876319,-1.7693126749979995,3000.0,3.0,0.9034626640241722,streaming_receding_h1,lambda_05,lambda_05_real,strict_fold_local_streaming,-4.3486865429164006,5.25
6,real,h1_strict,update_only,2,12638,5.003887641978209,7.07656576787671,0.7582179823759212,0.7620650213338931,0.7620650213338931,5.573299625323043,7.881835917300736,0.70023705483519,0.7048328807683156,0.7048328807683156,0.5694119833448337,10.216783981209858,3000.0,3.0,0.9034626640241722,streaming_receding_h1,lambda_05,lambda_05_real,strict_fold_local_streaming,-4.3486865429164006,5.25
6,real,h1_strict,update_only,4,11997,6.0786970586818985,8.596575821945383,0.8877294616149257,0.8897810805627725,0.8897810805627725,7.530094699831211,10.64916205045506,0.82744091818483,0.8308640120212161,0.8308640120212161,1.4513976411493124,19.274626668132683,3000.0,3.0,0.9034626640241722,streaming_receding_h1,lambda_05,lambda_05_real,strict_fold_local_streaming,-4.3486865429164006,5.25
6,real,h1_strict,update_only,6,11361,6.735806169215029,9.525868438020256,0.9254777455482369,0.9273520944633011,0.9273520944633011,8.82927379872645,12.486478752064361,0.8719082504757827,0.8751772045352936,0.8751772045352936,2.0934676295114203,23.71053018894245,3000.0,3.0,0.9034626640241722,streaming_receding_h1,lambda_05,lambda_05_real,strict_fold_local_streaming,-4.3486865429164006,5.25
6,wrong_cell,h1_strict,update_only,1,12960,4.309204846309201,6.0941359366943395,0.4342807151819646,0.43856641202653435,0.43856641202653435,4.150787287998501,5.870099677213318,0.47567001595961017,0.4790871537273188,0.4790871537273188,-0.15841755831069992,-3.8165665286858985,3000.0,3.0,0.9034626640241722,streaming_receding_h1,lambda_05,lambda_05_wrong_cell,strict_fold_local_streaming,-4.3486865429164006,5.25
6,wrong_cell,h1_strict,update_only,2,12638,5.801961341871894,8.205212418039633,0.6751163321910693,0.6801157519212067,0.6801157519212067,5.573299625323043,7.881835917300736,0.70023705483519,0.7048328807683156,0.7048328807683156,-0.22866171654885115,-4.102806809630253,3000.0,3.0,0.9034626640241722,streaming_receding_h1,lambda_05,lambda_05_wrong_cell,strict_fold_local_streaming,-4.3486865429164006,5.25
6,wrong_cell,h1_strict,update_only,4,11997,7.861729303881444,11.11816420525513,0.8120480332409669,0.8156380382381916,0.8156380382381916,7.530094699831211,10.64916205045506,0.82744091818483,0.8308640120212161,0.8308640120212161,-0.33163460405023315,-4.4041226208970095,3000.0,3.0,0.9034626640241722,streaming_receding_h1,lambda_05,lambda_05_wrong_cell,strict_fold_local_streaming,-4.3486865429164006,5.25
6,wrong_cell,h1_strict,update_only,6,11361,9.232411266378515,13.056601226318657,0.86012286427982,0.8635183639505721,0.8635183639505721,8.82927379872645,12.486478752064361,0.8719082504757827,0.8751772045352936,0.8751772045352936,-0.4031374676520656,-4.5659187475895795,3000.0,3.0,0.9034626640241722,streaming_receding_h1,lambda_05,lambda_05_wrong_cell,strict_fold_local_streaming,-4.3486865429164006,5.25
6,stale_time,h1_strict,update_only,1,12960,4.335516622805225,6.131346407865148,0.42654306835467704,0.43168931284038004,0.43168931284038004,4.150787287998501,5.870099677213318,0.47567001595961017,0.4790871537273188,0.4790871537273188,-0.1847293348067245,-4.450464983856123,3000.0,3.0,0.9034626640241722,streaming_receding_h1,lambda_05,lambda_05_stale_time,strict_fold_local_streaming,-4.3486865429164006,5.25
6,stale_time,h1_strict,update_only,2,12638,5.832104463905749,8.24784123003218,0.6709647837067046,0.6767833073001333,0.6767833073001333,5.573299625323043,7.881835917300736,0.70023705483519,0.7048328807683156,0.7048328807683156,-0.258804838582706,-4.64365557176921,3000.0,3.0,0.9034626640241722,streaming_receding_h1,lambda_05,lambda_05_stale_time,strict_fold_local_streaming,-4.3486865429164006,5.25
6,stale_time,h1_strict,update_only,4,11997,6.835758196216539,9.667221950192475,0.8576673644588235,0.8606174093445993,0.8606174093445993,7.530094699831211,10.64916205045506,0.82744091818483,0.8308640120212161,0.8308640120212161,0.6943365036146716,9.220820338823033,3000.0,3.0,0.9034626640241722,streaming_receding_h1,lambda_05,lambda_05_stale_time,strict_fold_local_streaming,-4.3486865429164006,5.25
6,stale_time,h1_strict,update_only,6,11361,7.437222401950117,10.517820787222862,0.9089570188256724,0.9114343176761555,0.9114343176761555,8.82927379872645,12.486478752064361,0.8719082504757827,0.8751772045352936,0.8751772045352936,1.3920513967763322,15.766318142462907,3000.0,3.0,0.9034626640241722,streaming_receding_h1,lambda_05,lambda_05_stale_time,strict_fold_local_streaming,-4.3486865429164006,5.25
6,real,h1_strict,update_only,1,12960,4.253291318473769,6.0150622673093475,0.44941968701482116,0.45304150615032956,0.45304150615032956,4.150787287998501,5.870099677213318,0.47567001595961017,0.4790871537273188,0.4790871537273188,-0.10250403047526824,-2.469508152625557,3000.0,3.0,0.8841138442166319,streaming_receding_h1,lambda_06,lambda_06_real,strict_fold_local_streaming,-4.765924658699919,6.2
6,real,h1_strict,update_only,2,12638,5.0004825866472995,7.071750292447106,0.7585885788729438,0.7623887320837824,0.7623887320837824,5.573299625323043,7.881835917300736,0.70023705483519,0.7048328807683156,0.7048328807683156,0.5728170386757432,10.277879841110126,3000.0,3.0,0.8841138442166319,streaming_receding_h1,lambda_06,lambda_06_real,strict_fold_local_streaming,-4.765924658699919,6.2
6,real,h1_strict,update_only,4,11997,6.0623019985623205,8.573389705568353,0.888382004564519,0.8903748291476347,0.8903748291476347,7.530094699831211,10.64916205045506,0.82744091818483,0.8308640120212161,0.8308640120212161,1.4677927012688903,19.492353811988465,3000.0,3.0,0.8841138442166319,streaming_receding_h1,lambda_06,lambda_06_real,strict_fold_local_streaming,-4.765924658699919,6.2
6,real,h1_strict,update_only,6,11361,6.706371289366365,9.484241231731454,0.9261641917232485,0.927985637070019,0.927985637070019,8.82927379872645,12.486478752064361,0.8719082504757827,0.8751772045352936,0.8751772045352936,2.1229025093600837,24.043908454467626,3000.0,3.0,0.8841138442166319,streaming_receding_h1,lambda_06,lambda_06_real,strict_fold_local_streaming,-4.765924658699919,6.2
6,wrong_cell,h1_strict,update_only,1,12960,4.3384019800786975,6.135426919253584,0.42679134030502264,0.43093262100062735,0.43093262100062735,4.150787287998501,5.870099677213318,0.47567001595961017,0.4790871537273188,0.4790871537273188,-0.18761469208019665,-4.519978477882059,3000.0,3.0,0.8841138442166319,streaming_receding_h1,lambda_06,lambda_06_wrong_cell,strict_fold_local_streaming,-4.765924658699919,6.2
6,wrong_cell,h1_strict,update_only,2,12638,5.811938149032005,8.219321754034643,0.6740339143930387,0.6790146872340161,0.6790146872340161,5.573299625323043,7.881835917300736,0.70023705483519,0.7048328807683156,0.7048328807683156,-0.23863852370896232,-4.281817590152086,3000.0,3.0,0.8841138442166319,streaming_receding_h1,lambda_06,lambda_06_wrong_cell,strict_fold_local_streaming,-4.765924658699919,6.2
6,wrong_cell,h1_strict,update_only,4,11997,7.875238789733006,11.137269503367095,0.8114423217403222,0.8150038838036886,0.8150038838036886,7.530094699831211,10.64916205045506,0.82744091818483,0.8308640120212161,0.8308640120212161,-0.3451440899017948,-4.583529207269216,3000.0,3.0,0.8841138442166319,streaming_receding_h1,lambda_06,lambda_06_wrong_cell,strict_fold_local_streaming,-4.765924658699919,6.2
6,wrong_cell,h1_strict,update_only,6,11361,9.24475325243548,13.074055430387036,0.8597830651304765,0.8631532198297404,0.8631532198297404,8.82927379872645,12.486478752064361,0.8719082504757827,0.8751772045352936,0.8751772045352936,-0.4154794537090307,-4.705703585372562,3000.0,3.0,0.8841138442166319,streaming_receding_h1,lambda_06,lambda_06_wrong_cell,strict_fold_local_streaming,-4.765924658699919,6.2
6,stale_time,h1_strict,update_only,1,12960,4.346228362347609,6.146495095202594,0.4235037386362623,0.42887759885698507,0.42887759885698507,4.150787287998501,5.870099677213318,0.47567001595961017,0.4790871537273188,0.4790871537273188,-0.19544107434910796,-4.708530232666997,3000.0,3.0,0.8841138442166319,streaming_receding_h1,lambda_06,lambda_06_stale_time,strict_fold_local_streaming,-4.765924658699919,6.2
6,stale_time,h1_strict,update_only,2,12638,5.859250623371763,8.28623169691536,0.6678486378241121,0.6737674107519156,0.6737674107519156,5.573299625323043,7.881835917300736,0.70023705483519,0.7048328807683156,0.7048328807683156,-0.2859509980487207,-5.13073075686553,3000.0,3.0,0.8841138442166319,streaming_receding_h1,lambda_06,lambda_06_stale_time,strict_fold_local_streaming,-4.765924658699919,6.2
6,stale_time,h1_strict,update_only,4,11997,6.834257416994928,9.665099527863145,0.8577404972370202,0.8606786050531289,0.8606786050531289,7.530094699831211,10.64916205045506,0.82744091818483,0.8308640120212161,0.8308640120212161,0.6958372828362824,9.24075075512503,3000.0,3.0,0.8841138442166319,streaming_receding_h1,lambda_06,lambda_06_stale_time,strict_fold_local_streaming,-4.765924658699919,6.2
6,stale_time,h1_strict,update_only,6,11361,7.4141912988810486,10.485249888906173,0.9095430212591726,0.9119819971570295,0.9119819971570295,8.82927379872645,12.486478752064361,0.8719082504757827,0.8751772045352936,0.8751772045352936,1.4150824998454006,16.02716748969224,3000.0,3.0,0.8841138442166319,streaming_receding_h1,lambda_06,lambda_06_stale_time,strict_fold_local_streaming,-4.765924658699919,6.2
6,real,h1_strict,update_only,1,12960,4.332293571053881,6.126788324366165,0.42882507280083265,0.4325339706137693,0.4325339706137693,4.150787287998501,5.870099677213318,0.47567001595961017,0.4790871537273188,0.4790871537273188,-0.18150628305537975,-4.372815816897753,3000.0,4.0,0.8522008063796374,streaming_receding_h1,lambda_07,lambda_07_real,strict_fold_local_streaming,-6.8222659117777695,7.1499999999999995
6,real,h1_strict,update_only,2,12638,4.96279632204442,7.018453865930532,0.7621738578657358,0.7659567627165795,0.7659567627165795,5.573299625323043,7.881835917300736,0.70023705483519,0.7048328807683156,0.7048328807683156,0.6105033032786231,10.95407288897081,3000.0,4.0,0.8522008063796374,streaming_receding_h1,lambda_07,lambda_07_real,strict_fold_local_streaming,-6.8222659117777695,7.1499999999999995
6,real,h1_strict,update_only,4,11997,5.888809297435719,8.32803397466237,0.894724506533068,0.8965596147333867,0.8965596147333867,7.530094699831211,10.64916205045506,0.82744091818483,0.8308640120212161,0.8308640120212161,1.641285402395492,21.796344771497782,3000.0,4.0,0.8522008063796374,streaming_receding_h1,lambda_07,lambda_07_real,strict_fold_local_streaming,-6.8222659117777695,7.1499999999999995
6,real,h1_strict,update_only,6,11361,6.423495986834539,9.084195142430554,0.932275431777635,0.933932655751455,0.933932655751455,8.82927379872645,12.486478752064361,0.8719082504757827,0.8751772045352936,0.8751772045352936,2.4057778118919098,27.24774275590959,3000.0,4.0,0.8522008063796374,streaming_receding_h1,lambda_07,lambda_07_real,strict_fold_local_streaming,-6.8222659117777695,7.1499999999999995
6,wrong_cell,h1_strict,update_only,1,12960,4.415651960594307,6.244674889391817,0.4062790662571311,0.41048646318659965,0.41048646318659965,4.150787287998501,5.870099677213318,0.47567001595961017,0.4790871537273188,0.4790871537273188,-0.26486467259580593,-6.381070727513069,3000.0,4.0,0.8522008063796374,streaming_receding_h1,lambda_07,lambda_07_wrong_cell,strict_fold_local_streaming,-6.8222659117777695,7.1499999999999995
6,wrong_cell,h1_strict,update_only,2,12638,5.894042949122648,8.335435475858763,0.6648011194055137,0.6698815589085917,0.6698815589085917,5.573299625323043,7.881835917300736,0.70023705483519,0.7048328807683156,0.7048328807683156,-0.32074332379960513,-5.754998750511533,3000.0,4.0,0.8522008063796374,streaming_receding_h1,lambda_07,lambda_07_wrong_cell,strict_fold_local_streaming,-6.8222659117777695,7.1499999999999995
6,wrong_cell,h1_strict,update_only,4,11997,7.991860669368864,11.30219774721757,0.8058687838522524,0.8094842186872659,0.8094842186872659,7.530094699831211,10.64916205045506,0.82744091818483,0.8308640120212161,0.8308640120212161,-0.4617659695376535,-6.132273071519328,3000.0,4.0,0.8522008063796374,streaming_receding_h1,lambda_07,lambda_07_wrong_cell,strict_fold_local_streaming,-6.8222659117777695,7.1499999999999995
6,wrong_cell,h1_strict,update_only,6,11361,9.382428339428966,13.26875740561412,0.8556256407020191,0.8590469598416797,0.8590469598416797,8.82927379872645,12.486478752064361,0.8719082504757827,0.8751772045352936,0.8751772045352936,-0.5531545407025167,-6.26500608444496,3000.0,4.0,0.8522008063796374,streaming_receding_h1,lambda_07,lambda_07_wrong_cell,strict_fold_local_streaming,-6.8222659117777695,7.1499999999999995
6,stale_time,h1_strict,update_only,1,12960,4.4144107869911435,6.242919604848963,0.4048647031860469,0.41081782345401774,0.41081782345401774,4.150787287998501,5.870099677213318,0.47567001595961017,0.4790871537273188,0.4790871537273188,-0.2636234989926427,-6.351168602517363,3000.0,4.0,0.8522008063796374,streaming_receding_h1,lambda_07,lambda_07_stale_time,strict_fold_local_streaming,-6.8222659117777695,7.1499999999999995
6,stale_time,h1_strict,update_only,2,12638,5.976890880944346,8.45260014465557,0.6542234535086476,0.6605359038220477,0.6605359038220477,5.573299625323043,7.881835917300736,0.70023705483519,0.7048328807683156,0.7048328807683156,-0.40359125562130327,-7.241513694823291,3000.0,4.0,0.8522008063796374,streaming_receding_h1,lambda_07,lambda_07_stale_time,strict_fold_local_streaming,-6.8222659117777695,7.1499999999999995
6,stale_time,h1_strict,update_only,4,11997,6.809777387901923,9.63047953871253,0.8587234473645311,0.8616749045174434,0.8616749045174434,7.530094699831211,10.64916205045506,0.82744091818483,0.8308640120212161,0.8308640120212161,0.7203173119292874,9.565846654563765,3000.0,4.0,0.8522008063796374,streaming_receding_h1,lambda_07,lambda_07_stale_time,strict_fold_local_streaming,-6.8222659117777695,7.1499999999999995
6,stale_time,h1_strict,update_only,6,11361,7.2767487490066145,10.290876770826607,0.912840880983081,0.9152150643111362,0.9152150643111362,8.82927379872645,12.486478752064361,0.8719082504757827,0.8751772045352936,0.8751772045352936,1.5525250497198346,17.583836282705082,3000.0,4.0,0.8522008063796374,streaming_receding_h1,lambda_07,lambda_07_stale_time,strict_fold_local_streaming,-6.8222659117777695,7.1499999999999995
6,real,h1_strict,update_only,1,12960,4.361970880275608,6.1687583775622725,0.4211266419792082,0.4247327694040979,0.4247327694040979,4.150787287998501,5.870099677213318,0.47567001595961017,0.4790871537273188,0.4790871537273188,-0.21118359227710748,-5.0877960643205995,3000.0,4.0,0.82849706475705,streaming_receding_h1,lambda_08,lambda_08_real,strict_fold_local_streaming,-7.257144676247255,8.100000000000001
6,real,h1_strict,update_only,2,12638,4.9649842808614855,7.02154810696354,0.7619943697871583,0.7657503509230684,0.7657503509230684,5.573299625323043,7.881835917300736,0.70023705483519,0.7048328807683156,0.7048328807683156,0.6083153444615572,10.914815017258249,3000.0,4.0,0.82849706475705,streaming_receding_h1,lambda_08,lambda_08_real,strict_fold_local_streaming,-7.257144676247255,8.100000000000001
6,real,h1_strict,update_only,4,11997,5.881504681762793,8.317703688109797,0.8950265968186317,0.8968160752822711,0.8968160752822711,7.530094699831211,10.64916205045506,0.82744091818483,0.8308640120212161,0.8308640120212161,1.6485900180684174,21.89335039976816,3000.0,4.0,0.82849706475705,streaming_receding_h1,lambda_08,lambda_08_real,strict_fold_local_streaming,-7.257144676247255,8.100000000000001
6,real,h1_strict,update_only,6,11361,6.403711067212986,9.056215040771292,0.9327258402829604,0.934339015170361,0.934339015170361,8.82927379872645,12.486478752064361,0.8719082504757827,0.8751772045352936,0.8751772045352936,2.4255627315134634,27.471825959948497,3000.0,4.0,0.82849706475705,streaming_receding_h1,lambda_08,lambda_08_real,strict_fold_local_streaming,-7.257144676247255,8.100000000000001
6,wrong_cell,h1_strict,update_only,1,12960,4.4452400651011885,6.286518788070361,0.398446577113474,0.40255964859432525,0.40255964859432525,4.150787287998501,5.870099677213318,0.47567001595961017,0.4790871537273188,0.4790871537273188,-0.2944527771026877,-7.09390187143683,3000.0,4.0,0.82849706475705,streaming_receding_h1,lambda_08,lambda_08_wrong_cell,strict_fold_local_streaming,-7.257144676247255,8.100000000000001
6,wrong_cell,h1_strict,update_only,2,12638,5.906364465297331,8.352860731142,0.6634149634666715,0.6684998888494843,0.6684998888494843,5.573299625323043,7.881835917300736,0.70023705483519,0.7048328807683156,0.7048328807683156,-0.3330648399742886,-5.976079923300073,3000.0,4.0,0.82849706475705,streaming_receding_h1,lambda_08,lambda_08_wrong_cell,strict_fold_local_streaming,-7.257144676247255,8.100000000000001
6,wrong_cell,h1_strict,update_only,4,11997,8.007966330199315,11.324974591194973,0.8051119747613811,0.8087155680626049,0.8087155680626049,7.530094699831211,10.64916205045506,0.82744091818483,0.8308640120212161,0.8308640120212161,-0.4778716303681039,-6.346156979656783,3000.0,4.0,0.82849706475705,streaming_receding_h1,lambda_08,lambda_08_wrong_cell,strict_fold_local_streaming,-7.257144676247255,8.100000000000001
6,wrong_cell,h1_strict,update_only,6,11361,9.397066560646422,13.289458976588866,0.8551975395008143,0.8586067941908786,0.8586067941908786,8.82927379872645,12.486478752064361,0.8719082504757827,0.8751772045352936,0.8751772045352936,-0.5677927619199732,-6.430797989319038,3000.0,4.0,0.82849706475705,streaming_receding_h1,lambda_08,lambda_08_wrong_cell,strict_fold_local_streaming,-7.257144676247255,8.100000000000001
6,stale_time,h1_strict,update_only,1,12960,4.4277865122381375,6.2618357368998385,0.401067783282983,0.40724195402624375,0.40724195402624375,4.150787287998501,5.870099677213318,0.47567001595961017,0.4790871537273188,0.4790871537273188,-0.27699922423963663,-6.673414102441394,3000.0,4.0,0.82849706475705,streaming_receding_h1,lambda_08,lambda_08_stale_time,strict_fold_local_streaming,-7.257144676247255,8.100000000000001
6,stale_time,h1_strict,update_only,2,12638,6.004423034787154,8.491536490021412,0.6509804123774463,0.6574012626909109,0.6574012626909109,5.573299625323043,7.881835917300736,0.70023705483519,0.7048328807683156,0.7048328807683156,-0.431123409464111,-7.735514658233038,3000.0,4.0,0.82849706475705,streaming_receding_h1,lambda_08,lambda_08_stale_time,strict_fold_local_streaming,-7.257144676247255,8.100000000000001
6,stale_time,h1_strict,update_only,4,11997,6.814687519608751,9.637423513565361,0.8585307682007594,0.8614753563495242,0.8614753563495242,7.530094699831211,10.64916205045506,0.82744091818483,0.8308640120212161,0.8308640120212161,0.71540718022246,9.500639882238081,3000.0,4.0,0.82849706475705,streaming_receding_h1,lambda_08,lambda_08_stale_time,strict_fold_local_streaming,-7.257144676247255,8.100000000000001
6,stale_time,h1_strict,update_only,6,11361,7.262988731460308,10.271417167394128,0.9131951536891751,0.9155354104459112,0.9155354104459112,8.82927379872645,12.486478752064361,0.8719082504757827,0.8751772045352936,0.8751772045352936,1.5662850672661408,17.7396816881142,3000.0,4.0,0.82849706475705,streaming_receding_h1,lambda_08,lambda_08_stale_time,strict_fold_local_streaming,-7.257144676247255,8.100000000000001
6,real,h1_strict,update_only,1,12960,4.38963326590977,6.207878898493698,0.4138893769875368,0.4174132695159477,0.4174132695159477,4.150787287998501,5.870099677213318,0.47567001595961017,0.4790871537273188,0.4790871537273188,-0.23884597791126883,-5.754233145164125,3000.0,4.0,0.8042412919758033,streaming_receding_h1,lambda_09,lambda_09_real,strict_fold_local_streaming,-7.655387438832182,9.05
6,real,h1_strict,update_only,2,12638,4.968784033044014,7.02692176803373,0.7616541200330794,0.7653916665194143,0.7653916665194143,5.573299625323043,7.881835917300736,0.70023705483519,0.7048328807683156,0.7048328807683156,0.6045155922790286,10.846637233216926,3000.0,4.0,0.8042412919758033,streaming_receding_h1,lambda_09,lambda_09_real,strict_fold_local_streaming,-7.655387438832182,9.05
6,real,h1_strict,update_only,4,11997,5.878817757111157,8.313903802826376,0.8951574876089665,0.8969103314689754,0.8969103314689754,7.530094699831211,10.64916205045506,0.82744091818483,0.8308640120212161,0.8308640120212161,1.6512769427200542,21.929032881313802,3000.0,4.0,0.8042412919758033,streaming_receding_h1,lambda_09,lambda_09_real,strict_fold_local_streaming,-7.655387438832182,9.05
6,real,h1_strict,update_only,6,11361,6.390632634893917,9.037719344411085,0.9330302023840009,0.9346069428838406,0.9346069428838406,8.82927379872645,12.486478752064361,0.8719082504757827,0.8751772045352936,0.8751772045352936,2.438641163832532,27.61995175848195,3000.0,4.0,0.8042412919758033,streaming_receding_h1,lambda_09,lambda_09_real,strict_fold_local_streaming,-7.655387438832182,9.05
6,wrong_cell,h1_strict,update_only,1,12960,4.472636891781291,6.325263751927347,0.39113504717462877,0.3951726868497344,0.3951726868497344,4.150787287998501,5.870099677213318,0.47567001595961017,0.4790871537273188,0.4790871537273188,-0.32184960378279026,-7.753941155052187,3000.0,4.0,0.8042412919758033,streaming_receding_h1,lambda_09,lambda_09_wrong_cell,strict_fold_local_streaming,-7.655387438832182,9.05
6,wrong_cell,h1_strict,update_only,2,12638,5.917518064744563,8.368634302749552,0.6621518647275055,0.667246694743977,0.667246694743977,5.573299625323043,7.881835917300736,0.70023705483519,0.7048328807683156,0.7048328807683156,-0.3442184394215202,-6.176205525673105,3000.0,4.0,0.8042412919758033,streaming_receding_h1,lambda_09,lambda_09_wrong_cell,strict_fold_local_streaming,-7.655387438832182,9.05
6,wrong_cell,h1_strict,update_only,4,11997,8.02228931347153,11.345230348392183,0.8044344790890784,0.8080306965820505,0.8080306965820505,7.530094699831211,10.64916205045506,0.82744091818483,0.8308640120212161,0.8308640120212161,-0.49219461364031947,-6.536366848764228,3000.0,4.0,0.8042412919758033,streaming_receding_h1,lambda_09,lambda_09_wrong_cell,strict_fold_local_streaming,-7.655387438832182,9.05
6,wrong_cell,h1_strict,update_only,6,11361,9.40946322447013,13.306990506696536,0.8548331147810166,0.8582334946760571,0.8582334946760571,8.82927379872645,12.486478752064361,0.8719082504757827,0.8751772045352936,0.8751772045352936,-0.580189425743681,-6.571202105289436,3000.0,4.0,0.8042412919758033,streaming_receding_h1,lambda_09,lambda_09_wrong_cell,strict_fold_local_streaming,-7.655387438832182,9.05
6,stale_time,h1_strict,update_only,1,12960,4.4404274293770145,6.279712693358473,0.39747671982023197,0.4038525849872483,0.4038525849872483,4.150787287998501,5.870099677213318,0.47567001595961017,0.4790871537273188,0.4790871537273188,-0.2896401413785137,-6.977956741266244,3000.0,4.0,0.8042412919758033,streaming_receding_h1,lambda_09,lambda_09_stale_time,strict_fold_local_streaming,-7.655387438832182,9.05
6,stale_time,h1_strict,update_only,2,12638,6.029153615385738,8.52651081250929,0.6480507625632494,0.6545733093850881,0.6545733093850881,5.573299625323043,7.881835917300736,0.70023705483519,0.7048328807683156,0.7048328807683156,-0.4558539900626952,-8.179247855102942,3000.0,4.0,0.8042412919758033,streaming_receding_h1,lambda_09,lambda_09_stale_time,strict_fold_local_streaming,-7.655387438832182,9.05
6,stale_time,h1_strict,update_only,4,11997,6.820866644381504,9.646162115622586,0.8582840454198399,0.861224031803755,0.861224031803755,7.530094699831211,10.64916205045506,0.82744091818483,0.8308640120212161,0.8308640120212161,0.7092280554497066,9.418580824296992,3000.0,4.0,0.8042412919758033,streaming_receding_h1,lambda_09,lambda_09_stale_time,strict_fold_local_streaming,-7.655387438832182,9.05
6,stale_time,h1_strict,update_only,6,11361,7.253388493001865,10.257840379964184,0.9134475646172966,0.9157585539255824,0.9157585539255824,8.82927379872645,12.486478752064361,0.8719082504757827,0.8751772045352936,0.8751772045352936,1.5758853057245839,17.848413602847977,3000.0,4.0,0.8042412919758033,streaming_receding_h1,lambda_09,lambda_09_stale_time,strict_fold_local_streaming,-7.655387438832182,9.05
6,real,h1_strict,update_only,1,12960,4.415417313214168,6.244343047884449,0.40708959554129726,0.4105491149231223,0.4105491149231223,4.150787287998501,5.870099677213318,0.47567001595961017,0.4790871537273188,0.4790871537273188,-0.26463002521566725,-6.375417646209261,3000.0,4.0,0.7795134880888692,streaming_receding_h1,lambda_10,lambda_10_real,strict_fold_local_streaming,-8.023603746464829,10.0
6,real,h1_strict,update_only,2,12638,4.973674954858575,7.033838575996389,0.7612032738828725,0.7649295752940624,0.7649295752940624,5.573299625323043,7.881835917300736,0.70023705483519,0.7048328807683156,0.7048328807683156,0.5996246704644674,10.758880928274365,3000.0,4.0,0.7795134880888692,streaming_receding_h1,lambda_10,lambda_10_real,strict_fold_local_streaming,-8.023603746464829,10.0
6,real,h1_strict,update_only,4,11997,5.879496892791647,8.314864245716418,0.8951626912889777,0.8968865117422701,0.8968865117422701,7.530094699831211,10.64916205045506,0.82744091818483,0.8308640120212161,0.8308640120212161,1.6505978070395635,21.920013928597232,3000.0,4.0,0.7795134880888692,streaming_receding_h1,lambda_10,lambda_10_real,strict_fold_local_streaming,-8.023603746464829,10.0
6,real,h1_strict,update_only,6,11361,6.382612152356934,9.026376669230508,0.9332242185893352,0.9347709813379861,0.9347709813379861,8.82927379872645,12.486478752064361,0.8719082504757827,0.8751772045352936,0.8751772045352936,2.446661646369515,27.710791421174704,3000.0,4.0,0.7795134880888692,streaming_receding_h1,lambda_10,lambda_10_real,strict_fold_local_streaming,-8.023603746464829,10.0
6,wrong_cell,h1_strict,update_only,1,12960,4.498018771582642,6.361159150580942,0.38431007972934256,0.3882885090011955,0.3882885090011955,4.150787287998501,5.870099677213318,0.47567001595961017,0.4790871537273188,0.4790871537273188,-0.34723148358414146,-8.3654367109613,3000.0,4.0,0.7795134880888692,streaming_receding_h1,lambda_10,lambda_10_wrong_cell,strict_fold_local_streaming,-8.023603746464829,10.0
6,wrong_cell,h1_strict,update_only,2,12638,5.927646289506794,8.382957775571061,0.6609975347465106,0.6661066612401407,0.6661066612401407,5.573299625323043,7.881835917300736,0.70023705483519,0.7048328807683156,0.7048328807683156,-0.35434666418375116,-6.357933145631163,3000.0,4.0,0.7795134880888692,streaming_receding_h1,lambda_10,lambda_10_wrong_cell,strict_fold_local_streaming,-8.023603746464829,10.0
6,wrong_cell,h1_strict,update_only,4,11997,8.035096405347558,11.363342311417819,0.8038246440882202,0.8074172729352911,0.8074172729352911,7.530094699831211,10.64916205045506,0.82744091818483,0.8308640120212161,0.8308640120212161,-0.5050017055163467,-6.706445611204152,3000.0,4.0,0.7795134880888692,streaming_receding_h1,lambda_10,lambda_10_wrong_cell,strict_fold_local_streaming,-8.023603746464829,10.0
6,wrong_cell,h1_strict,update_only,6,11361,9.42003805283792,13.32194557239403,0.854520439363854,0.8579146669512312,0.8579146669512312,8.82927379872645,12.486478752064361,0.8719082504757827,0.8751772045352936,0.8751772045352936,-0.5907642541114715,-6.690972186146095,3000.0,4.0,0.7795134880888692,streaming_receding_h1,lambda_10,lambda_10_wrong_cell,strict_fold_local_streaming,-8.023603746464829,10.0
6,stale_time,h1_strict,update_only,1,12960,4.452342408667436,6.296563018666381,0.3940882346149149,0.4006490132346975,0.4006490132346975,4.150787287998501,5.870099677213318,0.47567001595961017,0.4790871537273188,0.4790871537273188,-0.30155512066893486,-7.2650102196478485,3000.0,4.0,0.7795134880888692,streaming_receding_h1,lambda_10,lambda_10_stale_time,strict_fold_local_streaming,-8.023603746464829,10.0
6,stale_time,h1_strict,update_only,2,12638,6.0514799110775535,8.558084962674208,0.6453920157079178,0.6520103036648797,0.6520103036648797,5.573299625323043,7.881835917300736,0.70023705483519,0.7048328807683156,0.7048328807683156,-0.47818028575451077,-8.579841707806876,3000.0,4.0,0.7795134880888692,streaming_receding_h1,lambda_10,lambda_10_stale_time,strict_fold_local_streaming,-8.023603746464829,10.0
6,stale_time,h1_strict,update_only,4,11997,6.827859609601587,9.656051661878033,0.8580020116852018,0.8609393310347075,0.8609393310347075,7.530094699831211,10.64916205045506,0.82744091818483,0.8308640120212161,0.8308640120212161,0.7022350902296237,9.325713928210817,3000.0,4.0,0.7795134880888692,streaming_receding_h1,lambda_10,lambda_10_stale_time,strict_fold_local_streaming,-8.023603746464829,10.0
6,stale_time,h1_strict,update_only,6,11361,7.246974774755367,10.248770012634745,0.9136216325489519,0.9159074669537915,0.9159074669537915,8.82927379872645,12.486478752064361,0.8719082504757827,0.8751772045352936,0.8751772045352936,1.582299023971082,17.9210551177982,3000.0,4.0,0.7795134880888692,streaming_receding_h1,lambda_10,lambda_10_stale_time,strict_fold_local_streaming,-8.023603746464829,10.0
