outer_group,validation_group,variant,control,n_test,validation_rmse,alpha,threshold,innovation_rmse,displacement_rmse,displacement_r2,angular_cosine,magnitude_ratio,gain_vs_cv_percent
cn03_1_4/island01,cn03_1_4/island02,cv,real,6172,,,,0.10734809056153762,0.10734808965014805,-0.4351442008593165,0.4393384436342895,1.0122785239856171,0.0
cn03_1_4/island01,cn03_1_4/island02,persistence,real,6172,,,,0.1724778984204209,0.1724778975604542,-2.704877043818912,0.2925163851937028,1.6972012170968147,-60.67160405235616
cn03_1_4/island01,cn03_1_4/island02,relaxation,real,6172,0.08621527340261598,0.01,0.0,0.09831397237778072,0.09831397148772307,-0.2037529943042542,0.4561879725200945,0.9245495698933299,8.415723271711268
cn03_1_4/island01,cn03_1_4/island02,relaxation,kin_time_shuffled,6172,0.09453206449586574,0.01,0.0,0.10729903783863926,0.10729903692853726,-0.4338329219150818,0.4382371690405735,1.010535133834886,0.04569501122065391
cn03_1_4/island01,cn03_1_4/island02,relaxation,kin_spatial_shifted,6172,0.09481786324607379,100.0,0.0,0.1078212647235285,0.10782126381667873,-0.44782388224495073,0.433453156254227,1.0248476473140982,-0.4407848971255712
cn03_1_4/island01,cn03_1_4/island02,relaxation,kin_wrong_island,6172,0.09496531877667666,100.0,0.0,0.10744824243572922,0.10744824152370011,-0.43782332499744725,0.4377677805192939,1.0162483053546376,-0.09329637246312995
cn03_1_4/island01,cn03_1_4/island02,isotropic_pde,real,6172,0.08585116901107905,0.01,0.0,0.0976701453327448,0.09767014445721305,-0.18803862408987038,0.45191508992534524,0.923132861806051,9.015479664776374
cn03_1_4/island01,cn03_1_4/island02,helmholtz_pde,real,6172,0.08592145258416234,0.01,0.0,0.09758449873990586,0.09758449786519569,-0.18595596419083016,0.45300709390663013,0.9238011264063939,9.095263657483171
cn03_1_4/island01,cn03_1_4/island02,helmholtz_pde,kin_time_shuffled,6172,0.09454636321346363,100.0,0.0,0.10727376960472113,0.10727376869405295,-0.4331576845317311,0.4384319447899492,1.0105195780896883,0.06923360847624183
cn03_1_4/island01,cn03_1_4/island02,helmholtz_pde,kin_spatial_shifted,6172,0.09478436978210918,100.0,0.0,0.10784601356585775,0.10784601266054243,-0.4484886134546502,0.43381881977194936,1.0243050844970112,-0.46383965659484877
cn03_1_4/island01,cn03_1_4/island02,helmholtz_pde,kin_wrong_island,6172,0.09518960912131777,100.0,0.0,0.10756965072722216,0.10756964981700436,-0.4410744214376334,0.4356240198186163,1.0170805665719749,-0.20639414038794365
cn03_1_4/island01,cn03_1_4/island02,advective_pde,real,6172,0.08607760992090695,0.01,0.01,0.09714324918917595,0.09714324835449964,-0.17525509699626873,0.4548803598618282,0.9273640366067105,9.5063091750458
cn03_1_4/island01,cn03_1_4/island02,advective_pde,kin_time_shuffled,6172,0.09443833158427972,0.01,0.0,0.10726867458203608,0.10726867366987806,-0.43302155060574976,0.438126486018981,1.00987523169275,0.07397987288717438
cn03_1_4/island01,cn03_1_4/island02,advective_pde,kin_spatial_shifted,6172,0.09475840760394914,100.0,0.03,0.10779781117714986,0.10779781027164403,-0.4471940823657612,0.4336116717748659,1.0237902612777179,-0.41893677191800877
cn03_1_4/island01,cn03_1_4/island02,advective_pde,kin_wrong_island,6172,0.09514164135665867,100.0,0.01,0.1075660578018151,0.10756605689123071,-0.44097815660884954,0.4356597390432058,1.017224775994085,-0.20304715416270352
cn03_1_4/island01,cn03_1_4/island02,boundary_pde,real,6172,0.08607760992090695,0.01,0.01,0.09714324918917595,0.09714324835449964,-0.17525509699626873,0.4548803598618282,0.9273640366067105,9.5063091750458
cn03_1_4/island01,cn03_1_4/island02,mechanics_source_pde,real,6172,0.08591997082222853,0.1,0.0,0.0975759865809865,0.09757598570615851,-0.18574907465999768,0.45307754618383794,0.9243205145487484,9.103193150280775
cn03_1_4/island01,cn03_1_4/island02,mechanics_source_pde,time_shuffled,6172,0.08592131578535137,1.0,0.0,0.0975841236802522,0.0975841228055343,-0.1859468479193469,0.45303283835917424,0.924093916973416,9.095613043916227
cn03_1_4/island01,cn03_1_4/island02,mechanics_source_pde,spatial_shifted,6172,0.08585135034913362,1.0,0.03,0.09758468559279261,0.0975846847180609,-0.18596050588519608,0.4530076682095766,0.9238293182392346,9.095089594893127
cn03_1_4/island01,cn03_1_4/island02,mechanics_source_pde,wrong_island,6172,0.08592116469210631,0.01,0.0,0.09758518626694031,0.0975851853922139,-0.18597267544431784,0.45295175972261204,0.9237962114601287,9.09462319241252
cn03_1_4/island01,cn03_1_4/island02,mechanics_source_pde,kin_time_shuffled,6172,0.0945326710934706,1.0,0.03,0.10727190175916534,0.1072719008484472,-0.43310777682342927,0.438435590149413,1.0108196560475753,0.07097359808558487
cn03_1_4/island01,cn03_1_4/island02,mechanics_source_pde,kin_spatial_shifted,6172,0.09478529611706348,100.0,0.0,0.10784460800990939,0.1078446071045496,-0.4484508574257753,0.43383757485956104,1.0245723295752143,-0.4625303123881546
cn03_1_4/island01,cn03_1_4/island02,mechanics_source_pde,kin_wrong_island,6172,0.09519029305560178,100.0,0.0,0.10756813364263218,0.10756813273236736,-0.44103377397893584,0.4356237604467923,1.0173522254913294,-0.20498090179008643
cn03_1_4/island01,cn03_1_4/island02,full_sparse_pde,real,6172,0.08600615739170081,0.01,0.03,0.09713283902506337,0.09713283819035522,-0.1750032227151379,0.4549028011389391,0.9278417886650872,9.516006752504653
cn03_1_4/island01,cn03_1_4/island02,full_sparse_pde,time_shuffled,6172,0.08607722606365734,10.0,0.01,0.09714307926871957,0.09714307843404071,-0.17525098554819252,0.4549182766117816,0.9276537706089741,9.506467464270582
cn03_1_4/island01,cn03_1_4/island02,full_sparse_pde,spatial_shifted,6172,0.08600768108973628,1.0,0.03,0.09714044411696994,0.09714044328236797,-0.17518722552235277,0.4549313545815645,0.9273775898936424,9.508922237039554
cn03_1_4/island01,cn03_1_4/island02,full_sparse_pde,wrong_island,6172,0.08607725216137223,0.01,0.01,0.09714127521261118,0.09714127437800767,-0.17520733449291237,0.45494347490261305,0.9273366526355372,9.50814803077058
cn03_1_4/island01,cn03_1_4/island02,full_sparse_pde,kin_time_shuffled,6172,0.09442880272664239,1.0,0.03,0.10726646500916415,0.10726646409671436,-0.43296251504127947,0.43800009703056814,1.0101434166165866,0.0760381984436898
cn03_1_4/island01,cn03_1_4/island02,full_sparse_pde,kin_spatial_shifted,6172,0.09475937558482828,100.0,0.03,0.10779781117714986,0.10779781027164403,-0.4471940823657612,0.4336116717748659,1.0237902612777179,-0.41893677191800877
cn03_1_4/island01,cn03_1_4/island02,full_sparse_pde,kin_wrong_island,6172,0.09514233578967457,100.0,0.01,0.10756459543403579,0.10756459452340551,-0.4409389764840055,0.4356509398471591,1.0174946347781173,-0.20168488695332837
cn03_1_4/island02,cn03_1_4/island03,cv,real,5423,,,,0.09457354342339776,0.09457354361639536,-0.506877868278556,0.44574235135761514,1.0163999093650449,0.0
cn03_1_4/island02,cn03_1_4/island03,persistence,real,5423,,,,0.1492329548262371,0.14923295505465134,-2.7520464631127513,0.29877457776767413,1.7401143920040816,-57.79566816271878
cn03_1_4/island02,cn03_1_4/island03,relaxation,real,5423,0.15689349639087638,0.01,0.0,0.08618812108732453,0.08618812123504435,-0.25150779206866813,0.4573423130937035,0.9224269752957844,8.866562529753093
cn03_1_4/island02,cn03_1_4/island03,relaxation,kin_time_shuffled,5423,0.16842603189941235,100.0,0.0,0.09453204942056721,0.09453204961629251,-0.5055558775536446,0.44603692394736316,1.014688121023219,0.04387484968434436
cn03_1_4/island02,cn03_1_4/island03,relaxation,kin_spatial_shifted,5423,0.1689942593499345,100.0,0.0,0.0947924465258205,0.09479244672087188,-0.5138616817978803,0.44376911609936853,1.0228718222326318,-0.23146336290878702
cn03_1_4/island02,cn03_1_4/island03,relaxation,kin_wrong_island,5423,0.16860397214222464,100.0,0.0,0.09494460648229158,0.09494460667299202,-0.5187256557984452,0.4340411352678665,1.0334454287229544,-0.3923539738573726
cn03_1_4/island02,cn03_1_4/island03,isotropic_pde,real,5423,0.15584684889762937,0.01,0.0,0.08583857183669036,0.08583857198850446,-0.24137701072971796,0.4556086793389297,0.9232975718538848,9.23616827061199
cn03_1_4/island02,cn03_1_4/island03,helmholtz_pde,real,5423,0.1556588170507273,0.01,0.0,0.08591131505877779,0.08591131521181765,-0.2434818926208122,0.4553800057526235,0.9240018738480893,9.159251174634022
cn03_1_4/island02,cn03_1_4/island03,helmholtz_pde,kin_time_shuffled,5423,0.1684462722744345,100.0,0.0,0.09454934587205874,0.0945493460667026,-0.506106868566971,0.44468988766122136,1.0149781051137714,0.025585960689932522
cn03_1_4/island02,cn03_1_4/island03,helmholtz_pde,kin_spatial_shifted,5423,0.16924248883988818,100.0,0.0,0.09476366582285652,0.09476366601553708,-0.512942549648296,0.4425513391979869,1.0237555300616024,-0.2010312735164983
cn03_1_4/island02,cn03_1_4/island03,helmholtz_pde,kin_wrong_island,5423,0.16856544631633583,100.0,0.01,0.09515497714622624,0.09515497733724806,-0.5254632534847685,0.4321940897472335,1.0389985281885226,-0.6147953207834599
cn03_1_4/island02,cn03_1_4/island03,advective_pde,real,5423,0.15367929348484013,0.01,0.0,0.08609820433488911,0.08609820445408739,-0.24889785347261317,0.4565324735302565,0.9282040911731477,8.961638570597747
cn03_1_4/island02,cn03_1_4/island03,advective_pde,kin_time_shuffled,5423,0.16845731085516594,100.0,0.0,0.09444293383584901,0.09444293402829392,-0.5027186333098874,0.44401175888104766,1.0142587558958003,0.13810372658892703
cn03_1_4/island02,cn03_1_4/island03,advective_pde,kin_spatial_shifted,5423,0.16917850345654792,100.0,0.03,0.09474009874317797,0.09474009893581882,-0.512190126161145,0.44340924970763324,1.0234258842342259,-0.17611195801125137
cn03_1_4/island02,cn03_1_4/island03,advective_pde,kin_wrong_island,5423,0.16856667335619094,100.0,0.03,0.09510821010057834,0.09510821029267948,-0.5239641437499301,0.43197305069941694,1.038018391763042,-0.5653448690183422
cn03_1_4/island02,cn03_1_4/island03,boundary_pde,real,5423,0.15367929348484013,0.01,0.01,0.08607740006522642,0.08607740018454761,-0.24829437355994655,0.45652625836788724,0.9281703685036524,8.983636550946422
cn03_1_4/island02,cn03_1_4/island03,mechanics_source_pde,real,5423,0.1556456712382408,0.01,0.0,0.08590972066349774,0.08590972081633709,-0.24343573843244504,0.4556020990238289,0.9247777683899799,9.16093705360143
cn03_1_4/island02,cn03_1_4/island03,mechanics_source_pde,time_shuffled,5423,0.15565794507776187,1.0,0.0,0.08591123134017552,0.08591123149319824,-0.24347946913244356,0.4555408000747537,0.924418097808679,9.159339696874188
cn03_1_4/island02,cn03_1_4/island03,mechanics_source_pde,spatial_shifted,5423,0.1556587726600304,0.01,0.0,0.08591157108747188,0.08591157124053377,-0.24348930416016734,0.4553803964830519,0.9240085810717339,9.158980455460005
cn03_1_4/island02,cn03_1_4/island03,mechanics_source_pde,wrong_island,5423,0.15565764481455363,0.01,0.0,0.08591108557224965,0.08591108572527965,-0.24347524944528254,0.45537842265822354,0.9239974758970311,9.159493828688444
cn03_1_4/island02,cn03_1_4/island03,mechanics_source_pde,kin_time_shuffled,5423,0.16840189893378119,0.01,0.03,0.09453258629602013,0.09453258649075427,-0.505572978564359,0.44539724900523975,1.0152005011429581,0.04330717035116852
cn03_1_4/island02,cn03_1_4/island03,mechanics_source_pde,kin_spatial_shifted,5423,0.16923850528825304,100.0,0.0,0.09476461711105756,0.09476461730363768,-0.5129729252453754,0.442668445505706,1.0240937877012926,-0.20203714478262802
cn03_1_4/island02,cn03_1_4/island03,mechanics_source_pde,kin_wrong_island,5423,0.16856141216540954,0.01,0.01,0.0951573751821,0.09515737537300924,-0.5255401419803856,0.4323416685426152,1.0394113291052325,-0.6173309514360441
cn03_1_4/island02,cn03_1_4/island03,full_sparse_pde,real,5423,0.15366793686433222,0.01,0.0,0.08609643062126464,0.08609643074027448,-0.2488463967768535,0.4570473699949923,0.9289883822356539,8.96351405685435
cn03_1_4/island02,cn03_1_4/island03,full_sparse_pde,time_shuffled,5423,0.15367811723163805,0.01,0.01,0.08607697048433188,0.08607697060363695,-0.24828191402714173,0.4568859518413037,0.9285808366314751,8.984090780421427
cn03_1_4/island02,cn03_1_4/island03,full_sparse_pde,spatial_shifted,5423,0.15367941144754527,0.01,0.0,0.08609841228877903,0.08609841240800103,-0.24890388643257233,0.456506207582414,0.9282071534381408,8.961418684670148
cn03_1_4/island02,cn03_1_4/island03,full_sparse_pde,wrong_island,5423,0.15367844987444462,0.01,0.01,0.08607711051413433,0.08607711063343752,-0.24828597543423925,0.4565527441061596,0.9281632281427135,8.98394271596786
cn03_1_4/island02,cn03_1_4/island03,full_sparse_pde,kin_time_shuffled,5423,0.16841412196397104,0.01,0.03,0.09442995609232054,0.09442995628478609,-0.5023056737322289,0.4446518458824085,1.0145552976045829,0.15182610920415587
cn03_1_4/island02,cn03_1_4/island03,full_sparse_pde,kin_spatial_shifted,5423,0.16917539822221753,0.01,0.01,0.0947422525677254,0.09474225276025272,-0.5122588832999124,0.44355412197352534,1.0238361359108412,-0.17838936493875016
cn03_1_4/island02,cn03_1_4/island03,full_sparse_pde,kin_wrong_island,5423,0.16855704847517955,0.01,0.01,0.09511056818317691,0.0951105683751685,-0.5240397140440176,0.4320918594426831,1.0384391444846481,-0.5678382539533386
cn03_1_4/island03,cn03_1_4/island01,cv,real,6225,,,,0.16842122712196225,0.16842123047911683,-0.6901245318270399,0.5808402972371302,1.0206775410962992,0.0
cn03_1_4/island03,cn03_1_4/island01,persistence,real,6225,,,,0.31025449116889137,0.3102544948792162,-4.735366797909605,0.4446143857736149,1.5872761307371186,-84.21341181074305
cn03_1_4/island03,cn03_1_4/island01,relaxation,real,6225,0.09839684676405226,0.01,0.0,0.15687019806149416,0.15687020145005173,-0.4662429673380861,0.5751628997949769,0.9515752016692296,6.858416243727276
cn03_1_4/island03,cn03_1_4/island01,relaxation,kin_time_shuffled,6225,0.10729846114141925,0.01,0.0,0.16842624236986126,0.16842624572852394,-0.6902251904226004,0.5798487819550473,1.0179728691004157,-0.002977801190999518
cn03_1_4/island03,cn03_1_4/island01,relaxation,kin_spatial_shifted,6225,0.10789034239554059,100.0,0.0,0.1689687719605512,0.16896877530241095,-0.7011317335237608,0.5685735544075461,1.0336816143291552,-0.3251043955304688
cn03_1_4/island03,cn03_1_4/island01,relaxation,kin_wrong_island,6225,0.10745917362480337,100.0,0.0,0.16858740646736148,0.1685874098219384,-0.6934614311687928,0.5777316308029621,1.0232786623101469,-0.09866888060895054
cn03_1_4/island03,cn03_1_4/island01,isotropic_pde,real,6225,0.09774435386539321,0.01,0.0,0.15584154777160694,0.15584155114520312,-0.4470767240648872,0.5753306969390676,0.9502110281592537,7.469176717286549
cn03_1_4/island03,cn03_1_4/island01,helmholtz_pde,real,6225,0.09765722694432079,0.01,0.0,0.15566362257833186,0.1556636259508103,-0.4437743386965822,0.5754793887824711,0.9506701985398642,7.574819689901509
cn03_1_4/island03,cn03_1_4/island01,helmholtz_pde,kin_time_shuffled,6225,0.10726824729772289,0.01,0.0,0.16844335235358074,0.16844335571100544,-0.6905686189923277,0.5790386331324756,1.0183848775298543,-0.01313684256174982
cn03_1_4/island03,cn03_1_4/island01,helmholtz_pde,kin_spatial_shifted,6225,0.10791021786304265,100.0,0.0,0.169214637740584,0.1692146410842413,-0.7060859551533263,0.564411621525096,1.0370420717477844,-0.47108704933897905
cn03_1_4/island03,cn03_1_4/island01,helmholtz_pde,kin_wrong_island,6225,0.10757729616426127,100.0,0.01,0.16855243849401835,0.1685524418483633,-0.6927589970626296,0.5758088154192544,1.0246043847129545,-0.07790666822299953
cn03_1_4/island03,cn03_1_4/island01,advective_pde,real,6225,0.09719086096083657,0.01,0.01,0.1537135098197859,0.1537135131419452,-0.40782648317715076,0.5790999764120911,0.9521135002745178,8.732697947480734
cn03_1_4/island03,cn03_1_4/island01,advective_pde,kin_time_shuffled,6225,0.107264163460496,0.01,0.0,0.16845837660275031,0.16845837996015167,-0.6908702118545025,0.5782788009784438,1.0176535810403773,-0.02205748107240166
cn03_1_4/island03,cn03_1_4/island01,advective_pde,kin_spatial_shifted,6225,0.10785277902891718,100.0,0.03,0.169152584170803,0.1691525875148023,-0.7048348895153009,0.5625257926390638,1.0371851622449255,-0.43424278139100403
cn03_1_4/island03,cn03_1_4/island01,advective_pde,kin_wrong_island,6225,0.10757349344851817,100.0,0.0,0.16855704532810786,0.16855704868187005,-0.6928515304647094,0.5756728630831351,1.0246488999979475,-0.08064197272923586
cn03_1_4/island03,cn03_1_4/island01,boundary_pde,real,6225,0.09719081225118192,0.01,0.0,0.153712997615871,0.15371300093777215,-0.4078171008738849,0.5790041591411748,0.9520743776577292,8.733002068387338
cn03_1_4/island03,cn03_1_4/island01,mechanics_source_pde,real,6225,0.09765001234943822,0.01,0.0,0.15565013501920955,0.15565013839173664,-0.4435241563185306,0.5756736358612977,0.9510376417703666,7.582827919645043
cn03_1_4/island03,cn03_1_4/island01,mechanics_source_pde,time_shuffled,6225,0.09765670400427175,0.01,0.0,0.15566261474770668,0.15566261812028953,-0.443755643575942,0.5755508078012836,0.950858905006836,7.575418088641319
cn03_1_4/island03,cn03_1_4/island01,mechanics_source_pde,spatial_shifted,6225,0.0976571164879805,10.0,0.0,0.15566422545688657,0.1556642288293622,-0.44378552207051203,0.5755163213535298,0.9506546656417618,7.574461731139303
cn03_1_4/island03,cn03_1_4/island01,mechanics_source_pde,wrong_island,6225,0.09765731131844474,10.0,0.03,0.15566372154687252,0.15566372491935365,-0.44377617455628027,0.5754804613580817,0.9506716845562286,7.5747609273909395
cn03_1_4/island03,cn03_1_4/island01,mechanics_source_pde,kin_time_shuffled,6225,0.10726666327637485,0.01,0.0,0.1684385840050624,0.16843858736247638,-0.6904729060299037,0.5792157884123066,1.0185879742568507,-0.010305638612289125
cn03_1_4/island03,cn03_1_4/island01,mechanics_source_pde,kin_spatial_shifted,6225,0.10790909108680397,100.0,0.0,0.16921073374939227,0.16921073709303572,-0.7060072330322527,0.5645482231281344,1.037216584121232,-0.4687690570083901
cn03_1_4/island03,cn03_1_4/island01,mechanics_source_pde,kin_wrong_island,6225,0.10757607562089348,100.0,0.01,0.16854849001068292,0.16854849336501534,-0.6926796893723759,0.5759543965587951,1.0247802173425773,-0.0755622587107806
cn03_1_4/island03,cn03_1_4/island01,full_sparse_pde,real,6225,0.09718449149790065,0.01,0.01,0.1537017644243759,0.15370176774658395,-0.4076113446826728,0.5793669369211146,0.9524726562186459,8.739671768612332
cn03_1_4/island03,cn03_1_4/island01,full_sparse_pde,time_shuffled,6225,0.09719054825275317,10.0,0.0,0.15371194537746685,0.15371194869946797,-0.40779782658999864,0.5791031381387465,0.9522746649316542,8.733626834220715
cn03_1_4/island03,cn03_1_4/island01,full_sparse_pde,spatial_shifted,6225,0.09719070216744768,10.0,0.0,0.15371345996992852,0.15371346329182,-0.40782557004578557,0.5791343240782465,0.9520572912380867,8.732727545961314
cn03_1_4/island03,cn03_1_4/island01,full_sparse_pde,wrong_island,6225,0.09719108814600795,100.0,0.01,0.15371372764104907,0.1537137309632008,-0.40783047312888954,0.579102374999555,0.9521307080099067,8.732568616246798
cn03_1_4/island03,cn03_1_4/island01,full_sparse_pde,kin_time_shuffled,6225,0.10726163606370527,0.01,0.01,0.16844823571023082,0.16844823906738388,-0.6906666432650459,0.5784246725388584,1.0178520129089588,-0.016036332349673763
cn03_1_4/island03,cn03_1_4/island01,full_sparse_pde,kin_spatial_shifted,6225,0.10785167586162628,100.0,0.03,0.169152584170803,0.1691525875148023,-0.7048348895153009,0.5625257926390638,1.0371851622449255,-0.43424278139100403
cn03_1_4/island03,cn03_1_4/island01,full_sparse_pde,kin_wrong_island,6225,0.10757231554850813,100.0,0.0,0.16855308051522852,0.16855308386897797,-0.692771892612877,0.5757086551666601,1.0248386427806964,-0.07828786756042594
cn03_1_4/island04,cn03_1_4/island03,cv,real,7278,,,,0.09074604735662659,0.09074604720442103,-0.48247084639237015,0.4355663964443479,1.0073857781727362,0.0
cn03_1_4/island04,cn03_1_4/island03,persistence,real,7278,,,,0.14641935289589386,0.146419352671061,-2.859470208698645,0.2689620629015264,1.7233468654197435,-61.35066725410782
cn03_1_4/island04,cn03_1_4/island03,relaxation,real,7278,0.15689643731372477,0.01,0.0,0.0816625435104828,0.08166254342999114,-0.20053971726752517,0.47285221918051284,0.9026908780680736,10.009806547240277
cn03_1_4/island04,cn03_1_4/island03,relaxation,kin_time_shuffled,7278,0.1684270771632469,100.0,0.0,0.09075512724765561,0.09075512709485362,-0.4827675281034767,0.43359958731436443,1.006893162578286,-0.010005824729896981
cn03_1_4/island04,cn03_1_4/island03,relaxation,kin_spatial_shifted,7278,0.1690050578547042,100.0,0.0,0.09101369040870697,0.09101369025449987,-0.4912284318760043,0.4342823163077091,1.0161274342613686,-0.29493631769539225
cn03_1_4/island04,cn03_1_4/island03,relaxation,kin_wrong_island,7278,0.16859882058076184,100.0,0.0,0.09098266792466428,0.09098266777518488,-0.49021201953625426,0.4310861746433404,1.015563293798302,-0.26075027844553644
cn03_1_4/island04,cn03_1_4/island03,isotropic_pde,real,7278,0.15582569252385634,0.01,0.0,0.0813094418714018,0.08130944180419572,-0.1901801073883791,0.47220347889003367,0.9016881735228295,10.398916196280968
cn03_1_4/island04,cn03_1_4/island03,helmholtz_pde,real,7278,0.155641867830202,0.01,0.0,0.08132919265360404,0.08132919258831872,-0.19075838820976987,0.4724564518394221,0.9023188052294074,10.377151298821017
cn03_1_4/island04,cn03_1_4/island03,helmholtz_pde,kin_time_shuffled,7278,0.16844465118082935,100.0,0.0,0.09073809518214172,0.09073809502891206,-0.482211036688589,0.43296953015537276,1.0069547777424697,0.008763109528132218
cn03_1_4/island04,cn03_1_4/island03,helmholtz_pde,kin_spatial_shifted,7278,0.16925103126976287,100.0,0.0,0.09100971945564591,0.0910097193082366,-0.4910983095005106,0.4349813550030362,1.014232118460535,-0.29056042873317345
cn03_1_4/island04,cn03_1_4/island03,helmholtz_pde,kin_wrong_island,7278,0.16856101069200377,100.0,0.01,0.0910328214242854,0.09103282127563132,-0.4918554083434372,0.4272421457644811,1.0199158834168014,-0.3160182509815369
cn03_1_4/island04,cn03_1_4/island03,advective_pde,real,7278,0.1536668872298293,0.01,0.0,0.08110185756178837,0.0811018575278481,-0.18411076800041992,0.4704521092209058,0.9072407957066249,10.627669164308328
cn03_1_4/island04,cn03_1_4/island03,advective_pde,kin_time_shuffled,7278,0.1684653094631487,100.0,0.03,0.0907831668081691,0.09078316665484099,-0.48368389664447675,0.4319779137255812,1.0073213422335077,-0.04090475735690782
cn03_1_4/island04,cn03_1_4/island03,advective_pde,kin_spatial_shifted,7278,0.16918579458499458,100.0,0.03,0.0910128582127653,0.09101285806424259,-0.49120116169070793,0.43501888028268443,1.014942551174892,-0.29401926369367504
cn03_1_4/island04,cn03_1_4/island03,advective_pde,kin_wrong_island,7278,0.1685645893484486,100.0,0.03,0.09104730623251252,0.09104730608375607,-0.4923302032191377,0.42558881516981517,1.0208958353825353,-0.33198016730844127
cn03_1_4/island04,cn03_1_4/island03,boundary_pde,real,7278,0.1536668872298293,0.01,0.01,0.08110185756178837,0.0811018575278481,-0.18411076800041992,0.4704521092209058,0.9072407957066249,10.627669164308328
cn03_1_4/island04,cn03_1_4/island03,mechanics_source_pde,real,7278,0.15562741527622387,0.01,0.0,0.08133343918554882,0.08133343912064941,-0.19088274026210073,0.4716357178445161,0.9033584348301124,10.372471720523654
cn03_1_4/island04,cn03_1_4/island03,mechanics_source_pde,time_shuffled,7278,0.15564093339722523,1.0,0.0,0.08133247883879889,0.0813324787736147,-0.19085461766040668,0.47234004612297864,0.9028199834174412,10.373530000266188
cn03_1_4/island04,cn03_1_4/island03,mechanics_source_pde,spatial_shifted,7278,0.15564226709273804,0.01,0.0,0.08140135112932982,0.08140135106424493,-0.19287230143166023,0.472247340529576,0.9044791478888554,10.297634363208765
cn03_1_4/island04,cn03_1_4/island03,mechanics_source_pde,wrong_island,7278,0.15564296361403576,100.0,0.03,0.0813304590723386,0.08133045900703184,-0.19079547232184701,0.47244536738667264,0.9023412866165369,10.37575573532031
cn03_1_4/island04,cn03_1_4/island03,mechanics_source_pde,kin_time_shuffled,7278,0.16843951396861984,100.0,0.0,0.09074030157246933,0.09074030141942308,-0.4822831205498699,0.43324422142028157,1.0074197135225362,0.006331719314466232
cn03_1_4/island04,cn03_1_4/island03,mechanics_source_pde,kin_spatial_shifted,7278,0.1692464199862736,100.0,0.0,0.09101164029913,0.0910116401518941,-0.4911612521615296,0.4349322785480768,1.0146523317825042,-0.2926771530607538
cn03_1_4/island04,cn03_1_4/island03,mechanics_source_pde,kin_wrong_island,7278,0.16855626886027741,100.0,0.01,0.09103518720414876,0.09103518705567325,-0.4919329506531769,0.4272850219946536,1.0203667030483181,-0.31862528469243206
cn03_1_4/island04,cn03_1_4/island03,full_sparse_pde,real,7278,0.15365419904420308,0.01,0.01,0.08110603354594009,0.0811060335123361,-0.18423271232219252,0.4699113186308842,0.9082167835760286,10.623067328066808
cn03_1_4/island04,cn03_1_4/island03,full_sparse_pde,time_shuffled,7278,0.1536659675851516,1.0,0.01,0.08110499302950046,0.0811049929956606,-0.18420232725890218,0.47039615400274243,0.9077344103917303,10.624213952859355
cn03_1_4/island04,cn03_1_4/island03,full_sparse_pde,spatial_shifted,7278,0.15366738491834586,1.0,0.01,0.08111916241243215,0.08111916237864532,-0.18461613364501384,0.47054400442731326,0.9076306230033221,10.608599627584335
cn03_1_4/island04,cn03_1_4/island03,full_sparse_pde,wrong_island,7278,0.1536680186054482,10.0,0.01,0.08110499251121363,0.08110499247730697,-0.18420231212208882,0.4704673589453863,0.9072226331785211,10.624214524072801
cn03_1_4/island04,cn03_1_4/island03,full_sparse_pde,kin_time_shuffled,7278,0.16845390681749883,0.1,0.03,0.09078578989178954,0.09078578973864496,-0.4837696368442965,0.43187084834917483,1.0078103189383356,-0.04379533373436917
cn03_1_4/island04,cn03_1_4/island03,full_sparse_pde,kin_spatial_shifted,7278,0.16918329995673828,1.0,0.03,0.09101604796714227,0.09101604781880075,-0.49130568865879076,0.4349741438667181,1.0154067706335017,-0.29753429785376484
cn03_1_4/island04,cn03_1_4/island03,full_sparse_pde,kin_wrong_island,7278,0.16856025247503817,10.0,0.03,0.09105047099741755,0.09105047084884109,-0.492433950530468,0.4255737493409848,1.0213758025600155,-0.3354676636595428
cn03_5_8/island05,cn03_5_8/island06,cv,real,7166,,,,0.09256718507050724,0.09256718455529418,-0.15656426722978534,0.4870914769754217,1.0046373588496842,0.0
cn03_5_8/island05,cn03_5_8/island06,persistence,real,7166,,,,0.14977188580667936,0.14977188536722985,-2.0277237982042684,0.30919509741058476,1.5948679576148306,-61.79803467800725
cn03_5_8/island05,cn03_5_8/island06,relaxation,real,7166,0.0950055523202581,0.01,0.0,0.08371000181837497,0.08371000129225614,0.05417593872673154,0.5272047034106859,0.9189999766665289,9.568383553620215
cn03_5_8/island05,cn03_5_8/island06,relaxation,kin_time_shuffled,7166,0.1027297536775445,100.0,0.0,0.09271082982368922,0.09271082930966097,-0.16015654009944047,0.48411007328676314,1.0045146415733204,-0.15517891686657562
cn03_5_8/island05,cn03_5_8/island06,relaxation,kin_spatial_shifted,7166,0.10286778038961097,100.0,0.0,0.09263026523564256,0.09263026472056789,-0.15814109218350914,0.4970737445878104,1.0072852660813298,-0.06814527802347078
cn03_5_8/island05,cn03_5_8/island06,relaxation,kin_wrong_island,7166,0.10284089170153993,100.0,0.0,0.09265116595386721,0.09265116543934403,-0.1586637877023822,0.48549077889664327,1.007084851149125,-0.09072425012524754
cn03_5_8/island05,cn03_5_8/island06,isotropic_pde,real,7166,0.09460833648534728,0.01,0.0,0.0835648321599787,0.08356483162663787,0.057453585450829014,0.5225944176195628,0.9202665944834844,9.725209826684136
cn03_5_8/island05,cn03_5_8/island06,helmholtz_pde,real,7166,0.09455619535335434,0.01,0.0,0.08352750649894805,0.08352750596922041,0.05829540626830043,0.5229908448588619,0.9206606047570586,9.76553260153872
cn03_5_8/island05,cn03_5_8/island06,helmholtz_pde,kin_time_shuffled,7166,0.10272520207880706,100.0,0.0,0.09270929572568734,0.09270929521238962,-0.16011814591678575,0.48509695210513315,1.004218450468562,-0.15352163704465477
cn03_5_8/island05,cn03_5_8/island06,helmholtz_pde,kin_spatial_shifted,7166,0.10284626551143135,100.0,0.0,0.09242116519263592,0.09242116467730854,-0.15291830622880198,0.5031085701747142,1.0069969121348274,0.1577447544582239
cn03_5_8/island05,cn03_5_8/island06,helmholtz_pde,kin_wrong_island,7166,0.10273525619260496,100.0,0.0,0.09272808631682918,0.09272808580355373,-0.16058846585408149,0.48460030636645124,1.0086903028107592,-0.173821045797747
cn03_5_8/island05,cn03_5_8/island06,advective_pde,real,7166,0.09389008389518304,0.01,0.0,0.08326845449635832,0.08326845402513493,0.06412754765511319,0.5219845409889153,0.9245429070498913,10.045385494688716
cn03_5_8/island05,cn03_5_8/island06,advective_pde,kin_time_shuffled,7166,0.10277958546779246,100.0,0.0,0.09275939136277023,0.09275939085060216,-0.16137222859672162,0.4835454721087988,1.0043161956327837,-0.20763977669987374
cn03_5_8/island05,cn03_5_8/island06,advective_pde,kin_spatial_shifted,7166,0.10281803738223343,100.0,0.0,0.09235847426852142,0.09235847375296524,-0.15135474660480153,0.5039459868683058,1.0067752676464639,0.2254695368900074
cn03_5_8/island05,cn03_5_8/island06,advective_pde,kin_wrong_island,7166,0.1027344411014715,100.0,0.0,0.09266151472675092,0.09266151421352403,-0.15892263861899303,0.48520285110151173,1.0088723792853294,-0.1019039940374364
cn03_5_8/island05,cn03_5_8/island06,boundary_pde,real,7166,0.09389008389518304,0.01,0.01,0.08326845449635832,0.08326845402513493,0.06412754765511319,0.5219845409889153,0.9245429070498913,10.045385494688716
cn03_5_8/island05,cn03_5_8/island06,mechanics_source_pde,real,7166,0.09463879306626695,100.0,0.01,0.08354734545976854,0.08354734492993374,0.057848016898934373,0.5237191431997631,0.9238262596654482,9.744100642893082
cn03_5_8/island05,cn03_5_8/island06,mechanics_source_pde,time_shuffled,7166,0.09457902491578982,100.0,0.03,0.08353317983699558,0.08353317930724503,0.05816747739367756,0.5233290273415342,0.9220164200493295,9.759403714663879
cn03_5_8/island05,cn03_5_8/island06,mechanics_source_pde,spatial_shifted,7166,0.09455651978220138,10.0,0.0,0.08352800466744725,0.0835280041376418,0.05828417334845226,0.5229629830065174,0.9206559846520219,9.764994431966228
cn03_5_8/island05,cn03_5_8/island06,mechanics_source_pde,wrong_island,7166,0.09455728518702924,100.0,0.03,0.08352889272766595,0.08352889219792561,0.05826414880988828,0.5229782087125215,0.9206840493823716,9.764035063602508
cn03_5_8/island05,cn03_5_8/island06,mechanics_source_pde,kin_time_shuffled,7166,0.10275433052691353,100.0,0.0,0.0927154506357279,0.0927154501223638,-0.16027219001247617,0.4856939238082546,1.0056643161036178,-0.16017076438255168
cn03_5_8/island05,cn03_5_8/island06,mechanics_source_pde,kin_spatial_shifted,7166,0.10287230511536147,100.0,0.0,0.09242756192474523,0.09242756140935711,-0.1530779052713771,0.5035335033884301,1.0084085118645845,0.15083438759409468
cn03_5_8/island05,cn03_5_8/island06,mechanics_source_pde,kin_wrong_island,7166,0.10276295985381323,100.0,0.0,0.09273250478365902,0.09273250427031622,-0.16069907190598598,0.4851519336810569,1.0099916516151204,-0.17859429971458884
cn03_5_8/island05,cn03_5_8/island06,full_sparse_pde,real,7166,0.09391094052373786,1.0,0.03,0.08328459272163147,0.08328459225166143,0.06376475035337092,0.5226577897103077,0.9277597900929669,10.027951426013045
cn03_5_8/island05,cn03_5_8/island06,full_sparse_pde,time_shuffled,7166,0.09390954082300638,100.0,0.03,0.08326881520192277,0.08326881473201218,0.06411943950983978,0.5223330537162658,0.9259174108454465,10.044995824333082
cn03_5_8/island05,cn03_5_8/island06,full_sparse_pde,spatial_shifted,7166,0.09381833590831,1.0,0.03,0.08326387955200587,0.083263879081958,0.0642303824134004,0.5219993090593189,0.9246146552116441,10.050327789519127
cn03_5_8/island05,cn03_5_8/island06,full_sparse_pde,wrong_island,7166,0.09389313253678931,10.0,0.03,0.08326515704228954,0.08326515657243479,0.06420166777846603,0.5217729039604467,0.9246056980971921,10.04894772110403
cn03_5_8/island05,cn03_5_8/island06,full_sparse_pde,kin_time_shuffled,7166,0.10280962457843376,100.0,0.0,0.0927664400904493,0.09276643957825065,-0.16154873919030743,0.48411627245884264,1.005770506600632,-0.21525449208995037
cn03_5_8/island05,cn03_5_8/island06,full_sparse_pde,kin_spatial_shifted,7166,0.10284425866346036,100.0,0.0,0.09236561470704512,0.09236561419146153,-0.15153278106596568,0.5046903156991698,1.0081879833128882,0.21775574659748922
cn03_5_8/island05,cn03_5_8/island06,full_sparse_pde,kin_wrong_island,7166,0.10276178674332022,100.0,0.0,0.09266649014683717,0.09266648963356976,-0.15904709766288905,0.4856370675700624,1.0101452182719661,-0.10727892260378238
cn03_5_8/island06,cn03_5_8/island08,cv,real,6487,,,,0.10274530145587212,0.10274530121572065,-0.1689204277199603,0.5641002971437676,0.9971957866206413,0.0
cn03_5_8/island06,cn03_5_8/island08,persistence,real,6487,,,,0.16002341036256892,0.16002341013672913,-1.835489550232687,0.4005166757449618,1.5190272722026832,-55.74766752666309
cn03_5_8/island06,cn03_5_8/island08,relaxation,real,6487,0.08616717934443661,0.01,0.0,0.09497965278917621,0.09497965257137463,0.0010996571729612326,0.5820650412330581,0.9334738002196683,7.558154535983618
cn03_5_8/island06,cn03_5_8/island08,relaxation,kin_time_shuffled,6487,0.09511700472649014,100.0,0.0,0.10272847788489357,0.1027284776439968,-0.16853765972162815,0.5622374955870464,0.9948727855617929,0.016374054603748495
cn03_5_8/island06,cn03_5_8/island08,relaxation,kin_spatial_shifted,6487,0.0951508783062553,100.0,0.0,0.10285631970698562,0.10285631947181847,-0.17144787405881456,0.5632372602980277,1.0004581444035165,-0.10805190581390932
cn03_5_8/island06,cn03_5_8/island08,relaxation,kin_wrong_island,6487,0.09533163085952061,100.0,0.0,0.10283463179921559,0.10283463155532303,-0.17095391150474382,0.5640367599528517,1.0007890492857339,-0.08694347921062727
cn03_5_8/island06,cn03_5_8/island08,isotropic_pde,real,6487,0.0861472577222242,0.01,0.0,0.09459867441952323,0.09459867419760129,0.00909707927193304,0.5807298880702987,0.9338971210434813,7.928953364996193
cn03_5_8/island06,cn03_5_8/island08,helmholtz_pde,real,6487,0.08609220806500827,0.01,0.0,0.09454531299503761,0.09454531277489808,0.010214665260499523,0.5804862908017026,0.934192434181881,7.980888998131544
cn03_5_8/island06,cn03_5_8/island08,helmholtz_pde,kin_time_shuffled,6487,0.09515140083771481,100.0,0.0,0.10272258197558602,0.10272258173531609,-0.16840353150748366,0.5629805525073066,0.9947740244570903,0.02211242765920047
cn03_5_8/island06,cn03_5_8/island08,helmholtz_pde,kin_spatial_shifted,6487,0.09529193623325492,100.0,0.0,0.10283770959290392,0.1028377093632701,-0.1710240051129539,0.5651102701572023,1.002137445334708,-0.08993904972396737
cn03_5_8/island06,cn03_5_8/island08,helmholtz_pde,kin_wrong_island,6487,0.09529205710931264,100.0,0.03,0.10273266319805345,0.10273266295819078,-0.16863287765910373,0.5644490362720426,1.0008269486872443,0.012300569836602973
cn03_5_8/island06,cn03_5_8/island08,advective_pde,real,6487,0.08515892883321122,0.01,0.0,0.09387765105331142,0.09387765081606239,0.024144676648424346,0.5818053348813957,0.9370950414751895,8.630711375345554
cn03_5_8/island06,cn03_5_8/island08,advective_pde,kin_time_shuffled,6487,0.09514537840165112,100.0,0.0,0.10277196987468896,0.10277196963576272,-0.16952731302247614,0.5621811054324359,0.9941435114894981,-0.025955853675571888
cn03_5_8/island06,cn03_5_8/island08,advective_pde,kin_spatial_shifted,6487,0.09520475562379134,100.0,0.03,0.10281506679500568,0.10281506656417086,-0.17050838992883155,0.5645655687404909,1.0025386054875052,-0.06790125448533701
cn03_5_8/island06,cn03_5_8/island08,advective_pde,kin_wrong_island,6487,0.09531906693190145,100.0,0.01,0.1027347480892357,0.10273474784841284,-0.16868031137517692,0.5652871595594142,1.0011813736874995,0.010271386801084118
cn03_5_8/island06,cn03_5_8/island08,boundary_pde,real,6487,0.08515892883321122,0.01,0.01,0.09387765105331142,0.09387765081606239,0.024144676648424346,0.5818053348813957,0.9370950414751895,8.630711375345554
cn03_5_8/island06,cn03_5_8/island08,mechanics_source_pde,real,6487,0.08616939705923846,100.0,0.03,0.0945970188125044,0.0945970185915311,0.009131763278840022,0.5800208683455909,0.936832218233221,7.930564734129957
cn03_5_8/island06,cn03_5_8/island08,mechanics_source_pde,time_shuffled,6487,0.08612113121543208,10.0,0.0,0.09456131605539345,0.09456131583484392,0.009879568065046862,0.580629813597024,0.9350716249617962,7.9653135316562045
cn03_5_8/island06,cn03_5_8/island08,mechanics_source_pde,spatial_shifted,6487,0.08609456872887185,10.0,0.0,0.09454516773420038,0.09454516751409991,0.010217706699425788,0.5805040412495227,0.9341981959999477,7.981030377636444
cn03_5_8/island06,cn03_5_8/island08,mechanics_source_pde,wrong_island,6487,0.08609144316770644,1.0,0.0,0.0945477858570248,0.09454778563684064,0.01016288829932277,0.5804874382185617,0.9342649487787966,7.978482209778886
cn03_5_8/island06,cn03_5_8/island08,mechanics_source_pde,kin_time_shuffled,6487,0.09518379053427611,100.0,0.0,0.10274011808881767,0.10274011784810938,-0.16880248964628586,0.5628349494817062,0.9959723691908017,0.005044870714217744
cn03_5_8/island06,cn03_5_8/island08,mechanics_source_pde,kin_spatial_shifted,6487,0.09532278973496673,100.0,0.0,0.10285291006709232,0.10285290983705,-0.1713702095415861,0.5651911030819619,1.0031380995724266,-0.10473337471990724
cn03_5_8/island06,cn03_5_8/island08,mechanics_source_pde,kin_wrong_island,6487,0.09532087652820408,100.0,0.03,0.10274989391498755,0.10274989367471275,-0.16902492571721828,0.564397801024962,1.001972580036411,-0.0044697508672087525
cn03_5_8/island06,cn03_5_8/island08,full_sparse_pde,real,6487,0.08521373545364604,1.0,0.03,0.09392739743156628,0.09392739719349037,0.023110178468404352,0.5815595126312374,0.9395686645142056,8.582294195348645
cn03_5_8/island06,cn03_5_8/island08,full_sparse_pde,time_shuffled,6487,0.08518697973853745,10.0,0.03,0.09389199811904984,0.0938919978813965,0.02384637924109889,0.5817324071377524,0.9379228730109508,8.616747656163897
cn03_5_8/island06,cn03_5_8/island08,full_sparse_pde,spatial_shifted,6487,0.08513767681780954,0.1,0.01,0.09387784886758109,0.09387784863037844,0.02414056409650045,0.5818394082504441,0.9371183158986862,8.630518846525538
cn03_5_8/island06,cn03_5_8/island08,full_sparse_pde,wrong_island,6487,0.08515788679787456,1.0,0.01,0.09388061196891007,0.09388061173159795,0.024083118423890215,0.5816498350367584,0.9371770804781563,8.62782957393904
cn03_5_8/island06,cn03_5_8/island08,full_sparse_pde,kin_time_shuffled,6487,0.09517834557106589,100.0,0.0,0.10278998552878556,0.1027899852894051,-0.16993737903194028,0.5620098721974693,0.9953096409247743,-0.04349013838660455
cn03_5_8/island06,cn03_5_8/island08,full_sparse_pde,kin_spatial_shifted,6487,0.09523606852150128,100.0,0.03,0.10282922498873646,0.1028292247575363,-0.1708307828566602,0.5649218181498746,1.003475475399325,-0.08168114825946585
cn03_5_8/island06,cn03_5_8/island08,full_sparse_pde,kin_wrong_island,6487,0.0953473927375898,1.0,0.03,0.10275183604257264,0.10275183580131375,-0.1690691187724358,0.565163813630337,1.0023287698022973,-0.006359984851652212
cn03_5_8/island07,cn03_5_8/island06,cv,real,7300,,,,0.0870381560729047,0.0870381560590085,0.18960170629055662,0.6077948082907287,1.0115639002533185,0.0
cn03_5_8/island07,cn03_5_8/island06,persistence,real,7300,,,,0.1396817928735162,0.13968179288837443,-1.0871744803903733,0.43649456180967877,1.4234436588205326,-60.48340085890099
cn03_5_8/island07,cn03_5_8/island06,relaxation,real,7300,0.09498499046604698,0.01,0.0,0.08002039962272724,0.08002039959027478,0.3150157497001329,0.6348731831565739,0.963976444258544,8.062850577826984
cn03_5_8/island07,cn03_5_8/island06,relaxation,kin_time_shuffled,7300,0.10272862969759149,100.0,0.0,0.08703379289217482,0.08703379287885074,0.18968295399359358,0.6077635050070281,1.0107935577121407,0.005012951049651126
cn03_5_8/island07,cn03_5_8/island06,relaxation,kin_spatial_shifted,7300,0.10286897862997053,100.0,0.0,0.08720246098955864,0.08720246097302874,0.1865391850653173,0.6046575291718591,1.0150912887848111,-0.18877343163019922
cn03_5_8/island07,cn03_5_8/island06,relaxation,kin_wrong_island,7300,0.10284389065204554,100.0,0.0,0.08720754605008033,0.08720754604073791,0.18644431104723957,0.6033281544881894,1.0141755284512268,-0.19461577473513128
cn03_5_8/island07,cn03_5_8/island06,isotropic_pde,real,7300,0.09458509414615533,0.01,0.0,0.07983582580265822,0.07983582577418778,0.3181720535116991,0.6327253805795077,0.9640772153093418,8.274911384769933
cn03_5_8/island07,cn03_5_8/island06,helmholtz_pde,real,7300,0.09453291014796453,0.01,0.0,0.07981371899234223,0.07981371896686097,0.318549602112454,0.6324225734802565,0.964308620734163,8.30031036876475
cn03_5_8/island07,cn03_5_8/island06,helmholtz_pde,kin_time_shuffled,7300,0.10272281282378459,100.0,0.0,0.0870378666482885,0.08703786663513623,0.18960709583998892,0.6081479870369392,1.0107129730373117,0.0003325252801483259
cn03_5_8/island07,cn03_5_8/island06,helmholtz_pde,kin_spatial_shifted,7300,0.10284784660069966,100.0,0.0,0.08706077716355935,0.08706077715089543,0.1891804088426401,0.6072870030463877,1.0151748804743468,-0.025989856530959643
cn03_5_8/island07,cn03_5_8/island06,helmholtz_pde,kin_wrong_island,7300,0.10273900696266673,100.0,0.01,0.08735457414113719,0.0873545741286711,0.1836987603219361,0.5993864738511792,1.0165917779118214,-0.36353949117222645
cn03_5_8/island07,cn03_5_8/island06,advective_pde,real,7300,0.0937942499800709,0.01,0.03,0.07983030786941439,0.07983030784165743,0.3182663006883937,0.6337816470434084,0.9665282885874183,8.281251055530667
cn03_5_8/island07,cn03_5_8/island06,advective_pde,kin_time_shuffled,7300,0.10277311063660745,100.0,0.0,0.08703246854652472,0.08703246853255463,0.1897076141210764,0.608185794644222,1.0103282989979574,0.006534520848551646
cn03_5_8/island07,cn03_5_8/island06,advective_pde,kin_spatial_shifted,7300,0.10282126974395149,100.0,0.0,0.08706269895724063,0.08706269894402745,0.18914461213209222,0.6067790911345288,1.015522488865526,-0.028197845784221676
cn03_5_8/island07,cn03_5_8/island06,advective_pde,kin_wrong_island,7300,0.1027401262624291,100.0,0.0,0.0873695241734422,0.08736952416223757,0.18341932961460283,0.598817835610489,1.0169441056620279,-0.38071590464809696
cn03_5_8/island07,cn03_5_8/island06,boundary_pde,real,7300,0.0937942499800709,0.01,0.03,0.07983030786941439,0.07983030784165743,0.3182663006883937,0.6337816470434084,0.9665282885874183,8.281251055530667
cn03_5_8/island07,cn03_5_8/island06,mechanics_source_pde,real,7300,0.09460788406561008,100.0,0.03,0.07983404546335592,0.07983404543831923,0.3182024626470159,0.6334527624772207,0.9662081567582267,8.27695685074619
cn03_5_8/island07,cn03_5_8/island06,mechanics_source_pde,time_shuffled,7300,0.09455430779409617,100.0,0.03,0.07981817247394256,0.07981817244873778,0.31847355223768214,0.6328183882257685,0.9650499256951341,8.295193668137745
cn03_5_8/island07,cn03_5_8/island06,mechanics_source_pde,spatial_shifted,7300,0.09453323573349312,10.0,0.0,0.07981398510880071,0.07981398508330707,0.31854505789467413,0.6324821993941906,0.9643330392420859,8.300004621885277
cn03_5_8/island07,cn03_5_8/island06,mechanics_source_pde,wrong_island,7300,0.0945330169710034,10.0,0.03,0.0798156459912294,0.07981564596566325,0.31851669624189094,0.6324090569697605,0.9643272719090328,8.298096398605535
cn03_5_8/island07,cn03_5_8/island06,mechanics_source_pde,kin_time_shuffled,7300,0.10274424300337458,0.1,0.03,0.08704875866233469,0.08704875864946914,0.18940425623081425,0.6084956419266851,1.0117858814669534,-0.012181543061929088
cn03_5_8/island07,cn03_5_8/island06,mechanics_source_pde,kin_spatial_shifted,7300,0.1028728127228992,100.0,0.0,0.08706978579505051,0.08706978578263884,0.18901260071464054,0.6076926592962238,1.016124289232623,-0.03634006631401717
cn03_5_8/island07,cn03_5_8/island06,mechanics_source_pde,kin_wrong_island,7300,0.10276728647809127,100.0,0.01,0.08736415288351809,0.0873641528713127,0.18351972978417097,0.5994851184895759,1.0175430066610276,-0.3745447135658433
cn03_5_8/island07,cn03_5_8/island06,full_sparse_pde,real,7300,0.09386438229495773,100.0,0.03,0.07984775758590384,0.07984775755856503,0.3179682344393251,0.6337397231984186,0.9683022636846342,8.261202702374177
cn03_5_8/island07,cn03_5_8/island06,full_sparse_pde,time_shuffled,7300,0.09381225021493966,100.0,0.03,0.07983442437242176,0.07983442434492888,0.3181959907663793,0.6337709141662677,0.9672637771986333,8.27652151683426
cn03_5_8/island07,cn03_5_8/island06,full_sparse_pde,spatial_shifted,7300,0.09379399575866662,100.0,0.03,0.07983090653074566,0.07983090650297298,0.31825607577170156,0.6338627770113252,0.9665616184867541,8.280563240734656
cn03_5_8/island07,cn03_5_8/island06,full_sparse_pde,wrong_island,7300,0.0937943007006062,10.0,0.03,0.07983155250799383,0.07983155248017948,0.3182450426308595,0.6337801568463443,0.9665405982636702,8.279821063699028
cn03_5_8/island07,cn03_5_8/island06,full_sparse_pde,kin_time_shuffled,7300,0.10280187007788771,10.0,0.03,0.08704287033051086,0.08704287031673175,0.18951391651992933,0.6082525495085461,1.01134636339041,-0.005416311577249317
cn03_5_8/island07,cn03_5_8/island06,full_sparse_pde,kin_spatial_shifted,7300,0.10284600300512745,100.0,0.0,0.0870713990529345,0.08707139903997443,0.18898254795914549,0.6071294111534961,1.0164766955807354,-0.03819357218849949
cn03_5_8/island07,cn03_5_8/island06,full_sparse_pde,kin_wrong_island,7300,0.10276780719112716,100.0,0.0,0.0873790508810724,0.08737905087012372,0.18324124120877106,0.5988556778772072,1.0178817937857358,-0.3916613431977022
cn03_5_8/island08,cn03_5_8/island05,cv,real,6761,,,,0.09514637472840745,0.09514637472227475,-0.15941546596180922,0.4932043361570562,1.0158907010597826,0.0
cn03_5_8/island08,cn03_5_8/island05,persistence,real,6761,,,,0.157550284401061,0.1575502843607514,-2.1790179582367104,0.3403526397207691,1.6089326204824768,-65.58726995182852
cn03_5_8/island08,cn03_5_8/island05,relaxation,real,6761,0.08372269404938207,0.01,0.0,0.0861471773267535,0.08614717734207161,0.04953374427932555,0.5103186016840477,0.9399655501857673,9.45826617826599
cn03_5_8/island08,cn03_5_8/island05,relaxation,kin_time_shuffled,6761,0.09271105995184976,100.0,0.0,0.09511704854908146,0.09511704854151067,-0.15870086201234668,0.49456100424765653,1.0147815670574964,0.030822173571700872
cn03_5_8/island08,cn03_5_8/island05,relaxation,kin_spatial_shifted,6761,0.09264122045819298,100.0,0.0,0.09513929795498396,0.09513929795374425,-0.15924300306396555,0.493125442722133,1.0188427929507706,0.007437770016098295
cn03_5_8/island08,cn03_5_8/island05,relaxation,kin_wrong_island,6761,0.09266242355182816,100.0,0.0,0.09532236714712024,0.09532236714502645,-0.1637085785836372,0.48695879909292183,1.0226288618452004,-0.18497018227485532
cn03_5_8/island08,cn03_5_8/island05,isotropic_pde,real,6761,0.08357812807821392,0.01,0.0,0.08612917862135351,0.08612917864063514,0.049930863994525176,0.5081043661898317,0.9413510171422667,9.477183032942802
cn03_5_8/island08,cn03_5_8/island05,helmholtz_pde,real,6761,0.08354030823443978,0.01,0.0,0.08607421276924092,0.08607421278911524,0.05114310580605341,0.5078632322115486,0.9417045758146271,9.534952813116082
cn03_5_8/island08,cn03_5_8/island05,helmholtz_pde,kin_time_shuffled,6761,0.09270884846036508,100.0,0.0,0.09515326608517272,0.09515326607484156,-0.1595834225470647,0.4935392515362229,1.0147915280263509,-0.00724289557740197
cn03_5_8/island08,cn03_5_8/island05,helmholtz_pde,kin_spatial_shifted,6761,0.09242437662640492,100.0,0.03,0.09528393246975503,0.095283932463968,-0.1627703360216679,0.49370380177653733,1.0176749956571156,-0.14457486382931536
cn03_5_8/island08,cn03_5_8/island05,helmholtz_pde,kin_wrong_island,6761,0.09273685097698026,100.0,0.01,0.0952900829247008,0.09529008292332755,-0.1629204516250815,0.4836721751428584,1.0255317480693016,-0.15103907161179744
cn03_5_8/island08,cn03_5_8/island05,advective_pde,real,6761,0.08327010745280033,0.01,0.03,0.08512576113893108,0.08512576113034245,0.07193880338645142,0.5084161183324118,0.9432769904432753,10.531787071427287
cn03_5_8/island08,cn03_5_8/island05,advective_pde,kin_time_shuffled,6761,0.09275939236563178,100.0,0.0,0.0951449151075539,0.09514491509791381,-0.15937989344351244,0.4934275960662329,1.0141824504505237,0.0015340830012639073
cn03_5_8/island08,cn03_5_8/island05,advective_pde,kin_spatial_shifted,6761,0.09236694397730963,100.0,0.03,0.09519213370641247,0.09519213369996868,-0.1605309351368427,0.49357723902835926,1.0176360749792273,-0.048093243518210496
cn03_5_8/island08,cn03_5_8/island05,advective_pde,kin_wrong_island,6761,0.092663048306104,100.0,0.03,0.0953135937841254,0.09531359378374356,-0.16349437563731728,0.4826865426175083,1.0264445025096545,-0.17574927258859047
cn03_5_8/island08,cn03_5_8/island05,boundary_pde,real,6761,0.08327010745280033,0.01,0.03,0.08512576113893108,0.08512576113034245,0.07193880338645142,0.5084161183324118,0.9432769904432753,10.531787071427287
cn03_5_8/island08,cn03_5_8/island05,mechanics_source_pde,real,6761,0.08357764394942065,10.0,0.0,0.08611315168383939,0.08611315170384033,0.05028440925154665,0.5072128221795383,0.9444112863054656,9.49402753893853
cn03_5_8/island08,cn03_5_8/island05,mechanics_source_pde,time_shuffled,6761,0.08354977686619906,0.01,0.0,0.08609004406309052,0.08609004408252323,0.05079403463032317,0.5074736034330792,0.9428089646222245,9.518313930705483
cn03_5_8/island08,cn03_5_8/island05,mechanics_source_pde,spatial_shifted,6761,0.08354028137534021,10.0,0.0,0.08607455688973241,0.08607455690957934,0.05113551882461209,0.507732258400319,0.9417393048608056,9.534591138312283
cn03_5_8/island08,cn03_5_8/island05,mechanics_source_pde,wrong_island,6761,0.08354152340890582,0.1,0.0,0.08607459680558083,0.08607459682543851,0.05113463877942459,0.5078581976858358,0.9417114570180287,9.534549186257578
cn03_5_8/island08,cn03_5_8/island05,mechanics_source_pde,kin_time_shuffled,6761,0.09258232545271979,0.1,0.03,0.09519833321155538,0.0951983332018658,-0.16068210199772848,0.49313821323133034,1.016128807239578,-0.05460899560568138
cn03_5_8/island08,cn03_5_8/island05,mechanics_source_pde,kin_spatial_shifted,6761,0.09243822463000279,100.0,0.03,0.09529935668592467,0.09529935668012138,-0.16314681654986374,0.49341417604947446,1.0188888338886617,-0.16078590308162016
cn03_5_8/island08,cn03_5_8/island05,mechanics_source_pde,kin_wrong_island,6761,0.09274702644506702,100.0,0.01,0.09530375643863356,0.09530375643723388,-0.1632542187777586,0.48379049743223695,1.0266695307925722,-0.16541010145527593
cn03_5_8/island08,cn03_5_8/island05,full_sparse_pde,real,6761,0.08330488086514772,10.0,0.03,0.08516318794637733,0.08516318793792992,0.07112255215733909,0.5078501172413125,0.9458192729654461,10.492451040289257
cn03_5_8/island08,cn03_5_8/island05,full_sparse_pde,time_shuffled,6761,0.0832790511082002,0.01,0.03,0.08514150728893496,0.08514150727990683,0.07159543513294819,0.5083698651023684,0.9443400815913143,10.51523767623453
cn03_5_8/island08,cn03_5_8/island05,full_sparse_pde,spatial_shifted,6761,0.0832700309615709,10.0,0.03,0.08512644325275937,0.08512644324413522,0.07192393019481991,0.5082763034193578,0.9433137656180508,10.531070161513735
cn03_5_8/island08,cn03_5_8/island05,full_sparse_pde,wrong_island,6761,0.08327125195977139,0.1,0.03,0.08512590872806582,0.08512590871945533,0.07193558528077759,0.5084698859819831,0.943286050171225,10.53163195347003
cn03_5_8/island08,cn03_5_8/island05,full_sparse_pde,kin_time_shuffled,6761,0.09258254651785248,0.01,0.03,0.09518604973485402,0.0951860497257905,-0.1603825948415667,0.49303467526710654,1.0155523311556018,-0.04169891247203947
cn03_5_8/island08,cn03_5_8/island05,full_sparse_pde,kin_spatial_shifted,6761,0.09238115883669624,100.0,0.03,0.09520783134416723,0.09520783133770509,-0.16091372088977618,0.49347125096854305,1.0188569762318247,-0.06459165218825658
cn03_5_8/island08,cn03_5_8/island05,full_sparse_pde,kin_wrong_island,6761,0.09267345376032829,100.0,0.03,0.09532706866438236,0.09532706866397454,-0.16382337499548028,0.483057936910969,1.0275698059979186,-0.1899115360172465
cytod/island01,cytod/island03,cv,real,2578,,,,0.09288379704617526,0.09288379707339312,0.3463189012229403,0.6433037520161995,1.0215972842097225,0.0
cytod/island01,cytod/island03,persistence,real,2578,,,,0.15284194438974763,0.1528419445362719,-0.7699912291332518,0.5198081038124213,1.4020599983846675,-64.55178335948327
cytod/island01,cytod/island03,relaxation,real,2578,0.13986218154655827,100.0,0.0,0.08855431276305875,0.0885543127259899,0.4058372250820954,0.6271880032717038,0.9790829600915637,4.661183633548297
cytod/island01,cytod/island03,relaxation,kin_time_shuffled,2578,0.14589408818897004,100.0,0.0,0.09277760426296129,0.09277760428855482,0.34781273625449927,0.6432682668985692,1.019185402282239,0.11432864308334335
cytod/island01,cytod/island03,relaxation,kin_spatial_shifted,2578,0.14657293985459197,100.0,0.0,0.09324679753643261,0.09324679754972592,0.3411995966903435,0.6398326311466073,1.0276206118162194,-0.3908114092773146
cytod/island01,cytod/island03,relaxation,kin_wrong_island,2578,0.1458487358820596,100.0,0.0,0.0933904185995047,0.09339041862291159,0.3391686317746212,0.6383227696705082,1.0288977927535978,-0.5454358730814577
cytod/island01,cytod/island03,isotropic_pde,real,2578,0.13860650026465024,100.0,0.0,0.08823440824466973,0.08823440820347025,0.41012232486170985,0.6309848718149035,0.9795772444695245,5.005597333891396
cytod/island01,cytod/island03,helmholtz_pde,real,2578,0.13854518523851353,100.0,0.0,0.08821997643100726,0.08821997638318294,0.41031527254660727,0.6320062388208076,0.9795835473402189,5.021134834232726
cytod/island01,cytod/island03,helmholtz_pde,kin_time_shuffled,2578,0.1458804169469167,100.0,0.0,0.09275827127425164,0.0927582712990998,0.3480845133905086,0.6441512420416966,1.0192209055381445,0.13514281096209474
cytod/island01,cytod/island03,helmholtz_pde,kin_spatial_shifted,2578,0.14675068915040326,100.0,0.0,0.09328260289933125,0.09328260290462609,0.34069356084358826,0.6397015414124512,1.028740935719852,-0.4293599570631816
cytod/island01,cytod/island03,helmholtz_pde,kin_wrong_island,2578,0.1459276441895001,100.0,0.01,0.09375946989515621,0.09375946991297067,0.3339354923441562,0.6350946489591965,1.035475572723626,-0.9427616733687493
cytod/island01,cytod/island03,advective_pde,real,2578,0.13807513600360072,100.0,0.0,0.08761123539451407,0.08761123536410928,0.41842515466632424,0.6348841229206714,0.9800971317032524,5.67651396197516
cytod/island01,cytod/island03,advective_pde,kin_time_shuffled,2578,0.14585565688665014,100.0,0.0,0.09268749015862976,0.0926874901847666,0.34907904894289843,0.6442761771845789,1.018442475759586,0.21134675240655693
cytod/island01,cytod/island03,advective_pde,kin_spatial_shifted,2578,0.14681948855874288,100.0,0.0,0.09328098293455714,0.09328098293860057,0.3407164599635646,0.6388246129995648,1.0298979436021163,-0.42761587889609526
cytod/island01,cytod/island03,advective_pde,kin_wrong_island,2578,0.1459290838204548,100.0,0.0,0.0937498356935543,0.09374983571200529,0.33407236747028624,0.6347770729878975,1.036211633954108,-0.9323893573470806
cytod/island01,cytod/island03,boundary_pde,real,2578,0.13807513600360072,100.0,0.01,0.08761123539451407,0.08761123536410928,0.41842515466632424,0.6348841229206714,0.9800971317032524,5.67651396197516
cytod/island01,cytod/island03,mechanics_source_pde,real,2578,0.13853772808119494,100.0,0.0,0.08821380081505317,0.08821380076716387,0.41039782842874506,0.6321426682189697,0.9798593492633524,5.027783589143324
cytod/island01,cytod/island03,mechanics_source_pde,time_shuffled,2578,0.1385437563585202,100.0,0.0,0.08821441817622576,0.08821441812821045,0.4103895757815571,0.632061345259901,0.9796961710503256,5.027118929572949
cytod/island01,cytod/island03,mechanics_source_pde,spatial_shifted,2578,0.1385467746585111,100.0,0.0,0.08822076891220425,0.08822076886439466,0.4103046782076504,0.6320377530551863,0.9796148923841171,5.020281637833901
cytod/island01,cytod/island03,mechanics_source_pde,wrong_island,2578,0.13854518523851353,100.0,0.03,0.08821997643100726,0.08821997638318294,0.41031527254660727,0.6320062388208076,0.9795835473402189,5.021134834232726
cytod/island01,cytod/island03,mechanics_source_pde,kin_time_shuffled,2578,0.14587772681218536,0.01,0.0,0.09275840158149898,0.09275840160631924,0.34808268176184964,0.6441648454779316,1.0193747639661586,0.13500252038016639
cytod/island01,cytod/island03,mechanics_source_pde,kin_spatial_shifted,2578,0.1467482789473781,100.0,0.0,0.09328266827896864,0.09328266828424134,0.34069263665804717,0.639971526159689,1.028866973930274,-0.4294303456748765
cytod/island01,cytod/island03,mechanics_source_pde,kin_wrong_island,2578,0.14592516260280852,100.0,0.01,0.09376117542773363,0.09376117544552535,0.3339112600178741,0.6351765781732052,1.035631624854558,-0.9445978736624753
cytod/island01,cytod/island03,full_sparse_pde,real,2578,0.13806837151448123,100.0,0.01,0.08760670030141425,0.08760670027095045,0.41848536219171784,0.6350914441646952,0.9803618690496994,5.6813965069417955
cytod/island01,cytod/island03,full_sparse_pde,time_shuffled,2578,0.13807370104936234,100.0,0.01,0.087606142550713,0.08760614252011441,0.4184927666309204,0.6349117259164714,0.9802112369982322,5.681996989322598
cytod/island01,cytod/island03,full_sparse_pde,spatial_shifted,2578,0.13807675631274768,100.0,0.01,0.08761178714752862,0.08761178711713952,0.41841782942562156,0.6349420876834815,0.9801253641934674,5.6759199369163
cytod/island01,cytod/island03,full_sparse_pde,wrong_island,2578,0.13807555018903642,100.0,0.01,0.08761114441532583,0.08761114438492427,0.41842636252916887,0.634886114055057,0.9800947070819531,5.676611911443066
cytod/island01,cytod/island03,full_sparse_pde,kin_time_shuffled,2578,0.14584769866447295,0.01,0.03,0.09269951038941213,0.09269951041489313,0.34891020788453164,0.64391181119539,1.0186670686642778,0.19840560389059725
cytod/island01,cytod/island03,full_sparse_pde,kin_spatial_shifted,2578,0.14681712977384212,100.0,0.01,0.0932810035179521,0.0932810035219739,0.3407161690086389,0.6392098567653461,1.0300223367037264,-0.4276380392448038
cytod/island01,cytod/island03,full_sparse_pde,kin_wrong_island,2578,0.1459272453262766,100.0,0.01,0.09375135347636751,0.09375135349479531,0.3340508049432882,0.6348146234580447,1.0363654651980434,-0.9340234236081967
cytod/island02,cytod/island03,cv,real,3450,,,,0.13152671559863027,0.13152671538031202,0.3330422269653962,0.6329708314065432,1.0090802480889425,0.0
cytod/island02,cytod/island03,persistence,real,3450,,,,0.20154236467134273,0.20154236434192074,-0.5660408533244561,0.5100808288105183,1.4262350829692072,-53.233024757865444
cytod/island02,cytod/island03,relaxation,real,3450,0.13988432333282447,100.0,0.0,0.12842395591543074,0.12842395580655136,0.3641385798894352,0.6174635348657888,0.9599210433149687,2.3590337254214644
cytod/island02,cytod/island03,relaxation,kin_time_shuffled,3450,0.1458894769138772,100.0,0.0,0.1312918429420088,0.1312918427172586,0.33542212795416804,0.6332389576021314,1.005646813382574,0.17857411125509826
cytod/island02,cytod/island03,relaxation,kin_spatial_shifted,3450,0.14660284525632697,100.0,0.0,0.13199557236067389,0.1319955721331644,0.32827870780558555,0.6318373778014962,1.0129218320454152,-0.35647263865494777
cytod/island02,cytod/island03,relaxation,kin_wrong_island,3450,0.14584931993229802,100.0,0.0,0.13178601027348297,0.13178601005322482,0.3304099242489268,0.6331363001608723,1.013033999547856,-0.19714220959829076
cytod/island02,cytod/island03,isotropic_pde,real,3450,0.13866681526296146,100.0,0.0,0.12756797614922477,0.1275679760321452,0.3725867017543447,0.6220263494977643,0.9597289179766271,3.0098366987421885
cytod/island02,cytod/island03,helmholtz_pde,real,3450,0.1386071202436304,100.0,0.0,0.12761221779772802,0.12761221768313324,0.37215144183489657,0.6232127423344198,0.9601381080115521,2.97619969134022
cytod/island02,cytod/island03,helmholtz_pde,kin_time_shuffled,3450,0.14587725157278336,100.0,0.0,0.13130692641592853,0.13130692619162546,0.3352694190134968,0.6333418862918222,1.0060371259200314,0.16710611836617353
cytod/island02,cytod/island03,helmholtz_pde,kin_spatial_shifted,3450,0.14678224733200307,100.0,0.0,0.1320975788601904,0.1320975786316644,0.3272400909480093,0.6290537726065134,1.0148616957467214,-0.4340283642769654
cytod/island02,cytod/island03,helmholtz_pde,kin_wrong_island,3450,0.14593090645434648,100.0,0.03,0.13209160717064325,0.13209160694570582,0.3273009159856056,0.6287422118435426,1.0149497262492078,-0.42948808062332
cytod/island02,cytod/island03,advective_pde,real,3450,0.13819506908077459,100.0,0.01,0.1266045859809194,0.12660458588847473,0.3820273377843799,0.6265138661813167,0.9612316302620807,3.7423039704176135
cytod/island02,cytod/island03,advective_pde,kin_time_shuffled,3450,0.14585364080345492,100.0,0.0,0.13126200051971776,0.1312620002931389,0.3357242085761942,0.633458027457765,1.0046536988921586,0.20126336038096881
cytod/island02,cytod/island03,advective_pde,kin_spatial_shifted,3450,0.14685890786163291,100.0,0.0,0.13220282708394976,0.13220282685483023,0.32616762628527163,0.627236550792948,1.0155719691361402,-0.514048779035666
cytod/island02,cytod/island03,advective_pde,kin_wrong_island,3450,0.14593145151021283,100.0,0.01,0.1321083014722915,0.13210830124850792,0.32713086806014,0.6290464527794919,1.0150334880588747,-0.44218078929001836
cytod/island02,cytod/island03,boundary_pde,real,3450,0.13819506908077459,100.0,0.01,0.1266045859809194,0.12660458588847473,0.3820273377843799,0.6265138661813167,0.9612316302620807,3.7423039704176135
cytod/island02,cytod/island03,mechanics_source_pde,real,3450,0.13859955984823502,100.0,0.0,0.12760725081513644,0.12760725070064113,0.3722003157148842,0.6233035888336979,0.9601363476979993,2.979976097128009
cytod/island02,cytod/island03,mechanics_source_pde,time_shuffled,3450,0.13860539791973664,100.0,0.0,0.1276122366041706,0.127612236489658,0.3721512567797266,0.6232316792830687,0.9601451696782491,2.9761853927053763
cytod/island02,cytod/island03,mechanics_source_pde,spatial_shifted,3450,0.13860864052611813,100.0,0.0,0.12761204799140868,0.1276120478768106,0.37215311271854457,0.623198939873881,0.9601228155722634,2.976328795394975
cytod/island02,cytod/island03,mechanics_source_pde,wrong_island,3450,0.1386071202436304,100.0,0.03,0.12761221779772802,0.12761221768313324,0.37215144183489657,0.6232127423344198,0.9601381080115521,2.97619969134022
cytod/island02,cytod/island03,mechanics_source_pde,kin_time_shuffled,3450,0.14587458369291514,0.01,0.0,0.13130406619991816,0.13130406597564814,0.335298377917282,0.6334073224063479,1.0060372189994329,0.1692807457557821
cytod/island02,cytod/island03,mechanics_source_pde,kin_spatial_shifted,3450,0.14677985564117543,100.0,0.0,0.13209506334859566,0.132095063120106,0.32726571320742337,0.6291001136059342,1.0148633058237444,-0.43211581628157025
cytod/island02,cytod/island03,mechanics_source_pde,kin_wrong_island,3450,0.14592850000396693,100.0,0.03,0.13208960034262987,0.1320896001177294,0.3273213560592443,0.6287158602818508,1.0149543951145839,-0.427962285676943
cytod/island02,cytod/island03,full_sparse_pde,real,3450,0.13818837412987686,100.0,0.01,0.12660001857763467,0.1266000184852788,0.3820719251013339,0.626516076880242,0.9612303403319398,3.745776575342571
cytod/island02,cytod/island03,full_sparse_pde,time_shuffled,3450,0.13819342843169516,100.0,0.01,0.12660456184303187,0.12660456175067067,0.38202757342357907,0.6264913461569961,0.961239617340873,3.742322322433773
cytod/island02,cytod/island03,full_sparse_pde,spatial_shifted,3450,0.13819660605431044,100.0,0.01,0.12660435544445506,0.126604355352008,0.38202958833641754,0.626503550762717,0.9612154674386013,3.7424792477109414
cytod/island02,cytod/island03,full_sparse_pde,wrong_island,3450,0.13819506908077459,100.0,0.03,0.12661348179700369,0.12661348170461992,0.3819404915728869,0.6265044133782942,0.9612370396359647,3.7355404652852413
cytod/island02,cytod/island03,full_sparse_pde,kin_time_shuffled,3450,0.1458440372770392,0.01,0.03,0.1312378822119438,0.1312378819850562,0.33596829652657334,0.6329755928301468,1.0044326307470839,0.2196005537130986
cytod/island02,cytod/island03,full_sparse_pde,kin_spatial_shifted,3450,0.14685729134279604,100.0,0.01,0.13220316806253776,0.13220316783364652,0.3261641503707704,0.6272136168399565,1.0156149528853577,-0.5143080258474696
cytod/island02,cytod/island03,full_sparse_pde,kin_wrong_island,3450,0.14592907193892848,100.0,0.01,0.13210637367241915,0.13210637344867238,0.3271505056987323,0.6290837494878497,1.0150380501520704,-0.44071507958232164
cytod/island03,cytod/island04,cv,real,4633,,,,0.14586859783598802,0.14586859770261495,0.3614872325613283,0.7234959923327015,1.0047921017162977,0.0
cytod/island03,cytod/island04,persistence,real,4633,,,,0.22007298696949393,0.22007298683064702,-0.45338088930425036,0.6257454354204779,1.3308638416072343,-50.87070849842126
cytod/island03,cytod/island04,relaxation,real,4633,0.08292359143450974,0.01,0.0,0.1398562168998404,0.13985621678909133,0.4130386269380526,0.6969788839901783,0.9654579145718118,4.1217787846162635
cytod/island03,cytod/island04,relaxation,kin_time_shuffled,4633,0.09340993542141451,100.0,0.0,0.1458950717614121,0.14589507162821364,0.3612554421180558,0.7220560537951444,1.0021641150492855,-0.018149160282361118
cytod/island03,cytod/island04,relaxation,kin_spatial_shifted,4633,0.09296086734408651,100.0,0.0,0.14655294773949534,0.1465529476174138,0.35548194849985393,0.7158897389192436,1.0098716163299062,-0.4691550652965387
cytod/island03,cytod/island04,relaxation,kin_wrong_island,4633,0.09340081369775702,100.0,0.0,0.14584572885093974,0.14584572871815615,0.36168742635407536,0.7225709631013565,1.0045005933845466,0.01567779825060422
cytod/island03,cytod/island04,isotropic_pde,real,4633,0.08246823849765446,0.01,0.0,0.13859792540253296,0.13859792530040746,0.4235529401793324,0.700444880145937,0.9641633176016502,4.984398641461099
cytod/island03,cytod/island04,helmholtz_pde,real,4633,0.08238694911210577,0.01,0.0,0.1385370543389879,0.13853705423570184,0.4240591705693457,0.7004051017226611,0.9642026721066511,5.026128709251096
cytod/island03,cytod/island04,helmholtz_pde,kin_time_shuffled,4633,0.09339784947146124,0.01,0.0,0.1458819114409693,0.14588191130504993,0.36137067158503655,0.7221303956007842,1.0024487968733462,-0.00912712032929836
cytod/island03,cytod/island04,helmholtz_pde,kin_spatial_shifted,4633,0.09263439109855079,0.01,0.0,0.14673491762217045,0.1467349175013706,0.35388040189085956,0.7131197069215112,1.0118847058232605,-0.5939042483440005
cytod/island03,cytod/island04,helmholtz_pde,kin_wrong_island,4633,0.09326518954177997,100.0,0.03,0.14592007669494364,0.14592007656015993,0.3610364747091962,0.7223882664327205,1.0052590578477323,-0.03529125415322363
cytod/island03,cytod/island04,advective_pde,real,4633,0.08141656302844,0.01,0.01,0.1381068235200585,0.13810682342444375,0.42763081767927347,0.704643742068285,0.966150776879156,5.321072801423156
cytod/island03,cytod/island04,advective_pde,kin_time_shuffled,4633,0.09340957577299724,100.0,0.0,0.1458578356635908,0.1458578355277839,0.36158144793932345,0.7218309500888249,1.0010484957345689,0.007377992933753181
cytod/island03,cytod/island04,advective_pde,kin_spatial_shifted,4633,0.09254957836429088,0.01,0.03,0.14680543685377984,0.14680543672581334,0.3532592163887174,0.7119523209243952,1.0128120323810175,-0.642248597678531
cytod/island03,cytod/island04,advective_pde,kin_wrong_island,4633,0.09325861665249212,100.0,0.01,0.14592156790818925,0.14592156777271492,0.3610234150216983,0.7225266611193534,1.0054071097710826,-0.03631355270032689
cytod/island03,cytod/island04,boundary_pde,real,4633,0.08141656302844,0.01,0.01,0.1381068235200585,0.13810682342444375,0.42763081767927347,0.704643742068285,0.966150776879156,5.321072801423156
cytod/island03,cytod/island04,mechanics_source_pde,real,4633,0.08238872638332768,1.0,0.0,0.13852901314294055,0.13852901303971385,0.4241260280423167,0.70045943837157,0.9642139491650679,5.03164133918971
cytod/island03,cytod/island04,mechanics_source_pde,time_shuffled,4633,0.0823874846655818,0.1,0.0,0.13853543286415987,0.13853543276080854,0.4240726524227739,0.7003866661146012,0.9642296888853997,5.027240308950303
cytod/island03,cytod/island04,mechanics_source_pde,spatial_shifted,4633,0.08238648790956116,0.01,0.0,0.13853782125788489,0.13853782115460225,0.4240527939196812,0.7004397522251441,0.9641885832646784,5.025602949140632
cytod/island03,cytod/island04,mechanics_source_pde,wrong_island,4633,0.08238725793703856,1.0,0.0,0.13853730572444625,0.13853730562116146,0.4240570803952436,0.7004079741364733,0.9642044567196119,5.0259563723234955
cytod/island03,cytod/island04,mechanics_source_pde,kin_time_shuffled,4633,0.09339937076640639,100.0,0.0,0.14587925288213865,0.1458792527462652,0.3613939481945264,0.72214222109158,1.0024575323983056,-0.0073045493122317
cytod/island03,cytod/island04,mechanics_source_pde,kin_spatial_shifted,4633,0.09263113982687483,0.1,0.03,0.14673288583753788,0.14673288571681808,0.3538982949288917,0.712940650561292,1.0118326565263278,-0.5925113614687444
cytod/island03,cytod/island04,mechanics_source_pde,kin_wrong_island,4633,0.09326668550467274,100.0,0.03,0.14591755463156333,0.14591755449682384,0.36105856204072306,0.7223619093725363,1.0052664993061182,-0.03356225738776973
cytod/island03,cytod/island04,full_sparse_pde,real,4633,0.08141841190604471,1.0,0.01,0.13809966411753413,0.1380996640219742,0.42769015891993145,0.704671672629162,0.9661631597590489,5.325980919127923
cytod/island03,cytod/island04,full_sparse_pde,time_shuffled,4633,0.08141716360759696,1.0,0.01,0.13810527246224413,0.13810527236656323,0.4276436739990922,0.704648700174222,0.9661796424371408,5.322136126844084
cytod/island03,cytod/island04,full_sparse_pde,spatial_shifted,4633,0.08141610533142814,0.01,0.01,0.13810749784615187,0.13810749775054143,0.42762522831866345,0.7046410926737084,0.966136138926988,5.320610518170761
cytod/island03,cytod/island04,full_sparse_pde,wrong_island,4633,0.08141693608778519,1.0,0.01,0.13810724486473724,0.1381072447691238,0.4276273252366567,0.7046368223996129,0.9661530745639011,5.320783949204996
cytod/island03,cytod/island04,full_sparse_pde,kin_time_shuffled,4633,0.09340250461752644,1.0,0.03,0.14584908140655112,0.14584908127076102,0.36165808026220014,0.7219706427106443,1.001099436899451,0.013379460803295863
cytod/island03,cytod/island04,full_sparse_pde,kin_spatial_shifted,4633,0.09254968930645838,100.0,0.03,0.14680291386053607,0.14680291373257365,0.3532814459278941,0.71197857356521,1.0127921439954124,-0.6405189634190496
cytod/island03,cytod/island04,full_sparse_pde,kin_wrong_island,4633,0.09325489181342371,0.1,0.03,0.1459125342165629,0.14591253408122126,0.3611025279143649,0.7224480568518339,1.0053977509030707,-0.03012051894533278
cytod/island04,cytod/island03,cv,real,3450,,,,0.09340298692255651,0.09340298655915842,-0.7872412401654965,0.18395053593798583,1.0485231452510955,0.0
cytod/island04,cytod/island03,persistence,real,3450,,,,0.1528807990622149,0.1528807985976323,-3.7881476757698804,0.04257542530267355,2.0684967348324586,-63.67870474977002
cytod/island04,cytod/island03,relaxation,real,3450,0.13983800790661025,100.0,0.0,0.08295718362621626,0.08295718336267922,-0.40983941253338063,0.26995826212011426,0.8877446862721035,11.183585858748922
cytod/island04,cytod/island03,relaxation,kin_time_shuffled,3450,0.14589626795550417,100.0,0.0,0.0934081172498978,0.09340811688765654,-0.7874375804929503,0.1837812903270783,1.0514357566630943,-0.005492681430346102
cytod/island04,cytod/island03,relaxation,kin_spatial_shifted,3450,0.146554497994878,100.0,0.0,0.09295947480398288,0.09295947444018285,-0.7703085649062675,0.20689861500165382,1.0332191977844933,0.47483719237892497
cytod/island04,cytod/island03,relaxation,kin_wrong_island,3450,0.14584649997804736,100.0,0.0,0.09339917328323441,0.09339917292277203,-0.7870952973144216,0.18806980574656346,1.0497248064897955,0.004082991911589339
cytod/island04,cytod/island03,isotropic_pde,real,3450,0.13857475498179422,100.0,0.0,0.08249519549572079,0.08249519525002048,-0.3941803605015912,0.25696391464194934,0.8904731356096475,11.678203996431417
cytod/island04,cytod/island03,helmholtz_pde,real,3450,0.13851291689217243,100.0,0.0,0.08241511487567693,0.08241511463386815,-0.39147492699213804,0.25606741274315276,0.8913482342634581,11.763940672636746
cytod/island04,cytod/island03,helmholtz_pde,kin_time_shuffled,3450,0.14588294175343067,100.0,0.0,0.09339674717602285,0.09339674681423665,-0.7870024564314153,0.18298019418072378,1.0512188890864522,0.0066804554668240855
cytod/island04,cytod/island03,helmholtz_pde,kin_spatial_shifted,3450,0.14673077301965085,100.0,0.0,0.09263923441612348,0.09263923404613193,-0.7581323385682877,0.22145047618056357,1.0219353485758895,0.8176960300329934
cytod/island04,cytod/island03,helmholtz_pde,kin_wrong_island,3450,0.14592084421685242,100.0,0.03,0.09326344765986846,0.09326344729956162,-0.7819051360344282,0.19174454663509172,1.0483912093934056,0.1493948584914004
cytod/island04,cytod/island03,advective_pde,real,3450,0.13803765094281045,100.0,0.0,0.0815652827592828,0.08156528262309104,-0.3629262050292199,0.25041056471479417,0.898340696674081,12.673795958943735
cytod/island04,cytod/island03,advective_pde,kin_time_shuffled,3450,0.1458601620184966,100.0,0.0,0.09340495357497207,0.09340495321311607,-0.7873165037559167,0.18242398009904653,1.052466261754419,-0.0021055578949806335
cytod/island04,cytod/island03,advective_pde,kin_spatial_shifted,3450,0.1467959344420476,100.0,0.0,0.09256485884135845,0.09256485847272419,-0.755310432475016,0.2252729770120337,1.0196835814346952,0.8973247187373234
cytod/island04,cytod/island03,advective_pde,kin_wrong_island,3450,0.14592212228828733,100.0,0.01,0.09325712779239476,0.09325712743157681,-0.7816636475629959,0.192510950248032,1.0479582007865693,0.156161096079329
cytod/island04,cytod/island03,boundary_pde,real,3450,0.1380377543730624,100.0,0.0,0.08156585671202427,0.08156585657581113,-0.36294538617908545,0.25044003590437136,0.898388445533117,12.673181468185753
cytod/island04,cytod/island03,mechanics_source_pde,real,3450,0.13850511849850528,100.0,0.0,0.08241685985753054,0.08241685961578131,-0.3915338512391322,0.25613270524904,0.8915825511526333,11.762072443389007
cytod/island04,cytod/island03,mechanics_source_pde,time_shuffled,3450,0.13851131852749604,100.0,0.0,0.08241557372392382,0.08241557348213659,-0.3914904211800916,0.2560411711269124,0.8914378468161837,11.763449416109156
cytod/island04,cytod/island03,mechanics_source_pde,spatial_shifted,3450,0.13851438815233566,100.0,0.0,0.08241486473298816,0.08241486449120494,-0.39146648032025366,0.2560655284349361,0.8913564029787407,11.764208482770472
cytod/island04,cytod/island03,mechanics_source_pde,wrong_island,3450,0.13851291689217243,100.0,0.03,0.08241511487567693,0.08241511463386815,-0.39147492699213804,0.25606741274315276,0.8913482342634581,11.763940672636746
cytod/island04,cytod/island03,mechanics_source_pde,kin_time_shuffled,3450,0.14588005968557266,0.01,0.0,0.09339846391828348,0.09339846355654434,-0.7870681514587183,0.18308118636443996,1.0513721011858896,0.004842460375950796
cytod/island04,cytod/island03,mechanics_source_pde,kin_spatial_shifted,3450,0.14672818753957553,100.0,0.0,0.0926407040133015,0.09264070364334864,-0.7581881198344396,0.22151626123018336,1.022081016134985,0.8161226357863546
cytod/island04,cytod/island03,mechanics_source_pde,kin_wrong_island,3450,0.14591825648435128,100.0,0.03,0.09326505462993392,0.09326505426966891,-0.7819665425777196,0.19186843647964108,1.0485223640353396,0.14767438876501796
cytod/island04,cytod/island03,full_sparse_pde,real,3450,0.13803114572219652,100.0,0.0,0.08156724407197814,0.08156724393579064,-0.36299175146092333,0.25049434187532577,0.8985555931573117,12.6716961195576
cytod/island04,cytod/island03,full_sparse_pde,time_shuffled,3450,0.13803641914158143,100.0,0.0,0.08156610224964056,0.08156610211345976,-0.36295359193877674,0.2503933460905287,0.8984504854694074,12.672918588316836
cytod/island04,cytod/island03,full_sparse_pde,spatial_shifted,3450,0.1380392243338957,100.0,0.0,0.08156558325709233,0.08156558312090807,-0.3629362474661646,0.2504879806870543,0.898398038431801,12.673474237092966
cytod/island04,cytod/island03,full_sparse_pde,wrong_island,3450,0.13803824053514258,100.0,0.0,0.08156607495493752,0.08156607481873583,-0.3629526797599467,0.2504385896684062,0.8983868012000934,12.67294781085557
cytod/island04,cytod/island03,full_sparse_pde,kin_time_shuffled,3450,0.1458497996259727,0.01,0.03,0.09342173137243495,0.0934217310098938,-0.7879586522772384,0.18272617457785661,1.0522222390260036,-0.020068363363850837
cytod/island04,cytod/island03,full_sparse_pde,kin_spatial_shifted,3450,0.14679339267084301,100.0,0.01,0.09256633887879345,0.09256633851019878,-0.755366564921645,0.22530082532713852,1.019832247076249,0.8957401468418053
cytod/island04,cytod/island03,full_sparse_pde,kin_wrong_island,3450,0.14591956528744612,100.0,0.01,0.09325874000280446,0.09325873964202851,-0.7817252501806617,0.19263835740693772,1.0480886858202496,0.1544350158852287
cytod/island05,cytod/island06,cv,real,3772,,,,0.10409795446154008,0.10409795357635614,-0.5847905275868428,0.38183577414847714,1.0147591020451765,0.0
cytod/island05,cytod/island06,persistence,real,3772,,,,0.16784234660560007,0.16784234591267205,-3.1199369021861365,0.22076870006780236,1.804577971748869,-61.23501005191157
cytod/island05,cytod/island06,relaxation,real,3772,0.06536677184420757,0.01,0.0,0.09403442519635749,0.09403442426176908,-0.2931866796903857,0.42177481170190834,0.9166665760694181,9.667365177554068
cytod/island05,cytod/island06,relaxation,kin_time_shuffled,3772,0.07234345347587363,100.0,0.0,0.10406599946354969,0.10406599857454983,-0.5838177090129084,0.3822400372237783,1.0153953094237744,0.030697050910675396
cytod/island05,cytod/island06,relaxation,kin_spatial_shifted,3772,0.07259395836714551,100.0,0.0,0.10429290329633992,0.1042929024141135,-0.5907319002239113,0.3871289242669775,1.0255524634407231,-0.18727441900610306
cytod/island05,cytod/island06,relaxation,kin_wrong_island,3772,0.07252968972191624,100.0,0.0,0.10416532710441363,0.10416532622025727,-0.5868425579236543,0.3816468701087582,1.0165862020460794,-0.06472043069676564
cytod/island05,cytod/island06,isotropic_pde,real,3772,0.06506055894695899,0.01,0.0,0.09328756676478421,0.09328756584465603,-0.27272626056983285,0.4165587092600436,0.9184838447510407,10.384822525613492
cytod/island05,cytod/island06,helmholtz_pde,real,3772,0.06504409171242194,0.01,0.0,0.09326682119028326,0.09326682027100079,-0.2721602580098095,0.41665613403832946,0.9197552053323163,10.404751422332888
cytod/island05,cytod/island06,helmholtz_pde,kin_time_shuffled,3772,0.07236854258609617,100.0,0.0,0.10412106567736261,0.10412106478691374,-0.5854942972980706,0.38181666500459394,1.016129900981158,-0.022201407197359753
cytod/island05,cytod/island06,helmholtz_pde,kin_spatial_shifted,3772,0.07274340619835991,100.0,0.0,0.10443619753267357,0.1044361966508525,-0.5951061059514584,0.3879252273728318,1.0277778381316274,-0.3249276886584203
cytod/island05,cytod/island06,helmholtz_pde,kin_wrong_island,3772,0.07277585139718354,100.0,0.03,0.10425058304440141,0.1042505821612398,-0.5894411792633631,0.3819155560261986,1.019423281066338,-0.1466201588407824
cytod/island05,cytod/island06,advective_pde,real,3772,0.06453506743530688,0.01,0.0,0.09235694260442782,0.09235694167085465,-0.24745982858691096,0.4155639417884269,0.920995677736577,11.27881144838205
cytod/island05,cytod/island06,advective_pde,kin_time_shuffled,3772,0.07239003251776359,100.0,0.0,0.10412755775161966,0.10412755685962136,-0.5856920183869114,0.38059412888893424,1.015836249318663,-0.028437910879300612
cytod/island05,cytod/island06,advective_pde,kin_spatial_shifted,3772,0.07269257721223135,100.0,0.03,0.10434973132646715,0.10434973044425527,-0.5924659163793933,0.3890749431282413,1.0269517278992253,-0.24186533860577542
cytod/island05,cytod/island06,advective_pde,kin_wrong_island,3772,0.07283159536415425,100.0,0.0,0.10423540343690677,0.10423540255376755,-0.5889783456529356,0.38288734909831995,1.0190689293343784,-0.13203811668650609
cytod/island05,cytod/island06,boundary_pde,real,3772,0.06453503012943516,0.01,0.0,0.09235693501709358,0.09235693408351811,-0.24745962362349494,0.41557379041928233,0.9210152366294919,11.278818737033053
cytod/island05,cytod/island06,mechanics_source_pde,real,3772,0.0650474056744099,10.0,0.0,0.09326910499335908,0.09326910407418075,-0.27222256096397257,0.41670258862972387,0.9201428595751847,10.402557524084655
cytod/island05,cytod/island06,mechanics_source_pde,time_shuffled,3772,0.06504433211839941,100.0,0.03,0.09326992174065968,0.09326992082142121,-0.2722448424863655,0.41660505239873696,0.9199158754107389,10.40177292917918
cytod/island05,cytod/island06,mechanics_source_pde,spatial_shifted,3772,0.06504387938685562,0.01,0.0,0.09326704766177059,0.0932670467424984,-0.27216643616379343,0.4166574454198465,0.9197569162463891,10.404533866185211
cytod/island05,cytod/island06,mechanics_source_pde,wrong_island,3772,0.0650443335827056,1.0,0.0,0.09326677646794827,0.09326677554866962,-0.2721590379841121,0.4166452353528509,0.9197547034413979,10.404794384110364
cytod/island05,cytod/island06,mechanics_source_pde,kin_time_shuffled,3772,0.07236980745540969,100.0,0.0,0.10412206015799887,0.10412205926759535,-0.5855245841758041,0.38183974783258584,1.0163199462825634,-0.02315673883207852
cytod/island05,cytod/island06,mechanics_source_pde,kin_spatial_shifted,3772,0.07272023397354231,0.1,0.03,0.10443141111941952,0.10443141023771448,-0.5949598987529794,0.38797932577614536,1.0276002829489392,-0.3203296990019574
cytod/island05,cytod/island06,mechanics_source_pde,kin_wrong_island,3772,0.07277697560712912,100.0,0.03,0.10425150453285353,0.10425150364973892,-0.58946927806549,0.3819336562443591,1.0196027432899193,-0.14750537172679273
cytod/island05,cytod/island06,full_sparse_pde,real,3772,0.06439701816097664,0.1,0.03,0.09229709988836225,0.09229709895236334,-0.24584376809805986,0.41578530311111955,0.9211631335160877,11.336298379138494
cytod/island05,cytod/island06,full_sparse_pde,time_shuffled,3772,0.06453540484281572,1.0,0.01,0.0923584065892346,0.09235840565568261,-0.24749937681585643,0.4156077887363592,0.9211585051449459,11.27740509525246
cytod/island05,cytod/island06,full_sparse_pde,spatial_shifted,3772,0.06439360523582979,1.0,0.03,0.09229492270787773,0.09229492177178406,-0.24578499279751376,0.41562678132464553,0.9207804388955426,11.338389852125696
cytod/island05,cytod/island06,full_sparse_pde,wrong_island,3772,0.06439399256271607,0.1,0.03,0.09229446791473846,0.09229446697863833,-0.24577271534889644,0.41559086772300075,0.9207823651929418,11.338826741737932
cytod/island05,cytod/island06,full_sparse_pde,kin_time_shuffled,3772,0.07239045713457336,1.0,0.03,0.10412413475261889,0.10412413386024502,-0.585587766760562,0.380403188505667,1.0158662764913897,-0.025149662399157502
cytod/island05,cytod/island06,full_sparse_pde,kin_spatial_shifted,3772,0.07269383414776949,100.0,0.03,0.10435027077902562,0.1043502698968577,-0.5924823814358864,0.389139731306129,1.0271184034211818,-0.24238355494326175
cytod/island05,cytod/island06,full_sparse_pde,kin_wrong_island,3772,0.07283287021218104,100.0,0.01,0.10423680575329926,0.10423680487021461,-0.5890211001375398,0.38291530433609267,1.0192657180053992,-0.1333852290925458
cytod/island06,cytod/island02,cv,real,2810,,,,0.07235666379534078,0.0723566633438973,-0.6429968751157549,0.2926699151757719,1.0132011456206744,0.0
cytod/island06,cytod/island02,persistence,real,2810,,,,0.11998443220260827,0.1199844316363569,-3.5178256985528673,0.15065690323273012,1.9276852438662397,-65.82361055828953
cytod/island06,cytod/island02,relaxation,real,2810,0.12841973798318476,100.0,0.0,0.06535392401605543,0.06535392372414074,-0.34036478143351023,0.3243071700686865,0.8944947875259025,9.678085329161581
cytod/island06,cytod/island02,relaxation,kin_time_shuffled,2810,0.13129147486117046,0.01,0.0,0.07234345209223796,0.07234345163880318,-0.6423969356645742,0.2920344546981708,1.012533971782582,0.01825914087736242
cytod/island06,cytod/island02,relaxation,kin_spatial_shifted,2810,0.13200441688145664,100.0,0.0,0.0725849156623011,0.07258491520687606,-0.653379017772604,0.29499614394310636,1.0209542397484008,-0.3154538261305935
cytod/island06,cytod/island02,relaxation,kin_wrong_island,2810,0.13179166140180362,100.0,0.0,0.07252656924126473,0.07252656879041446,-0.6507219927444867,0.28423224608221803,1.024053717730793,-0.23481658587492718
cytod/island06,cytod/island02,isotropic_pde,real,2810,0.12756515541968466,100.0,0.0,0.06505349394599932,0.06505349367066457,-0.3280698717304176,0.32119623757662114,0.8935840851773972,10.093292498193527
cytod/island06,cytod/island02,helmholtz_pde,real,2810,0.12760964304846675,100.0,0.0,0.06503701459390297,0.0650370143195409,-0.32739710362983776,0.32178398854225115,0.8951485969634154,10.116067665485788
cytod/island06,cytod/island02,helmholtz_pde,kin_time_shuffled,2810,0.13130663166992096,100.0,0.0,0.07236738049429799,0.0723673800412509,-0.6434835975091693,0.29047246823611034,1.0132640676441436,-0.014810933586952412
cytod/island06,cytod/island02,helmholtz_pde,kin_spatial_shifted,2810,0.13210683111591462,100.0,0.0,0.0727289750209371,0.07272897456014314,-0.6599484564512428,0.2939779911040853,1.022854209493254,-0.5145500069237815
cytod/island06,cytod/island02,helmholtz_pde,kin_wrong_island,2810,0.13210482257082792,100.0,0.03,0.07276901779466417,0.07276901734534513,-0.6617768132506494,0.2763907220580244,1.037559543445009,-0.569890846801479
cytod/island06,cytod/island02,advective_pde,real,2810,0.12660744657410253,100.0,0.0,0.06444939521894076,0.06444939496698204,-0.30351899341465516,0.3244569598899638,0.8968829606165502,10.928182715299533
cytod/island06,cytod/island02,advective_pde,kin_time_shuffled,2810,0.1312612547644308,0.01,0.0,0.0723887629069173,0.07238876245329066,-0.6444549421978563,0.28956117108539225,1.0133664542433285,-0.04436234053635426
cytod/island06,cytod/island02,advective_pde,kin_spatial_shifted,2810,0.13221158513673956,100.0,0.03,0.07268110753656447,0.07268110707560047,-0.6577641438146749,0.2942285892613425,1.022638984245012,-0.4483950982664103
cytod/island06,cytod/island02,advective_pde,kin_wrong_island,2810,0.13212266018934885,100.0,0.0,0.07282468607258022,0.07282468562348605,-0.6643203033682437,0.2742728032320445,1.0414756506883185,-0.6468267854811568
cytod/island06,cytod/island02,boundary_pde,real,2810,0.12660744657410253,100.0,0.01,0.06444939521894076,0.06444939496698204,-0.30351899341465516,0.3244569598899638,0.8968829606165502,10.928182715299533
cytod/island06,cytod/island02,mechanics_source_pde,real,2810,0.12760460937773901,100.0,0.03,0.065039901950245,0.06503990167589298,-0.3275149673902136,0.32205865817650875,0.8957380398023257,10.112077215652086
cytod/island06,cytod/island02,mechanics_source_pde,time_shuffled,2810,0.12760895359509375,100.0,0.03,0.06503669991692407,0.06503669964248682,-0.3273842586244502,0.32187987477762814,0.8953815343046727,10.116502562618324
cytod/island06,cytod/island02,mechanics_source_pde,spatial_shifted,2810,0.12756786000780262,0.01,0.03,0.06503644679284327,0.06503644651853029,-0.3273739262397075,0.321744586828778,0.8951360955418652,10.116852390740343
cytod/island06,cytod/island02,mechanics_source_pde,wrong_island,2810,0.12760955654753256,100.0,0.01,0.06503701459390297,0.0650370143195409,-0.32739710362983776,0.32178398854225115,0.8951485969634154,10.116067665485788
cytod/island06,cytod/island02,mechanics_source_pde,kin_time_shuffled,2810,0.13130372610823227,0.01,0.0,0.07236870731052543,0.07236870685747282,-0.6435438628023564,0.29059980893929804,1.0135921224524869,-0.016644650290572674
cytod/island06,cytod/island02,mechanics_source_pde,kin_spatial_shifted,2810,0.13210422344814587,100.0,0.03,0.0727301842808329,0.07273018382003094,-0.6600036566182743,0.29418004281741783,1.023143630974415,-0.5162212557513379
cytod/island06,cytod/island02,mechanics_source_pde,kin_wrong_island,2810,0.13210279979943304,100.0,0.03,0.07277009512516187,0.0727700946758337,-0.6618260181497619,0.2763688602870165,1.0378414210512255,-0.571379763562951
cytod/island06,cytod/island02,full_sparse_pde,real,2810,0.1266027369778088,100.0,0.0,0.06445303020205402,0.06445302995011257,-0.30366603601061404,0.32501252020294336,0.8974758271606557,10.923159013317523
cytod/island06,cytod/island02,full_sparse_pde,time_shuffled,2810,0.12660746898931838,100.0,0.01,0.06444971598550989,0.06444971573355042,-0.30353196875306043,0.3247277467302043,0.897151524676354,10.927739402198082
cytod/island06,cytod/island02,full_sparse_pde,spatial_shifted,2810,0.12656096025753436,0.01,0.03,0.06435494217204793,0.06435494191928663,-0.2997010794619286,0.3245135226311026,0.896218110252634,11.058720862486467
cytod/island06,cytod/island02,full_sparse_pde,wrong_island,2810,0.1266072901002463,100.0,0.01,0.06444967972958121,0.0644496794776091,-0.30353050215961686,0.32443274734071365,0.8968771637627619,10.927789509457929
cytod/island06,cytod/island02,full_sparse_pde,kin_time_shuffled,2810,0.13125717049635177,0.01,0.01,0.07238883765940106,0.07238883720572037,-0.6444583385003144,0.28975978367109867,1.0137542736423013,-0.044465651587817866
cytod/island06,cytod/island02,full_sparse_pde,kin_spatial_shifted,2810,0.1322079473917876,0.01,0.03,0.07268360738796023,0.07268360692698415,-0.6578781826735838,0.294445542392238,1.022999423710759,-0.4518499996786099
cytod/island06,cytod/island02,full_sparse_pde,kin_wrong_island,2810,0.1321203870918988,100.0,0.0,0.07282600598023292,0.07282600553108688,-0.6643806337056084,0.2743733643712216,1.041730375521388,-0.6486509541752744
high_density/island01,high_density/island04,cv,real,3828,,,,0.06449911319028502,0.06449911296036584,-0.5669004610437554,0.14057043137692754,0.9778216329126094,0.0
high_density/island01,high_density/island04,persistence,real,3828,,,,0.1095868432599156,0.10958684312716618,-3.5232517221682125,-0.009921676131897567,1.9607169694933617,-69.90441898713611
high_density/island01,high_density/island04,relaxation,real,3828,0.09217221196888786,0.01,0.0,0.055435004244718186,0.05543500397525026,-0.15744960348790915,0.2693730701356694,0.7823429938114006,14.053075413122967
high_density/island01,high_density/island04,relaxation,kin_time_shuffled,3828,0.10234299003946676,100.0,0.0,0.06475871907692861,0.06475871884771835,-0.5795392461109474,0.134461386940137,0.9825670903849326,-0.402495283170844
high_density/island01,high_density/island04,relaxation,kin_spatial_shifted,3828,0.10190346289970721,100.0,0.0,0.06247598837646425,0.06247598814148689,-0.4701450706391024,0.17560741007587222,0.9337004928997357,3.1366707633981648
high_density/island01,high_density/island04,relaxation,kin_wrong_island,3828,0.10133750715074463,100.0,0.0,0.06411381314761092,0.06411381291594076,-0.5482359076800332,0.1421451588618987,0.9674199678412007,0.597372625359737
high_density/island01,high_density/island04,isotropic_pde,real,3828,0.09181965076645741,0.01,0.0,0.05607754656438337,0.056077546298493416,-0.1844369019364045,0.24549138480937374,0.7948257732813133,13.056872064345141
high_density/island01,high_density/island04,helmholtz_pde,real,3828,0.09175207237756021,0.01,0.0,0.056017276869767124,0.056017276606083986,-0.18189230819496705,0.2451379393157007,0.7955588932122702,13.150314733000855
high_density/island01,high_density/island04,helmholtz_pde,kin_time_shuffled,3828,0.10230558081735144,100.0,0.0,0.06470756711728864,0.064707566887353,-0.5770449219379492,0.13577565892999202,0.9808076666113995,-0.32318882759714557
high_density/island01,high_density/island04,helmholtz_pde,kin_spatial_shifted,3828,0.10151425615076284,100.0,0.0,0.061265322889415476,0.06126532264924634,-0.41371991047692513,0.19944971165088748,0.9087284729524048,5.013697340468288
high_density/island01,high_density/island04,helmholtz_pde,kin_wrong_island,3828,0.10124902295113268,100.0,0.0,0.06377266311935723,0.06377266288727888,-0.5318033957537085,0.14410043117710944,0.9591419453946743,1.1262946725071306
high_density/island01,high_density/island04,advective_pde,real,3828,0.09206561887966262,0.01,0.0,0.05654997180586245,0.05654997153362077,-0.20447753910408917,0.230642441206593,0.8084660199792627,12.324419766252833
high_density/island01,high_density/island04,advective_pde,kin_time_shuffled,3828,0.10233970156288019,100.0,0.0,0.06482555997085092,0.06482555974085534,-0.5828015805750268,0.13308967660937182,0.9828693249656536,-0.5061260000429763
high_density/island01,high_density/island04,advective_pde,kin_spatial_shifted,3828,0.10147475653150184,100.0,0.03,0.0610081526811699,0.06100815244044513,-0.40187622577486626,0.2057659167562927,0.9042170136374906,5.412416325889438
high_density/island01,high_density/island04,advective_pde,kin_wrong_island,3828,0.10134452377270747,100.0,0.03,0.0636786043999046,0.06367860416750462,-0.5272881941624301,0.14422799982357587,0.9567188931748388,1.2721241505529144
high_density/island01,high_density/island04,boundary_pde,real,3828,0.09206561887966262,0.01,0.01,0.05654997180586245,0.05654997153362077,-0.20447753910408917,0.230642441206593,0.8084660199792627,12.324419766252833
high_density/island01,high_density/island04,mechanics_source_pde,real,3828,0.09174220848010387,0.01,0.0,0.05601683499460436,0.05601683473073083,-0.18187366226810608,0.24535257162437998,0.7956321392938049,13.150999820489465
high_density/island01,high_density/island04,mechanics_source_pde,time_shuffled,3828,0.09174968369547495,0.01,0.0,0.056017163794880205,0.05601716353112952,-0.18188753672829994,0.24519129983688487,0.7956141005737285,13.150490045418778
high_density/island01,high_density/island04,mechanics_source_pde,spatial_shifted,3828,0.09175206897095288,10.0,0.0,0.05601735583744569,0.05601735557378618,-0.18189564043070794,0.24506554585760626,0.7955496093900017,13.150192300771058
high_density/island01,high_density/island04,mechanics_source_pde,wrong_island,3828,0.09175206780162734,0.01,0.0,0.05601732494729989,0.05601732468361871,-0.1818943369438215,0.2451741875872462,0.7955630896148661,13.150240193162215
high_density/island01,high_density/island04,mechanics_source_pde,kin_time_shuffled,3828,0.10230245483574563,0.01,0.0,0.06470877243183108,0.06470877220179812,-0.5771036740382041,0.13580861700614474,0.9808712027376252,-0.3250575578630232
high_density/island01,high_density/island04,mechanics_source_pde,kin_spatial_shifted,3828,0.10151123656701157,0.01,0.0,0.06126288189439139,0.06126288165411329,-0.4136072589956319,0.19955122113703094,0.9087196650320152,5.017481881093756
high_density/island01,high_density/island04,mechanics_source_pde,kin_wrong_island,3828,0.10124588506486792,100.0,0.0,0.06377348074466406,0.06377348051249535,-0.5318426743114817,0.14403075070207433,0.9591863336236542,1.1250270190791454
high_density/island01,high_density/island04,full_sparse_pde,real,3828,0.09205665144057043,0.01,0.0,0.056549123961572356,0.05654912368916925,-0.2044414223063118,0.2305297831797847,0.8085494875156732,12.325734271852376
high_density/island01,high_density/island04,full_sparse_pde,time_shuffled,3828,0.09206333768777376,0.01,0.01,0.05654987087814656,0.05654987060583686,-0.20447323971588416,0.23062569925527446,0.808521996713435,12.324576245589176
high_density/island01,high_density/island04,full_sparse_pde,spatial_shifted,3828,0.09206565549560358,10.0,0.01,0.056550061299046696,0.05655006102682934,-0.20448135140114254,0.23065513397007753,0.8084571768624185,12.324281015184074
high_density/island01,high_density/island04,full_sparse_pde,wrong_island,3828,0.09206570643226014,1.0,0.01,0.05655002545332371,0.05655002518108486,-0.20447982441721746,0.23065424771997584,0.8084703912429574,12.324336590746029
high_density/island01,high_density/island04,full_sparse_pde,kin_time_shuffled,3828,0.10232566914008635,1.0,0.03,0.06482837656771155,0.06482837633766209,-0.582939125418307,0.13303984398629498,0.9829422711263316,-0.510492876853323
high_density/island01,high_density/island04,full_sparse_pde,kin_spatial_shifted,3828,0.1014695826757214,0.01,0.03,0.06100513804938443,0.06100513780854781,-0.40173768572069757,0.2058055306013906,0.9041990783583552,5.417090238070475
high_density/island01,high_density/island04,full_sparse_pde,kin_wrong_island,3828,0.10133687097403435,0.01,0.03,0.06377168645147871,0.06377168621936302,-0.5317564774753645,0.14408616817062,0.9591521061729453,1.1278089071547628
high_density/island02,high_density/island03,cv,real,3571,,,,0.07475288600103679,0.07475288603018253,-0.41727736622333844,0.35141791677015183,1.0146946847322014,0.0
high_density/island02,high_density/island03,persistence,real,3571,,,,0.1235378833435054,0.12353788341489726,-2.870786656612382,0.25171971663214765,1.8147476387777164,-65.26169085300212
high_density/island02,high_density/island03,relaxation,real,3571,0.059361520316996555,0.01,0.0,0.06825070365189084,0.06825070366348593,-0.18144413140393678,0.35059059185994657,0.8928258257954115,8.698235896967578
high_density/island02,high_density/island03,relaxation,kin_time_shuffled,3571,0.06797328222018884,100.0,0.0,0.074693007191668,0.074693007223864,-0.41500773110840905,0.35115259351238515,1.0128500440362325,0.08010233383410541
high_density/island02,high_density/island03,relaxation,kin_spatial_shifted,3571,0.06666465467949696,0.01,0.0,0.07471075144530692,0.07471075147240742,-0.4156801161734276,0.3487287490125653,1.0046292265975727,0.05636512516465343
high_density/island02,high_density/island03,relaxation,kin_wrong_island,3571,0.06814781775227512,100.0,0.0,0.07452270986894496,0.07452270989906278,-0.4085627548939619,0.3522549291882077,1.0059980359011949,0.3079160462471184
high_density/island02,high_density/island03,isotropic_pde,real,3571,0.05979892030785799,0.01,0.0,0.06798578562781789,0.0679857856450018,-0.17229027986744794,0.35422958359179,0.8971823738166028,9.052627590121967
high_density/island02,high_density/island03,helmholtz_pde,real,3571,0.05980291901581777,0.01,0.0,0.06798540385711078,0.06798540387503882,-0.1722771140576862,0.35443621420969745,0.8973949896737561,9.0531382994514
high_density/island02,high_density/island03,helmholtz_pde,kin_time_shuffled,3571,0.06791909539763423,100.0,0.0,0.07474777286233752,0.07474777289467517,-0.4170834878657319,0.3510957387616063,1.0130456989578989,0.006840050971800433
high_density/island02,high_density/island03,helmholtz_pde,kin_spatial_shifted,3571,0.06575962974714175,0.01,0.0,0.07464048479615926,0.07464048482686321,-0.41301842928052235,0.350028920446583,0.9971176631319059,0.15036369736137575
high_density/island02,high_density/island03,helmholtz_pde,kin_wrong_island,3571,0.0685197186808007,100.0,0.0,0.07429892362853235,0.07429892365439063,-0.400115834942109,0.3514674179839233,0.9982891530144984,0.6072840794516029
high_density/island02,high_density/island03,advective_pde,real,3571,0.06017346580654699,0.01,0.0,0.06780877483563501,0.06780877488995828,-0.16619377462940532,0.3569009877982868,0.9044980506119566,9.289422133374849
high_density/island02,high_density/island03,advective_pde,kin_time_shuffled,3571,0.06800372057627821,100.0,0.0,0.07477452784462771,0.07477452787408219,-0.4180981221078648,0.3513672404199662,1.0120184703174626,-0.0289511817522645
high_density/island02,high_density/island03,advective_pde,kin_spatial_shifted,3571,0.06560830655140329,0.01,0.0,0.07459074767263818,0.07459074770414276,-0.411135910547733,0.34932589531078345,0.9943427203197713,0.2168990853066263
high_density/island02,high_density/island03,advective_pde,kin_wrong_island,3571,0.06861528555970177,100.0,0.03,0.07427460236015537,0.07427460238610792,-0.39919934738813745,0.3517029760555991,0.9975457476314312,0.6398196370391578
high_density/island02,high_density/island03,boundary_pde,real,3571,0.06017370212266533,0.01,0.0,0.0678087608366101,0.06780876089093324,-0.16619329311136632,0.3569013143379382,0.9044959171766638,9.289440860444506
high_density/island02,high_density/island03,mechanics_source_pde,real,3571,0.059800347707807094,0.01,0.0,0.06798499497566307,0.06798499499352055,-0.17226301335437277,0.3542961088172925,0.897399441177528,9.053685277019735
high_density/island02,high_density/island03,mechanics_source_pde,time_shuffled,3571,0.05980208312908005,0.01,0.0,0.06798573913733723,0.06798573915524318,-0.17228867660661984,0.35439452289201784,0.8974062935192346,9.052689781377824
high_density/island02,high_density/island03,mechanics_source_pde,spatial_shifted,3571,0.05979886976130843,0.01,0.03,0.06798593048487543,0.0679859305020653,-0.17229527546194867,0.3542054993377424,0.8971655829979922,9.052433808889958
high_density/island02,high_density/island03,mechanics_source_pde,wrong_island,3571,0.05980276973543895,0.01,0.0,0.06798539483686543,0.06798539485479733,-0.1722768029843862,0.3544336012295116,0.8973978977560562,9.053150366198201
high_density/island02,high_density/island03,mechanics_source_pde,kin_time_shuffled,3571,0.06791852191177941,100.0,0.0,0.074747491040803,0.07474749107311464,-0.4170728022248993,0.3510211303509861,1.0130567364629706,0.007217055226082872
high_density/island02,high_density/island03,mechanics_source_pde,kin_spatial_shifted,3571,0.06575885708316487,0.01,0.0,0.07464018358299436,0.07464018361366817,-0.41300702477429696,0.35003198997973944,0.997133805792218,0.150766642600062
high_density/island02,high_density/island03,mechanics_source_pde,kin_wrong_island,3571,0.06851895884172703,100.0,0.0,0.074298579867852,0.07429857989368217,-0.40010287906941944,0.3514993261726274,0.9982964775333556,0.607743942243142
high_density/island02,high_density/island03,full_sparse_pde,real,3571,0.060171531075494056,0.01,0.0,0.06780835837064124,0.06780835842490113,-0.16617944971448617,0.3567932171568987,0.904547021927487,9.28997925575402
high_density/island02,high_density/island03,full_sparse_pde,time_shuffled,3571,0.06017314043693881,0.01,0.0,0.06780919354810222,0.06780919360240843,-0.16620817693533474,0.35687445001751456,0.9045340331265223,9.288862004565926
high_density/island02,high_density/island03,full_sparse_pde,spatial_shifted,3571,0.060173660123031186,0.01,0.0,0.06780899880680215,0.06780899886112927,-0.1662014784764987,0.3569276202500047,0.904474296431499,9.289122517958118
high_density/island02,high_density/island03,full_sparse_pde,wrong_island,3571,0.06017353480595967,0.01,0.0,0.06780883360132822,0.06780883365566324,-0.16619579596747291,0.35688870111312404,0.9044999769401864,9.289343520082321
high_density/island02,high_density/island03,full_sparse_pde,kin_time_shuffled,3571,0.0680030142308728,0.01,0.03,0.07473915448143725,0.07473915451024274,-0.4167567285330218,0.35097993621177576,1.0122387290804782,0.018369217121923978
high_density/island02,high_density/island03,full_sparse_pde,kin_spatial_shifted,3571,0.0656075521533578,1.0,0.01,0.07459066772169001,0.07459066775314457,-0.41113288546305027,0.3492452932411086,0.9943534588202491,0.21700603903434024
high_density/island02,high_density/island03,full_sparse_pde,kin_wrong_island,3571,0.06859926001434212,0.01,0.03,0.07429864635776393,0.07429864638357761,-0.4001053849783025,0.35149261644242913,0.9982936217399774,0.607654995984385
high_density/island03,high_density/island02,cv,real,3316,,,,0.06777830394881651,0.06777830415342787,-0.7108648900525802,0.19912292444125632,1.0081215303428357,0.0
high_density/island03,high_density/island02,persistence,real,3316,,,,0.11529678425661959,0.11529678443280668,-3.950723911712129,0.0745179968458137,2.0200140333225085,-70.10868872111723
high_density/island03,high_density/island02,relaxation,real,3316,0.06825268356600954,0.01,0.0,0.05936606596914535,0.05936606616358939,-0.3125349020244259,0.26758501546210084,0.8229713461638056,12.411402284123144
high_density/island03,high_density/island02,relaxation,kin_time_shuffled,3316,0.07469176906828241,0.01,0.0,0.0679748236257191,0.06797482383003191,-0.7208004009310971,0.19367961327127034,1.013656373380716,-0.28994481207317707
high_density/island03,high_density/island02,relaxation,kin_spatial_shifted,3316,0.07470671936640987,100.0,0.0,0.06666774692636843,0.06666774713217816,-0.6552586883425402,0.21514217995191057,0.9701084331214019,1.6385140276389498
high_density/island03,high_density/island02,relaxation,kin_wrong_island,3316,0.074519921545651,0.01,0.0,0.06815125823573374,0.06815125843657262,-0.7297449702901497,0.18950415211716345,1.0100490922521055,-0.5502561443563211
high_density/island03,high_density/island02,isotropic_pde,real,3316,0.06798774610472148,0.01,0.0,0.0598018474648873,0.059801847658222024,-0.33187516779572745,0.25874888129399465,0.8339933111588334,11.76845097385405
high_density/island03,high_density/island02,helmholtz_pde,real,3316,0.06798855041007222,0.01,0.0,0.059805405742003576,0.05980540593307776,-0.3320336685477696,0.2582949425336228,0.8345373686412337,11.763201100904025
high_density/island03,high_density/island02,helmholtz_pde,kin_time_shuffled,3316,0.07474538102625289,100.0,0.0,0.06792148421166536,0.06792148441673006,-0.7181008581742456,0.19434422787321787,1.0115200152578343,-0.21124792821325103
high_density/island03,high_density/island02,helmholtz_pde,kin_spatial_shifted,3316,0.0746338866722819,100.0,0.0,0.06576785768923418,0.06576785789755599,-0.6108745152091961,0.2319049882563767,0.9451038816606822,2.9662091446267036
high_density/island03,high_density/island02,helmholtz_pde,kin_wrong_island,3316,0.07429401015380686,0.01,0.0,0.06852585328137226,0.06852585347783795,-0.7488123991401527,0.1802415852251839,1.010525571780377,-1.1029330605821526
high_density/island03,high_density/island02,advective_pde,real,3316,0.06782274957498595,0.01,0.0,0.06015949293180021,0.060159493110725396,-0.3478533855518551,0.25390827365512175,0.8462332225163088,11.240781453392486
high_density/island03,high_density/island02,advective_pde,kin_time_shuffled,3316,0.07477379997896033,100.0,0.0,0.06800540025783779,0.06800540046162104,-0.7223488599321173,0.19184989475112857,1.0137377023147032,-0.3350575247192727
high_density/island03,high_density/island02,advective_pde,kin_spatial_shifted,3316,0.07458505488902235,100.0,0.0,0.06561444548956766,0.06561444569847746,-0.6033681258992898,0.23247801690066477,0.9408723304483809,3.1925532542864086
high_density/island03,high_density/island02,advective_pde,kin_wrong_island,3316,0.07426904438285879,0.01,0.03,0.06862322059370339,0.06862322078965533,-0.7537856501280751,0.17897446798732966,1.0127517178513232,-1.2465886344911292
high_density/island03,high_density/island02,boundary_pde,real,3316,0.06782289681470366,0.01,0.0,0.06015953226987437,0.0601595324487986,-0.34785514826526076,0.25390626414243717,0.8462389421994615,11.2407234140631
high_density/island03,high_density/island02,mechanics_source_pde,real,3316,0.06798768843438503,100.0,0.03,0.0598053834486001,0.059805383639713355,-0.33203267547679327,0.2586624421185166,0.8345025297298989,11.763233992497703
high_density/island03,high_density/island02,mechanics_source_pde,time_shuffled,3316,0.06798888193013328,100.0,0.03,0.05980703810842565,0.0598070382994976,-0.33210638427207506,0.2584934804091589,0.8345774292013529,11.760792710136169
high_density/island03,high_density/island02,mechanics_source_pde,spatial_shifted,3316,0.06798783300657552,0.01,0.03,0.059801830674761906,0.059801830868085847,-0.33187441991374156,0.2587135339009771,0.833974309686068,11.76847574599373
high_density/island03,high_density/island02,mechanics_source_pde,wrong_island,3316,0.06798856890133895,0.01,0.0,0.05980522686018866,0.0598052270512661,-0.33202570016311417,0.2583046803043951,0.8345388062564142,11.763465022838774
high_density/island03,high_density/island02,mechanics_source_pde,kin_time_shuffled,3316,0.07474512449927058,100.0,0.0,0.06792089267207252,0.06792089287715253,-0.7180709318486114,0.1943739339936822,1.011497716385175,-0.21037517168014183
high_density/island03,high_density/island02,mechanics_source_pde,kin_spatial_shifted,3316,0.07463345397880114,100.0,0.03,0.06576709162976509,0.06576709183810348,-0.6108369887182408,0.2319876528566178,0.9450705714176548,2.9673393875002603
high_density/island03,high_density/island02,mechanics_source_pde,kin_wrong_island,3316,0.07429367886609067,0.01,0.0,0.06852506333373232,0.06852506353021402,-0.7487720796937936,0.18031699378875604,1.0104883749670288,-1.1017675731392438
high_density/island03,high_density/island02,full_sparse_pde,real,3316,0.06782253505154248,0.01,0.0,0.060157341013961606,0.06015734119289898,-0.34775696127357136,0.25435700648725906,0.8462579412127351,11.243956389462808
high_density/island03,high_density/island02,full_sparse_pde,time_shuffled,3316,0.06782336521948897,1.0,0.0,0.060159028135352496,0.060159028314262904,-0.34783255841275995,0.2540859967394828,0.846289634259191,11.24146721333927
high_density/island03,high_density/island02,full_sparse_pde,spatial_shifted,3316,0.06781114383192641,0.01,0.03,0.06018620948120011,0.06018620966154798,-0.3490508022038017,0.25429952179399107,0.8460375963219626,11.201363897647648
high_density/island03,high_density/island02,full_sparse_pde,wrong_island,3316,0.06782296217886555,1.0,0.0,0.06015938942241723,0.06015938960134506,-0.34784874736953375,0.2539030038364125,0.8462418727865826,11.240934170964328
high_density/island03,high_density/island02,full_sparse_pde,kin_time_shuffled,3316,0.07476545907671212,1.0,0.03,0.0680050643120355,0.0680050645158768,-0.7223318432147252,0.19200741007816366,1.0137186581088615,-0.3345618709131867
high_density/island03,high_density/island02,full_sparse_pde,kin_spatial_shifted,3316,0.07458473412934773,100.0,0.01,0.06561367459278983,0.06561367480171544,-0.6033304505361152,0.23256999976314016,0.9408397476317375,3.193690634118571
high_density/island03,high_density/island02,full_sparse_pde,kin_wrong_island,3316,0.07426875448942645,0.01,0.01,0.06862240740857405,0.06862240760454211,-0.7537440856571545,0.17905065034442594,1.0127148346213963,-1.2453888624942113
high_density/island04,high_density/island03,cv,real,4525,,,,0.1020850650292877,0.10208506525719988,0.13236068231545262,0.6408801719415087,1.01244593251284,0.0
high_density/island04,high_density/island03,persistence,real,4525,,,,0.16812456106934348,0.16812456122073854,-1.353299109585207,0.4941733477738199,1.4376532632457386,-64.69065362024737
high_density/island04,high_density/island03,relaxation,real,4525,0.05939339249997453,0.01,0.0,0.09216604937364102,0.09216604961518383,0.2927763923276191,0.653095710176704,0.9568596809926481,9.716421904639445
high_density/island04,high_density/island03,relaxation,kin_time_shuffled,4525,0.06799709258240644,100.0,0.0,0.10232766787711665,0.10232766810633365,0.1282319317597046,0.6387112931578005,1.0118303345872721,-0.23764773869962472
high_density/island04,high_density/island03,relaxation,kin_spatial_shifted,4525,0.0666591542956932,0.01,0.0,0.10191220380775015,0.10191220403546492,0.135296551731796,0.6428289599065002,1.0110176557796702,0.16933056887355863
high_density/island04,high_density/island03,relaxation,kin_wrong_island,4525,0.06816512825648259,100.0,0.0,0.101338975275924,0.10133897551064631,0.14499663965533993,0.6517216146212401,1.0135346681465376,0.73085102573409
high_density/island04,high_density/island03,isotropic_pde,real,4525,0.059826531896690564,0.01,0.0,0.09181271228716739,0.09181271253776739,0.29818856579277087,0.6505418821920393,0.9584987400046832,10.062542149090701
high_density/island04,high_density/island03,helmholtz_pde,real,4525,0.05982879210101039,0.01,0.0,0.09174390924522674,0.09174390949269653,0.2992400252197509,0.6509050934099194,0.9584601589705131,10.129939906928744
high_density/island04,high_density/island03,helmholtz_pde,kin_time_shuffled,4525,0.06794447011499334,100.0,0.0,0.10229015627666617,0.1022901565049179,0.12887096562050415,0.6388595140778167,1.0117991826881885,-0.2009023035850647
high_density/island04,high_density/island03,helmholtz_pde,kin_spatial_shifted,4525,0.06576341100001117,0.01,0.0,0.1015183757892883,0.10151837602238964,0.14196673312368557,0.6469080135763677,1.0064200737562354,0.555114730428473
high_density/island04,high_density/island03,helmholtz_pde,kin_wrong_island,4525,0.06859851185182816,100.0,0.01,0.10126347657698515,0.101263476809469,0.14627013974797765,0.6545689924386485,1.0217562289864175,0.8048076823587407
high_density/island04,high_density/island03,advective_pde,real,4525,0.060222488179291274,0.01,0.0,0.09205336423275753,0.09205336447525674,0.2945046832452576,0.6528484193063523,0.9621769461333796,9.826805475089435
high_density/island04,high_density/island03,advective_pde,kin_time_shuffled,4525,0.0680333901829278,100.0,0.0,0.10232046914417905,0.10232046937030642,0.1283545849496308,0.6384037060094767,1.011135850808981,-0.23059603529022957
high_density/island04,high_density/island03,advective_pde,kin_spatial_shifted,4525,0.06560808954947422,0.01,0.0,0.10148945276662685,0.10148945299980121,0.14245557822362986,0.6473919540009897,1.0061046255461294,0.5834470065704932
high_density/island04,high_density/island03,advective_pde,kin_wrong_island,4525,0.0687171002127617,100.0,0.03,0.10136722437157648,0.1013672246046728,0.1445198944221534,0.6532995224990135,1.022640138024356,0.7031789133096953
high_density/island04,high_density/island03,boundary_pde,real,4525,0.060222302493081414,0.01,0.0,0.09205357260653368,0.09205357284902685,0.29450148929604836,0.6528416249509048,0.9621403783297423,9.82660135730826
high_density/island04,high_density/island03,mechanics_source_pde,real,4525,0.05982637012715952,0.01,0.0,0.09173412767379784,0.09173412792133556,0.29938944480147744,0.6510085535371406,0.9585141902755706,10.13952169182189
high_density/island04,high_density/island03,mechanics_source_pde,time_shuffled,4525,0.05982801068093578,0.01,0.0,0.09174165522581294,0.09174165547330171,0.29927445817948906,0.6509273596717335,0.9585119358064336,10.132147888467616
high_density/island04,high_density/island03,mechanics_source_pde,spatial_shifted,4525,0.05982872910744159,0.01,0.0,0.09174395311564323,0.09174395336312045,0.2992393550358733,0.6509065981249302,0.9584534296300588,10.129896932548693
high_density/island04,high_density/island03,mechanics_source_pde,wrong_island,4525,0.05982860965547816,0.01,0.0,0.0917439037878565,0.09174390403533748,0.29924010858874395,0.6509038447598053,0.9584599453252896,10.129945252822424
high_density/island04,high_density/island03,mechanics_source_pde,kin_time_shuffled,4525,0.06794391782932194,100.0,0.0,0.10228726703909888,0.10228726726737475,0.12892017589159022,0.6388662337820986,1.0118349640723996,-0.1980720780903967
high_density/island04,high_density/island03,mechanics_source_pde,kin_spatial_shifted,4525,0.06576268377784099,0.01,0.0,0.10151523486404579,0.101515235097172,0.14201982649928657,0.6469616095676395,1.0064568671699097,0.5581915029316046
high_density/island04,high_density/island03,mechanics_source_pde,kin_wrong_island,4525,0.06859779619531006,100.0,0.01,0.10126038106009899,0.10126038129260567,0.1463223341791703,0.6546032546593381,1.0217862177256174,0.8078399739633211
high_density/island04,high_density/island03,full_sparse_pde,real,4525,0.06022028131794152,0.01,0.0,0.09204432684195024,0.0920443270845158,0.29464320124303156,0.6529274699711357,0.9622379481218192,9.835658279089863
high_density/island04,high_density/island03,full_sparse_pde,time_shuffled,4525,0.06022177819608503,0.01,0.0,0.09205138122878662,0.09205138147130153,0.29453507833060677,0.6528525821705772,0.9622142146193259,9.828747976620107
high_density/island04,high_density/island03,full_sparse_pde,spatial_shifted,4525,0.06022224171672843,0.01,0.0,0.09205367622902944,0.0920536764715296,0.29449990096959355,0.6528388567891221,0.9621313213869267,9.8264998512726
high_density/island04,high_density/island03,full_sparse_pde,wrong_island,4525,0.060222104721378546,0.01,0.0,0.09205367058373157,0.09205367082624064,0.29449998750066886,0.6528347037768071,0.9621391916392243,9.826505381257759
high_density/island04,high_density/island03,full_sparse_pde,kin_time_shuffled,4525,0.06803289015513388,100.0,0.03,0.10231744361278362,0.10231744383893385,0.12840613185076333,0.6384139710151215,1.011170610585594,-0.22763229973797036
high_density/island04,high_density/island03,full_sparse_pde,kin_spatial_shifted,4525,0.06560828596076851,0.01,0.0,0.10148614456265317,0.10148614479586499,0.14251148325633411,0.6474531931538802,1.0062272031092603,0.5866876411607612
high_density/island04,high_density/island03,full_sparse_pde,kin_wrong_island,4525,0.06871114072979062,0.01,0.03,0.10135911926578313,0.10135911949847469,0.1446566936672531,0.6536154132061915,1.0227280183471998,0.7111184744763493
low_density/island01,low_density/island03,cv,real,4828,,,,0.19438264045080636,0.1943826397861976,0.3086178720046332,0.712506824001559,1.0928995771116166,0.0
low_density/island01,low_density/island03,persistence,real,4828,,,,0.32442742736096386,0.32442742672374036,-0.9259203462836307,0.5935988293100638,1.5380896707785379,-66.90144093144308
low_density/island01,low_density/island03,relaxation,real,4828,0.18320334313342398,100.0,0.0,0.1835340928548412,0.1835340922815039,0.3836368102348843,0.6754982850272792,1.0406020429725267,5.5810269459382065
low_density/island01,low_density/island03,relaxation,kin_time_shuffled,4828,0.19577204482142058,0.01,0.0,0.19410612764290502,0.19410612698041582,0.3105834800098487,0.7123773401591005,1.0900265240013782,0.14225180092518494
low_density/island01,low_density/island03,relaxation,kin_spatial_shifted,4828,0.193484365103288,0.01,0.0,0.1914071554979583,0.19140715480929235,0.3296223403994155,0.7068440690297414,1.087328092159855,1.530735964990496
low_density/island01,low_density/island03,relaxation,kin_wrong_island,4828,0.19524664181685164,0.01,0.0,0.19270596811305352,0.1927059674389874,0.32049364229752375,0.7077097423840473,1.0892280974303625,0.8625628034758531
low_density/island01,low_density/island03,isotropic_pde,real,4828,0.1827045973652754,0.01,0.0,0.1831824278991013,0.18318242735772397,0.3859965424650127,0.6798351748875598,1.0410318751357508,5.761940696346546
low_density/island01,low_density/island03,helmholtz_pde,real,4828,0.18262550814117315,0.01,0.0,0.18315764900072434,0.1831576484601143,0.3861626424562884,0.6795891984451738,1.0412457132211437,5.774688181223251
low_density/island01,low_density/island03,helmholtz_pde,kin_time_shuffled,4828,0.19574832506126577,100.0,0.0,0.19411624888426277,0.19411624822233955,0.31051158188469996,0.712000353640443,1.0905263704481636,0.13704493577772875
low_density/island01,low_density/island03,helmholtz_pde,kin_spatial_shifted,4828,0.192091274219264,0.01,0.03,0.18948044929754318,0.18948044860431634,0.3430504702331224,0.7021862569963575,1.0835552103587682,2.521928494886788
low_density/island01,low_density/island03,helmholtz_pde,kin_wrong_island,4828,0.19474361013675465,0.01,0.0,0.19131984839912353,0.19131984771748986,0.33023376347281574,0.707024391296126,1.086832775198006,1.5756510314277665
low_density/island01,low_density/island03,advective_pde,real,4828,0.18166623163592713,0.01,0.0,0.1822282641951077,0.1822282637139268,0.39237634610392624,0.6832634841440887,1.0434333659851376,6.252809451316975
low_density/island01,low_density/island03,advective_pde,kin_time_shuffled,4828,0.19577252905843606,100.0,0.0,0.19401024811161816,0.19401024745084056,0.31126439211943446,0.7116898711582165,1.0895590661880648,0.191576951401958
low_density/island01,low_density/island03,advective_pde,kin_spatial_shifted,4828,0.19189886672590603,0.01,0.03,0.189441499874525,0.18944149918047684,0.34332052633613264,0.7016641146287361,1.0837802298229564,2.541965996117527
low_density/island01,low_density/island03,advective_pde,kin_wrong_island,4828,0.194686012867357,0.01,0.03,0.1912135071266095,0.19121350644338797,0.3309781086271538,0.7072906591028523,1.0867310995112636,1.6303582183549814
low_density/island01,low_density/island03,boundary_pde,real,4828,0.18166623163592713,0.01,0.01,0.1822282641951077,0.1822282637139268,0.39237634610392624,0.6832634841440887,1.0434333659851376,6.252809451316975
low_density/island01,low_density/island03,mechanics_source_pde,real,4828,0.18261479823885826,0.01,0.0,0.18314660148795975,0.18314660094735669,0.38623668983109993,0.6796066933267156,1.0412492690456394,5.780371565690995
low_density/island01,low_density/island03,mechanics_source_pde,time_shuffled,4828,0.1826228698536316,0.01,0.0,0.18315551080246173,0.18315551026191398,0.3861769743532423,0.679589455828596,1.0412568932825872,5.775788175647986
low_density/island01,low_density/island03,mechanics_source_pde,spatial_shifted,4828,0.18262638770373402,10.0,0.0,0.18315731756682904,0.1831573170261738,0.3861648639998806,0.6795865100059139,1.0412437145220372,5.774858687159815
low_density/island01,low_density/island03,mechanics_source_pde,wrong_island,4828,0.1826257369843544,100.0,0.03,0.18315671069118636,0.18315671015055365,0.3861689317703385,0.6796135890131331,1.041256100098833,5.775170893857293
low_density/island01,low_density/island03,mechanics_source_pde,kin_time_shuffled,4828,0.1957449384124311,0.01,0.0,0.1941123411393695,0.1941123404774748,0.31053934172170494,0.7120324191182451,1.0905283768231069,0.13905527212723442
low_density/island01,low_density/island03,mechanics_source_pde,kin_spatial_shifted,4828,0.19208837672313586,0.01,0.03,0.1894769548640518,0.18947695417084848,0.3430747011790787,0.7021995054034612,1.0835611785517016,2.5237262035050625
low_density/island01,low_density/island03,mechanics_source_pde,kin_wrong_island,4828,0.19474041471263243,0.01,0.0,0.19131630417115264,0.1913163034895451,0.33025857827643135,0.7070577108636487,1.0868395305783527,1.5774743567765048
low_density/island01,low_density/island03,full_sparse_pde,real,4828,0.1816566526385228,0.01,0.01,0.18221832708248095,0.18221832660128068,0.39244261310271134,0.6832980372000814,1.043436500046052,6.257921591298746
low_density/island01,low_density/island03,full_sparse_pde,time_shuffled,4828,0.18166363562478005,0.01,0.01,0.18222629324371248,0.18222629276259739,0.3923894899505229,0.6832687340587552,1.043445381183965,6.2538234057172195
low_density/island01,low_density/island03,full_sparse_pde,spatial_shifted,4828,0.18156945858298426,1.0,0.03,0.18220053316899645,0.18220053269026276,0.392561265210162,0.6830751966632314,1.0433052511857102,6.267075655178877
low_density/island01,low_density/island03,full_sparse_pde,wrong_island,4828,0.18156868337306467,0.01,0.03,0.1821881597685135,0.182188159289106,0.3926437658244113,0.6832757342000523,1.0433909127125796,6.273441141916976
low_density/island01,low_density/island03,full_sparse_pde,kin_time_shuffled,4828,0.19572908066262668,0.01,0.03,0.19421922736434158,0.19421922670132266,0.3097798419856005,0.7118466178583724,1.0916644573258962,0.0840677362210331
low_density/island01,low_density/island03,full_sparse_pde,kin_spatial_shifted,4828,0.19189645278581594,10.0,0.03,0.18943859693639398,0.1894385962423717,0.34334065165470806,0.7016709985018067,1.0837856956323286,2.5434594103999655
low_density/island01,low_density/island03,full_sparse_pde,kin_wrong_island,4828,0.19467639289439442,0.01,0.03,0.19131643686604755,0.19131643618444397,0.3302576492254363,0.7070589858406067,1.0868408968885654,1.5774060919875192
low_density/island02,low_density/island04,cv,real,4666,,,,0.2318497759365261,0.23184977639720666,0.07629260525131765,0.6983763308038645,1.0999828332532127,0.0
low_density/island02,low_density/island04,persistence,real,4666,,,,0.3781686891213222,0.37816868972056045,-1.4574924669111642,0.5658877327094547,1.5751948104497548,-63.10936141369366
low_density/island02,low_density/island04,relaxation,real,4666,0.18257734558454267,100.0,0.0,0.21706973932394527,0.21706973967922188,0.1903084099300063,0.6737595002679112,1.0481643661440254,6.3748332854388945
low_density/island02,low_density/island04,relaxation,kin_time_shuffled,4666,0.19116764715000018,0.01,0.0,0.23169551607451663,0.2316955165290275,0.07752136277181776,0.6978741140088732,1.0973556926263348,0.06653440455119451
low_density/island02,low_density/island04,relaxation,kin_spatial_shifted,4666,0.18967488226529036,0.01,0.0,0.22911753796436768,0.2291175384352351,0.0979352191297066,0.6962669727225332,1.0963175986479976,1.178451842580459
low_density/island02,low_density/island04,relaxation,kin_wrong_island,4666,0.19145902215104518,100.0,0.0,0.23061921240654956,0.23061921286501752,0.08607190402553788,0.6966590367037583,1.0983361279636472,0.5307589902872858
low_density/island02,low_density/island04,isotropic_pde,real,4666,0.18193618786051358,100.0,0.0,0.2157094789543396,0.215709479300864,0.20042442585966236,0.6758645844261078,1.0468368416974365,6.961532310771344
low_density/island02,low_density/island04,helmholtz_pde,real,4666,0.18190111031079426,100.0,0.0,0.2154634773028815,0.21546347764766036,0.2022471065704481,0.6757932291748191,1.0469976447046065,7.067636210040241
low_density/island02,low_density/island04,helmholtz_pde,kin_time_shuffled,4666,0.19112148061845138,0.01,0.0,0.23164770090435788,0.2316477013588261,0.07790206864268068,0.6982975708955119,1.097395595140891,0.08715774564059796
low_density/island02,low_density/island04,helmholtz_pde,kin_spatial_shifted,4666,0.18869484019484464,0.01,0.0,0.2276551532666438,0.2276551537394703,0.10941365793058278,0.694362759883536,1.0954836187410144,1.809198491763959
low_density/island02,low_density/island04,helmholtz_pde,kin_wrong_island,4666,0.19150057043507557,100.0,0.0,0.22945387968011993,0.22945388013399468,0.09528483541795918,0.6945291692591821,1.0970936584429178,1.0333830381217717
low_density/island02,low_density/island04,advective_pde,real,4666,0.18077255340799045,100.0,0.01,0.21433847295352154,0.214338473239554,0.21055600909700123,0.6787853979470859,1.049633170810387,7.552866097076664
low_density/island02,low_density/island04,advective_pde,kin_time_shuffled,4666,0.1910722198336843,0.01,0.0,0.23153275742662138,0.2315327578898834,0.07881693063731043,0.6987246130412726,1.096415276785425,0.13673444600617196
low_density/island02,low_density/island04,advective_pde,kin_spatial_shifted,4666,0.188593630062165,0.01,0.03,0.22757501645699893,0.22757501692647472,0.11004053756615317,0.6939831727769193,1.095170642648522,1.843762602301757
low_density/island02,low_density/island04,advective_pde,kin_wrong_island,4666,0.19149716176725484,100.0,0.0,0.22937452489303028,0.22937452534723288,0.09591050419570057,0.6944216698545042,1.096802632342318,1.0676098499802602
low_density/island02,low_density/island04,boundary_pde,real,4666,0.18077255340799045,100.0,0.01,0.21433847295352154,0.214338473239554,0.21055600909700123,0.6787853979470859,1.049633170810387,7.552866097076664
low_density/island02,low_density/island04,mechanics_source_pde,real,4666,0.18189232837190217,100.0,0.0,0.2154496579693419,0.21544965831444196,0.20234943537011574,0.6758809048132048,1.0469761342325459,7.073596678682107
low_density/island02,low_density/island04,mechanics_source_pde,time_shuffled,4666,0.18189994603029014,100.0,0.0,0.2154599727820003,0.21545997312684625,0.20227305731545275,0.6758192294478587,1.0470046058498106,7.06914775810751
low_density/island02,low_density/island04,mechanics_source_pde,spatial_shifted,4666,0.18190060480036335,100.0,0.03,0.21546369403746948,0.21546369438225355,0.2022455016512511,0.6757963895636041,1.046997243352285,7.06754272942682
low_density/island02,low_density/island04,mechanics_source_pde,wrong_island,4666,0.18190111031079426,100.0,0.03,0.2154634773028815,0.21546347764766036,0.2022471065704481,0.6757932291748191,1.0469976447046065,7.067636210040241
low_density/island02,low_density/island04,mechanics_source_pde,kin_time_shuffled,4666,0.19111934065652733,0.01,0.0,0.2316427098616901,0.23164271031631709,0.07794180294927155,0.6983114074253185,1.097388007652919,0.08931045097702899
low_density/island02,low_density/island04,mechanics_source_pde,kin_spatial_shifted,4666,0.18868250338007106,0.01,0.03,0.2276560608517071,0.22765606132458654,0.10940655697541701,0.6943241525231271,1.0954813823019138,1.8088070378103005
low_density/island02,low_density/island04,mechanics_source_pde,kin_wrong_island,4666,0.19149913514602104,0.01,0.0,0.22944667079710018,0.2294466712511166,0.09534168242532481,0.6945105116535283,1.0970860317250695,1.0364923285382242
low_density/island02,low_density/island04,full_sparse_pde,real,4666,0.1807644689041572,100.0,0.01,0.21432621109471928,0.2143262113810785,0.21064633141251166,0.6788459680957497,1.04961354696686,7.558154805423094
low_density/island02,low_density/island04,full_sparse_pde,time_shuffled,4666,0.18077120085975673,100.0,0.01,0.21433493763091604,0.21433493791701555,0.21058205123563045,0.6788072832471934,1.0496418391265714,7.554390930351629
low_density/island02,low_density/island04,full_sparse_pde,spatial_shifted,4666,0.1807718939662922,100.0,0.03,0.21433876357968432,0.21433876386572073,0.21055386824722266,0.6787843263037319,1.0496328450051964,7.552740746010443
low_density/island02,low_density/island04,full_sparse_pde,wrong_island,4666,0.18077235451175416,100.0,0.03,0.21433847295352154,0.214338473239554,0.21055600909700123,0.6787853979470859,1.049633170810387,7.552866097076664
low_density/island02,low_density/island04,full_sparse_pde,kin_time_shuffled,4666,0.19106437740372104,0.01,0.03,0.23155430577829905,0.23155430624168657,0.0786454568403746,0.6986860926186659,1.09649757893462,0.1274403452578222
low_density/island02,low_density/island04,full_sparse_pde,kin_spatial_shifted,4666,0.18859187769519214,0.01,0.03,0.22757049924950962,0.22757049971913848,0.11007586738019437,0.6939901652251428,1.09516582386981,1.8457109360057766
low_density/island02,low_density/island04,full_sparse_pde,kin_wrong_island,4666,0.19149584292263275,100.0,0.0,0.22937055892228297,0.2293705593766152,0.09594176801083043,0.6943928774419087,1.0967841667116855,1.0693204276997184
low_density/island03,low_density/island01,cv,real,3279,,,,0.1958307524316362,0.19583075160557073,0.027685683758585156,0.6514411294488245,1.1046582920342545,0.0
low_density/island03,low_density/island01,persistence,real,3279,,,,0.31961594915718294,0.3196159485844293,-1.590012040597316,0.5384333980965109,1.6388384006222467,-63.21029560677912
low_density/island03,low_density/island01,relaxation,real,3279,0.1836081218819831,100.0,0.0,0.18314806004231554,0.18314805916676435,0.14954852181618672,0.6250183682475716,1.0449846861861452,6.476353859046107
low_density/island03,low_density/island01,relaxation,kin_time_shuffled,3279,0.19411120731255596,0.01,0.0,0.19577312035138986,0.19577311952910872,0.028257894679700968,0.6510059380852201,1.1009776627426717,0.02942953340550109
low_density/island03,low_density/island01,relaxation,kin_spatial_shifted,3279,0.19164078013222002,0.01,0.0,0.19317820339832503,0.19317820255161866,0.05384750180672071,0.6470987094307108,1.0979589860345764,1.3545109908451236
low_density/island03,low_density/island01,relaxation,kin_wrong_island,3279,0.19287006432484174,0.01,0.0,0.1950765543205228,0.1950765534805143,0.035160562185489797,0.647766645100771,1.1029153328598162,0.38512752408542905
low_density/island03,low_density/island01,isotropic_pde,real,3279,0.18321368760762208,100.0,0.0,0.18269921139665665,0.1826992105578098,0.15371188790654744,0.6310686376035457,1.0443994060614823,6.705556170365728
low_density/island03,low_density/island01,helmholtz_pde,real,3279,0.18318619104869194,100.0,0.0,0.1826221045465294,0.18262210370892515,0.1544260764272366,0.6318283240303668,1.0445115435589767,6.744930399516394
low_density/island03,low_density/island01,helmholtz_pde,kin_time_shuffled,3279,0.19412042217288208,0.01,0.0,0.19575207052535973,0.19575206970140444,0.028466849864788646,0.6511822058014419,1.1012457981543493,0.04017852330198393
low_density/island03,low_density/island01,helmholtz_pde,kin_spatial_shifted,3279,0.18973113234934838,0.01,0.0,0.19177635068327564,0.19177634982464795,0.06752972748228314,0.6447708697734695,1.095643561396347,2.070360118460297
low_density/island03,low_density/island01,helmholtz_pde,kin_wrong_island,3279,0.19156164159982247,0.01,0.0,0.19452117896874038,0.1945211781103644,0.04064646278254891,0.6479951480352185,1.1018977477136507,0.6687271965559243
low_density/island03,low_density/island01,advective_pde,real,3279,0.18228529806215252,100.0,0.0,0.18158398167333872,0.18158398083986574,0.16401215212427267,0.6361174872018573,1.0474403200122577,7.275042682979581
low_density/island03,low_density/island01,advective_pde,kin_time_shuffled,3279,0.19402488600100667,0.01,0.0,0.19576484432059954,0.19576484349968776,0.0283400509663968,0.6512229403054104,1.1001519596749672,0.03365564669624523
low_density/island03,low_density/island01,advective_pde,kin_spatial_shifted,3279,0.18967557788287323,0.01,0.0,0.19160420793348312,0.191604207073967,0.06920298860660423,0.6436313650513719,1.0951980561340857,2.158263958520956
low_density/island03,low_density/island01,advective_pde,kin_wrong_island,3279,0.19145570421072614,0.01,0.03,0.19446994695670913,0.19446994609806836,0.04115173568191344,0.6485671801552251,1.1021918348266007,0.6948885690043258
low_density/island03,low_density/island01,boundary_pde,real,3279,0.18228529806215252,100.0,0.01,0.18158398167333872,0.18158398083986574,0.16401215212427267,0.6361174872018573,1.0474403200122577,7.275042682979581
low_density/island03,low_density/island01,mechanics_source_pde,real,3279,0.18317734378705625,100.0,0.0,0.18260980937744387,0.18260980853987885,0.15453993038188008,0.6319634070563933,1.044580282035276,6.751208866481106
low_density/island03,low_density/island01,mechanics_source_pde,time_shuffled,3279,0.1831845984216957,100.0,0.01,0.18261872279012942,0.18261872195260564,0.15445739244458112,0.6318649671145816,1.044557901382578,6.746657276573128
low_density/island03,low_density/island01,mechanics_source_pde,spatial_shifted,3279,0.18318582405244815,100.0,0.03,0.18262294148602495,0.182622940648404,0.15441832604208394,0.6318240934224855,1.0445137851242807,6.744503020531226
low_density/island03,low_density/island01,mechanics_source_pde,wrong_island,3279,0.18318619104869194,100.0,0.03,0.1826221045465294,0.18262210370892515,0.1544260764272366,0.6318283240303668,1.0445115435589767,6.744930399516394
low_density/island03,low_density/island01,mechanics_source_pde,kin_time_shuffled,3279,0.19411733337724643,0.01,0.0,0.1957475699683554,0.19574756914445232,0.028511522598171246,0.6512152966893656,1.1012905604890875,0.04247671034115674
low_density/island03,low_density/island01,mechanics_source_pde,kin_spatial_shifted,3279,0.1897283468063052,0.01,0.0,0.1917724462045424,0.19177244534596355,0.06756769643146365,0.6448133364383425,1.095692873870174,2.0723539210946558
low_density/island03,low_density/island01,mechanics_source_pde,kin_wrong_island,3279,0.19155889574229834,0.01,0.0,0.19451692610989021,0.1945169252515613,0.04068841143384516,0.6480487360242294,1.101946289929683,0.6708988977663961
low_density/island03,low_density/island01,full_sparse_pde,real,3279,0.18227741588100713,100.0,0.01,0.18157281101132616,0.181572810177889,0.164115005364724,0.6363010891285832,1.0475032776715927,7.280746925998178
low_density/island03,low_density/island01,full_sparse_pde,time_shuffled,3279,0.1822839530563227,100.0,0.0,0.18158136753119433,0.18158136669779232,0.16403622225716763,0.636153902127625,1.047492510380803,7.276377581636705
low_density/island03,low_density/island01,full_sparse_pde,spatial_shifted,3279,0.18222216850021306,1.0,0.03,0.18152011885174021,0.18152011801796955,0.16460008013921013,0.6360954653112451,1.047328024031484,7.307653915573335
low_density/island03,low_density/island01,full_sparse_pde,wrong_island,3279,0.1822230353106562,0.01,0.03,0.18151901044471125,0.18151900961096948,0.16461028242755205,0.6361148143570752,1.0473263565989976,7.3082199180989775
low_density/island03,low_density/island01,full_sparse_pde,kin_time_shuffled,3279,0.1939982001955165,0.01,0.03,0.19571148881701947,0.19571148799517604,0.028869628605921016,0.6514683875311207,1.1000730677190942,0.06090136989051669
low_density/island03,low_density/island01,full_sparse_pde,kin_spatial_shifted,3279,0.18967303877156444,0.01,0.0,0.19160093510751655,0.19160093424802438,0.06923478655754911,0.6436150604382099,1.0952550224792637,2.159935210822132
low_density/island03,low_density/island01,full_sparse_pde,kin_wrong_island,3279,0.1914530298713487,0.01,0.01,0.19446576751105227,0.19446576665245785,0.04119294936234885,0.64860589738029,1.102239699970955,0.6970227821328806
low_density/island04,low_density/island03,cv,real,4372,,,,0.19129135362766767,0.19129135416264992,0.2478908103504911,0.679230173630773,1.0535044196474594,0.0
low_density/island04,low_density/island03,persistence,real,4372,,,,0.3087277637961019,0.3087277646142701,-0.9590322645674385,0.5693834164450915,1.4874605827550307,-61.391384344410646
low_density/island04,low_density/island03,relaxation,real,4372,0.1831854836748907,100.0,0.0,0.18242292192658993,0.1824229223938045,0.3160111382891164,0.653868917955527,0.9931737794026576,4.636086041455289
low_density/island04,low_density/island03,relaxation,kin_time_shuffled,4372,0.1957720868884738,100.0,0.0,0.19115852341101264,0.19115852394679878,0.24893495728367276,0.6793647735123349,1.0504541380746817,0.06943869284243813
low_density/island04,low_density/island03,relaxation,kin_spatial_shifted,4372,0.19328300316899397,0.01,0.0,0.18951260300744796,0.1895126035536994,0.2618129737673902,0.6750976660836693,1.048470301271596,0.9298646124059012
low_density/island04,low_density/island03,relaxation,kin_wrong_island,4372,0.1950577345689213,0.01,0.0,0.19152132318224946,0.19152132372053163,0.2460813591522536,0.6789146052941529,1.0545299535079973,-0.12021952528297365
low_density/island04,low_density/island03,isotropic_pde,real,4372,0.18269805677893564,0.01,0.0,0.18178744519244674,0.18178744566154936,0.3207682370790901,0.6589242112761939,0.9945465722075412,4.968289624328571
low_density/island04,low_density/island03,helmholtz_pde,real,4372,0.1826202509578994,0.01,0.0,0.18175840074850472,0.1817584012118986,0.32098526347151946,0.6588516019740139,0.9946573617168216,4.983472981557602
low_density/island04,low_density/island03,helmholtz_pde,kin_time_shuffled,4372,0.19576054871440843,100.0,0.0,0.1911079516663104,0.19110795220137503,0.24933229918734323,0.6796733938838548,1.0506182244045057,0.09587571904527946
low_density/island04,low_density/island03,helmholtz_pde,kin_spatial_shifted,4372,0.19187396036397186,0.01,0.0,0.18855320197005992,0.18855320251360258,0.2692681479815091,0.6732509918914387,1.0452098234999638,1.431403766800229
low_density/island04,low_density/island03,helmholtz_pde,kin_wrong_island,4372,0.19450436137184943,0.01,0.0,0.19158030627487346,0.19158030681168192,0.24561691687966636,0.6790547433187011,1.055009160554539,-0.15105368995731772
low_density/island04,low_density/island03,advective_pde,real,4372,0.1816266619460758,100.0,0.0,0.18068265893375351,0.18068265933066296,0.32899901147368715,0.6617018318793617,0.9969875431955852,5.545830797437224
low_density/island04,low_density/island03,advective_pde,kin_time_shuffled,4372,0.19576844200174182,100.0,0.0,0.19104037542079255,0.1910403759568522,0.24986308123875656,0.6796719585560099,1.0496069976193763,0.1312020644614837
low_density/island04,low_density/island03,advective_pde,kin_spatial_shifted,4372,0.19169223539910338,0.01,0.0,0.18848907658049238,0.1884890771236232,0.26976509522258085,0.6720592033805902,1.0454271860596653,1.464926133903583
low_density/island04,low_density/island03,advective_pde,kin_wrong_island,4372,0.1944523971662911,0.01,0.03,0.19157717549787476,0.19157717603321006,0.24564157272302856,0.6789772541190053,1.0552006990310967,-0.14941703550131008
low_density/island04,low_density/island03,boundary_pde,real,4372,0.1816266619460758,100.0,0.01,0.18068265893375351,0.18068265933066296,0.32899901147368715,0.6617018318793617,0.9969875431955852,5.545830797437224
low_density/island04,low_density/island03,mechanics_source_pde,real,4372,0.18261054635796725,0.01,0.0,0.18174270940961104,0.1817427098729624,0.3211024981125653,0.6588850418874306,0.9946149739864575,4.991675829514262
low_density/island04,low_density/island03,mechanics_source_pde,time_shuffled,4372,0.18261802601332025,0.01,0.0,0.18175416841772518,0.18175416888110515,0.3210168854653349,0.6588565590208215,0.9946629168631782,4.985685486567025
low_density/island04,low_density/island03,mechanics_source_pde,spatial_shifted,4372,0.18262114547006536,10.0,0.0,0.18175781545253833,0.18175781591593654,0.32098963657274526,0.6588492156869373,0.9946544250901731,4.983778952501568
low_density/island04,low_density/island03,mechanics_source_pde,wrong_island,4372,0.1826203800662407,100.0,0.03,0.18175695656345253,0.18175695702688474,0.3209960538284361,0.6588766902367511,0.9946714137373467,4.984227947729584
low_density/island04,low_density/island03,mechanics_source_pde,kin_time_shuffled,4372,0.19575762707532954,0.01,0.0,0.19110245266727036,0.19110245320230532,0.24937549845301332,0.6796667310376336,1.0506082820853961,0.09875039108353209
low_density/island04,low_density/island03,mechanics_source_pde,kin_spatial_shifted,4372,0.19187147094426185,0.01,0.0,0.18854828694561787,0.18854828748913163,0.26930624352245736,0.6732499753796696,1.045203903337142,1.433973158654065
low_density/island04,low_density/island03,mechanics_source_pde,kin_wrong_island,4372,0.1945016425399304,0.01,0.0,0.1915753729032798,0.1915753734400572,0.24565576851572812,0.6790354755404056,1.0550045831065449,-0.1484747068943817
low_density/island04,low_density/island03,full_sparse_pde,real,4372,0.18161816976509373,0.01,0.01,0.1806696561642051,0.18066965656108852,0.3290955847400877,0.6616973088240736,0.9969309211095997,5.552628161401405
low_density/island04,low_density/island03,full_sparse_pde,time_shuffled,4372,0.18162454975140566,0.01,0.01,0.18068001196823358,0.18068001236511205,0.32901867139565133,0.6616804600053899,0.996978056700732,5.54721453250591
low_density/island04,low_density/island03,full_sparse_pde,spatial_shifted,4372,0.18152892594361375,1.0,0.03,0.180643280827998,0.18064328122598708,0.32929145644838154,0.661969104724913,0.996921150266614,5.566416204889776
low_density/island04,low_density/island03,full_sparse_pde,wrong_island,4372,0.1816266619460758,100.0,0.03,0.18068265893375351,0.18068265933066296,0.32899901147368715,0.6617018318793617,0.9969875431955852,5.545830797437224
low_density/island04,low_density/island03,full_sparse_pde,kin_time_shuffled,4372,0.19574455743687058,0.01,0.03,0.19104362872745984,0.1910436292638052,0.24983753222671345,0.679845309185436,1.0496498774782645,0.12950135667610557
low_density/island04,low_density/island03,full_sparse_pde,kin_spatial_shifted,4372,0.19168969428181817,0.01,0.01,0.18846824147705163,0.1884682420207428,0.2699265229160359,0.6719797992349127,1.0454373849685028,1.4758179501969007
low_density/island04,low_density/island03,full_sparse_pde,kin_wrong_island,4372,0.19444975334574024,0.01,0.01,0.19158162339068702,0.1915816239261398,0.24560654407780969,0.6789444092994182,1.0551981365896406,-0.15174222837226792
