movie,representation,detrend,control,control_repeat,lag,geometry,metric,unit,first_value,e_folding,first_zero,integral_positive,exponential_xi,exponential_amplitude,exponential_rmse,n_points
10,gaussian_score,affine,real,0,0,current,vector_correlation,nearest_neighbour,0.15764098359054426,1.382885825975736,6.807636832610449,0.8329988477274558,0.7211527996395757,0.40625674744524426,0.005022238220136714,8
10,gaussian_score,affine,real,0,0,current,vector_correlation,px,0.15764098359054426,109.62954060875416,539.6790595841404,66.03845022558163,57.1727623960615,0.4062153562183584,0.005021522985829073,8
10,gaussian_score,affine,real,0,0,current,direction_correlation,nearest_neighbour,0.15744821131608622,1.5075265989535924,9.571815830837721,1.0460366891154484,0.8289701564277983,0.3552442797794154,0.006415777052312169,8
10,gaussian_score,affine,real,0,0,current,direction_correlation,px,0.15744821131608622,119.51041961609343,758.807141659076,82.92699378793893,65.71966097775103,0.3552175897610424,0.006415033735031142,8
10,gaussian_score,affine,real,0,1,endpoint,vector_correlation,nearest_neighbour,0.049462806631833035,1.3090055312096003,1.702293414295752,0.5059640137213406,,,,8
10,gaussian_score,affine,real,0,1,endpoint,vector_correlation,px,0.049462806631833035,103.88535566766937,135.09601928598317,40.15674618290862,,,,8
10,gaussian_score,affine,real,0,1,endpoint,direction_correlation,nearest_neighbour,0.043652754075562426,1.1870243155832638,1.5622877328123015,0.431683284463211,,,,8
10,gaussian_score,affine,real,0,1,endpoint,direction_correlation,px,0.043652754075562426,94.20435130843171,123.9854043462507,34.26153083079073,,,,8
10,gaussian_score,affine,real,0,1,start,vector_correlation,nearest_neighbour,0.04973503075355812,1.2802489319491452,1.741313414496144,0.4904478395417865,,,,8
10,gaussian_score,affine,real,0,1,start,vector_correlation,px,0.04973503075355812,101.60328019335778,138.19223892571762,38.92512714928468,,,,8
10,gaussian_score,affine,real,0,1,start,direction_correlation,nearest_neighbour,0.03845272271141826,1.2886259159257771,1.6122585638024,0.4991831871719349,,,,8
10,gaussian_score,affine,real,0,1,start,direction_correlation,px,0.03845272271141826,102.26805731808757,127.95075907856216,39.618394782225685,,,,8
10,gaussian_score,affine,real,0,2,endpoint,vector_correlation,nearest_neighbour,0.03221180871394612,2.412475190819594,,1.8466011792336448,1.510964031341418,0.050964878730404485,0.0024217532367862824,8
10,gaussian_score,affine,real,0,2,endpoint,vector_correlation,px,0.03221180871394612,191.48476328402592,,146.5731146432028,119.93225913905937,0.0509640669922588,0.002421726415950165,8
10,gaussian_score,affine,real,0,2,endpoint,direction_correlation,nearest_neighbour,0.036436350360016335,2.3198365269641883,,1.6575359948057131,1.4110387138590166,0.058531763769592265,0.0018418904292495618,8
10,gaussian_score,affine,real,0,2,endpoint,direction_correlation,px,0.036436350360016335,184.13199756254824,,131.56666121492864,112.00091544871677,0.058530585820348986,0.0018417894358288011,8
10,gaussian_score,affine,real,0,2,start,vector_correlation,nearest_neighbour,0.03444589461078029,2.180229767533269,,1.7303215990995435,1.3555564370417366,0.05669160080346014,0.0020844501220262535,8
10,gaussian_score,affine,real,0,2,start,vector_correlation,px,0.03444589461078029,173.05119226909147,,137.3428914184348,107.59473255723337,0.05669139808456801,0.0020844174710447664,8
10,gaussian_score,affine,real,0,2,start,direction_correlation,nearest_neighbour,0.03828260795989112,2.1195086842336344,,1.6006094938039952,1.3385157957287566,0.062411270138207284,0.001599797972228819,8
10,gaussian_score,affine,real,0,2,start,direction_correlation,px,0.03828260795989112,168.23169922116278,,127.04746918472414,106.24269675018823,0.0624108096403925,0.001599691020040283,8
10,gaussian_score,affine,real,0,3,endpoint,vector_correlation,nearest_neighbour,0.025943494767921866,2.4583996938769763,3.276924005101346,1.801955525724445,2.183793321352524,0.03890093667812766,0.00253390212262832,8
10,gaussian_score,affine,real,0,3,endpoint,vector_correlation,px,0.025943494767921866,195.00823481687013,259.9387595544019,142.9395424466901,173.2302683575648,0.03890036216205254,0.0025340229556560807,8
10,gaussian_score,affine,real,0,3,endpoint,direction_correlation,nearest_neighbour,0.030576999096484536,2.1863953243639784,3.2873450456486197,1.49477232382082,1.5512941287437942,0.05051223234327125,0.0033863856711993214,8
10,gaussian_score,affine,real,0,3,endpoint,direction_correlation,px,0.030576999096484536,173.4324382074297,260.7654270186855,118.57235183327643,123.05701117001347,0.05051122949365816,0.0033864975302514773,8
10,gaussian_score,affine,real,0,3,start,vector_correlation,nearest_neighbour,0.030058795858959406,2.330716248413754,3.2690586975832856,1.5456882764207585,1.7183568491870689,0.047056066713441265,0.0022829735086520365,8
10,gaussian_score,affine,real,0,3,start,vector_correlation,px,0.030058795858959406,184.88254259105813,259.3151975198735,122.6128266977267,136.31151762276397,0.04705505176428873,0.0022830446685126083,8
10,gaussian_score,affine,real,0,3,start,direction_correlation,nearest_neighbour,0.03090742548191976,2.1850386639943236,3.1690676937652014,1.527478289257391,1.5982901103050935,0.051136224686876466,0.003128022836003539,8
10,gaussian_score,affine,real,0,3,start,direction_correlation,px,0.03090742548191976,173.32725302623868,251.3834877277451,121.16839063596241,126.78745146734585,0.05113488231703475,0.003128173955280417,8
10,gaussian_score,affine,real,0,4,endpoint,vector_correlation,nearest_neighbour,0.022472472905686165,2.818244017510481,8.266015825065056,2.2625714162201462,2.1231564919549255,0.04021809288430465,0.005254787792331833,8
10,gaussian_score,affine,real,0,4,endpoint,vector_correlation,px,0.022472472905686165,223.5820264997433,655.777980138508,179.50082491522784,168.44189926768271,0.040217499819773364,0.00525490616689172,8
10,gaussian_score,affine,real,0,4,endpoint,direction_correlation,nearest_neighbour,0.020020697385545048,2.9952042186931576,4.689266818512049,2.38280080060985,2.334105009378262,0.032861113346654806,0.0037746715492828365,8
10,gaussian_score,affine,real,0,4,endpoint,direction_correlation,px,0.020020697385545048,237.62100828046042,372.02006361088274,189.03944982479663,185.17755944339729,0.03286070003274022,0.0037747594936990824,8
10,gaussian_score,affine,real,0,4,start,vector_correlation,nearest_neighbour,0.02151633285663691,2.8639777997594784,4.694866743631438,2.416459223016657,2.364427164077307,0.03862352157824012,0.006170386942837003,8
10,gaussian_score,affine,real,0,4,start,vector_correlation,px,0.02151633285663691,227.21163531214677,372.46472490255536,191.70982350159585,187.5831912358143,0.03862314181787845,0.00617047507798222,8
10,gaussian_score,affine,real,0,4,start,direction_correlation,nearest_neighbour,0.020059108091149483,2.9786245780224836,4.534780098160224,2.4187550752155937,2.370197110616417,0.03290314505999722,0.0038071550813784908,8
10,gaussian_score,affine,real,0,4,start,direction_correlation,px,0.020059108091149483,236.3069906669492,359.7642022790262,191.8917984700815,188.04055907697398,0.03290288203490732,0.0038072184054507813,8
10,gaussian_score,affine,real,0,5,endpoint,vector_correlation,nearest_neighbour,-0.0035066914141767083,,,,2.4952804780873947,0.02101361152075332,0.0017172109471146517,8
10,gaussian_score,affine,real,0,5,endpoint,vector_correlation,px,-0.0035066914141767083,,,,198.09250313895507,0.02101369222307612,0.0017172132492349593,8
10,gaussian_score,affine,real,0,5,endpoint,direction_correlation,nearest_neighbour,-0.005397786328823467,,,,1.5853945396895244,0.028508733287250135,0.0032229465296297484,8
10,gaussian_score,affine,real,0,5,endpoint,direction_correlation,px,-0.005397786328823467,,,,125.85600113327634,0.028509815016846293,0.003222913489471077,8
10,gaussian_score,affine,real,0,5,start,vector_correlation,nearest_neighbour,-0.001218691118534331,,,,2.561827174830194,0.02137811884379875,0.0028476821799964754,8
10,gaussian_score,affine,real,0,5,start,vector_correlation,px,-0.001218691118534331,,,,203.34154936456366,0.0213808242244826,0.0028476848800495203,8
10,gaussian_score,affine,real,0,5,start,direction_correlation,nearest_neighbour,-0.0039858318360767786,,,,1.9141478499962092,0.02350616828220663,0.002741991301703652,8
10,gaussian_score,affine,real,0,5,start,direction_correlation,px,-0.0039858318360767786,,,,151.9094328625933,0.023513100872799453,0.002741984520289931,8
10,gaussian_score,affine,real,0,6,endpoint,vector_correlation,nearest_neighbour,0.021731477469664234,3.938867739936542,6.313068364751388,2.41319495914872,3.183256681778591,0.024447172088350906,0.002758948387033477,8
10,gaussian_score,affine,real,0,6,endpoint,vector_correlation,px,0.021731477469664234,312.6396880812964,501.08571069603175,191.54256396688675,252.66494625602496,0.02444712714456887,0.0027589460667131792,8
10,gaussian_score,affine,real,0,6,endpoint,direction_correlation,nearest_neighbour,0.006836830964842501,4.966080202749646,6.851449621784822,7.1137923996318895,5.641423342974763,0.01538615167188135,0.0038674298477411407,8
10,gaussian_score,affine,real,0,6,endpoint,direction_correlation,px,0.006836830964842501,394.1729546660914,543.817899652161,564.6430035507034,447.7763541741394,0.01538614306594352,0.003867431533419752,8
10,gaussian_score,affine,real,0,6,start,vector_correlation,nearest_neighbour,0.019897928440544912,3.973364701427378,6.3666175080586145,2.659308726906437,3.176515476434945,0.024906607338118336,0.002094706586027977,8
10,gaussian_score,affine,real,0,6,start,vector_correlation,px,0.019897928440544912,315.3784032807145,505.33677677328836,211.07676146024,252.12944786057042,0.024906553934125383,0.002094710904143873,8
10,gaussian_score,affine,real,0,6,start,direction_correlation,nearest_neighbour,0.004884853259437595,5.004416484604297,,9.952923866539024,4.969586409285211,0.015110515886528874,0.004344135735703456,8
10,gaussian_score,affine,real,0,6,start,direction_correlation,px,0.004884853259437595,397.21624575722086,,789.9918709003931,394.4481042134469,0.015110545397829063,0.0043441231074870515,8
10,gaussian_score,affine,spatial_shuffle,0,0,current,vector_correlation,nearest_neighbour,0.011786912316749951,1.0313718742808735,1.2296587275710908,0.9012466847332281,3.8554828192568547,0.014102677275686691,4.755140704169014e-05,8
10,gaussian_score,affine,spatial_shuffle,0,0,current,vector_correlation,px,0.011786912316749951,81.76165593895138,97.4822615228897,71.44801126868437,305.64654438871895,0.014102523615856873,4.756069874345976e-05,8
10,gaussian_score,affine,spatial_shuffle,0,0,current,direction_correlation,nearest_neighbour,0.008510303563908644,1.3205839440559943,1.4301015490167284,2.000475180139674,7.476927677151503,0.0078000680992781155,0.0012127789055238426,8
10,gaussian_score,affine,spatial_shuffle,0,0,current,direction_correlation,px,0.008510303563908644,104.6905680520943,113.3725601317073,158.59003859445392,592.7334894841639,0.007800066404554561,0.0012127670051927683,8
10,gaussian_score,affine,spatial_shuffle,0,1,endpoint,vector_correlation,nearest_neighbour,0.006769784549820407,2.1251544410502303,2.2722317818989928,3.0263641845313374,4.812487534471746,0.009539531178440598,0.0011906056832006245,8
10,gaussian_score,affine,spatial_shuffle,0,1,endpoint,vector_correlation,px,0.006769784549820407,168.65330817226913,180.32501736971798,240.17677036370145,381.93055725659775,0.009539462137067453,0.0011906209517020718,8
10,gaussian_score,affine,spatial_shuffle,0,1,endpoint,direction_correlation,nearest_neighbour,0.001516753201009547,2.3023213507329356,2.3263054214958054,12.922271063302972,33.859190731392445,0.0068409261658919805,0.004327532883596026,8
10,gaussian_score,affine,spatial_shuffle,0,1,endpoint,direction_correlation,px,0.001516753201009547,182.71285424030387,184.61617325395878,1025.5194429103135,2687.2971386953245,0.006840895672889131,0.004327534553914659,8
10,gaussian_score,affine,spatial_shuffle,0,1,start,vector_correlation,nearest_neighbour,0.008756655232885917,2.0991893967710333,2.3126450144685906,2.5199924312139808,4.41196187285669,0.010565395083755563,0.000656709429086887,8
10,gaussian_score,affine,spatial_shuffle,0,1,start,vector_correlation,px,0.008756655232885917,166.59243226039914,183.5317670819128,199.99036907376913,350.141615563931,0.010565341279579926,0.0006567041938744004,8
10,gaussian_score,affine,spatial_shuffle,0,1,start,direction_correlation,nearest_neighbour,0.0025959490464083517,2.3012169614015345,2.33900120939414,8.237074927811532,6.510326942159546,0.008896856224810706,0.004436078877848467,8
10,gaussian_score,affine,spatial_shuffle,0,1,start,direction_correlation,px,0.0025959490464083517,182.62486372022582,185.62333260396684,653.6977609121545,516.6758487630246,0.00889679716528553,0.004436087145740836,8
10,gaussian_score,affine,spatial_shuffle,0,2,endpoint,vector_correlation,nearest_neighbour,0.009639227710687084,0.8618986379346301,0.9620553590930977,1.1952606784830104,0.7093958245769878,0.025207981500442168,0.001397678191761749,8
10,gaussian_score,affine,spatial_shuffle,0,2,endpoint,vector_correlation,px,0.009639227710687084,68.41082601430988,76.36140564064624,94.87480430899035,56.309203934043985,0.02520602449214311,0.0013976698037158001,8
10,gaussian_score,affine,spatial_shuffle,0,2,endpoint,direction_correlation,nearest_neighbour,0.0003160612923456264,0.6993677166273033,0.7049352274388955,19.610976171619754,7.552940204723603,0.002173790258684036,0.00139698720825399,8
10,gaussian_score,affine,spatial_shuffle,0,2,endpoint,direction_correlation,px,0.0003160612923456264,55.5088957529231,55.95085249347989,1556.5695872173346,599.514622962671,0.0021737726111562524,0.0013969891884540006,8
10,gaussian_score,affine,spatial_shuffle,0,2,start,vector_correlation,nearest_neighbour,0.007740629460862891,0.8782526119224823,0.9887537745280506,1.267350243404626,0.6783442235203422,0.02113496845138045,0.0011160687766930827,8
10,gaussian_score,affine,spatial_shuffle,0,2,start,vector_correlation,px,0.007740629460862891,69.70919376465284,78.48060993257012,100.5958529359724,53.84369230283325,0.02113383211713588,0.0011160637999167809,8
10,gaussian_score,affine,spatial_shuffle,0,2,start,direction_correlation,nearest_neighbour,-0.0038874302203693637,,,,,,,8
10,gaussian_score,affine,spatial_shuffle,0,2,start,direction_correlation,px,-0.0038874302203693637,,,,,,,8
10,gaussian_score,affine,spatial_shuffle,0,3,endpoint,vector_correlation,nearest_neighbour,-0.013722300762822978,,,,,,,8
10,gaussian_score,affine,spatial_shuffle,0,3,endpoint,vector_correlation,px,-0.013722300762822978,,,,,,,8
10,gaussian_score,affine,spatial_shuffle,0,3,endpoint,direction_correlation,nearest_neighbour,-0.01494661111584021,,,,,,,8
10,gaussian_score,affine,spatial_shuffle,0,3,endpoint,direction_correlation,px,-0.01494661111584021,,,,,,,8
10,gaussian_score,affine,spatial_shuffle,0,3,start,vector_correlation,nearest_neighbour,-0.017753983119415236,,,,,,,8
10,gaussian_score,affine,spatial_shuffle,0,3,start,vector_correlation,px,-0.017753983119415236,,,,,,,8
10,gaussian_score,affine,spatial_shuffle,0,3,start,direction_correlation,nearest_neighbour,-0.019615186723388647,,,,,,,8
10,gaussian_score,affine,spatial_shuffle,0,3,start,direction_correlation,px,-0.019615186723388647,,,,,,,8
10,gaussian_score,affine,spatial_shuffle,0,4,endpoint,vector_correlation,nearest_neighbour,0.0026008125656542887,0.8203526387560721,0.8986113179291129,3.7417428537737605,13.016015983410421,0.003317963080360798,0.00045609439813568955,8
10,gaussian_score,affine,spatial_shuffle,0,4,endpoint,vector_correlation,px,0.0026008125656542887,65.08103784647271,71.28999431686493,296.8455683451297,1032.6223312902448,0.0033179583561507558,0.0004560950338105797,8
10,gaussian_score,affine,spatial_shuffle,0,4,endpoint,direction_correlation,nearest_neighbour,0.005994959999386721,1.0192064261811513,1.213193377708333,1.9379891287224595,5.106745319743674,0.005798337313570512,0.0012070575390031948,8
10,gaussian_score,affine,spatial_shuffle,0,4,endpoint,direction_correlation,px,0.005994959999386721,80.85787593193169,96.24858467610989,153.75031859230563,405.1354101492317,0.0057983584707007926,0.00120704496725861,8
10,gaussian_score,affine,spatial_shuffle,0,4,start,vector_correlation,nearest_neighbour,0.0031014774410354183,0.8695267879058796,0.9772761913291069,2.6890806718628983,8.196590159215683,0.003442302738180714,0.000440317176005756,8
10,gaussian_score,affine,spatial_shuffle,0,4,start,vector_correlation,px,0.0031014774410354183,68.98296384335617,77.53151715951,213.33498599349548,650.2702522772794,0.003442304955991479,0.00044031552513083946,8
10,gaussian_score,affine,spatial_shuffle,0,4,start,direction_correlation,nearest_neighbour,0.0056318996059261,1.3791786655922338,1.9430289117617354,2.168995383701988,7.592975370162166,0.004076502783049559,0.001865240133417888,8
10,gaussian_score,affine,spatial_shuffle,0,4,start,direction_correlation,px,0.0056318996059261,109.41726014989975,154.15024578681547,172.07719519794827,602.3683169288443,0.004076534027110818,0.001865235200451612,8
10,gaussian_score,affine,spatial_shuffle,0,5,endpoint,vector_correlation,nearest_neighbour,-0.00387433361735345,,,,,,,8
10,gaussian_score,affine,spatial_shuffle,0,5,endpoint,vector_correlation,px,-0.00387433361735345,,,,,,,8
10,gaussian_score,affine,spatial_shuffle,0,5,endpoint,direction_correlation,nearest_neighbour,-0.007713929562778821,,,,,,,8
10,gaussian_score,affine,spatial_shuffle,0,5,endpoint,direction_correlation,px,-0.007713929562778821,,,,,,,8
10,gaussian_score,affine,spatial_shuffle,0,5,start,vector_correlation,nearest_neighbour,2.1752688867040994e-05,0.6819174722366184,0.6826808105757279,180.84166112914727,,,,8
10,gaussian_score,affine,spatial_shuffle,0,5,start,vector_correlation,px,2.1752688867040994e-05,54.13502633714047,54.195625906768974,14356.282356723055,,,,8
10,gaussian_score,affine,spatial_shuffle,0,5,start,direction_correlation,nearest_neighbour,-0.002369247386138987,,,,,,,8
10,gaussian_score,affine,spatial_shuffle,0,5,start,direction_correlation,px,-0.002369247386138987,,,,,,,8
10,gaussian_score,affine,spatial_shuffle,0,6,endpoint,vector_correlation,nearest_neighbour,0.015090899893578742,1.0139005821188614,1.207933576317715,0.9812541481015257,1.1231689373889648,0.02760005253156741,0.0014423158952919367,8
10,gaussian_score,affine,spatial_shuffle,0,6,endpoint,vector_correlation,px,0.015090899893578742,80.47592985755497,95.87694942287621,77.88512004814163,89.15245293162113,0.027599149526603015,0.0014423168741987552,8
10,gaussian_score,affine,spatial_shuffle,0,6,endpoint,direction_correlation,nearest_neighbour,0.019169964233958357,1.0952345028363117,2.3882770902646833,0.7154553395132404,0.3047069786579701,0.1783831915606969,0.0018029551697196326,8
10,gaussian_score,affine,spatial_shuffle,0,6,endpoint,direction_correlation,px,0.019169964233958357,86.93166337579359,189.56445531562224,56.78788738131488,24.185614777668874,0.17837794755725378,0.0018029558681619264,8
10,gaussian_score,affine,spatial_shuffle,0,6,start,vector_correlation,nearest_neighbour,0.01638355240299549,1.134933612464064,2.453782616063309,1.069822117141044,0.7613323585828102,0.037437926230408446,0.002994183888454501,8
10,gaussian_score,affine,spatial_shuffle,0,6,start,vector_correlation,px,0.01638355240299549,90.08256636154883,194.76325462873365,84.91429468590458,60.42638651409063,0.03743984804632728,0.002994181414311748,8
10,gaussian_score,affine,spatial_shuffle,0,6,start,direction_correlation,nearest_neighbour,0.01968412651096959,1.2391988836566277,2.2546469841036343,0.8660653080076344,0.6063367706683402,0.05966065032058075,0.0015306511560833466,8
10,gaussian_score,affine,spatial_shuffle,0,6,start,direction_correlation,px,0.01968412651096959,98.35822456768523,178.9567679229212,68.74123473576942,48.12509218033377,0.05966344394720246,0.001530655867520793,8
10,gaussian_score,affine,spatial_shuffle,1,0,current,vector_correlation,nearest_neighbour,0.007430095566699858,1.3816335165017615,1.4919703358382241,1.696003258094887,1.5286481317561833,0.011916555901309921,0.0009264671141894859,8
10,gaussian_score,affine,spatial_shuffle,1,0,current,vector_correlation,px,0.007430095566699858,109.53026395877475,118.27719913793901,134.454675311776,121.19278320833813,0.011915795870513031,0.0009264853490121576,8
10,gaussian_score,affine,spatial_shuffle,1,0,current,direction_correlation,nearest_neighbour,0.009842570857412778,1.196886765872411,1.423260914456637,1.6719233476154194,0.516304135370977,0.03714193731636292,0.0014020251200060816,8
10,gaussian_score,affine,spatial_shuffle,1,0,current,direction_correlation,px,0.009842570857412778,94.8840303465503,112.83026982969118,132.5450416977138,40.93041416918448,0.03713931527582674,0.0014020135616292125,8
10,gaussian_score,affine,spatial_shuffle,1,1,endpoint,vector_correlation,nearest_neighbour,-0.0112033333381671,,,,0.8502848871071871,0.02270853198730821,0.0007023192578602291,8
10,gaussian_score,affine,spatial_shuffle,1,1,endpoint,vector_correlation,px,-0.0112033333381671,,,,67.47580392376915,0.022710873444069142,0.0007023263855861902,8
10,gaussian_score,affine,spatial_shuffle,1,1,endpoint,direction_correlation,nearest_neighbour,-0.01729027559792554,,,,420843.0846975253,0.0011780240602379504,0.0007495611351072186,8
10,gaussian_score,affine,spatial_shuffle,1,1,endpoint,direction_correlation,px,-0.01729027559792554,,,,32416406.209180605,0.0011780243479788313,0.0007495611907287141,8
10,gaussian_score,affine,spatial_shuffle,1,1,start,vector_correlation,nearest_neighbour,-0.013332382251284034,,,,0.8752873411934665,0.04355592809756133,0.0006841850606463775,8
10,gaussian_score,affine,spatial_shuffle,1,1,start,vector_correlation,px,-0.013332382251284034,,,,69.47789983896261,0.04354074916286808,0.000684199494409388,8
10,gaussian_score,affine,spatial_shuffle,1,1,start,direction_correlation,nearest_neighbour,-0.018261238908785657,,,,633.7934688010442,0.001366918554001817,0.00044924067817924264,8
10,gaussian_score,affine,spatial_shuffle,1,1,start,direction_correlation,px,-0.018261238908785657,,,,50298.27993067444,0.0013669186366349827,0.0004492406761313179,8
10,gaussian_score,affine,spatial_shuffle,1,2,endpoint,vector_correlation,nearest_neighbour,0.0012053819834497905,9.306217156130892,9.614359645452822,16.04964646993109,667429.1086284346,0.002356637047618536,0.002177512572070276,8
10,gaussian_score,affine,spatial_shuffle,1,2,endpoint,vector_correlation,px,0.0012053819834497905,738.6691538809779,763.1273439316698,1273.906915005605,902.3386317795541,0.0029301571267639176,0.0022405987757051493,8
10,gaussian_score,affine,spatial_shuffle,1,2,endpoint,direction_correlation,nearest_neighbour,-0.0011662784366033552,,,,511536.74065984786,0.002370611915409479,0.0014086855701806868,8
10,gaussian_score,affine,spatial_shuffle,1,2,endpoint,direction_correlation,px,-0.0011662784366033552,,,,41833008.138819955,0.002370611589967228,0.0014086855370357041,8
10,gaussian_score,affine,spatial_shuffle,1,2,start,vector_correlation,nearest_neighbour,0.0029700265066045944,0.946145893120969,1.0961593639369858,6.206577674815218,14.871012497035386,0.00420291850215172,0.00101717899400441,8
10,gaussian_score,affine,spatial_shuffle,1,2,start,vector_correlation,px,0.0029700265066045944,75.09846036018232,87.00630415380672,492.63578677405064,1180.3767448084245,0.004202911039081805,0.001017178196652641,8
10,gaussian_score,affine,spatial_shuffle,1,2,start,direction_correlation,nearest_neighbour,-0.0010892257155512256,,,,9.139314508672806,0.003446497495605703,0.001155738426715118,8
10,gaussian_score,affine,spatial_shuffle,1,2,start,direction_correlation,px,-0.0010892257155512256,,,,725.4217125266014,0.0034464966513295674,0.0011557373885459432,8
10,gaussian_score,affine,spatial_shuffle,1,3,endpoint,vector_correlation,nearest_neighbour,0.009587267252979084,0.8990074311259288,1.0217169251529683,0.7580873772070105,1.4152832455286448,0.015565542347053542,0.00035288889432986373,8
10,gaussian_score,affine,spatial_shuffle,1,3,endpoint,vector_correlation,px,0.009587267252979084,71.31216449450358,81.04659458720127,60.135197336618035,112.26815115863997,0.015565146250522808,0.0003528879347996641,8
10,gaussian_score,affine,spatial_shuffle,1,3,endpoint,direction_correlation,nearest_neighbour,0.011683590983381632,1.215389879181565,2.370161913244031,0.8025747951906502,0.7138235432660728,0.02984801113442232,0.0011764663009438024,8
10,gaussian_score,affine,spatial_shuffle,1,3,endpoint,direction_correlation,px,0.011683590983381632,96.41048999550759,188.00908104734262,63.66457376403347,56.635836136255946,0.029839776768796254,0.0011764104866051229,8
10,gaussian_score,affine,spatial_shuffle,1,3,start,vector_correlation,nearest_neighbour,0.012732092016482306,0.9056531317206551,1.0334370849404588,0.5326757558308289,0.6968667126330021,0.03407794315032115,0.0002476990216137986,8
10,gaussian_score,affine,spatial_shuffle,1,3,start,vector_correlation,px,0.012732092016482306,71.83979737764778,81.9768303433795,42.25539051239319,55.277191799611,0.03407634471016149,0.0002476984282384318,8
10,gaussian_score,affine,spatial_shuffle,1,3,start,direction_correlation,nearest_neighbour,0.013825695453570028,1.1585105167471041,2.6018192725735356,0.5454194453233037,0.37990759664795826,0.0842000034356408,0.0004003181984559376,8
10,gaussian_score,affine,spatial_shuffle,1,3,start,direction_correlation,px,0.013825695453570028,91.89883908872066,206.3869411872093,43.26679852386497,30.137790917818336,0.08418590432346942,0.0004003217966837066,8
10,gaussian_score,affine,spatial_shuffle,1,4,endpoint,vector_correlation,nearest_neighbour,0.013805499754591624,1.3938456117847435,1.7112315782732148,0.9291471561411455,0.8371604170713286,0.03147742687327044,0.0007984502322662032,8
10,gaussian_score,affine,spatial_shuffle,1,4,endpoint,vector_correlation,px,0.013805499754591624,110.58086748614252,135.76078309688316,73.71507009431332,66.4179555932887,0.03147575322208607,0.0007984672333285754,8
10,gaussian_score,affine,spatial_shuffle,1,4,endpoint,direction_correlation,nearest_neighbour,0.012154452785683367,1.6143183175551905,2.1004645070702956,1.1148499766600612,1.0537904428662852,0.025040050421440585,0.002124475168080078,8
10,gaussian_score,affine,spatial_shuffle,1,4,endpoint,direction_correlation,px,0.012154452785683367,128.0721390353941,166.63911542212333,88.44829585367674,83.60582029135678,0.025038719699490737,0.002124502483880872,8
10,gaussian_score,affine,spatial_shuffle,1,4,start,vector_correlation,nearest_neighbour,0.014477127971526341,1.244957983465252,1.5415734962347762,0.8343436890671859,0.5945448887317364,0.045424512339367645,0.0009417526143801373,8
10,gaussian_score,affine,spatial_shuffle,1,4,start,vector_correlation,px,0.014477127971526341,98.76868413343091,122.3010363290368,66.19308886496624,47.17200078628011,0.0454186845563459,0.0009417338378761892,8
10,gaussian_score,affine,spatial_shuffle,1,4,start,direction_correlation,nearest_neighbour,0.01250899724841379,1.5170188717321458,1.7069957587531244,1.054826807199599,2.0790291508299825,0.0181090865988183,0.0006857195236492876,8
10,gaussian_score,affine,spatial_shuffle,1,4,start,direction_correlation,px,0.01250899724841379,120.35296763126527,135.4249972143689,83.68583590570368,164.94076573299066,0.01810893368080106,0.0006857451740641979,8
10,gaussian_score,affine,spatial_shuffle,1,5,endpoint,vector_correlation,nearest_neighbour,0.008529759381795638,1.5434760971447663,1.6749188624740123,1.7009114829630205,4.304900744806186,0.01135303696047635,0.0010205156302895567,8
10,gaussian_score,affine,spatial_shuffle,1,5,endpoint,vector_correlation,px,0.008529759381795638,122.53296510368799,132.96814555452613,135.03285262410344,341.7533851907233,0.01135301570097052,0.00102052858531137,8
10,gaussian_score,affine,spatial_shuffle,1,5,endpoint,direction_correlation,nearest_neighbour,0.007693776449943958,1.0156551688813638,1.2085125701147519,0.999244896459946,3.6938238038705906,0.0092468883348898,3.883157737215975e-05,8
10,gaussian_score,affine,spatial_shuffle,1,5,endpoint,direction_correlation,px,0.007693776449943958,80.62958408138573,95.94038381810591,79.3279177775715,293.241490569219,0.009246859666835848,3.8827420445086705e-05,8
10,gaussian_score,affine,spatial_shuffle,1,5,start,vector_correlation,nearest_neighbour,0.012286573870609125,1.3923657979533897,1.6433303992089634,0.9274731481269354,1.7180613403496485,0.017086190528157214,0.0011158955896293948,8
10,gaussian_score,affine,spatial_shuffle,1,5,start,vector_correlation,px,0.012286573870609125,110.53583916949995,130.45941220389636,73.62989448090585,136.3924100291214,0.017086117059253735,0.0011158928154789663,8
10,gaussian_score,affine,spatial_shuffle,1,5,start,direction_correlation,nearest_neighbour,0.008526448315498411,1.051249559272038,1.2669555693651962,0.7726393747458303,1.7919793482924204,0.01244497252904516,0.0003008633720638534,8
10,gaussian_score,affine,spatial_shuffle,1,5,start,direction_correlation,px,0.008526448315498411,83.45540024951444,100.57977447284367,61.337575218981684,142.26059390280972,0.012444916875228163,0.0003008616599916537,8
10,gaussian_score,affine,spatial_shuffle,1,6,endpoint,vector_correlation,nearest_neighbour,0.0077779345660153165,0.9879978003327055,1.1669559788888975,1.5365509857025956,4.26425814590256,0.009332262744698625,0.0009170564263365654,8
10,gaussian_score,affine,spatial_shuffle,1,6,endpoint,vector_correlation,px,0.0077779345660153165,78.41994319027717,92.62442640560883,121.95972745811761,338.4661518045719,0.009332252631517617,0.0009170640647551352,8
10,gaussian_score,affine,spatial_shuffle,1,6,endpoint,direction_correlation,nearest_neighbour,0.007739157984067376,0.9233068764880785,1.0646164442208401,3.2755401292643778,5.305823511184843,0.008167052179554971,0.0014575140190241558,8
10,gaussian_score,affine,spatial_shuffle,1,6,endpoint,direction_correlation,px,0.007739157984067376,73.28521758372004,84.50141009986997,259.9879121676844,421.1380090762979,0.008167050084139316,0.0014575177734546315,8
10,gaussian_score,affine,spatial_shuffle,1,6,start,vector_correlation,nearest_neighbour,0.008904766883409973,1.1517285482809887,1.433002264174035,1.5437744142203886,0.3828874328789464,0.05229920639943753,0.0017781157635157565,8
10,gaussian_score,affine,spatial_shuffle,1,6,start,vector_correlation,px,0.008904766883409973,91.41560033177822,113.7403364614203,122.53236433136246,30.390223231007717,0.052300600728760076,0.0017781157937446909,8
10,gaussian_score,affine,spatial_shuffle,1,6,start,direction_correlation,nearest_neighbour,0.007147255128160023,0.9989482016896423,1.185796517391143,3.557663668022552,8.267567201304457,0.0066590883626298225,0.0016084275529928951,8
10,gaussian_score,affine,spatial_shuffle,1,6,start,direction_correlation,px,0.007147255128160023,79.28924306493772,94.11961543583098,282.38093384289147,656.2232049987354,0.006659081619995674,0.001608430628227993,8
10,gaussian_score,affine,time_shuffle,0,0,current,vector_correlation,nearest_neighbour,0.00895362455476704,0.9958655000507289,1.1734884705936168,1.406017623357607,2.515736035499163,0.011598302305191769,0.0003428449977419478,8
10,gaussian_score,affine,time_shuffle,0,0,current,vector_correlation,px,0.00895362455476704,78.94663469207705,93.02896348099226,111.46385949677969,199.43760301177215,0.01159809203395086,0.0003428473920644496,8
10,gaussian_score,affine,time_shuffle,0,0,current,direction_correlation,nearest_neighbour,0.00935470885152517,0.9959349507384441,1.173598339963858,1.2646502324523308,1.515356766693081,0.014484699903624146,0.0010000552924560502,8
10,gaussian_score,affine,time_shuffle,0,0,current,direction_correlation,px,0.00935470885152517,78.95214089105588,93.03767415952015,100.25726360818817,120.13158987997487,0.014484259007169053,0.0010000609761372321,8
10,gaussian_score,affine,time_shuffle,0,1,endpoint,vector_correlation,nearest_neighbour,0.018771622892046824,1.5682944241723218,6.542641790860345,1.4001000181597414,1.0831981753415352,0.03363927397306267,0.0015183453737465998,8
10,gaussian_score,affine,time_shuffle,0,1,endpoint,vector_correlation,px,0.018771622892046824,124.46208524988168,519.2327996334121,111.11600450193474,85.98167960891006,0.03363239167397438,0.0015182354753108436,8
10,gaussian_score,affine,time_shuffle,0,1,endpoint,direction_correlation,nearest_neighbour,0.017573383044740116,1.2304582950761094,,1.4073307270468554,0.829711708061814,0.03839502047193833,0.0018855020117323526,8
10,gaussian_score,affine,time_shuffle,0,1,endpoint,direction_correlation,px,0.017573383044740116,97.65166220028459,,111.6895247388925,65.85260677813531,0.03839037877678068,0.0018854134981874644,8
10,gaussian_score,affine,time_shuffle,0,1,start,vector_correlation,nearest_neighbour,0.019993350301080598,1.2206802747753662,6.352629233853302,1.2860407671665586,0.8442660558606084,0.042669704656653686,0.0022232051166306854,8
10,gaussian_score,affine,time_shuffle,0,1,start,vector_correlation,px,0.019993350301080598,96.87561810301685,504.15322518499767,102.06379538814225,67.00522052931993,0.042666414253299666,0.0022230807717019537,8
10,gaussian_score,affine,time_shuffle,0,1,start,direction_correlation,nearest_neighbour,0.016134582100937416,1.3816222518181702,6.930970304802557,1.483840629718875,0.9592523266412866,0.03131654170877391,0.0018661010879711991,8
10,gaussian_score,affine,time_shuffle,0,1,start,direction_correlation,px,0.016134582100937416,109.64802091326777,550.0505276982838,117.76141673623206,76.13008111600443,0.03131479480414483,0.0018660229074648998,8
10,gaussian_score,affine,time_shuffle,0,2,endpoint,vector_correlation,nearest_neighbour,0.0021257920900327573,2.3347369374140055,2.4083361941435646,8.18722857707202,7.633569746392365,0.008437477969887114,0.0044535008124546496,8
10,gaussian_score,affine,time_shuffle,0,2,endpoint,vector_correlation,px,0.0021257920900327573,185.31464876488388,191.15624955537024,649.8548698006268,605.941504560106,0.008437356155965125,0.004453516966802771,8
10,gaussian_score,affine,time_shuffle,0,2,endpoint,direction_correlation,nearest_neighbour,-0.00039590536492273645,,,,0.7397483176286134,0.11283738000685654,0.0017842737464060779,8
10,gaussian_score,affine,time_shuffle,0,2,endpoint,direction_correlation,px,-0.00039590536492273645,,,,58.717913752778045,0.11283516471096731,0.0017842765237396775,8
10,gaussian_score,affine,time_shuffle,0,2,start,vector_correlation,nearest_neighbour,0.008673078274011873,2.104323343477223,2.3265594903424525,2.0623553378920794,4.16629802502806,0.011676928321323788,0.0009673230187979043,8
10,gaussian_score,affine,time_shuffle,0,2,start,vector_correlation,px,0.008673078274011873,167.02642355365188,184.66552856648806,163.69755053664136,330.70123764275814,0.01167683329452609,0.0009673395266767387,8
10,gaussian_score,affine,time_shuffle,0,2,start,direction_correlation,nearest_neighbour,0.006150154881669869,2.380203878614314,2.5060621876923284,3.643848027739239,5.154776513176244,0.013753269752527084,0.004439803707775912,8
10,gaussian_score,affine,time_shuffle,0,2,start,direction_correlation,px,0.006150154881669869,188.92333725973612,198.9128369962996,289.22521650322653,409.1641335577062,0.013753152902195786,0.004439817013867852,8
10,gaussian_score,affine,time_shuffle,0,3,endpoint,vector_correlation,nearest_neighbour,0.014139425188315352,1.1641433109663863,,1.9887758490920107,2.645500185509432,0.012729243586714274,0.0030227998936853753,8
10,gaussian_score,affine,time_shuffle,0,3,endpoint,vector_correlation,px,0.014139425188315352,92.34514737685583,,157.76086535073554,209.8466947753001,0.012729407493230137,0.0030227742247939237,8
10,gaussian_score,affine,time_shuffle,0,3,endpoint,direction_correlation,nearest_neighbour,0.010102829873777506,4.84016214618131,,3.6924767935395417,4.9146547850754265,0.010616984885625137,0.00180235235508812,8
10,gaussian_score,affine,time_shuffle,0,3,endpoint,direction_correlation,px,0.010102829873777506,383.9451609053699,,292.90470481853015,389.8509779811226,0.010616978234636913,0.0018023383009138662,8
10,gaussian_score,affine,time_shuffle,0,3,start,vector_correlation,nearest_neighbour,0.017044459992151532,1.0000332864137866,1.1827442912557171,1.6557903646015597,1.9525703345694194,0.021634948950180338,0.0024468104747169235,8
10,gaussian_score,affine,time_shuffle,0,3,start,vector_correlation,px,0.017044459992151532,79.3269247933213,93.82129151633774,131.3459842130623,154.88651521072413,0.021634886281726343,0.0024467577910870448,8
10,gaussian_score,affine,time_shuffle,0,3,start,direction_correlation,nearest_neighbour,0.011685309511032032,1.0642786548214165,,3.1459926570511425,5.342700439321402,0.009788462750213634,0.0031190930340621896,8
10,gaussian_score,affine,time_shuffle,0,3,start,direction_correlation,px,0.011685309511032032,84.42347565932464,,249.5547819880709,423.80403230932234,0.009788493085251568,0.0031190851623944184,8
10,gaussian_score,affine,time_shuffle,0,4,endpoint,vector_correlation,nearest_neighbour,0.012519844042941142,3.2209008601929274,5.008040088167765,1.6766253916707443,2.247071734952785,0.014435240637080241,0.0017087538231680146,8
10,gaussian_score,affine,time_shuffle,0,4,endpoint,vector_correlation,px,0.012519844042941142,255.52645265048236,397.3102307465204,133.01497534483158,178.2674413269806,0.014435346992550053,0.0017087066152625982,8
10,gaussian_score,affine,time_shuffle,0,4,endpoint,direction_correlation,nearest_neighbour,0.0012015034773410662,5.4294413178260035,5.955994861187943,12.047013678211034,4.198014633271379,0.0056954541397168075,0.0025535603339842403,8
10,gaussian_score,affine,time_shuffle,0,4,endpoint,direction_correlation,px,0.0012015034773410662,430.74178272362235,472.5154356035084,955.7465109986229,333.0529022735611,0.005695395256972264,0.0025535674405776413,8
10,gaussian_score,affine,time_shuffle,0,4,start,vector_correlation,nearest_neighbour,0.010305813542498522,3.203153904994802,5.011397763527623,1.8481689836735056,2.421959313122907,0.012997690030071273,0.001512169998489585,8
10,gaussian_score,affine,time_shuffle,0,4,start,vector_correlation,px,0.010305813542498522,254.11973732523742,397.57680947030343,146.62420565265612,192.14476247933098,0.01299769713925084,0.0015121545935114643,8
10,gaussian_score,affine,time_shuffle,0,4,start,direction_correlation,nearest_neighbour,-8.231643819112542e-05,,,,2.0916917492018943,0.012812108883814047,0.001063367802419414,8
10,gaussian_score,affine,time_shuffle,0,4,start,direction_correlation,px,-8.231643819112542e-05,,,,165.92676881668018,0.012813187889568731,0.001063354569259026,8
10,gaussian_score,affine,time_shuffle,0,5,endpoint,vector_correlation,nearest_neighbour,0.013470287922233896,1.2643670829817677,4.676232098839488,1.1517745236250079,0.6524915531488196,0.037469839021636246,0.0026927773603933674,8
10,gaussian_score,affine,time_shuffle,0,5,endpoint,vector_correlation,px,0.013470287922233896,100.3746303413391,371.23278116744143,91.43678640154502,51.80545836256552,0.03746393578843013,0.0026927539581401857,8
10,gaussian_score,affine,time_shuffle,0,5,endpoint,direction_correlation,nearest_neighbour,0.011642808846470544,1.0891534107893777,4.769477316902709,1.372141623795661,1.1598834936662081,0.017455792584891952,0.0023188913247550306,8
10,gaussian_score,affine,time_shuffle,0,5,endpoint,direction_correlation,px,0.011642808846470544,86.46455259002389,378.63535812690003,108.93048790146443,92.09527011267699,0.017453226518742457,0.0023188742920096077,8
10,gaussian_score,affine,time_shuffle,0,5,start,vector_correlation,nearest_neighbour,0.01134332254986008,1.1838496168686405,5.024650222179684,1.1671010521743936,0.6260920077802765,0.03233316706739959,0.002429930931329539,8
10,gaussian_score,affine,time_shuffle,0,5,start,vector_correlation,px,0.01134332254986008,93.9821955267465,398.8937790496045,92.6531647519466,49.69520092061588,0.03233985423074041,0.0024299287671132666,8
10,gaussian_score,affine,time_shuffle,0,5,start,direction_correlation,nearest_neighbour,0.009605799400786612,1.0725138579180094,,1.4933815590835646,1.6412959882390266,0.011210534427751438,0.001999474967768757,8
10,gaussian_score,affine,time_shuffle,0,5,start,direction_correlation,px,0.009605799400786612,85.14352107402456,,118.55549730943454,130.30697106908312,0.011209961682575854,0.001999474264708827,8
10,gaussian_score,affine,time_shuffle,0,6,endpoint,vector_correlation,nearest_neighbour,0.013528338238463448,1.2413032813389018,3.5056261801397475,1.5620195778718604,2.031402768970438,0.01580845806934179,0.0022540811894415256,8
10,gaussian_score,affine,time_shuffle,0,6,endpoint,vector_correlation,px,0.013528338238463448,98.52560967801608,278.25186939529823,123.98195498571351,161.2387659188264,0.01580841072356765,0.002254079214058752,8
10,gaussian_score,affine,time_shuffle,0,6,endpoint,direction_correlation,nearest_neighbour,0.020540249400427674,1.6296143511675867,3.3888726991235365,1.3461019870129851,1.542021576622834,0.030467568024253173,0.002709548125109425,8
10,gaussian_score,affine,time_shuffle,0,6,endpoint,direction_correlation,px,0.020540249400427674,129.34720019650078,268.9847836977649,106.84424511982937,122.3951230344534,0.030467434682235534,0.002709541811119601,8
10,gaussian_score,affine,time_shuffle,0,6,start,vector_correlation,nearest_neighbour,0.012715085305017412,1.2458640891622652,3.4141236139866105,1.83180564902477,2.6310349922152003,0.01427975118319465,0.0021999049356116775,8
10,gaussian_score,affine,time_shuffle,0,6,start,vector_correlation,px,0.012715085305017412,98.88724983187358,270.9895665919354,145.39525713488314,208.8317881295596,0.014279758796914108,0.002199900859697815,8
10,gaussian_score,affine,time_shuffle,0,6,start,direction_correlation,nearest_neighbour,0.019244475386986443,2.6931976117126375,3.371648397217643,1.5195242403415532,1.974062932178132,0.02670702340352517,0.0008466037866964907,8
10,gaussian_score,affine,time_shuffle,0,6,start,direction_correlation,px,0.019244475386986443,213.76670962398086,267.6181342310732,120.60833515952818,156.68567837206385,0.02670709862593118,0.0008466199546945524,8
10,gaussian_score,affine,time_shuffle,1,0,current,vector_correlation,nearest_neighbour,0.004301117438558454,4.903589663317179,9.433652955027451,5.815148180910315,4.603224973965355,0.008154640695013267,0.0023857046179142313,8
10,gaussian_score,affine,time_shuffle,1,0,current,vector_correlation,px,0.004301117438558454,388.7352118994255,747.8544015544687,461.00491118302824,364.92944774858745,0.008154547307802205,0.00238571445589843,8
10,gaussian_score,affine,time_shuffle,1,0,current,direction_correlation,nearest_neighbour,0.0029397103263470955,6.850344044788786,,9.479159664800108,4.3805435791088625,0.008796639845251452,0.0032053699300548023,8
10,gaussian_score,affine,time_shuffle,1,0,current,direction_correlation,px,0.0029397103263470955,543.0646776901596,,751.47307338145,347.27824039596646,0.008796500289522417,0.0032053850251265656,8
10,gaussian_score,affine,time_shuffle,1,1,endpoint,vector_correlation,nearest_neighbour,0.005505165803557568,1.059163855027843,,4.474549475743485,5.815528444717202,0.006624434489799659,0.0027582316385654886,8
10,gaussian_score,affine,time_shuffle,1,1,endpoint,vector_correlation,px,0.005505165803557568,84.05619625893564,,355.1059291258022,461.52408812990893,0.006624445435405382,0.0027582243006732433,8
10,gaussian_score,affine,time_shuffle,1,1,endpoint,direction_correlation,nearest_neighbour,0.0009489024603986264,0.7541547614404766,0.7910662521250368,20.06491007471289,7.587971477982431,0.004487737833221206,0.0019279132453577418,8
10,gaussian_score,affine,time_shuffle,1,1,endpoint,direction_correlation,px,0.0009489024603986264,59.8479339096129,62.77756148132484,1592.365163449691,602.1993962534801,0.004487699779845258,0.0019279175829158897,8
10,gaussian_score,affine,time_shuffle,1,1,start,vector_correlation,nearest_neighbour,0.00615316582104923,0.976536021307219,1.1432799710624884,4.225185328253901,4.395805288590975,0.010080531336612112,0.0018193599780632142,8
10,gaussian_score,affine,time_shuffle,1,1,start,vector_correlation,px,0.00615316582104923,77.4982140549053,90.73245914192887,335.3163942436016,348.8594204218915,0.01008043599922698,0.0018193609414189067,8
10,gaussian_score,affine,time_shuffle,1,1,start,direction_correlation,nearest_neighbour,0.0012570345754731335,0.7609702919666325,0.8022600084463828,16.118833824342396,7.272365353536291,0.004964284448938027,0.0019905800616900043,8
10,gaussian_score,affine,time_shuffle,1,1,start,direction_correlation,px,0.0012570345754731335,60.38904938270312,63.66615915651345,1279.2042158641389,577.1507915037027,0.004964244866277076,0.0019905840357680726,8
10,gaussian_score,affine,time_shuffle,1,2,endpoint,vector_correlation,nearest_neighbour,0.004418659772839109,1.4858619938678073,1.5531135026152276,3.6459745877225824,4.46029511844791,0.006607405303911006,0.0011454440176405813,8
10,gaussian_score,affine,time_shuffle,1,2,endpoint,vector_correlation,px,0.004418659772839109,117.9392832601424,123.2770218063616,289.4014771003013,354.0387265962365,0.006607317878369851,0.0011454647843881281,8
10,gaussian_score,affine,time_shuffle,1,2,endpoint,direction_correlation,nearest_neighbour,0.006306673026968214,1.5564912680958185,1.6507809023619042,3.9974329179946895,5.909623089254848,0.00977761662644993,0.001974005390297543,8
10,gaussian_score,affine,time_shuffle,1,2,endpoint,direction_correlation,px,0.006306673026968214,123.54511436430784,131.0288634236968,317.2984496490864,469.07486799280775,0.009777562182717138,0.001974006750395085,8
10,gaussian_score,affine,time_shuffle,1,2,start,vector_correlation,nearest_neighbour,0.005543609335145511,1.5574355795998374,6.725634377489737,2.524250021426336,3.11838868609923,0.005382697230584755,0.0016521833909302647,8
10,gaussian_score,affine,time_shuffle,1,2,start,vector_correlation,px,0.005543609335145511,123.6194354381073,533.8405568546873,200.36332829607767,213.2081583793873,0.0058040629386375015,0.0016538550507354658,8
10,gaussian_score,affine,time_shuffle,1,2,start,direction_correlation,nearest_neighbour,0.008483351432190084,1.7318591408699835,6.12090312925041,2.867134043598206,5.245044487148483,0.008192224077444197,0.0017196475313544385,8
10,gaussian_score,affine,time_shuffle,1,2,start,direction_correlation,px,0.008483351432190084,137.46357336871264,485.8414526922874,227.57900282301168,416.317777563034,0.008192222044555915,0.0017196370588815394,8
10,gaussian_score,affine,time_shuffle,1,3,endpoint,vector_correlation,nearest_neighbour,0.024276879322503494,1.1109161920861395,3.4414312193089924,0.9707403066839381,1.2215794026967952,0.03769783005823799,0.006685783302058926,8
10,gaussian_score,affine,time_shuffle,1,3,endpoint,vector_correlation,px,0.024276879322503494,88.1226895150273,272.988585146048,77.00351253824962,96.89969318791884,0.037697895366762484,0.006685682010086144,8
10,gaussian_score,affine,time_shuffle,1,3,endpoint,direction_correlation,nearest_neighbour,0.027874359931351702,1.172025786247905,3.3147995125642726,0.9210235920342774,0.8023533028965645,0.06238102529418467,0.0036954835058419537,8
10,gaussian_score,affine,time_shuffle,1,3,endpoint,direction_correlation,px,0.027874359931351702,92.97045681353603,262.9433011422401,73.06025295754482,63.65031201801529,0.062375381327392815,0.00369534540118598,8
10,gaussian_score,affine,time_shuffle,1,3,start,vector_correlation,nearest_neighbour,0.02313870398805196,1.255938641339332,4.143738477406863,1.04800432916194,1.1509259386822894,0.03969025315425486,0.0030782062724706606,8
10,gaussian_score,affine,time_shuffle,1,3,start,vector_correlation,px,0.02313870398805196,99.62776033348749,328.6997308793243,83.13355976796115,91.29837456694115,0.03968930917546913,0.0030781640119952984,8
10,gaussian_score,affine,time_shuffle,1,3,start,direction_correlation,nearest_neighbour,0.02630005000576122,1.7853794880259912,3.6462650818083344,0.9876053711524679,0.8642413367068799,0.056760920865682546,0.0016364912331445017,8
10,gaussian_score,affine,time_shuffle,1,3,start,direction_correlation,px,0.02630005000576122,141.6258933149553,289.23705190552613,78.34276764972162,68.55487185702029,0.05676067111245505,0.0016364342082301117,8
10,gaussian_score,affine,time_shuffle,1,4,endpoint,vector_correlation,nearest_neighbour,0.0013163170379619444,7.5172309058074696,9.350540326865612,12.686371187268161,9.950601399632344,0.0034108391276980853,0.0015897373208719728,8
10,gaussian_score,affine,time_shuffle,1,4,endpoint,vector_correlation,px,0.0013163170379619444,596.3743491667934,741.8169636007011,1006.4693728719719,789.4248176559131,0.0034108377372347163,0.001589736989375158,8
10,gaussian_score,affine,time_shuffle,1,4,endpoint,direction_correlation,nearest_neighbour,-0.004253058645288403,,,,673055.0607973022,0.003465266331507961,0.0019221432427834117,8
10,gaussian_score,affine,time_shuffle,1,4,endpoint,direction_correlation,px,-0.004253058645288403,,,,53395995.9937487,0.0034652663297791678,0.0019221432427170627,8
10,gaussian_score,affine,time_shuffle,1,4,start,vector_correlation,nearest_neighbour,0.002064485715103852,1.1813903004766115,8.485746419798602,7.55678429758863,22.692423235816488,0.0025286709235194443,0.0017931218173923382,8
10,gaussian_score,affine,time_shuffle,1,4,start,vector_correlation,px,0.002064485715103852,93.72539192068149,673.2094188825449,599.511105408711,1800.263758871966,0.002528675889297814,0.0017931214140601908,8
10,gaussian_score,affine,time_shuffle,1,4,start,direction_correlation,nearest_neighbour,-0.00648204855038369,,,,501731.0559315075,0.004318495705367274,0.0025819676746352753,8
10,gaussian_score,affine,time_shuffle,1,4,start,direction_correlation,px,-0.00648204855038369,,,,63883862.22466252,0.004318485789081009,0.0025819672787856483,8
10,gaussian_score,affine,time_shuffle,1,5,endpoint,vector_correlation,nearest_neighbour,0.011850771151142362,1.661646014212128,2.8714494591214255,1.2934933946596912,1.2353108613052726,0.023791783072181615,0.003315005196197583,8
10,gaussian_score,affine,time_shuffle,1,5,endpoint,vector_correlation,px,0.011850771151142362,131.9144202592433,227.95526916167137,102.6883988696139,98.06961637964856,0.023791299621063928,0.0033150086381967267,8
10,gaussian_score,affine,time_shuffle,1,5,endpoint,direction_correlation,nearest_neighbour,0.01643296620867329,1.5510203653798453,1.731796908649382,1.0534838429909268,1.6313370374453557,0.027185442331937103,0.0019956418368110907,8
10,gaussian_score,affine,time_shuffle,1,5,endpoint,direction_correlation,px,0.01643296620867329,123.13190107559468,137.4836673791345,83.63445869147581,129.50867636481277,0.027185095314931976,0.001995682093168869,8
10,gaussian_score,affine,time_shuffle,1,5,start,vector_correlation,nearest_neighbour,0.013225011167484825,1.7354159251640215,2.847755345547437,1.1796582817287902,1.1723864755919973,0.025421413305031573,0.0014664469488006985,8
10,gaussian_score,affine,time_shuffle,1,5,start,vector_correlation,px,0.013225011167484825,137.76989620282512,226.07527529590752,93.65005479729643,93.07292393068488,0.02542121115545351,0.001466446309058125,8
10,gaussian_score,affine,time_shuffle,1,5,start,direction_correlation,nearest_neighbour,0.01588895507062672,1.5821919778428435,2.9993816545711964,1.0724147711321714,0.9820445165230428,0.034919685234411704,0.0035610229051838455,8
10,gaussian_score,affine,time_shuffle,1,5,start,direction_correlation,px,0.01588895507062672,125.60575636079551,238.1124739549291,85.1363174154582,77.95193994408805,0.034923617572938805,0.0035610186544857082,8
10,gaussian_score,affine,time_shuffle,1,6,endpoint,vector_correlation,nearest_neighbour,0.011900672218066465,1.606213495429822,6.67860619909019,1.9332305413414306,1.1581359855812292,0.02342044875056062,0.0031821834602448105,8
10,gaussian_score,affine,time_shuffle,1,6,endpoint,vector_correlation,px,0.011900672218066465,127.48979304146506,530.0990383398095,153.44615895874406,91.9265592695602,0.02341995237389986,0.003182181957794387,8
10,gaussian_score,affine,time_shuffle,1,6,endpoint,direction_correlation,nearest_neighbour,0.012703460501850707,1.5392251355150557,2.5028140364767206,2.0710118700730167,3.9658491969132394,0.011028228437774288,0.0026387906562278587,8
10,gaussian_score,affine,time_shuffle,1,6,endpoint,direction_correlation,px,0.012703460501850707,122.17269436763343,198.65556945322584,164.38206382478654,314.78034945395353,0.01102823059021258,0.002638790857140376,8
10,gaussian_score,affine,time_shuffle,1,6,start,vector_correlation,nearest_neighbour,0.011775862210974,1.588171658844764,6.603555767409959,1.9164702433965997,1.114061592277833,0.022757711717593818,0.00262712652397959,8
10,gaussian_score,affine,time_shuffle,1,6,start,vector_correlation,px,0.011775862210974,126.05604215389101,524.1430161049971,152.11403488429224,88.43584823612703,0.022755507385652067,0.0026271424063022044,8
10,gaussian_score,affine,time_shuffle,1,6,start,direction_correlation,nearest_neighbour,0.01412820548792126,1.189999490852553,6.909578654045374,1.7830283857003277,0.6294445210943376,0.04042505116616734,0.0027743345229897668,8
10,gaussian_score,affine,time_shuffle,1,6,start,direction_correlation,px,0.01412820548792126,94.45321042310006,548.4326334205017,141.523124282832,49.955815074483716,0.04043028073620385,0.002774335717347913,8
10,gaussian_score,affine,wrong_movie,0,0,current,vector_correlation,nearest_neighbour,0.000751900396049179,0.9788757256098692,1.1466110431732128,10.637610747505581,13.19737864589827,0.0020930636096544906,0.0009345816511544028,8
10,gaussian_score,affine,wrong_movie,0,0,current,vector_correlation,px,0.000751900396049179,77.59964905731127,90.89806358230521,843.2943322182068,1046.2586915846096,0.002093047594922665,0.0009345834422669917,8
10,gaussian_score,affine,wrong_movie,0,0,current,direction_correlation,nearest_neighbour,-0.0037959756683594256,,,,2.513969589595228,0.008771755494198286,0.00025934759335135584,8
10,gaussian_score,affine,wrong_movie,0,0,current,direction_correlation,px,-0.0037959756683594256,,,,199.29433017691267,0.008771798115436723,0.0002593340311536967,8
10,gaussian_score,affine,wrong_movie,0,1,endpoint,vector_correlation,nearest_neighbour,0.007149449113740429,0.953381507548104,1.1062383238526725,1.648333779588078,2.5357093658902046,0.009754313228896663,0.0011952821617799677,8
10,gaussian_score,affine,wrong_movie,0,1,endpoint,vector_correlation,px,0.007149449113740429,75.66035864767692,87.79244909606642,130.8134525198135,201.24195128725353,0.009754067492927515,0.0011952995220239455,8
10,gaussian_score,affine,wrong_movie,0,1,endpoint,direction_correlation,nearest_neighbour,0.0039972024117182455,0.9240763632039577,1.0598782681087897,2.967031403252767,4.920384707745667,0.006375492305335739,0.0028468413070333017,8
10,gaussian_score,affine,wrong_movie,0,1,endpoint,direction_correlation,px,0.0039972024117182455,73.33443906893932,84.11289850045222,235.46336397103147,390.5001403284256,0.006375373143608961,0.002846851483016769,8
10,gaussian_score,affine,wrong_movie,0,1,start,vector_correlation,nearest_neighbour,0.0035392448729916937,2.548396888772129,2.8270319102842656,3.0528723529182105,6.504628671940394,0.004053394884956249,0.001851391360157116,8
10,gaussian_score,affine,wrong_movie,0,1,start,vector_correlation,px,0.0035392448729916937,202.24060486343873,224.35400525628856,242.27695019267003,516.2146886897469,0.0040533863412868226,0.0018513907911396042,8
10,gaussian_score,affine,wrong_movie,0,1,start,direction_correlation,nearest_neighbour,0.0024988904672060344,0.933899504468994,1.0758299945623744,4.587447897982792,7.622717765940986,0.006461432310614499,0.003144528135237655,8
10,gaussian_score,affine,wrong_movie,0,1,start,direction_correlation,px,0.0024988904672060344,74.11421053140566,85.37904439178872,364.05696898119317,604.955505492582,0.006461385443051202,0.003144533782268983,8
10,gaussian_score,affine,wrong_movie,0,2,endpoint,vector_correlation,nearest_neighbour,-0.001973967495402113,,,,,,,8
10,gaussian_score,affine,wrong_movie,0,2,endpoint,vector_correlation,px,-0.001973967495402113,,,,,,,8
10,gaussian_score,affine,wrong_movie,0,2,endpoint,direction_correlation,nearest_neighbour,-0.005994894694260896,,,,5.276391148807478,0.003368360186412378,0.0007261640458693979,8
10,gaussian_score,affine,wrong_movie,0,2,endpoint,direction_correlation,px,-0.005994894694260896,,,,418.8487944628006,0.0033682294645568786,0.0007261603594169205,8
10,gaussian_score,affine,wrong_movie,0,2,start,vector_correlation,nearest_neighbour,-0.003170555954454885,,,,,,,8
10,gaussian_score,affine,wrong_movie,0,2,start,vector_correlation,px,-0.003170555954454885,,,,,,,8
10,gaussian_score,affine,wrong_movie,0,2,start,direction_correlation,nearest_neighbour,-0.007200180767684405,,,,5.1063243776698295,0.0029513300421075022,0.0003423810814633284,8
10,gaussian_score,affine,wrong_movie,0,2,start,direction_correlation,px,-0.007200180767684405,,,,405.31067563067626,0.0029513242876408317,0.00034238459866054995,8
10,gaussian_score,affine,wrong_movie,0,3,endpoint,vector_correlation,nearest_neighbour,-0.012083937043551646,,,,9.429180074604727,0.003480787319156753,0.001196756965169338,8
10,gaussian_score,affine,wrong_movie,0,3,endpoint,vector_correlation,px,-0.012083937043551646,,,,747.9733672354113,0.0034807665732464726,0.0011967598398563775,8
10,gaussian_score,affine,wrong_movie,0,3,endpoint,direction_correlation,nearest_neighbour,-0.013113083353473541,,,,4.471342533462139,0.007954526035624581,0.0003877144099810645,8
10,gaussian_score,affine,wrong_movie,0,3,endpoint,direction_correlation,px,-0.013113083353473541,,,,354.68692820518567,0.007954532172880195,0.0003877210199487765,8
10,gaussian_score,affine,wrong_movie,0,3,start,vector_correlation,nearest_neighbour,-0.015069097986787412,,,,12.003721548656898,0.002916129088761972,0.0010649196235143778,8
10,gaussian_score,affine,wrong_movie,0,3,start,vector_correlation,px,-0.015069097986787412,,,,951.8788616211287,0.0029164080429695287,0.0010649200246156396,8
10,gaussian_score,affine,wrong_movie,0,3,start,direction_correlation,nearest_neighbour,-0.013901001879945233,,,,3.192407552974921,0.012284918567603872,0.00023070793546939804,8
10,gaussian_score,affine,wrong_movie,0,3,start,direction_correlation,px,-0.013901001879945233,,,,253.23546066117675,0.012284971390587549,0.00023071918637000938,8
10,gaussian_score,affine,wrong_movie,0,4,endpoint,vector_correlation,nearest_neighbour,-0.016687817493842853,,,,,,,8
10,gaussian_score,affine,wrong_movie,0,4,endpoint,vector_correlation,px,-0.016687817493842853,,,,,,,8
10,gaussian_score,affine,wrong_movie,0,4,endpoint,direction_correlation,nearest_neighbour,-0.008970809802547264,,,,,,,8
10,gaussian_score,affine,wrong_movie,0,4,endpoint,direction_correlation,px,-0.008970809802547264,,,,,,,8
10,gaussian_score,affine,wrong_movie,0,4,start,vector_correlation,nearest_neighbour,-0.016853900730698805,,,,,,,8
10,gaussian_score,affine,wrong_movie,0,4,start,vector_correlation,px,-0.016853900730698805,,,,,,,8
10,gaussian_score,affine,wrong_movie,0,4,start,direction_correlation,nearest_neighbour,-0.009069504883589843,,,,,,,8
10,gaussian_score,affine,wrong_movie,0,4,start,direction_correlation,px,-0.009069504883589843,,,,,,,8
10,gaussian_score,affine,wrong_movie,0,5,endpoint,vector_correlation,nearest_neighbour,-0.001981646270258443,,,,2.196094639821929,0.009756006980381218,0.00039093933066319407,8
10,gaussian_score,affine,wrong_movie,0,5,endpoint,vector_correlation,px,-0.001981646270258443,,,,174.34118834642368,0.009756022686340775,0.0003909436286689719,8
10,gaussian_score,affine,wrong_movie,0,5,endpoint,direction_correlation,nearest_neighbour,-0.004881833965645319,,,,2.772675674486316,0.0068034425689369816,0.0008337143986568574,8
10,gaussian_score,affine,wrong_movie,0,5,endpoint,direction_correlation,px,-0.004881833965645319,,,,220.11413622947316,0.006803450205371911,0.0008337148126615026,8
10,gaussian_score,affine,wrong_movie,0,5,start,vector_correlation,nearest_neighbour,0.0026606060223397314,1.3772018911660076,1.4355424645532087,3.0860433556358826,4.771065099930791,0.0034173528772468214,0.0002645840055680836,8
10,gaussian_score,affine,wrong_movie,0,5,start,vector_correlation,px,0.0026606060223397314,109.33200722326654,113.96354756374973,244.99147663918285,378.76134221825316,0.0034173501126630664,0.0002645849386611364,8
10,gaussian_score,affine,wrong_movie,0,5,start,direction_correlation,nearest_neighbour,-0.003212977081966162,,,,4.217775668572115,0.004183373820476516,0.0009767294613187113,8
10,gaussian_score,affine,wrong_movie,0,5,start,direction_correlation,px,-0.003212977081966162,,,,334.8373473710438,0.004183373074171804,0.0009767290317439462,8
10,gaussian_score,affine,wrong_movie,0,6,endpoint,vector_correlation,nearest_neighbour,0.010917707827535997,1.547584372021574,5.620637345908117,1.6325416190797402,1.427526210961908,0.01653478437370231,0.0015989916580026117,8
10,gaussian_score,affine,wrong_movie,0,6,endpoint,vector_correlation,px,0.010917707827535997,122.83619598790905,446.1263436123106,129.57980711003364,113.30724128495032,0.016534708820428276,0.0015989884480501046,8
10,gaussian_score,affine,wrong_movie,0,6,endpoint,direction_correlation,nearest_neighbour,0.008173698247737468,1.4447465007768818,1.612320015136992,1.1365510675862935,1.5766298036604856,0.012843652072643647,0.00042281697991773475,8
10,gaussian_score,affine,wrong_movie,0,6,endpoint,direction_correlation,px,0.008173698247737468,114.67359714968475,127.97448870916068,90.21151232252986,125.14203811210575,0.012843595940314406,0.0004228181291218897,8
10,gaussian_score,affine,wrong_movie,0,6,start,vector_correlation,nearest_neighbour,0.009349191128039152,1.5376990930220138,5.678174430429715,1.7977014021404807,1.6735291414938265,0.013213461690289939,0.0021800671792944416,8
10,gaussian_score,affine,wrong_movie,0,6,start,vector_correlation,px,0.009349191128039152,122.0500636067948,450.69374310033214,142.6881681101225,132.8329791790696,0.013213393418672737,0.0021800926526438624,8
10,gaussian_score,affine,wrong_movie,0,6,start,direction_correlation,nearest_neighbour,0.005400428478383543,1.5130007709905002,1.6138526040729935,1.841497826428465,2.935767263715439,0.00802069675124609,0.0009953918199432804,8
10,gaussian_score,affine,wrong_movie,0,6,start,direction_correlation,px,0.005400428478383543,120.08977197916131,128.09432402001855,146.16341896095318,233.01922907806122,0.00802071474275145,0.00099538403609956,8
10,gaussian_score,affine,wrong_movie,1,0,current,vector_correlation,nearest_neighbour,-0.0002133720822406585,,,,0.46885968383256016,0.9949758725530037,0.00024667192821407815,8
10,gaussian_score,affine,wrong_movie,1,0,current,vector_correlation,px,-0.0002133720822406585,,,,37.16944210364329,0.9948409495986197,0.00024667192847590386,8
10,gaussian_score,affine,wrong_movie,1,0,current,direction_correlation,nearest_neighbour,-0.0011812364881648746,,,,0.29379076645089786,19.68821289268357,0.0007405170641500414,8
10,gaussian_score,affine,wrong_movie,1,0,current,direction_correlation,px,-0.0011812364881648746,,,,24.318578394105153,13.652132212672125,0.0007406112504757286,8
10,gaussian_score,affine,wrong_movie,1,1,endpoint,vector_correlation,nearest_neighbour,0.011037530321061004,0.968714892497082,1.1304953816794165,1.10405633379557,1.8048451326083,0.016191519514751937,0.0006759242207082618,8
10,gaussian_score,affine,wrong_movie,1,1,endpoint,vector_correlation,px,0.011037530321061004,76.87735385651547,89.71770716882058,87.6217069314562,143.24251526839134,0.016190659450747484,0.0006759237845822854,8
10,gaussian_score,affine,wrong_movie,1,1,endpoint,direction_correlation,nearest_neighbour,0.011600191178139072,0.9638990905902916,1.122876895237977,1.1051760425004074,1.4856159551926613,0.018374212871543713,0.000566396453944888,8
10,gaussian_score,affine,wrong_movie,1,1,endpoint,direction_correlation,px,0.011600191178139072,76.4951285444411,89.11303562834307,87.71039871244867,117.90088002037675,0.0183736690524537,0.0005664011754859937,8
10,gaussian_score,affine,wrong_movie,1,1,start,vector_correlation,nearest_neighbour,0.014541952469527136,0.9580773364163904,1.1140787615257566,0.9893872264080623,1.5402432671018123,0.022643277959179777,0.0005498173126948922,8
10,gaussian_score,affine,wrong_movie,1,1,start,vector_correlation,px,0.014541952469527136,76.03317283339229,88.41479805489189,78.5214576906241,122.23929937045558,0.02264231202114738,0.0005498305529036846,8
10,gaussian_score,affine,wrong_movie,1,1,start,direction_correlation,nearest_neighbour,0.014502694649320549,0.9420989689804158,1.0888013564282455,0.9216344844414124,1.2057817287018675,0.025552891031058136,0.0006888067246220615,8
10,gaussian_score,affine,wrong_movie,1,1,start,direction_correlation,px,0.014502694649320549,74.76499110296928,86.40856409728548,73.14445158258819,95.6922110031457,0.025552099998853876,0.0006888191151939506,8
10,gaussian_score,affine,wrong_movie,1,2,endpoint,vector_correlation,nearest_neighbour,0.0073796794870515684,1.4758213514585559,4.981027193270766,1.2458137159344813,0.9828511284311306,0.014332509294515523,0.0007515819825104113,8
10,gaussian_score,affine,wrong_movie,1,2,endpoint,vector_correlation,px,0.0073796794870515684,117.14235951798591,395.36598320275317,98.8878459271792,78.01382672199286,0.014332042746168113,0.0007515558283219209,8
10,gaussian_score,affine,wrong_movie,1,2,endpoint,direction_correlation,nearest_neighbour,0.0068525427193937925,1.3894764318432207,1.6291346026216398,1.68720839934938,1.569322589713061,0.010029740484925293,0.0007353450610049741,8
10,gaussian_score,affine,wrong_movie,1,2,endpoint,direction_correlation,px,0.0068525427193937925,110.2891808416242,129.31080102392863,133.92287743798775,124.54255906656513,0.01003064332696706,0.0007353260005725054,8
10,gaussian_score,affine,wrong_movie,1,2,start,vector_correlation,nearest_neighbour,0.008037172171913447,1.3671174182000976,1.7295147810935698,1.2216590107612537,1.4401708766579564,0.012081535626906358,0.0007260650492750394,8
10,gaussian_score,affine,wrong_movie,1,2,start,vector_correlation,px,0.008037172171913447,108.51373034912301,137.27749965328513,96.96958480448325,114.3365558200296,0.012079639585038755,0.0007260267513811685,8
10,gaussian_score,affine,wrong_movie,1,2,start,direction_correlation,nearest_neighbour,0.007826524985499165,1.294841084630601,1.5509629153771898,1.5210720929274917,2.7756232941992547,0.008185788827932576,0.0012672352711087308,8
10,gaussian_score,affine,wrong_movie,1,2,start,direction_correlation,px,0.007826524985499165,102.77709979435053,123.1056948882395,120.73427725014335,220.30925862325194,0.00818580956905606,0.0012672175845153,8
10,gaussian_score,affine,wrong_movie,1,3,endpoint,vector_correlation,nearest_neighbour,0.008197308020496102,1.3217927105604892,1.5241978656334132,1.0259458511938586,2.4970549388310848,0.009358119744197892,0.0012794775684301742,8
10,gaussian_score,affine,wrong_movie,1,3,endpoint,vector_correlation,px,0.008197308020496102,104.8508651674753,120.90594275121013,81.38526077619508,198.07502407470253,0.009358133141657139,0.0012794468272974296,8
10,gaussian_score,affine,wrong_movie,1,3,endpoint,direction_correlation,nearest_neighbour,0.009730873662392845,1.7018904569475874,2.112912402952197,1.0932225414371253,1.1152439530356766,0.018590237254722274,0.0006210973461215683,8
10,gaussian_score,affine,wrong_movie,1,3,endpoint,direction_correlation,px,0.009730873662392845,135.00078306580636,167.60366211281504,86.7204556150406,88.46858367646955,0.018589502542231812,0.0006211419813928061,8
10,gaussian_score,affine,wrong_movie,1,3,start,vector_correlation,nearest_neighbour,0.005840904581570436,1.4781563215239315,1.5838693818129266,1.6106440153048522,4.941898750291568,0.007365711956397534,0.0005886810922548261,8
10,gaussian_score,affine,wrong_movie,1,3,start,vector_correlation,px,0.005840904581570436,117.25533898773296,125.6410899165972,127.76753878592821,392.0177863308257,0.007365676447481453,0.0005886994962520379,8
10,gaussian_score,affine,wrong_movie,1,3,start,direction_correlation,nearest_neighbour,0.00683378838905434,1.7518996168337058,2.0472829651070152,1.5814236833720006,1.7091226528459784,0.012448121200400505,0.0021076311967786828,8
10,gaussian_score,affine,wrong_movie,1,3,start,direction_correlation,px,0.00683378838905434,138.97018752810075,162.40033522903082,125.44921311700114,135.58007188597338,0.012447781746626458,0.0021076548978927576,8
10,gaussian_score,affine,wrong_movie,1,4,endpoint,vector_correlation,nearest_neighbour,0.00522966447998944,1.4908525874923737,1.7239944882639988,1.9025057293374124,2.192093228983736,0.007206483553608701,0.0007565968276667329,8
10,gaussian_score,affine,wrong_movie,1,4,endpoint,vector_correlation,px,0.00522966447998944,118.27694645584714,136.7733325806269,150.93522245784038,173.90853040922144,0.00720644505395137,0.0007565945304242985,8
10,gaussian_score,affine,wrong_movie,1,4,endpoint,direction_correlation,nearest_neighbour,0.003104376600490723,1.2919431969152846,1.3450696465409762,3.2412564446212753,10.557884203380121,0.0030417022004547937,0.0007992751905476598,8
10,gaussian_score,affine,wrong_movie,1,4,endpoint,direction_correlation,px,0.003104376600490723,102.49640730873622,106.71121092174275,257.14462582073384,837.6005768863334,0.0030417016907739493,0.0007992751498756878,8
10,gaussian_score,affine,wrong_movie,1,4,start,vector_correlation,nearest_neighbour,0.005651973327889141,1.6057267853197321,3.3352169795467823,1.9704617675548062,2.058257292860026,0.0073602087361593245,0.0010029293833714666,8
10,gaussian_score,affine,wrong_movie,1,4,start,vector_correlation,px,0.005651973327889141,127.39070953141473,264.5967922455467,156.32605120542584,163.2912400028544,0.007360201462377029,0.0010029190480752566,8
10,gaussian_score,affine,wrong_movie,1,4,start,direction_correlation,nearest_neighbour,0.004773707458352944,1.310393984784963,1.374188211920015,2.370041535596273,6.309611606304806,0.004614942496692226,0.0007086176541905363,8
10,gaussian_score,affine,wrong_movie,1,4,start,direction_correlation,px,0.004773707458352944,103.9601502864402,109.02133690597122,188.02673446368271,500.5674695144199,0.004614946008767841,0.0007086168816593885,8
10,gaussian_score,affine,wrong_movie,1,5,endpoint,vector_correlation,nearest_neighbour,0.009041144788057101,0.9330463930540303,1.0778274109729205,1.5514173679456085,2.852508146404154,0.011868585743231175,0.00039797972595669354,8
10,gaussian_score,affine,wrong_movie,1,5,endpoint,vector_correlation,px,0.009041144788057101,74.07133734001593,85.56539023535723,123.1621033506258,226.45423570076184,0.011868521454767977,0.0003979963842434248,8
10,gaussian_score,affine,wrong_movie,1,5,endpoint,direction_correlation,nearest_neighbour,0.015333110770790194,1.1490911090480036,2.7634643020712018,0.5987664269434251,0.43555020826565694,0.07327489168958644,0.0007294940213516879,8
10,gaussian_score,affine,wrong_movie,1,5,endpoint,direction_correlation,px,0.015333110770790194,91.22296003951155,219.38269139172144,47.535068509972604,34.57834408236452,0.07326836332042966,0.000729492567858631,8
10,gaussian_score,affine,wrong_movie,1,5,start,vector_correlation,nearest_neighbour,0.006809105118079489,0.9842247290858135,1.160923849228717,1.9579546610569065,2.4251783779090803,0.010351345216636925,0.001773201920011078,8
10,gaussian_score,affine,wrong_movie,1,5,start,vector_correlation,px,0.006809105118079489,78.13446239586675,92.16217472967372,155.43655189185284,192.52897800011644,0.010351302066380016,0.0017732057226696777,8
10,gaussian_score,affine,wrong_movie,1,5,start,direction_correlation,nearest_neighbour,0.014422367688089861,1.1947012940202804,2.4518250549065415,0.7333911107498742,0.6897898881882744,0.03763838681137035,0.0015073434873838507,8
10,gaussian_score,affine,wrong_movie,1,5,start,direction_correlation,px,0.014422367688089861,94.84368371808236,194.6434737328151,58.22205858644554,54.76278155378091,0.03763623191100445,0.001507347511737956,8
10,gaussian_score,affine,wrong_movie,1,6,endpoint,vector_correlation,nearest_neighbour,0.010673066816861178,0.956003858690609,1.1163423084501642,1.4306694754009592,2.5514378673805576,0.014081492843405367,0.00032576713784210803,8
10,gaussian_score,affine,wrong_movie,1,6,endpoint,vector_correlation,px,0.010673066816861178,75.8804816763416,88.60705744257163,113.55647350953994,202.51558239176177,0.014081454226706506,0.0003257664596952815,8
10,gaussian_score,affine,wrong_movie,1,6,endpoint,direction_correlation,nearest_neighbour,0.008929270382397523,0.8917495789004479,1.014693534505465,1.2048877182371052,1.2997935607744988,0.014053279580953051,0.0016373958336232334,8
10,gaussian_score,affine,wrong_movie,1,6,endpoint,direction_correlation,px,0.008929270382397523,70.78041390544627,80.53886902556026,95.63556843630477,103.17072422008229,0.01405300510769836,0.0016373929480731585,8
10,gaussian_score,affine,wrong_movie,1,6,start,vector_correlation,nearest_neighbour,0.012201587260605821,0.9842205357484886,1.1624976929256852,1.3073300450434533,2.23172002593849,0.01643143823127045,0.00024926767465803756,8
10,gaussian_score,affine,wrong_movie,1,6,start,vector_correlation,px,0.012201587260605821,78.12029075599446,92.27036011164161,103.76680417212243,177.13799524690998,0.016431470165264205,0.0002492775799766875,8
10,gaussian_score,affine,wrong_movie,1,6,start,direction_correlation,nearest_neighbour,0.010712339937063517,0.9084614715305516,1.0426486179986914,1.0975486584200744,1.8352006458832775,0.015356372101793532,0.00044413028713292035,8
10,gaussian_score,affine,wrong_movie,1,6,start,direction_correlation,px,0.010712339937063517,72.1072039984059,82.7577969247521,87.11570006290546,145.66501016997285,0.015356414071080073,0.0004441406443498888,8
10,gaussian_score,none,real,0,0,current,vector_correlation,nearest_neighbour,0.22483546625510395,3.0194707164299968,,3.498146129722161,5.115188940048887,0.19342179863645034,0.02991976237545955,8
10,gaussian_score,none,real,0,0,current,vector_correlation,px,0.22483546625510395,239.36755364721762,,277.3184323860266,405.4898458983697,0.1934248570752332,0.029919532375151346,8
10,gaussian_score,none,real,0,0,current,direction_correlation,nearest_neighbour,0.21626576953064916,6.472245373128768,,3.920176610431965,6.439717205421123,0.18380220587235827,0.02629592186389482,8
10,gaussian_score,none,real,0,0,current,direction_correlation,px,0.21626576953064916,513.0908713155245,,310.7749908456517,510.4883124343625,0.18380471181872013,0.026295740825331093,8
10,gaussian_score,none,real,0,1,endpoint,vector_correlation,nearest_neighbour,0.013553170722723272,0.8694521615798623,0.9734640535081373,0.28472590696842187,,,,8
10,gaussian_score,none,real,0,1,endpoint,vector_correlation,px,0.013553170722723272,68.99897159816494,77.2542899482975,22.59840640313916,,,,8
10,gaussian_score,none,real,0,1,endpoint,direction_correlation,nearest_neighbour,0.005864664497601274,0.7690775326569881,0.814673728591498,0.28472590696842187,,,,8
10,gaussian_score,none,real,0,1,endpoint,direction_correlation,px,0.005864664497601274,61.03233912304223,64.65126294046463,22.59840640313916,,,,8
10,gaussian_score,none,real,0,1,start,vector_correlation,nearest_neighbour,0.013484424198018834,0.8660212315895351,0.9684481479645508,0.28506895872488036,,,,8
10,gaussian_score,none,real,0,1,start,vector_correlation,px,0.013484424198018834,68.72680246838998,76.8562903256979,22.625543367569488,,,,8
10,gaussian_score,none,real,0,1,start,direction_correlation,nearest_neighbour,0.0019121064361746227,0.7233641609650215,0.7427679851663579,0.28506895872488036,,,,8
10,gaussian_score,none,real,0,1,start,direction_correlation,px,0.0019121064361746227,57.40430087950109,58.94435654858476,22.625543367569488,,,,8
10,gaussian_score,none,real,0,2,endpoint,vector_correlation,nearest_neighbour,0.029728033747974204,2.6648478402848297,,2.288828563890187,1.9189683688710337,0.041951485736673295,0.0023359246293897106,8
10,gaussian_score,none,real,0,2,endpoint,vector_correlation,px,0.029728033747974204,211.5164835509981,,181.67447394037978,152.31703820103053,0.04195098429402047,0.002335893161391674,8
10,gaussian_score,none,real,0,2,endpoint,direction_correlation,nearest_neighbour,0.027997985467704257,2.616751003119168,,2.2531374900841854,1.9867605756379716,0.039933683141100344,0.0022499382221965623,8
10,gaussian_score,none,real,0,2,endpoint,direction_correlation,px,0.027997985467704257,207.69873898263643,,178.84144858288016,157.6981052274195,0.03993319679662052,0.0022499327905978676,8
10,gaussian_score,none,real,0,2,start,vector_correlation,nearest_neighbour,0.03261160045355143,2.4069496080713852,,2.0991182462659426,1.7042842332531527,0.04707274796028088,0.002338492241472361,8
10,gaussian_score,none,real,0,2,start,vector_correlation,px,0.03261160045355143,191.0461725284032,,166.6157086386432,135.2748636675811,0.04707254697768703,0.0023384493636944776,8
10,gaussian_score,none,real,0,2,start,direction_correlation,nearest_neighbour,0.03004395705069953,2.4326806626500956,,2.129322957308255,1.9276279789126256,0.04186486872743387,0.0027496681827962922,8
10,gaussian_score,none,real,0,2,start,direction_correlation,px,0.03004395705069953,193.08847203821307,,169.01306177908845,153.0033580712729,0.041864559377570165,0.0027496414236533495,8
10,gaussian_score,none,real,0,3,endpoint,vector_correlation,nearest_neighbour,0.027749917760119536,2.7772908428162877,,3.096590974172826,2.185633324412866,0.042522079491072756,0.004776398325837335,8
10,gaussian_score,none,real,0,3,endpoint,vector_correlation,px,0.027749917760119536,220.3044756779956,,245.63534160922657,173.37614984053556,0.04252146238172729,0.004776439726082196,8
10,gaussian_score,none,real,0,3,endpoint,direction_correlation,nearest_neighbour,0.0303839560102055,2.519345466040509,,3.6589230826716426,2.982803091680616,0.03868711276815979,0.0051166160787442915,8
10,gaussian_score,none,real,0,3,endpoint,direction_correlation,px,0.0303839560102055,199.84254533460185,,290.24219511687664,236.61216963628615,0.03868665910540164,0.005116650577461589,8
10,gaussian_score,none,real,0,3,start,vector_correlation,nearest_neighbour,0.03184446181817276,2.6889034917414123,,2.673729364326362,1.8430970723753086,0.04922257814246144,0.0044876074225424015,8
10,gaussian_score,none,real,0,3,start,vector_correlation,px,0.03184446181817276,213.294830172606,,212.09354126191334,146.2053891950964,0.049221816847603204,0.004487652782569934,8
10,gaussian_score,none,real,0,3,start,direction_correlation,nearest_neighbour,0.030151173264148914,2.7470709368672055,,3.689792534609717,2.8008394354793795,0.04099827026583553,0.0054450037574683315,8
10,gaussian_score,none,real,0,3,start,direction_correlation,px,0.030151173264148914,217.90891820523262,,292.6923866772922,222.17906290769025,0.04099781379307766,0.005445052452488573,8
10,gaussian_score,none,real,0,4,endpoint,vector_correlation,nearest_neighbour,0.02826810193238405,3.15875767383884,,3.3372244458619336,2.8389098880358477,0.044142217755598664,0.005059749583540741,8
10,gaussian_score,none,real,0,4,endpoint,vector_correlation,px,0.02826810193238405,250.59637766644607,,264.75750628662615,225.22594696397135,0.044141780801684766,0.005059860256994547,8
10,gaussian_score,none,real,0,4,endpoint,direction_correlation,nearest_neighbour,0.026651606745604534,3.42139160776866,,3.009014333104882,2.678689754345779,0.03894422985996698,0.0026267778861891766,8
10,gaussian_score,none,real,0,4,endpoint,direction_correlation,px,0.026651606745604534,271.43220961508064,,238.71955421823859,212.51421108463504,0.03894391268731077,0.0026268721214431625,8
10,gaussian_score,none,real,0,4,start,vector_correlation,nearest_neighbour,0.02602524022621846,3.2598306974544036,,3.6748247356994743,2.9370367450670467,0.04353535163038321,0.005833895684258549,8
10,gaussian_score,none,real,0,4,start,vector_correlation,px,0.02602524022621846,258.6161180836037,,291.54089922472235,233.01063627717528,0.043535066506563025,0.00583397434411153,8
10,gaussian_score,none,real,0,4,start,direction_correlation,nearest_neighbour,0.02520126512432001,3.4436236899922026,,3.2089592190428373,2.812164873734774,0.037855254570050685,0.00324104443247825,8
10,gaussian_score,none,real,0,4,start,direction_correlation,px,0.02520126512432001,273.1970998100936,,254.58174165583836,223.10332710627858,0.03785506725248305,0.0032411092654605635,8
10,gaussian_score,none,real,0,5,endpoint,vector_correlation,nearest_neighbour,-0.0021035344799947998,,,,6.064128671833619,0.0168319183908572,0.0023411783889723983,8
10,gaussian_score,none,real,0,5,endpoint,vector_correlation,px,-0.0021035344799947998,,,,481.42896804631374,0.016831688083978297,0.00234117854916062,8
10,gaussian_score,none,real,0,5,endpoint,direction_correlation,nearest_neighbour,-0.0038218126191500394,,,,4.313688425496847,0.02041155876514463,0.004571256395139066,8
10,gaussian_score,none,real,0,5,endpoint,direction_correlation,px,-0.0038218126191500394,,,,342.7007417795339,0.020403624613399736,0.0045712415127777,8
10,gaussian_score,none,real,0,5,start,vector_correlation,nearest_neighbour,0.00098750594562212,,,69.12300446763726,15.896029389234155,0.010223082516142045,0.004756189367189449,8
10,gaussian_score,none,real,0,5,start,vector_correlation,px,0.00098750594562212,,,5487.455130968233,1261.939707484143,0.010223080191379049,0.004756190430872026,8
10,gaussian_score,none,real,0,5,start,direction_correlation,nearest_neighbour,-0.002175648884767277,,,,4.870394179712706,0.018814425915899307,0.003637275613053371,8
10,gaussian_score,none,real,0,5,start,direction_correlation,px,-0.002175648884767277,,,,386.8226929050196,0.01881017727301697,0.003637265197082149,8
10,gaussian_score,none,real,0,6,endpoint,vector_correlation,nearest_neighbour,0.014055488373215587,1.1216258689211354,4.630902941298042,1.747319736224351,3.8118820576213697,0.012319963237116099,0.0035557432177590314,8
10,gaussian_score,none,real,0,6,endpoint,vector_correlation,px,0.014055488373215587,89.02643054210021,367.568821635759,138.69019485242382,302.5607063860534,0.012319947235786863,0.0035557427343360123,8
10,gaussian_score,none,real,0,6,endpoint,direction_correlation,nearest_neighbour,0.010834557521921874,1.0933198925388665,5.3837028356848675,2.4317014944149173,3.8784037187183973,0.011661714432902759,0.004274451952070337,8
10,gaussian_score,none,real,0,6,endpoint,direction_correlation,px,0.010834557521921874,86.77969463061874,427.32046928288713,193.01161359398984,307.8412880216132,0.011661690257890761,0.0042744526642031965,8
10,gaussian_score,none,real,0,6,start,vector_correlation,nearest_neighbour,0.01297632456231346,3.430678761034736,4.4933885102257385,1.9520450540076688,3.770552659966014,0.012873097319791,0.002479637640970162,8
10,gaussian_score,none,real,0,6,start,vector_correlation,px,0.01297632456231346,272.30361658961925,356.654338440191,154.9399151656166,299.2819400078305,0.012873033468905157,0.002479648169039169,8
10,gaussian_score,none,real,0,6,start,direction_correlation,nearest_neighbour,0.010108843719299184,1.1771490701273042,5.019088270861456,2.5070630430845795,10.476963277593065,0.008983601751275749,0.0030932724626252964,8
10,gaussian_score,none,real,0,6,start,direction_correlation,px,0.010108843719299184,93.43325729286934,398.38079185679953,198.9939262142612,831.5740092314865,0.008983621686234346,0.0030932694673089724,8
10,gaussian_score,translation,real,0,0,current,vector_correlation,nearest_neighbour,0.1763493558274986,1.7059073433325902,,1.5782016492881523,1.061085123085372,0.3232099635802525,0.012170723370010635,8
10,gaussian_score,translation,real,0,0,current,vector_correlation,px,0.1763493558274986,135.23702404707703,,125.1145578715728,84.12084024478874,0.32319327000630377,0.012169993587400021,8
10,gaussian_score,translation,real,0,0,current,direction_correlation,nearest_neighbour,0.17378482464837092,1.8544107130347416,,1.7168082927822856,1.168872162638994,0.29472369580613983,0.013887160609865386,8
10,gaussian_score,translation,real,0,0,current,direction_correlation,px,0.17378482464837092,147.00927031616826,,136.10251575970588,92.66540023117432,0.2947116114294621,0.013886402426189536,8
10,gaussian_score,translation,real,0,1,endpoint,vector_correlation,nearest_neighbour,0.03958723302274509,1.1976330992838908,1.5163185649712345,0.4398039654205045,,,,8
10,gaussian_score,translation,real,0,1,endpoint,vector_correlation,px,0.03958723302274509,95.04635970894006,120.3373686553391,34.90602050566625,,,,8
10,gaussian_score,translation,real,0,1,endpoint,direction_correlation,nearest_neighbour,0.03763392610447685,1.0874091492995164,1.3510846450360527,0.3342431239548845,,,,8
10,gaussian_score,translation,real,0,1,endpoint,direction_correlation,px,0.03763392610447685,86.29799661255896,107.22468322764522,26.528290515589475,,,,8
10,gaussian_score,translation,real,0,1,start,vector_correlation,nearest_neighbour,0.039742287372828186,1.1841557516694623,1.5250751112801182,0.4298583561908851,,,,8
10,gaussian_score,translation,real,0,1,start,vector_correlation,px,0.039742287372828186,93.97671537713302,121.03209180482077,34.11653458007461,,,,8
10,gaussian_score,translation,real,0,1,start,direction_correlation,nearest_neighbour,0.03318026346084072,1.120935019326147,1.3999249229496389,0.3726135502865982,,,,8
10,gaussian_score,translation,real,0,1,start,direction_correlation,px,0.03318026346084072,88.95897009977483,111.1004764895938,29.573387270119355,,,,8
10,gaussian_score,translation,real,0,2,endpoint,vector_correlation,nearest_neighbour,0.03516627095222798,2.699837074479525,,2.627147136162057,2.1687556445511835,0.04661234012318413,0.0032033165850797614,8
10,gaussian_score,translation,real,0,2,endpoint,vector_correlation,px,0.03516627095222798,214.2937962948244,,208.52804281632115,172.14337835292102,0.04661191338834698,0.0032032844081358127,8
10,gaussian_score,translation,real,0,2,endpoint,direction_correlation,nearest_neighbour,0.03679075756590814,2.6673867076630735,,2.466416101262619,2.0273735504034445,0.05207848662889355,0.0025603043032869674,8
10,gaussian_score,translation,real,0,2,endpoint,direction_correlation,px,0.03679075756590814,211.71800921701424,,195.77056754442108,160.92230355960578,0.052077733060742905,0.0025603470531719444,8
10,gaussian_score,translation,real,0,2,start,vector_correlation,nearest_neighbour,0.03695409628392274,2.508559948736312,,2.5021831086468254,1.9906510820392653,0.049885368766348866,0.003113635410192775,8
10,gaussian_score,translation,real,0,2,start,vector_correlation,px,0.03695409628392274,199.11108678587374,,198.608471355549,158.0058598592462,0.04988498323611511,0.003113618790172557,8
10,gaussian_score,translation,real,0,2,start,direction_correlation,nearest_neighbour,0.03857380416766202,2.522391171053883,,2.366554348858492,1.9530869747567168,0.05411951767065348,0.002271794095407428,8
10,gaussian_score,translation,real,0,2,start,direction_correlation,px,0.03857380416766202,200.2088847199941,,187.84336132707557,155.01391270545676,0.054121367994718624,0.0022718101752095135,8
10,gaussian_score,translation,real,0,3,endpoint,vector_correlation,nearest_neighbour,0.024890912267409835,2.419899791199894,3.2387085424190123,1.8498072994372108,2.188070535413936,0.037202927966572145,0.0026057929613953175,8
10,gaussian_score,translation,real,0,3,endpoint,vector_correlation,px,0.024890912267409835,191.95436450173062,256.90725041779325,146.7352568501491,173.56957737167937,0.037202376375656314,0.0026059033684571777,8
10,gaussian_score,translation,real,0,3,endpoint,direction_correlation,nearest_neighbour,0.02896246269081278,2.2432753918372055,3.411331463961819,1.6794898132059495,1.7488947218753073,0.046063656077978736,0.003568838287587922,8
10,gaussian_score,translation,real,0,3,endpoint,direction_correlation,px,0.02896246269081278,177.94425090047892,270.60086884118107,133.22484230646447,138.73180004558898,0.046062819660854334,0.0035689479510025283,8
10,gaussian_score,translation,real,0,3,start,vector_correlation,nearest_neighbour,0.029303169721212746,2.284027433622306,3.2288412743789063,1.573348661428408,1.7018194447662502,0.04575012678739865,0.002105312691466572,8
10,gaussian_score,translation,real,0,3,start,vector_correlation,px,0.029303169721212746,181.17913978888035,256.1249812277689,124.80689611113071,134.9997167063435,0.04574911735098249,0.002105404341255635,8
10,gaussian_score,translation,real,0,3,start,direction_correlation,nearest_neighbour,0.028993232560653743,2.275831918882765,3.2185891727653315,1.737384780661881,1.8526271841651951,0.04597607118317337,0.003466847402962473,8
10,gaussian_score,translation,real,0,3,start,direction_correlation,px,0.028993232560653743,180.5290634828683,255.31174111962648,137.81907883719668,146.9632624284819,0.0459750037938023,0.0034669804024165603,8
10,gaussian_score,translation,real,0,4,endpoint,vector_correlation,nearest_neighbour,0.025452019503641933,3.0892057701640656,,3.192028442213487,2.65531999593297,0.04145582318283202,0.004716629079097292,8
10,gaussian_score,translation,real,0,4,endpoint,vector_correlation,px,0.025452019503641933,245.0785386157526,,253.2384485465624,210.66091705532216,0.041455374895718856,0.004716735720873492,8
10,gaussian_score,translation,real,0,4,endpoint,direction_correlation,nearest_neighbour,0.025827449775939065,3.0543865507181325,,2.581118470915262,2.235408241616203,0.04021066367797858,0.003016464386105666,8
10,gaussian_score,translation,real,0,4,endpoint,direction_correlation,px,0.025827449775939065,242.31618649277084,,204.77274340308128,177.3467431895632,0.04021024360751928,0.0030165386832295806,8
10,gaussian_score,translation,real,0,4,start,vector_correlation,nearest_neighbour,0.02423930549564748,3.1184209872487996,,3.380683289468223,2.674345588917387,0.0416771904213864,0.005464375235793566,8
10,gaussian_score,translation,real,0,4,start,vector_correlation,px,0.02423930549564748,247.39755979155066,,268.205430301168,212.17010438819338,0.04167688359204283,0.005464451482988338,8
10,gaussian_score,translation,real,0,4,start,direction_correlation,nearest_neighbour,0.02487353220471733,3.0681029167668834,,2.690785126829174,2.2817682839528803,0.039689326580649456,0.003449974460949788,8
10,gaussian_score,translation,real,0,4,start,direction_correlation,px,0.02487353220471733,243.40564009930148,,213.4728695090673,181.02458613419313,0.03968906070396808,0.003450028031365052,8
10,gaussian_score,translation,real,0,5,endpoint,vector_correlation,nearest_neighbour,-0.0017462819829680797,,,,3.229834558818245,0.01991186388291465,0.001646192143100318,8
10,gaussian_score,translation,real,0,5,endpoint,vector_correlation,px,-0.0017462819829680797,,,,256.40645054151184,0.019911920799885824,0.001646194813266462,8
10,gaussian_score,translation,real,0,5,endpoint,direction_correlation,nearest_neighbour,-0.006886667211958788,,,,1.5573547287380307,0.0349971944366857,0.0034634666523179337,8
10,gaussian_score,translation,real,0,5,endpoint,direction_correlation,px,-0.006886667211958788,,,,123.62907534193937,0.03499882342641379,0.003463428889877116,8
10,gaussian_score,translation,real,0,5,start,vector_correlation,nearest_neighbour,0.0005564861183745581,,,85.32511421500014,7.943306233006968,0.009895655372002397,0.004708279815125262,8
10,gaussian_score,translation,real,0,5,start,vector_correlation,px,0.0005564861183745581,,,6773.701364624739,630.5968189214071,0.009895649137993075,0.004708281415505973,8
10,gaussian_score,translation,real,0,5,start,direction_correlation,nearest_neighbour,-0.005395298183650436,,,,2.2236562336452192,0.023984983677112024,0.0026590932899457614,8
10,gaussian_score,translation,real,0,5,start,direction_correlation,px,-0.005395298183650436,,,,176.5300711966104,0.023984953932616536,0.0026590848698315873,8
10,gaussian_score,translation,real,0,6,endpoint,vector_correlation,nearest_neighbour,0.022040184130151838,3.9023833973782596,,2.44872456819582,3.035158630442208,0.024388273518819874,0.0029523250468161235,8
10,gaussian_score,translation,real,0,6,endpoint,vector_correlation,px,0.022040184130151838,309.74380457553264,,194.362515208783,240.90971081645182,0.024388235775834006,0.002952325208699642,8
10,gaussian_score,translation,real,0,6,endpoint,direction_correlation,nearest_neighbour,0.011117341958060894,5.152673363208685,,5.403795672493909,4.595901869110882,0.018644530990244074,0.003001358610323986,8
10,gaussian_score,translation,real,0,6,endpoint,direction_correlation,px,0.011117341958060894,408.9832873262092,,428.9145742714405,364.7903205966996,0.018644515134703107,0.0030013615175903245,8
10,gaussian_score,translation,real,0,6,start,vector_correlation,nearest_neighbour,0.020596199637200486,3.8928962098975486,,2.685509341067734,3.018402026966082,0.025128638718107756,0.002050272408614665,8
10,gaussian_score,translation,real,0,6,start,vector_correlation,px,0.020596199637200486,308.9913644902387,,213.1563084279818,239.57950348287065,0.025128581038193962,0.002050280717670551,8
10,gaussian_score,translation,real,0,6,start,direction_correlation,nearest_neighbour,0.01004037896004326,4.99860496339476,,6.0001948282760535,4.877046449475687,0.017675566996273085,0.0028659953326234215,8
10,gaussian_score,translation,real,0,6,start,direction_correlation,px,0.01004037896004326,396.7549669300512,,476.2512284274131,387.1034784351853,0.017675589571626002,0.0028659757930896233,8
10,raw,affine,real,0,0,current,vector_correlation,nearest_neighbour,0.11051886045647934,1.2575468321868115,3.088060077405528,0.695152143285169,0.6119833904013974,0.33990357624546963,0.0024283857017863863,8
10,raw,affine,real,0,0,current,vector_correlation,px,0.11051886045647934,99.69329007003032,244.8050670710808,55.11065533994053,48.51815073228392,0.33985980057539733,0.0024279563239329427,8
10,raw,affine,real,0,0,current,direction_correlation,nearest_neighbour,0.15979981415922465,1.6478318100279696,,1.2866031532298172,0.953325244080193,0.3212516267183726,0.007209380035128754,8
10,raw,affine,real,0,0,current,direction_correlation,px,0.15979981415922465,130.63309465736114,,101.99799296174562,75.57838238165802,0.32123067319028026,0.007208690279910536,8
10,raw,affine,real,0,1,endpoint,vector_correlation,nearest_neighbour,0.033962515430946645,1.4616683553378553,2.0791548481019393,0.648922840761034,0.6938465453290472,0.09346372833292697,0.002416420455756449,8
10,raw,affine,real,0,1,endpoint,vector_correlation,px,0.033962515430946645,116.00042011740487,165.00288949461876,51.50203784046229,55.067651634757496,0.09345321310613297,0.002416723058633611,8
10,raw,affine,real,0,1,endpoint,direction_correlation,nearest_neighbour,0.04455555313353316,1.161779597515454,1.4986490640688257,0.4108884381387591,,,,8
10,raw,affine,real,0,1,endpoint,direction_correlation,px,0.04455555313353316,92.20070364425092,118.93514684102561,32.611168771597235,,,,8
10,raw,affine,real,0,1,start,vector_correlation,nearest_neighbour,0.034827853749314144,1.3947310656037502,2.2046146617595865,0.6283327913972394,0.652240156751558,0.10074679715431949,0.0006763015207701311,8
10,raw,affine,real,0,1,start,vector_correlation,px,0.034827853749314144,110.6883045715994,174.95873285979695,49.86752729074069,51.76609368129393,0.10073377959353295,0.0006766150350878551,8
10,raw,affine,real,0,1,start,direction_correlation,nearest_neighbour,0.03985843032342019,1.2305601484131197,1.5429593351639617,0.4633548055180717,,,,8
10,raw,affine,real,0,1,start,direction_correlation,px,0.03985843032342019,97.65977050760341,122.45134042278285,36.77492954272508,,,,8
10,raw,affine,real,0,2,endpoint,vector_correlation,nearest_neighbour,0.02082471346497638,2.0901726411207013,3.478474845316214,1.9008600271524765,1.5907335528978155,0.03129060701941805,0.0016010876607356493,8
10,raw,affine,real,0,2,endpoint,vector_correlation,px,0.02082471346497638,165.90348824459116,276.0991102304213,150.880171369508,126.26511102788629,0.031289881598339606,0.001601078169650815,8
10,raw,affine,real,0,2,endpoint,direction_correlation,nearest_neighbour,0.037651749938996545,2.015610492871841,,1.624742733725463,1.2711633404183826,0.0633460501540043,0.0023858488777819043,8
10,raw,affine,real,0,2,endpoint,direction_correlation,px,0.037651749938996545,159.9854623907244,,128.96378263955293,100.89969471078074,0.06334393761109296,0.0023857382791489506,8
10,raw,affine,real,0,2,start,vector_correlation,nearest_neighbour,0.026737385647146433,1.4736136413728165,,1.424413051955383,0.8141653671641491,0.0621598411584021,0.0022903201676074724,8
10,raw,affine,real,0,2,start,vector_correlation,px,0.026737385647146433,116.96642098309184,,113.06224436629616,64.62683148979586,0.062154614700175824,0.0022903189620804396,8
10,raw,affine,real,0,2,start,direction_correlation,nearest_neighbour,0.03846044150451232,1.9329636205715968,,1.6176566732619873,1.2545002381441235,0.064807817509408,0.001991614296459057,8
10,raw,affine,real,0,2,start,direction_correlation,px,0.03846044150451232,153.42543114112655,,128.40053316446625,99.57614980558346,0.06480618761925377,0.001991520708563337,8
10,raw,affine,real,0,3,endpoint,vector_correlation,nearest_neighbour,0.015722686369743125,2.8726178000643547,3.4901960607969533,2.214732240364301,3.0144696787275125,0.021494908194583173,0.0016887457358168902,8
10,raw,affine,real,0,3,endpoint,vector_correlation,px,0.015722686369743125,227.86645508577624,276.8569424061674,175.68289372844472,239.1232944801346,0.02149469974699908,0.0016887888042289364,8
10,raw,affine,real,0,3,endpoint,direction_correlation,nearest_neighbour,0.02978686184983995,2.2072570789711903,3.339081786130752,1.5351391810544819,1.6494019924019296,0.049380804584917184,0.0038544824610723108,8
10,raw,affine,real,0,3,endpoint,direction_correlation,px,0.02978686184983995,175.08722402990435,264.86953542039896,121.77455634812178,130.83980237681365,0.04937976977678703,0.0038546436887712237,8
10,raw,affine,real,0,3,start,vector_correlation,nearest_neighbour,0.02405706081049869,1.5732864979568955,3.445423830365515,1.390991065132032,1.307694160433853,0.039050666894942666,0.0030036583988838584,8
10,raw,affine,real,0,3,start,vector_correlation,px,0.02405706081049869,124.80159640573709,273.3052265951275,110.34113096197059,103.73513625251658,0.03904962243507224,0.003003577500357117,8
10,raw,affine,real,0,3,start,direction_correlation,nearest_neighbour,0.03120483369320188,2.190088143172398,3.214269647949007,1.5065181831744545,1.623848400185907,0.051717148421270884,0.0034787784432826355,8
10,raw,affine,real,0,3,start,direction_correlation,px,0.03120483369320188,173.7277826910235,254.96909812200926,119.50583560176466,128.81491391187288,0.05171581124786315,0.0034789441733349925,8
10,raw,affine,real,0,4,endpoint,vector_correlation,nearest_neighbour,0.017266588256357053,2.6115888811021843,3.328000064660256,2.114471137374517,3.9920400954056974,0.024606706610093634,0.005096425219702561,8
10,raw,affine,real,0,4,endpoint,vector_correlation,px,0.017266588256357053,207.18722317369634,264.02307375623025,167.7510741415019,316.7183427541155,0.024606330177269417,0.005096491472779731,8
10,raw,affine,real,0,4,endpoint,direction_correlation,nearest_neighbour,0.01965715521073146,3.007825458228391,4.9339793560610055,2.5156583703434503,2.476605013726079,0.0325486443655712,0.004151572736480011,8
10,raw,affine,real,0,4,endpoint,direction_correlation,px,0.01965715521073146,238.6223032083651,391.4345552383746,199.5792646589239,196.48289422167363,0.03254824487539916,0.004151666416770054,8
10,raw,affine,real,0,4,start,vector_correlation,nearest_neighbour,0.01799637713206292,2.546643169988124,3.316538005783052,2.1451120234121555,2.9741695628601255,0.02888518519784455,0.005144735948692398,8
10,raw,affine,real,0,4,start,vector_correlation,px,0.01799637713206292,202.03629878822036,263.1149197793669,170.1826247041621,235.9581078548338,0.028884941050874406,0.0051447964359546015,8
10,raw,affine,real,0,4,start,direction_correlation,nearest_neighbour,0.020847382401147876,2.9608861860921034,4.607177301551264,2.383031538700582,2.3805141715666194,0.03370565031372036,0.003909554338526826,8
10,raw,affine,real,0,4,start,direction_correlation,px,0.020847382401147876,234.89973805615665,365.5078563910957,189.0574751241008,188.8590273136785,0.033705383985190664,0.0039096224875969305,8
10,raw,affine,real,0,5,endpoint,vector_correlation,nearest_neighbour,-0.0030014466763432918,,,,3.0403139238718953,0.013482468380841287,0.0012950123828300289,8
10,raw,affine,real,0,5,endpoint,vector_correlation,px,-0.0030014466763432918,,,,241.36090773071766,0.013482514550798054,0.0012950119787703488,8
10,raw,affine,real,0,5,endpoint,direction_correlation,nearest_neighbour,-0.0064017674073308444,,,,1.5915324412899727,0.03125638341174345,0.0025017366319424273,8
10,raw,affine,real,0,5,endpoint,direction_correlation,px,-0.0064017674073308444,,,,126.34455869495613,0.031257208831695395,0.002501700046084099,8
10,raw,affine,real,0,5,start,vector_correlation,nearest_neighbour,-0.00015106268537560128,,,,3.263577837076142,0.013334229192796015,0.0030243427994874786,8
10,raw,affine,real,0,5,start,vector_correlation,px,-0.00015106268537560128,,,,259.093317102301,0.013333996879684425,0.0030243439545635264,8
10,raw,affine,real,0,5,start,direction_correlation,nearest_neighbour,-0.0056611601518318545,,,,1.7193291362422642,0.028870688679994996,0.002386068877135513,8
10,raw,affine,real,0,5,start,direction_correlation,px,-0.0056611601518318545,,,,136.49286339600565,0.028870645361890445,0.0023860608141695774,8
10,raw,affine,real,0,6,endpoint,vector_correlation,nearest_neighbour,0.014776645975137559,1.0745954272699696,6.557938602333824,2.663341989273565,5.686733019591021,0.011930226222882735,0.004055912134651073,8
10,raw,affine,real,0,6,endpoint,vector_correlation,px,0.014776645975137559,85.2934739126056,520.5214565088825,211.39730067242363,451.3720863841075,0.011930225717541496,0.0040559124937735785,8
10,raw,affine,real,0,6,endpoint,direction_correlation,nearest_neighbour,0.007280025644671133,4.957770696057743,6.919274905873187,6.739367868606312,5.37328088212268,0.01601540864043491,0.003992147163432702,8
10,raw,affine,real,0,6,endpoint,direction_correlation,px,0.007280025644671133,393.5134015075913,549.2013018746628,534.9238005948499,426.4932486536985,0.01601539735254212,0.003992148977322913,8
10,raw,affine,real,0,6,start,vector_correlation,nearest_neighbour,0.01595729898530634,1.617464568059324,6.507102569517235,2.5235776085775106,4.033158841300101,0.01490512266907737,0.0029300581398110726,8
10,raw,affine,real,0,6,start,vector_correlation,px,0.01595729898530634,128.38100352612764,516.487342728966,200.3036736037216,320.1275261765565,0.014905011578649287,0.002930079283195474,8
10,raw,affine,real,0,6,start,direction_correlation,nearest_neighbour,0.0047470446289031,5.221854858390885,,10.349457110845263,4.903548217360549,0.015456596972673714,0.004483696873283379,8
10,raw,affine,real,0,6,start,direction_correlation,px,0.0047470446289031,414.47479261509295,,821.4654466780637,389.20607744127074,0.015456635930110853,0.0044836816403831,8
10,raw,none,real,0,0,current,vector_correlation,nearest_neighbour,0.16066544088151896,2.513935356743875,,3.2736373561518715,4.416536861595672,0.1397447754237802,0.0232953291064998,8
10,raw,none,real,0,0,current,vector_correlation,px,0.16066544088151896,199.2906264254467,,259.5204222308036,350.05035938176593,0.13975642811319833,0.023295153707580816,8
10,raw,none,real,0,0,current,direction_correlation,nearest_neighbour,0.21775857010945984,7.085619536262021,,3.96286972704422,6.567739183777989,0.18511735244810823,0.026279899697846363,8
10,raw,none,real,0,0,current,direction_correlation,px,0.21775857010945984,561.7161235123502,,314.1594859958194,520.6400666538851,0.18511946665987755,0.026279723584762868,8
10,raw,none,real,0,1,endpoint,vector_correlation,nearest_neighbour,0.008435433566792801,0.9004686542354992,1.022531422418138,0.28472590696842187,,,,8
10,raw,none,real,0,1,endpoint,vector_correlation,px,0.008435433566792801,71.46071915635184,81.1487172435416,22.59840640313916,,,,8
10,raw,none,real,0,1,endpoint,direction_correlation,nearest_neighbour,0.0046803475134744345,0.7530286999831683,0.7892848491290718,0.28472590696842187,,,,8
10,raw,none,real,0,1,endpoint,direction_correlation,px,0.0046803475134744345,59.75855955405071,62.636173332634,22.59840640313916,,,,8
10,raw,none,real,0,1,start,vector_correlation,nearest_neighbour,0.00953042663198013,0.8805520767587898,0.9914356065534363,0.28506895872488036,,,,8
10,raw,none,real,0,1,start,vector_correlation,px,0.00953042663198013,69.88009628548951,78.68077428052578,22.625543367569488,,,,8
10,raw,none,real,0,1,start,direction_correlation,nearest_neighbour,0.0007643088088633513,0.7031452171271988,0.7107820869774231,0.28506895872488036,,,,8
10,raw,none,real,0,1,start,direction_correlation,px,0.0007643088088633513,55.799550251108016,56.405678434132994,22.625543367569488,,,,8
10,raw,none,real,0,2,endpoint,vector_correlation,nearest_neighbour,0.019270579311914508,2.5453977126755776,,2.2531536696337824,1.6849602312424816,0.028922253469734174,0.0017981950272926523,8
10,raw,none,real,0,2,endpoint,vector_correlation,px,0.019270579311914508,202.03498533315044,,178.8430690600948,133.75268698076556,0.0289203530005596,0.0017982034315209318,8
10,raw,none,real,0,2,endpoint,direction_correlation,nearest_neighbour,0.027586793599167242,2.6512236970699474,,2.2420083271118068,1.9951786109594802,0.039636322617014566,0.002315556324543603,8
10,raw,none,real,0,2,endpoint,direction_correlation,px,0.027586793599167242,210.4350507204349,,177.95805236946993,158.36635589081,0.039635827775093856,0.0023155571572737103,8
10,raw,none,real,0,2,start,vector_correlation,nearest_neighbour,0.025145402811944984,1.5514346535890031,,1.6982955188376274,1.0183704968769662,0.048254747446851196,0.0021884673943225845,8
10,raw,none,real,0,2,start,vector_correlation,px,0.025145402811944984,123.1431371284043,,134.80131816256238,80.84205783137755,0.04824841557553401,0.002188435865384294,8
10,raw,none,real,0,2,start,direction_correlation,nearest_neighbour,0.029178703771338417,2.468377717928227,,2.1507305921061537,1.9669737884723233,0.04099545701296748,0.002635389210617329,8
10,raw,none,real,0,2,start,direction_correlation,px,0.029178703771338417,195.92178298056766,,170.71224212339962,156.1237058820871,0.04099560383812449,0.00263537098626555,8
10,raw,none,real,0,3,endpoint,vector_correlation,nearest_neighbour,0.01809117691485145,3.2886625245529713,5.002958983035255,4.128694798857268,6.094974600209898,0.0202811459918985,0.003481479265233855,8
10,raw,none,real,0,3,endpoint,vector_correlation,px,0.01809117691485145,260.8699383618826,396.85927968079227,327.5065008229025,483.4835102207854,0.02028105160460345,0.0034814900377177034,8
10,raw,none,real,0,3,endpoint,direction_correlation,nearest_neighbour,0.03141457272432734,2.516819454920861,,3.6660340799403626,2.997173122097927,0.03985999556120027,0.005300256659391316,8
10,raw,none,real,0,3,endpoint,direction_correlation,px,0.03141457272432734,199.64217832487958,,290.8062947206474,237.75210225628285,0.03985952793481429,0.005300292057400583,8
10,raw,none,real,0,3,start,vector_correlation,nearest_neighbour,0.026017806409817393,1.717202842917494,5.038572004079995,2.794514547930315,2.64474090110392,0.02994106889411482,0.004701775425018019,8
10,raw,none,real,0,3,start,vector_correlation,px,0.026017806409817393,136.21784544944884,399.68348299657595,221.67446887024718,209.64968373241786,0.02995167944298406,0.004701737878506157,8
10,raw,none,real,0,3,start,direction_correlation,nearest_neighbour,0.03132292450600311,2.7376691538132185,,3.679947259731925,2.7975560482774604,0.04241217781319527,0.005623348986152457,8
10,raw,none,real,0,3,start,direction_correlation,px,0.03132292450600311,217.16312896554817,,291.91141922129714,221.91856690813796,0.04241171038871103,0.005623397442396615,8
10,raw,none,real,0,4,endpoint,vector_correlation,nearest_neighbour,0.02253521537111901,2.5158879321260113,7.008037282463505,2.224987454232888,2.183440642941259,0.036835262341509245,0.0052145352186885605,8
10,raw,none,real,0,4,endpoint,vector_correlation,px,0.02253521537111901,199.59491501599422,555.9782770852753,176.51887047174213,173.22451946980098,0.03683474538265951,0.005214630017468874,8
10,raw,none,real,0,4,endpoint,direction_correlation,nearest_neighbour,0.02683379521781606,3.3291766023500244,,2.9897594462398933,2.6520169249667176,0.03936556012237492,0.0027805807646500056,8
10,raw,none,real,0,4,endpoint,direction_correlation,px,0.02683379521781606,264.11641333812827,,237.19199013432495,210.39821675403545,0.03936522424626654,0.0027806789569727155,8
10,raw,none,real,0,4,start,vector_correlation,nearest_neighbour,0.021547454111101413,2.5681512482779376,,2.4467949578363224,2.1851850626086167,0.03785249438890813,0.005275333121490906,8
10,raw,none,real,0,4,start,vector_correlation,px,0.021547454111101413,203.7426146394691,,194.1162545386592,173.36268407974998,0.03785211879095929,0.005275408808386438,8
10,raw,none,real,0,4,start,direction_correlation,nearest_neighbour,0.025843757310748946,3.338441946959999,,3.130100778516183,2.7503331248072302,0.03862998490816688,0.0033076970746970563,8
10,raw,none,real,0,4,start,direction_correlation,px,0.025843757310748946,264.8526409058864,,248.3255729379434,218.1979631547921,0.038629784316469865,0.003307764012444942,8
10,raw,none,real,0,5,endpoint,vector_correlation,nearest_neighbour,-0.003919491002045272,,,,7.295628088541561,0.012920784559463546,0.0016666356401465127,8
10,raw,none,real,0,5,endpoint,vector_correlation,px,-0.003919491002045272,,,,579.1760838816406,0.0129208065921369,0.0016666366964868285,8
10,raw,none,real,0,5,endpoint,direction_correlation,nearest_neighbour,-0.005295618643626529,,,,4.035339048708819,0.021554224418510824,0.004554650041238217,8
10,raw,none,real,0,5,endpoint,direction_correlation,px,-0.005295618643626529,,,,320.6061470827981,0.021544789934054825,0.0045546348801291485,8
10,raw,none,real,0,5,start,vector_correlation,nearest_neighbour,-0.0005502616224015943,,,,7.298371936404147,0.013101691517589163,0.00295920171674835,8
10,raw,none,real,0,5,start,vector_correlation,px,-0.0005502616224015943,,,,579.3952312320087,0.013101705586357629,0.0029592005199299723,8
10,raw,none,real,0,5,start,direction_correlation,nearest_neighbour,-0.003542850886819961,,,,4.640809976230214,0.01955119543123817,0.0037401256037916733,8
10,raw,none,real,0,5,start,direction_correlation,px,-0.003542850886819961,,,,368.41929639538284,0.01955124155430048,0.003740114747743467,8
10,raw,none,real,0,6,endpoint,vector_correlation,nearest_neighbour,0.00849615705020419,0.9155044256475939,1.0522731487347006,2.0554702756810777,6.252627482820163,0.008428304657444373,0.001154790651706313,8
10,raw,none,real,0,6,endpoint,vector_correlation,px,0.00849615705020419,72.66591209628007,83.52168324430357,163.14908075967247,496.28947108749674,0.008428301550763179,0.0011547893107865827,8
10,raw,none,real,0,6,endpoint,direction_correlation,nearest_neighbour,0.01017483968409482,1.0415653098206308,1.2516985311437971,2.3954319630697207,3.1688229086442985,0.01571999783454447,0.00274227970927205,8
10,raw,none,real,0,6,endpoint,direction_correlation,px,0.01017483968409482,82.67176780956629,99.35071391501776,190.1327886717025,251.51957086771074,0.01571995855166018,0.0027422818619636173,8
10,raw,none,real,0,6,start,vector_correlation,nearest_neighbour,0.010444040580764723,1.064474883929966,4.770457217008265,1.489507309324519,4.945060473805092,0.006622791938305931,0.0039010316178297623,8
10,raw,none,real,0,6,start,vector_correlation,px,0.010444040580764723,84.49017353201067,378.6461583960922,118.22742261336072,392.54895151540575,0.006622527482136082,0.003901040867450848,8
10,raw,none,real,0,6,start,direction_correlation,nearest_neighbour,0.009663908548493527,1.1074842992238259,4.974059067643636,2.4255065106003815,12.724846831532762,0.008007610379710156,0.003356618262903899,8
10,raw,none,real,0,6,start,direction_correlation,px,0.009663908548493527,87.9038818219014,394.80668151635876,192.52072888145008,1009.9895205477433,0.008007628403804522,0.0033566163973968327,8
10,raw,translation,real,0,0,current,vector_correlation,nearest_neighbour,0.1261937287765916,1.5009625645154714,,1.3526618392279204,0.8717603524371068,0.27095826009194174,0.007578453391435619,8
10,raw,translation,real,0,0,current,vector_correlation,px,0.1261937287765916,118.99005674820104,,107.23483970431023,69.11271624242242,0.27093620282243513,0.007577970057324178,8
10,raw,translation,real,0,0,current,direction_correlation,nearest_neighbour,0.1752504375511538,1.8939706553655622,,1.7962111525791409,1.2387356770897724,0.28581220228288756,0.014383148201465646,8
10,raw,translation,real,0,0,current,direction_correlation,px,0.1752504375511538,150.14523718622854,,142.39723050973697,98.20362628251146,0.28580209903883075,0.014382400885284396,8
10,raw,translation,real,0,1,endpoint,vector_correlation,nearest_neighbour,0.026214793372501453,1.3027678730191858,1.683978726109323,0.5035177381645902,,,,8
10,raw,translation,real,0,1,endpoint,vector_correlation,px,0.026214793372501453,103.39034562561221,133.64259649610352,39.96259998426872,,,,8
10,raw,translation,real,0,1,endpoint,direction_correlation,nearest_neighbour,0.0369514892539838,1.0716663021746848,1.3135215098031734,0.3141807253648757,,,,8
10,raw,translation,real,0,1,endpoint,direction_correlation,px,0.0369514892539838,85.04850280619138,104.24373611835985,24.93605843400711,,,,8
10,raw,translation,real,0,1,start,vector_correlation,nearest_neighbour,0.027184153646894336,1.2118082203989355,1.7220739861470362,0.45053629866194606,,,,8
10,raw,translation,real,0,1,start,vector_correlation,px,0.027184153646894336,96.17145497016907,136.66544456929498,35.757608162713396,,,,8
10,raw,translation,real,0,1,start,direction_correlation,nearest_neighbour,0.03301929903469333,1.0965371507832833,1.3542993264514822,0.34576032784105976,,,,8
10,raw,translation,real,0,1,start,direction_correlation,px,0.03301929903469333,87.02254378642948,107.479739845148,27.44222194621104,,,,8
10,raw,translation,real,0,2,endpoint,vector_correlation,nearest_neighbour,0.023832521642851285,2.5433670296527042,,2.5881859551982616,1.8608547034072762,0.03313287970742705,0.002648798017295555,8
10,raw,translation,real,0,2,endpoint,vector_correlation,px,0.023832521642851285,201.87379741441194,,205.43582265593358,147.7073936086541,0.033132009594654475,0.00264879066192149,8
10,raw,translation,real,0,2,endpoint,direction_correlation,nearest_neighbour,0.03782353021279683,2.62210346484813,,2.3915208966886006,1.9136874867362403,0.054107739755755564,0.0028451587091503725,8
10,raw,translation,real,0,2,endpoint,direction_correlation,px,0.03782353021279683,208.12359710007823,,189.8257648613614,151.83090647001,0.05412252793138809,0.002845176618550593,8
10,raw,translation,real,0,2,start,vector_correlation,nearest_neighbour,0.029243830672897576,1.562976672044512,,2.0703731434675237,1.1171309431643195,0.052476992742221396,0.003358942257896564,8
10,raw,translation,real,0,2,start,vector_correlation,px,0.029243830672897576,124.0592363889175,,164.3345161943305,88.67579639643363,0.05247376733457038,0.003358919253083789,8
10,raw,translation,real,0,2,start,direction_correlation,nearest_neighbour,0.039303254275648306,2.4959563141003596,,2.318570426902877,1.8578302951519623,0.05597344030432298,0.0025288661790270426,8
10,raw,translation,real,0,2,start,direction_correlation,px,0.039303254275648306,198.11072371252632,,184.03464865328363,147.46379168287953,0.0559728507305383,0.0025288733884240187,8
10,raw,translation,real,0,3,endpoint,vector_correlation,nearest_neighbour,0.014874637490148479,2.8608971533899856,3.4668180016965655,2.2920213680322132,3.13924160587534,0.02023771319005407,0.001547174810065163,8
10,raw,translation,real,0,3,endpoint,vector_correlation,px,0.014874637490148479,226.93669406794777,275.0024365390497,181.81370616022787,249.0208171077417,0.020237524062929304,0.0015472188364481522,8
10,raw,translation,real,0,3,endpoint,direction_correlation,nearest_neighbour,0.02953465753711154,2.276792280023628,3.4039458179484474,1.731598050444945,1.8734759336834899,0.046657560609074465,0.0043045927771226,8
10,raw,translation,real,0,3,endpoint,direction_correlation,px,0.02953465753711154,180.60286099481806,270.01498941443157,137.35829813118386,148.6144487807888,0.04665671759306219,0.0043047288794382564,8
10,raw,translation,real,0,3,start,vector_correlation,nearest_neighbour,0.02343958402737335,1.5753375526978035,3.422413411888732,1.4007793590863882,1.3016025583066537,0.037906055491620426,0.002773661890584463,8
10,raw,translation,real,0,3,start,vector_correlation,px,0.02343958402737335,124.96429753416626,271.47994277374175,111.1175189119783,103.25185367300645,0.037905055060993495,0.002773576681770256,8
10,raw,translation,real,0,3,start,direction_correlation,nearest_neighbour,0.030735315810854,2.2875920241269534,3.237667939110506,1.705601275771226,1.8684954825249807,0.048535629114254054,0.00390513887957591,8
10,raw,translation,real,0,3,start,direction_correlation,px,0.030735315810854,181.4618866206964,256.8251496470282,135.29785565925948,148.2219800495429,0.048534524717784445,0.0039052964012890263,8
10,raw,translation,real,0,4,endpoint,vector_correlation,nearest_neighbour,0.019640050575335688,2.755746180904664,,2.645516091242204,2.2745778154728504,0.0339904594022087,0.004909555903892765,8
10,raw,translation,real,0,4,endpoint,vector_correlation,px,0.019640050575335688,218.6238156501888,,209.88098539245965,180.43729161759669,0.03399192988043745,0.004909642618664435,8
10,raw,translation,real,0,4,endpoint,direction_correlation,nearest_neighbour,0.023954471253570146,3.038804438589786,,2.6774605609743025,2.2771568487405696,0.03771050568380513,0.003036756271413489,8
10,raw,translation,real,0,4,endpoint,direction_correlation,px,0.023954471253570146,241.0799933441819,,212.41580561323713,180.65897545720395,0.03771009953200195,0.0030368344500784255,8
10,raw,translation,real,0,4,start,vector_correlation,nearest_neighbour,0.019686302600919765,2.7309992020313345,,2.751733043201549,2.2273331378960326,0.035855034875818835,0.005332617237893052,8
10,raw,translation,real,0,4,start,vector_correlation,px,0.019686302600919765,216.66194853293203,,218.3081524739461,176.70665872724766,0.03585466448554598,0.005332688235197202,8
10,raw,translation,real,0,4,start,direction_correlation,nearest_neighbour,0.023547491763755948,3.0246027087502494,,2.720559610252904,2.2540778204269905,0.038125908475131115,0.0035527295893688065,8
10,raw,translation,real,0,4,start,direction_correlation,px,0.023547491763755948,239.95460679584943,,215.83494230673045,178.82787225242424,0.03812563292133868,0.003552782727849253,8
10,raw,translation,real,0,5,endpoint,vector_correlation,nearest_neighbour,-0.0018770109097290852,,,,4.557389315696977,0.012612978663034716,0.0012671193017921303,8
10,raw,translation,real,0,5,endpoint,vector_correlation,px,-0.0018770109097290852,,,,361.7964192740391,0.012613010961073829,0.0012671202878865666,8
10,raw,translation,real,0,5,endpoint,direction_correlation,nearest_neighbour,-0.007807556020281017,,,,1.477691966963332,0.04198451583718255,0.0029295248575329337,8
10,raw,translation,real,0,5,endpoint,direction_correlation,px,-0.007807556020281017,,,,117.30701064056349,0.04198578596641176,0.0029294820429385353,8
10,raw,translation,real,0,5,start,vector_correlation,nearest_neighbour,0.0008170210549788791,,,51.80258941295986,10.076885467165832,0.007451445880548656,0.0037846884369925732,8
10,raw,translation,real,0,5,start,vector_correlation,px,0.0008170210549788791,,,4112.444830648228,799.9754968462718,0.007451441675275912,0.003784689903482651,8
10,raw,translation,real,0,5,start,direction_correlation,nearest_neighbour,-0.006961265523338083,,,,1.8890924625073564,0.031494697783392436,0.002450072836485344,8
10,raw,translation,real,0,5,start,direction_correlation,px,-0.006961265523338083,,,,149.97004399436656,0.0314946297354846,0.002450063076667788,8
10,raw,translation,real,0,6,endpoint,vector_correlation,nearest_neighbour,0.01468659721165059,1.0494536123273832,1.264177641966218,2.5246279763468964,3.7748949405104684,0.017512075935353318,0.0012125927253505845,8
10,raw,translation,real,0,6,endpoint,vector_correlation,px,0.01468659721165059,83.29788761844353,100.34122086837101,200.38714924733273,299.6247992388854,0.017512056682541167,0.001212590649025662,8
10,raw,translation,real,0,6,endpoint,direction_correlation,nearest_neighbour,0.010835766140494092,5.320620050420431,,5.566417511528965,4.779827704669171,0.018127762587993743,0.003350223887107106,8
10,raw,translation,real,0,6,endpoint,direction_correlation,px,0.010835766140494092,422.3134868432451,,441.8222537272107,379.389036983445,0.018127747653770586,0.003350226910110882,8
10,raw,translation,real,0,6,start,vector_correlation,nearest_neighbour,0.01612936024417941,1.584393010179101,6.543115553513256,2.3432808692726113,3.665905726847409,0.014992360417923102,0.00292811132509651,8
10,raw,translation,real,0,6,start,vector_correlation,px,0.01612936024417941,125.75613298056271,519.3457616180567,185.9930714190466,290.9772249966847,0.014992241477960685,0.0029281316982855375,8
10,raw,translation,real,0,6,start,direction_correlation,nearest_neighbour,0.009520812002598293,5.300226465473781,,6.357733256684443,5.066675599450053,0.0172229015288112,0.0029401801780364425,8
10,raw,translation,real,0,6,start,direction_correlation,px,0.009520812002598293,420.695295811354,,504.6299901441945,402.1545149733509,0.017222929483982026,0.002940159944894474,8
11,gaussian_score,affine,real,0,0,current,vector_correlation,nearest_neighbour,0.1932770827165121,1.3092475755092357,4.0965683266637996,0.6891672913351431,0.6205980599082597,0.554744381522519,0.003006911925886318,8
11,gaussian_score,affine,real,0,0,current,vector_correlation,px,0.1932770827165121,95.62353587214373,299.19610294018236,50.33923667256454,45.33190437826048,0.5545988636897583,0.0030071402029747457,8
11,gaussian_score,affine,real,0,0,current,direction_correlation,nearest_neighbour,0.19710787553223702,1.318967948133055,5.86576085030607,0.808146963533115,0.6907557537822715,0.5040618516919924,0.004109446129577859,8
11,gaussian_score,affine,real,0,0,current,direction_correlation,px,0.19710787553223702,96.33352215986298,428.4111585936581,59.02894727057845,50.45630574265089,0.5039468041493511,0.004108181288748242,8
11,gaussian_score,affine,real,0,1,endpoint,vector_correlation,nearest_neighbour,0.05344328595299376,1.7283059869591195,2.5697458670817044,0.9549775838048491,1.002808257176447,0.1076889985414179,0.0051516923462584085,8
11,gaussian_score,affine,real,0,1,endpoint,vector_correlation,px,0.05344328595299376,126.259105806676,187.72623586099928,69.769963006932,73.26515513441099,0.10767247346093313,0.005152265024361481,8
11,gaussian_score,affine,real,0,1,endpoint,direction_correlation,nearest_neighbour,0.05083540294491038,1.5634697565091111,2.251194601940703,0.7760027683577315,0.8994842620089839,0.10740729093686514,0.0040232924719816494,8
11,gaussian_score,affine,real,0,1,endpoint,direction_correlation,px,0.05083540294491038,114.21683390929891,164.45612819122516,56.69502576541615,65.71814621192104,0.10738650954714182,0.004023650359667435,8
11,gaussian_score,affine,real,0,1,start,vector_correlation,nearest_neighbour,0.051270016725858736,1.6889053029686774,2.6402758470226306,0.975272859481988,1.0152051367743942,0.10362973113462627,0.005838070296502396,8
11,gaussian_score,affine,real,0,1,start,vector_correlation,px,0.051270016725858736,123.38014411040257,192.87833335733546,71.24942945730155,74.16711732688947,0.10362242648156955,0.005838401464137793,8
11,gaussian_score,affine,real,0,1,start,direction_correlation,nearest_neighbour,0.05047152078073404,1.5643108933302963,2.245121146178364,0.7775493331211928,0.9017090675413625,0.10649435277911912,0.0041455127698203295,8
11,gaussian_score,affine,real,0,1,start,direction_correlation,px,0.05047152078073404,114.27807562074103,164.01193118207755,56.804975320411074,65.87657695738868,0.1064845843070767,0.0041457395048906664,8
11,gaussian_score,affine,real,0,2,endpoint,vector_correlation,nearest_neighbour,0.03370642941042771,2.7375157338978395,3.2542334719261623,2.3331507448193776,3.277779106890909,0.04686037285361241,0.003892883530077944,8
11,gaussian_score,affine,real,0,2,endpoint,vector_correlation,px,0.03370642941042771,200.04479061314242,237.80484257458352,170.49967907393574,239.5313623641594,0.04685975301554627,0.0038930617130027052,8
11,gaussian_score,affine,real,0,2,endpoint,direction_correlation,nearest_neighbour,0.03934604851232058,2.6350807069415545,3.465588327256093,1.7630590127116115,2.2060436997404715,0.05510989206337933,0.0021785378214918627,8
11,gaussian_score,affine,real,0,2,endpoint,direction_correlation,px,0.03934604851232058,192.55917195545874,253.24996808936424,128.83980735695647,161.21315753328574,0.05510864486269544,0.0021786874637901117,8
11,gaussian_score,affine,real,0,2,start,vector_correlation,nearest_neighbour,0.038796878449272876,2.6017175056671227,3.2997277265056657,1.9796793239810135,2.5817739966843467,0.053889347357692644,0.00315833258227893,8
11,gaussian_score,affine,real,0,2,start,vector_correlation,px,0.038796878449272876,190.1183310529341,241.12801676176161,144.66646502361726,188.66548627978844,0.0538889138028631,0.0031585039228145427,8
11,gaussian_score,affine,real,0,2,start,direction_correlation,nearest_neighbour,0.04600815455646704,2.3572406275015245,3.696305198981253,1.500715506238308,1.4503713580469535,0.07421610234503567,0.0027697831461843928,8
11,gaussian_score,affine,real,0,2,start,direction_correlation,px,0.04600815455646704,172.25370829782946,270.1079810287236,109.66614062641278,105.98731030445013,0.07421513239681739,0.002769800111599276,8
11,gaussian_score,affine,real,0,3,endpoint,vector_correlation,nearest_neighbour,0.028081131321000628,2.781634954408056,3.4847035524812435,1.7404628485256641,2.3607134064214748,0.04022419199310503,0.004414763037404113,8
11,gaussian_score,affine,real,0,3,endpoint,vector_correlation,px,0.028081131321000628,203.32375686296731,254.7177187005932,127.22188455412086,172.5601695992719,0.04022385491436053,0.004414814071555221,8
11,gaussian_score,affine,real,0,3,endpoint,direction_correlation,nearest_neighbour,0.02160244746434994,2.865425421077356,3.8277128337580666,1.9911795812453472,1.8863030158319678,0.03645425479508311,0.00464083760708787,8
11,gaussian_score,affine,real,0,3,endpoint,direction_correlation,px,0.02160244746434994,209.44879794453553,279.7890610763211,145.5484148543798,137.88283358619194,0.03645378670173885,0.004640882569223954,8
11,gaussian_score,affine,real,0,3,start,vector_correlation,nearest_neighbour,0.03261571994455119,2.708287829735271,3.513594432156136,1.465828479802719,1.5140550977659994,0.05250293923417341,0.0037445812663655046,8
11,gaussian_score,affine,real,0,3,start,vector_correlation,px,0.03261571994455119,197.96093051974594,256.8299618314071,107.14879046756126,110.67425200979577,0.05250102751046113,0.0037444943901670017,8
11,gaussian_score,affine,real,0,3,start,direction_correlation,nearest_neighbour,0.02512964637710736,2.792811158626797,3.923591461825078,1.78288493578417,1.7107078679365761,0.040186840789830446,0.003484124644151387,8
11,gaussian_score,affine,real,0,3,start,direction_correlation,px,0.02512964637710736,204.13970427736706,286.79732268185853,130.32488529159508,125.0489049266109,0.04018557813363204,0.0034841007322682876,8
11,gaussian_score,affine,real,0,4,endpoint,vector_correlation,nearest_neighbour,0.027002384065348835,2.812891522122097,4.731047972861218,2.262676106288087,2.1408747397512085,0.0455574455362407,0.005817136657943867,8
11,gaussian_score,affine,real,0,4,endpoint,vector_correlation,px,0.027002384065348835,205.66509612693284,345.9121882888508,165.44203730980576,156.53708737224466,0.0455562138260664,0.005817244083758266,8
11,gaussian_score,affine,real,0,4,endpoint,direction_correlation,nearest_neighbour,0.027577513255242936,2.3156612019855043,4.677969871587367,1.7443375518574675,1.6534738058741503,0.04574451511377685,0.0033991639779725885,8
11,gaussian_score,affine,real,0,4,endpoint,direction_correlation,px,0.027577513255242936,169.30983009421908,342.03153885404436,127.54225967152034,120.88923668122106,0.04574547965689218,0.0033993644636268598,8
11,gaussian_score,affine,real,0,4,start,vector_correlation,nearest_neighbour,0.029301276231995715,2.5598814118668747,4.721359097596704,2.0821470110800666,1.9189564927121125,0.04975904907023555,0.006067838025357584,8
11,gaussian_score,affine,real,0,4,start,vector_correlation,px,0.029301276231995715,187.1644582783671,345.20376563090656,152.24638361689165,140.31333019001505,0.04975669508381361,0.006067876041391823,8
11,gaussian_score,affine,real,0,4,start,direction_correlation,nearest_neighbour,0.029496495525313287,2.136990164192832,4.8859808897802335,1.6017449955552183,1.4598769044277495,0.05004361425821617,0.0028664977056437773,8
11,gaussian_score,affine,real,0,4,start,direction_correlation,px,0.029496495525313287,156.24918869007553,357.23963914790926,117.11934273731586,106.74072946009689,0.050042112375896425,0.002866660593437175,8
11,gaussian_score,affine,real,0,5,endpoint,vector_correlation,nearest_neighbour,0.02204931978926169,2.2494787292719067,5.6031225303374095,1.7130086871429722,1.6770653397931006,0.03666635924878517,0.0027943554160801943,8
11,gaussian_score,affine,real,0,5,endpoint,vector_correlation,px,0.02204931978926169,164.54811841437922,409.86353321306467,125.31148039360855,122.68245286306617,0.036664431527682104,0.0027945388084115396,8
11,gaussian_score,affine,real,0,5,endpoint,direction_correlation,nearest_neighbour,0.017264311801213537,2.4223808898492676,4.91625475830562,2.150371297018859,2.282086815282299,0.02574480133988671,0.002214611498879531,8
11,gaussian_score,affine,real,0,5,endpoint,direction_correlation,px,0.017264311801213537,177.1936584725731,359.6178160373128,157.30433279101794,166.94221282275504,0.025743748153823905,0.002214746154192814,8
11,gaussian_score,affine,real,0,5,start,vector_correlation,nearest_neighbour,0.01740719501618371,2.421200727179767,5.644838138927807,2.3291052812506727,2.0633080606680196,0.031803927549037866,0.005042552413954055,8
11,gaussian_score,affine,real,0,5,start,vector_correlation,px,0.01740719501618371,177.1069303112331,412.9151473992652,170.3775263074364,150.90711672521368,0.031806677753465705,0.0050426420731636695,8
11,gaussian_score,affine,real,0,5,start,direction_correlation,nearest_neighbour,0.015281418785571934,2.5078889268864692,4.965079023458576,2.5280756682552084,2.7871868044638886,0.022859794309428815,0.002752111119657696,8
11,gaussian_score,affine,real,0,5,start,direction_correlation,px,0.015281418785571934,183.4469435213779,363.18964626954084,184.9309548253904,203.88749770709316,0.02285938993539482,0.0027522057074361606,8
11,gaussian_score,affine,real,0,6,endpoint,vector_correlation,nearest_neighbour,0.021150241975492805,3.2241929315600304,4.547182929341224,2.2501910115076917,3.1534320029806238,0.02634084289330865,0.0059354522201123935,8
11,gaussian_score,affine,real,0,6,endpoint,vector_correlation,px,0.021150241975492805,236.01216757118615,332.8537523470982,164.71355685555307,230.8421446757243,0.02634024622920664,0.005935592231642366,8
11,gaussian_score,affine,real,0,6,endpoint,direction_correlation,nearest_neighbour,0.021950768215784917,1.2677372811607799,5.056756890216981,2.4462606432840026,3.8102449450604636,0.023576882741372655,0.004779141616024656,8
11,gaussian_score,affine,real,0,6,endpoint,direction_correlation,px,0.021950768215784917,92.79794326169868,370.15305334684325,179.06647311660902,278.9200212067133,0.02357655843901797,0.004779221804316044,8
11,gaussian_score,affine,real,0,6,start,vector_correlation,nearest_neighbour,0.027814937104329213,1.1098301484070463,4.51605410493418,1.7130022071317115,2.583036980839808,0.03090004439313402,0.0081951419127682,8
11,gaussian_score,affine,real,0,6,start,vector_correlation,px,0.027814937104329213,81.23798497237671,330.576224595185,125.39061120070457,189.0902139911685,0.030898908310153846,0.008195310997772872,8
11,gaussian_score,affine,real,0,6,start,direction_correlation,nearest_neighbour,0.0276951322262696,1.0930669879777786,4.96288033025145,1.9411521974724049,3.1227673285151236,0.026867203859319382,0.006668540959939027,8
11,gaussian_score,affine,real,0,6,start,direction_correlation,px,0.0276951322262696,80.01098782149916,363.2823068000286,142.09170760479083,228.59861030074183,0.02686650415116213,0.006668638812846261,8
11,gaussian_score,affine,spatial_shuffle,0,0,current,vector_correlation,nearest_neighbour,-0.0001858328126936743,,,,7.487478857215617,0.004114850131171777,0.0010898412506547962,8
11,gaussian_score,affine,spatial_shuffle,0,0,current,vector_correlation,px,-0.0001858328126936743,,,,546.8565183581982,0.004114869042337903,0.0010898410718350416,8
11,gaussian_score,affine,spatial_shuffle,0,0,current,direction_correlation,nearest_neighbour,0.01221411686795322,0.957080712729108,1.1340385833504525,2.842990939697059,3.0361948487515327,0.01635547219228059,0.0020825354816040175,8
11,gaussian_score,affine,spatial_shuffle,0,0,current,direction_correlation,px,0.01221411686795322,69.89901142874687,82.82529450363822,207.64520073886322,221.76178836649973,0.016354919097729907,0.002082590334545732,8
11,gaussian_score,affine,spatial_shuffle,0,1,endpoint,vector_correlation,nearest_neighbour,-0.0042850118693102315,,,,1128626.4923322797,0.004043587139348181,0.001885254359989504,8
11,gaussian_score,affine,spatial_shuffle,0,1,endpoint,vector_correlation,px,-0.0042850118693102315,,,,82449361.74054214,0.004043587139382003,0.0018852543599169327,8
11,gaussian_score,affine,spatial_shuffle,0,1,endpoint,direction_correlation,nearest_neighbour,-0.009651378731530012,,,,,,,8
11,gaussian_score,affine,spatial_shuffle,0,1,endpoint,direction_correlation,px,-0.009651378731530012,,,,,,,8
11,gaussian_score,affine,spatial_shuffle,0,1,start,vector_correlation,nearest_neighbour,-0.002824584182823544,,,,1133285.0177336188,0.0038342101341112276,0.002480089262707465,8
11,gaussian_score,affine,spatial_shuffle,0,1,start,vector_correlation,px,-0.002824584182823544,,,,82789556.15646696,0.0038342101389580376,0.002480089262686123,8
11,gaussian_score,affine,spatial_shuffle,0,1,start,direction_correlation,nearest_neighbour,-0.00714679117681372,,,,,,,8
11,gaussian_score,affine,spatial_shuffle,0,1,start,direction_correlation,px,-0.00714679117681372,,,,,,,8
11,gaussian_score,affine,spatial_shuffle,0,2,endpoint,vector_correlation,nearest_neighbour,0.0017468700011348264,3.152854019909658,3.219469446274337,15.524800547387509,17.00113553164886,0.008159577246850621,0.004814970426873954,8
11,gaussian_score,affine,spatial_shuffle,0,2,endpoint,vector_correlation,px,0.0017468700011348264,230.39636190083547,235.26440063037867,1134.4814092452552,1242.488073520982,0.008159465851760795,0.004814982436203561,8
11,gaussian_score,affine,spatial_shuffle,0,2,endpoint,direction_correlation,nearest_neighbour,0.0024820357576756952,3.159821178530576,5.756097781613306,4.7720080302780525,3.765113855124002,0.005254811233487821,0.002049613644685253,8
11,gaussian_score,affine,spatial_shuffle,0,2,endpoint,direction_correlation,px,0.0024820357576756952,230.9054991960894,420.624446368254,348.7177754425806,275.1458846337384,0.005254715791470547,0.0020496288940309018,8
11,gaussian_score,affine,spatial_shuffle,0,2,start,vector_correlation,nearest_neighbour,0.004427019178823517,3.104877178251119,3.263021678818412,5.724464761026381,13.398879038406147,0.008003849958390432,0.003035835389710152,8
11,gaussian_score,affine,spatial_shuffle,0,2,start,vector_correlation,px,0.004427019178823517,226.88859027497352,238.4455861894833,418.31387600887876,979.1393887067485,0.008003819930768838,0.0030358419421907985,8
11,gaussian_score,affine,spatial_shuffle,0,2,start,direction_correlation,nearest_neighbour,0.005197259897574353,2.5937225965908746,5.791567754545376,1.9899656822325702,2.301650034778742,0.0065755727156835775,0.0013043571305680944,8
11,gaussian_score,affine,spatial_shuffle,0,2,start,direction_correlation,px,0.005197259897574353,189.53407342020182,423.21697259427316,145.41663827373745,168.19300622320642,0.006575567184387091,0.0013043542408165047,8
11,gaussian_score,affine,spatial_shuffle,0,3,endpoint,vector_correlation,nearest_neighbour,-0.0017962261238086384,,,,15.387595393439502,0.0043237503382519095,0.001738534539190761,8
11,gaussian_score,affine,spatial_shuffle,0,3,endpoint,vector_correlation,px,-0.0017962261238086384,,,,1124.807702869187,0.004323714746388652,0.0017385389452820477,8
11,gaussian_score,affine,spatial_shuffle,0,3,endpoint,direction_correlation,nearest_neighbour,0.002846826968064069,0.878531341733477,1.0099177206633227,6.264615081718041,62.48869401969959,0.0030722529382779203,0.001803071229696124,8
11,gaussian_score,affine,spatial_shuffle,0,3,endpoint,direction_correlation,px,0.002846826968064069,64.2166021841698,73.82090389717897,457.91393266642905,4568.24860614727,0.003072228584507593,0.0018030724197836885,8
11,gaussian_score,affine,spatial_shuffle,0,3,start,vector_correlation,nearest_neighbour,-0.0026568481586478412,,,,29.047904944076205,0.002487142400995794,0.0016907035582892874,8
11,gaussian_score,affine,spatial_shuffle,0,3,start,vector_correlation,px,-0.0026568481586478412,,,,2123.4542478817298,0.002487111462963796,0.0016907053631527987,8
11,gaussian_score,affine,spatial_shuffle,0,3,start,direction_correlation,nearest_neighbour,0.00032123743786866124,0.7612448094233567,0.823279526757827,50.716852679908584,1590471.9011513623,0.002311989756449474,0.0017450728345539208,8
11,gaussian_score,affine,spatial_shuffle,0,3,start,direction_correlation,px,0.00032123743786866124,55.64095151723088,60.17576196414771,3707.1755467933317,59710975.8777062,0.0023119937137305044,0.0017450737960249846,8
11,gaussian_score,affine,spatial_shuffle,0,4,endpoint,vector_correlation,nearest_neighbour,0.005663325976349576,0.8342006571334571,0.9388727568068144,1.6385981852909155,12.56000970996473,0.0050648030500996906,0.0011160091683245178,8
11,gaussian_score,affine,spatial_shuffle,0,4,endpoint,vector_correlation,px,0.005663325976349576,60.99141494248117,68.64517176561236,119.81030978206226,918.3476510005478,0.005064791426705965,0.001116006356905822,8
11,gaussian_score,affine,spatial_shuffle,0,4,endpoint,direction_correlation,nearest_neighbour,0.005387217873769494,1.3080639779229613,1.3846792693895522,1.0221277772093358,1.050176614877286,0.010097019216962606,0.0006137501711745504,8
11,gaussian_score,affine,spatial_shuffle,0,4,endpoint,direction_correlation,px,0.005387217873769494,95.64088210799474,101.24305288179026,74.73754345671344,76.79956696813625,0.01009524910860937,0.0006137524277978484,8
11,gaussian_score,affine,spatial_shuffle,0,4,start,vector_correlation,nearest_neighbour,0.005609135686679231,0.8344147787068712,0.9381643727847173,1.620370187355162,12.163789443419311,0.005027388314156666,0.0011129127596662266,8
11,gaussian_score,affine,spatial_shuffle,0,4,start,vector_correlation,px,0.005609135686679231,61.00497480645016,68.59138376777551,118.47805842185353,889.3774555647543,0.005027369630177459,0.0011129075770967035,8
11,gaussian_score,affine,spatial_shuffle,0,4,start,direction_correlation,nearest_neighbour,0.00524200584111978,1.3365316616656677,1.4121987389885815,1.0105561015098663,5.681059802597573,0.005352632276020288,0.00043626552753878487,8
11,gaussian_score,affine,spatial_shuffle,0,4,start,direction_correlation,px,0.00524200584111978,97.72149058808701,103.25505960864398,73.89411748390852,415.3812499392168,0.00535257994217284,0.00043625219174342006,8
11,gaussian_score,affine,spatial_shuffle,0,5,endpoint,vector_correlation,nearest_neighbour,0.00933824502017696,1.90844249493704,5.980440549763378,2.276738747222551,2.629423891528339,0.00976136975852944,0.001496323740859733,8
11,gaussian_score,affine,spatial_shuffle,0,5,endpoint,vector_correlation,px,0.00933824502017696,139.60576171868254,437.4656803385461,166.54610667840657,192.33950390689347,0.009761357020037269,0.0014962931111580442,8
11,gaussian_score,affine,spatial_shuffle,0,5,endpoint,direction_correlation,nearest_neighbour,0.0028900490060527807,0.8309554292935046,0.9329176034341569,6.102136421419457,6.086642242940916,0.0059672562928998925,0.0027337321747427116,8
11,gaussian_score,affine,spatial_shuffle,0,5,endpoint,direction_correlation,px,0.0028900490060527807,60.7803359411071,68.239389489395,446.36571964736356,445.2743315426961,0.005967015398208117,0.0027337674692527116,8
11,gaussian_score,affine,spatial_shuffle,0,5,start,vector_correlation,nearest_neighbour,0.009400534632820819,3.9131313084740293,6.107393643192041,2.283884111796432,3.0529080583466683,0.009424594058033808,0.0012807887694679559,8
11,gaussian_score,affine,spatial_shuffle,0,5,start,vector_correlation,px,0.009400534632820819,286.2439605797713,446.7522778742688,167.06549591008866,223.32044496826836,0.009424546823440754,0.00128079263984151,8
11,gaussian_score,affine,spatial_shuffle,0,5,start,direction_correlation,nearest_neighbour,0.004618279934483845,0.8282957156283989,0.9277230563008392,4.016022927361783,4.587173269338652,0.007789499006082997,0.002110172551740311,8
11,gaussian_score,affine,spatial_shuffle,0,5,start,direction_correlation,px,0.004618279934483845,60.587832067681234,67.86101998982895,293.7661224581442,335.5648855618735,0.007789312604007989,0.0021102193232557923,8
11,gaussian_score,affine,spatial_shuffle,0,6,endpoint,vector_correlation,nearest_neighbour,0.00921189299990964,1.8171534576153974,2.095120939221518,1.6059391049772715,1.8483236528986136,0.014803908865367746,0.001493169756478057,8
11,gaussian_score,affine,spatial_shuffle,0,6,endpoint,vector_correlation,px,0.00921189299990964,133.0217976627044,153.36547840325505,117.5590048565063,135.30010563019124,0.014803829968755736,0.0014931156369636718,8
11,gaussian_score,affine,spatial_shuffle,0,6,endpoint,direction_correlation,nearest_neighbour,0.016720004233794203,1.1665912212845013,1.8349230610250438,0.8216534274192033,0.3981565170283212,0.0872749494365159,0.0013391562252494994,8
11,gaussian_score,affine,spatial_shuffle,0,6,endpoint,direction_correlation,px,0.016720004233794203,85.39398602554323,134.32230640050088,60.14660837403314,29.14757691536665,0.0872595518972262,0.0013391288170236846,8
11,gaussian_score,affine,spatial_shuffle,0,6,start,vector_correlation,nearest_neighbour,0.0062401782901120445,1.6809897489107097,1.7538586859300689,2.3456113968224157,2.9065311123366757,0.013338814212974351,0.004125785256857839,8
11,gaussian_score,affine,spatial_shuffle,0,6,start,vector_correlation,px,0.0062401782901120445,123.05259880995175,128.38773548189826,171.70429287392534,212.7553440870323,0.013338912364879342,0.004125738773418262,8
11,gaussian_score,affine,spatial_shuffle,0,6,start,direction_correlation,nearest_neighbour,0.012479323144326614,1.4569231460569414,1.6188151686859633,1.2761549905575493,1.8294118360263283,0.01846554759591886,0.0007315265262366461,8
11,gaussian_score,affine,spatial_shuffle,0,6,start,direction_correlation,px,0.012479323144326614,106.64744733194915,118.5004549666595,93.41611868508845,133.9307002681529,0.01846418422093707,0.0007315051078378627,8
11,gaussian_score,affine,spatial_shuffle,1,0,current,vector_correlation,nearest_neighbour,-0.012963488109879224,,,,1.4310218636229177,0.013879977955522975,0.0012988756346621843,8
11,gaussian_score,affine,spatial_shuffle,1,0,current,vector_correlation,px,-0.012963488109879224,,,,104.51589193946431,0.013880317048868697,0.001298846012097941,8
11,gaussian_score,affine,spatial_shuffle,1,0,current,direction_correlation,nearest_neighbour,-0.002217039552380229,,,,13.558655405410558,0.004207707925950113,0.001633519641574924,8
11,gaussian_score,affine,spatial_shuffle,1,0,current,direction_correlation,px,-0.002217039552380229,,,,990.2512012488012,0.004207740272836565,0.0016335146798490223,8
11,gaussian_score,affine,spatial_shuffle,1,1,endpoint,vector_correlation,nearest_neighbour,0.0037510020152162612,1.598647221827658,1.6353438570494787,2.4643082459828682,3.7851872366050308,0.010283650113060143,0.005000507352196855,8
11,gaussian_score,affine,spatial_shuffle,1,1,endpoint,vector_correlation,px,0.0037510020152162612,116.78675801439405,119.46766656134152,180.0435661013019,276.40380335044006,0.010284670126275793,0.005000594631681682,8
11,gaussian_score,affine,spatial_shuffle,1,1,endpoint,direction_correlation,nearest_neighbour,0.003011565835140072,1.3208537547554853,1.4117672063477715,0.8659255104176278,1.485271239260451,0.004568755058165375,0.00015835278147615056,8
11,gaussian_score,affine,spatial_shuffle,1,1,endpoint,direction_correlation,px,0.003011565835140072,96.49228481110924,103.13405585995262,63.26415862583525,108.51924383884992,0.00456818182462558,0.00015831629316992977,8
11,gaussian_score,affine,spatial_shuffle,1,1,start,vector_correlation,nearest_neighbour,0.0048511955441979315,1.5077636972858102,1.5752562003881971,1.5410867646816013,2.8656744807530017,0.008381649852851229,0.002110296835854574,8
11,gaussian_score,affine,spatial_shuffle,1,1,start,vector_correlation,px,0.0048511955441979315,110.14710013966553,115.07766955734331,112.58488192021724,209.35407714283474,0.00838143423600282,0.0021103326894367025,8
11,gaussian_score,affine,spatial_shuffle,1,1,start,direction_correlation,nearest_neighbour,0.0006879869723674745,0.7487232111979112,0.8046517886648583,0.30506218595712337,,,,8
11,gaussian_score,affine,spatial_shuffle,1,1,start,direction_correlation,px,0.0006879869723674745,54.69388045971556,58.7799454223104,22.287423816360374,,,,8
11,gaussian_score,affine,spatial_shuffle,1,2,endpoint,vector_correlation,nearest_neighbour,0.007990779433032011,2.0215690674549474,2.424522221560912,2.2251458850498675,4.246521685551124,0.008259530146502748,0.0006765098942646061,8
11,gaussian_score,affine,spatial_shuffle,1,2,endpoint,vector_correlation,px,0.007990779433032011,147.72798798606632,177.1727049327783,162.6071586710661,310.31134814032674,0.008259570005122929,0.0006764683676101527,8
11,gaussian_score,affine,spatial_shuffle,1,2,endpoint,direction_correlation,nearest_neighbour,0.00023820599080202014,0.7835510464341229,0.8598809526276066,41.225460346543755,517882.9138419042,0.001101436940413524,0.001130304888866318,8
11,gaussian_score,affine,spatial_shuffle,1,2,endpoint,direction_correlation,px,0.00023820599080202014,57.25657435897453,62.834935912041864,3012.5923822791347,34165228.12122953,0.0011014369976836023,0.0011303051825277378,8
11,gaussian_score,affine,spatial_shuffle,1,2,start,vector_correlation,nearest_neighbour,0.008941610674386053,1.130193903529493,2.587430916414698,1.7145082626446273,0.6264255899361074,0.024609890824081295,0.00178092527367975,8
11,gaussian_score,affine,spatial_shuffle,1,2,start,vector_correlation,px,0.008941610674386053,82.58953871361209,189.074285556377,125.2896607547138,45.804740947794,0.024590889063082447,0.0017809149604582797,8
11,gaussian_score,affine,spatial_shuffle,1,2,start,direction_correlation,nearest_neighbour,0.0013464573021492424,0.8777871045084371,1.0086537970341374,7.837025018247843,467602.7997924457,0.001421871043057415,0.0008671595310817447,8
11,gaussian_score,affine,spatial_shuffle,1,2,start,direction_correlation,px,0.0013464573021492424,64.14397939981356,73.7075464215643,572.6994809907927,34170232.227091685,0.0014218710458665969,0.0008671595309970836,8
11,gaussian_score,affine,spatial_shuffle,1,3,endpoint,vector_correlation,nearest_neighbour,0.00244904526197126,0.8869074298014558,1.023168496881551,2.164258916562034,5.186201755570229,0.0036716103961423846,0.0011333685547098554,8
11,gaussian_score,affine,spatial_shuffle,1,3,endpoint,vector_correlation,px,0.00244904526197126,64.82889150696603,74.78953134370738,158.19947028973112,379.08716814690973,0.003671598876954587,0.001133367503739694,8
11,gaussian_score,affine,spatial_shuffle,1,3,endpoint,direction_correlation,nearest_neighbour,0.007096075720791063,0.9112946312701878,1.0617484815508147,1.6462856282498284,3.1500900928955775,0.009437946763437382,0.0017701809667752507,8
11,gaussian_score,affine,spatial_shuffle,1,3,endpoint,direction_correlation,px,0.007096075720791063,66.61158802961475,77.6097157179546,120.33774724218756,230.25771983093108,0.00943792072085637,0.0017701635078688665,8
11,gaussian_score,affine,spatial_shuffle,1,3,start,vector_correlation,nearest_neighbour,0.003492359575037508,0.9238717656589517,1.0805515834315955,1.403640511804871,4.836246415076847,0.004806405699537753,0.0011385153137980697,8
11,gaussian_score,affine,spatial_shuffle,1,3,start,vector_correlation,px,0.003492359575037508,67.52917236800394,78.98265043618893,102.60116611953917,353.5098089636391,0.0048063612600476174,0.0011385062478082185,8
11,gaussian_score,affine,spatial_shuffle,1,3,start,direction_correlation,nearest_neighbour,0.007867510715439134,0.9270351900332903,1.085556047105742,1.7119780123257047,2.4016307129204604,0.00884199492878645,0.0018148202017632484,8
11,gaussian_score,affine,spatial_shuffle,1,3,start,direction_correlation,px,0.007867510715439134,67.76042239246098,79.34848258834295,125.13976088155621,175.5431981168702,0.008842111798655171,0.0018147769246625765,8
11,gaussian_score,affine,spatial_shuffle,1,4,endpoint,vector_correlation,nearest_neighbour,-3.741823406536153e-05,,,,4.185043000753227,0.00327171781417197,0.00021987071962331633,8
11,gaussian_score,affine,spatial_shuffle,1,4,endpoint,vector_correlation,px,-3.741823406536153e-05,,,,305.9981752293812,0.0032716692318127665,0.00021986444429999123,8
11,gaussian_score,affine,spatial_shuffle,1,4,endpoint,direction_correlation,nearest_neighbour,0.002202612336200703,0.9970363161498261,1.1964749764184264,1.543564363984393,4.197839840883281,0.002811248880955649,0.0007029501541410321,8
11,gaussian_score,affine,spatial_shuffle,1,4,endpoint,direction_correlation,px,0.002202612336200703,72.8981650710718,87.4813731235561,112.86026628688668,306.92855206069595,0.0028112340669438542,0.0007029414365014798,8
11,gaussian_score,affine,spatial_shuffle,1,4,start,vector_correlation,nearest_neighbour,-0.00329835926852391,,,,7.2578756357442655,0.0032858003348004805,0.0002755374200993712,8
11,gaussian_score,affine,spatial_shuffle,1,4,start,vector_correlation,px,-0.00329835926852391,,,,530.6839212906267,0.0032857410979340363,0.00027554405939602165,8
11,gaussian_score,affine,spatial_shuffle,1,4,start,direction_correlation,nearest_neighbour,-0.0007439137750284104,,,,10.0737683730857,0.0015603917975687957,0.001005519507818097,8
11,gaussian_score,affine,spatial_shuffle,1,4,start,direction_correlation,px,-0.0007439137750284104,,,,723.0741775147917,0.0015685273482943973,0.001005534202200858,8
11,gaussian_score,affine,spatial_shuffle,1,5,endpoint,vector_correlation,nearest_neighbour,0.01805090772484138,1.0513544712419807,1.3313131624548762,0.3441205385678395,0.1650496895554694,0.9593686886117526,0.000300337806159383,8
11,gaussian_score,affine,spatial_shuffle,1,5,endpoint,vector_correlation,px,0.01805090772484138,76.90365098161666,97.38464347518321,25.174017482977675,12.07423061966637,0.9587089072923238,0.0003003377107703412,8
11,gaussian_score,affine,spatial_shuffle,1,5,endpoint,direction_correlation,nearest_neighbour,0.014375283068053111,0.9179354029092444,1.0705178956583656,0.39845615387992417,1.5417945701021438,0.02199415515240221,0.00041910185866482973,8
11,gaussian_score,affine,spatial_shuffle,1,5,endpoint,direction_correlation,px,0.014375283068053111,67.14336503789251,78.30555330564127,29.148729120120557,112.77231135297949,0.021994023545006187,0.00041910191188745374,8
11,gaussian_score,affine,spatial_shuffle,1,5,start,vector_correlation,nearest_neighbour,0.01494511283288206,1.2118719458459313,2.022650647483175,0.5426217527403665,0.5081001880501403,0.05452551136193437,3.929290312472268e-05,8
11,gaussian_score,affine,spatial_shuffle,1,5,start,vector_correlation,px,0.01494511283288206,88.64673403542145,147.958640477902,39.6939548991859,37.16898731158981,0.0545195414150044,3.9147267250444725e-05,8
11,gaussian_score,affine,spatial_shuffle,1,5,start,direction_correlation,nearest_neighbour,0.011010952042055194,0.9225174120825699,1.0767795853730497,0.4798074635557681,2.1355499532955395,0.014976531013843825,0.000309355422159961,8
11,gaussian_score,affine,spatial_shuffle,1,5,start,direction_correlation,px,0.011010952042055194,67.48022303398912,78.7646219531646,35.098444934679,156.232017937367,0.014975819842937273,0.0003093572882774101,8
11,gaussian_score,affine,spatial_shuffle,1,6,endpoint,vector_correlation,nearest_neighbour,0.002815085517492209,1.5386193955179452,1.5757851747017328,4.822545363568311,3.6469828769623205,0.005984531021417513,0.002483183238497592,8
11,gaussian_score,affine,spatial_shuffle,1,6,endpoint,vector_correlation,px,0.002815085517492209,112.63049726810564,115.35158124373402,353.0272422527239,266.96342032390515,0.005984472884282453,0.002483187753629501,8
11,gaussian_score,affine,spatial_shuffle,1,6,endpoint,direction_correlation,nearest_neighbour,0.007801104283491775,1.3797500549688413,1.5787220670137523,1.002119772363616,0.8734932890051433,0.0168972414785246,0.0006565371308274484,8
11,gaussian_score,affine,spatial_shuffle,1,6,endpoint,direction_correlation,px,0.007801104283491775,100.99891503626075,115.56660513893782,73.35807892468446,63.95280026665621,0.016893876881178008,0.0006565489951856806,8
11,gaussian_score,affine,spatial_shuffle,1,6,start,vector_correlation,nearest_neighbour,0.0018022861162148827,1.5872316756494818,1.615419549348868,6.0328134569584755,3.747880138589231,0.005124031658026401,0.002534655495582106,8
11,gaussian_score,affine,spatial_shuffle,1,6,start,vector_correlation,px,0.0018022861162148827,116.18805329292115,118.25184295185139,441.6187322415135,274.3374862127161,0.0051240723743277055,0.002534650369678546,8
11,gaussian_score,affine,spatial_shuffle,1,6,start,direction_correlation,nearest_neighbour,0.00573428646338233,1.4299485271702903,1.661170294406439,1.2629684062453483,2.7245659599415055,0.0067354433622938675,0.00048397426156174294,8
11,gaussian_score,affine,spatial_shuffle,1,6,start,direction_correlation,px,0.00573428646338233,104.67248674763707,121.60150726300604,92.450015791989,199.4393462292724,0.006735400695387714,0.0004839891190313568,8
11,gaussian_score,affine,time_shuffle,0,0,current,vector_correlation,nearest_neighbour,0.011301480483668792,1.5407255633929737,1.708833744643945,1.8862995029424157,1.9236284263332502,0.016995373936933372,0.0020583124605043166,8
11,gaussian_score,affine,time_shuffle,0,0,current,vector_correlation,px,0.011301480483668792,112.53093270419268,124.80973189848905,137.7749443307332,140.5024215431626,0.016994437721280148,0.0020583421822339605,8
11,gaussian_score,affine,time_shuffle,0,0,current,direction_correlation,nearest_neighbour,-0.0013931374545463938,,,,5.593579025414474,0.004022182102412163,0.0014941674354231234,8
11,gaussian_score,affine,time_shuffle,0,0,current,direction_correlation,px,-0.0013931374545463938,,,,409.09843015096817,0.004019283544235837,0.0014941738334885199,8
11,gaussian_score,affine,time_shuffle,0,1,endpoint,vector_correlation,nearest_neighbour,0.003925908534969941,7.855707175739672,9.880228210434543,6.573647114382145,5.987183569938648,0.006729281500106281,0.001571418263370519,8
11,gaussian_score,affine,time_shuffle,0,1,endpoint,vector_correlation,px,0.003925908534969941,573.8786451139259,721.7759432012348,480.22696228212953,437.3939999061453,0.006729154171611442,0.0015714504307583015,8
11,gaussian_score,affine,time_shuffle,0,1,endpoint,direction_correlation,nearest_neighbour,0.010631415613295,1.1397095741535281,4.005328672163674,1.696600489484268,1.7915784800404233,0.012743339859740237,0.002373893587960231,8
11,gaussian_score,affine,time_shuffle,0,1,endpoint,direction_correlation,px,0.010631415613295,83.25765694075835,292.59518495354996,123.94478642111305,130.8803350769508,0.012743054705024012,0.002373837730660405,8
11,gaussian_score,affine,time_shuffle,0,1,start,vector_correlation,nearest_neighbour,0.0016368520609605051,9.016887546799015,9.903031150790017,16.57081223792985,7.650500271946788,0.006345050186564623,0.0036402860485743723,8
11,gaussian_score,affine,time_shuffle,0,1,start,vector_correlation,px,0.0016368520609605051,658.7065653395726,723.441965260153,1210.5356876217104,558.9052052599357,0.0063449710876783,0.0036402980242594405,8
11,gaussian_score,affine,time_shuffle,0,1,start,direction_correlation,nearest_neighbour,0.0082257990262668,1.1734557428103334,4.831072708334605,2.4345698376827367,3.510072250259501,0.0089575389724426,0.0026051793037343237,8
11,gaussian_score,affine,time_shuffle,0,1,start,direction_correlation,px,0.0082257990262668,85.7242551714873,352.91511064732407,177.85263964701437,256.42149983700745,0.008957492177545948,0.0026051780826988977,8
11,gaussian_score,affine,time_shuffle,0,2,endpoint,vector_correlation,nearest_neighbour,0.015445523778227282,1.1711580236965116,8.78318346830079,1.6430876518969784,0.7436609859562837,0.03554950332314951,0.0019429272903434323,8
11,gaussian_score,affine,time_shuffle,0,2,endpoint,vector_correlation,px,0.015445523778227282,85.5837657245751,641.835872665275,120.07177221391316,54.349612892162206,0.03554399810507576,0.0019428673376270806,8
11,gaussian_score,affine,time_shuffle,0,2,endpoint,direction_correlation,nearest_neighbour,0.020645328995515563,1.1452550501380176,9.464073712517752,1.6907322187755818,0.47699588584374847,0.08025272160877875,0.002838534869996521,8
11,gaussian_score,affine,time_shuffle,0,2,endpoint,direction_correlation,px,0.020645328995515563,83.69071804490747,691.5925063172451,123.55410368874311,34.862215976135964,0.08022861653930825,0.0028385053170923353,8
11,gaussian_score,affine,time_shuffle,0,2,start,vector_correlation,nearest_neighbour,0.016065228545220925,1.0267532142339082,1.244314712732773,1.555915993148837,1.3832385025398064,0.025717152786413105,0.0013983623017848527,8
11,gaussian_score,affine,time_shuffle,0,2,start,vector_correlation,px,0.016065228545220925,75.03022819875252,90.92933844666995,113.69982595854086,101.09276066041397,0.025714694549516807,0.0013983657834868808,8
11,gaussian_score,affine,time_shuffle,0,2,start,direction_correlation,nearest_neighbour,0.021799160674228886,1.0425131357171284,9.478843594002623,1.5445592846684066,0.20178776251681943,0.5537236079407962,0.0034569720163888625,8
11,gaussian_score,affine,time_shuffle,0,2,start,direction_correlation,px,0.021799160674228886,76.18194268357232,692.6722930154829,112.87072214189895,14.761626907776883,0.5517366800825467,0.003456969470139851,8
11,gaussian_score,affine,time_shuffle,0,3,endpoint,vector_correlation,nearest_neighbour,0.005150422919543911,1.4851759529106525,1.5775117771652347,2.3044429221691924,4.307564978186631,0.007268152713565315,0.0015932436791839903,8
11,gaussian_score,affine,time_shuffle,0,3,endpoint,vector_correlation,px,0.005150422919543911,108.56114236386911,115.31044981862165,168.44624436480987,314.86593923149934,0.007268121881829968,0.001593266345426252,8
11,gaussian_score,affine,time_shuffle,0,3,endpoint,direction_correlation,nearest_neighbour,-0.005107005153849652,,,,2.4427762577985606,0.009721036515864126,0.0024997791133408304,8
11,gaussian_score,affine,time_shuffle,0,3,endpoint,direction_correlation,px,-0.005107005153849652,,,,178.5570807821793,0.009720964572282711,0.00249980738863309,8
11,gaussian_score,affine,time_shuffle,0,3,start,vector_correlation,nearest_neighbour,0.006397954450034386,1.2819572093987457,1.7267871858119106,1.3454221471475931,1.401968571467572,0.009037047067888458,0.0015362287467971867,8
11,gaussian_score,affine,time_shuffle,0,3,start,vector_correlation,px,0.006397954450034386,93.70562477489702,126.2228800140912,98.34713914681886,102.44790223883857,0.009038629602996508,0.0015362242433228242,8
11,gaussian_score,affine,time_shuffle,0,3,start,direction_correlation,nearest_neighbour,-0.0047202691211373545,,,,6.050415423019985,0.0041154454839625884,0.0015430815834555549,8
11,gaussian_score,affine,time_shuffle,0,3,start,direction_correlation,px,-0.0047202691211373545,,,,442.52376669629365,0.0041144096276496955,0.0015430929473273867,8
11,gaussian_score,affine,time_shuffle,0,4,endpoint,vector_correlation,nearest_neighbour,0.006445002577788882,1.9386201701768917,,3.857619583360046,2.578110511595282,0.011212979527355152,0.0028663916753914097,8
11,gaussian_score,affine,time_shuffle,0,4,endpoint,vector_correlation,px,0.006445002577788882,141.7452959376832,,282.06181679543477,188.50646908102198,0.011212728799323479,0.0028664045545252915,8
11,gaussian_score,affine,time_shuffle,0,4,endpoint,direction_correlation,nearest_neighbour,0.00297640711234249,9.918124252505214,,11.834981506187898,5.03818754730511,0.00967340565677513,0.0032304764394410065,8
11,gaussian_score,affine,time_shuffle,0,4,endpoint,direction_correlation,px,0.00297640711234249,725.1808544992664,,865.3375075908995,368.383953429308,0.009673240829664451,0.0032305021884704924,8
11,gaussian_score,affine,time_shuffle,0,4,start,vector_correlation,nearest_neighbour,0.0055852555424215165,2.3010888593100374,,4.654164719732021,3.207630769242854,0.009762009242422912,0.0027472791940484874,8
11,gaussian_score,affine,time_shuffle,0,4,start,vector_correlation,px,0.0055852555424215165,168.2453562291759,,340.3092271782269,234.53468583207757,0.009761826097974227,0.00274728220716454,8
11,gaussian_score,affine,time_shuffle,0,4,start,direction_correlation,nearest_neighbour,0.0034109543071288015,9.491704072821575,,10.448599321668047,5.61589492301888,0.008971861475799977,0.0025467581455852267,8
11,gaussian_score,affine,time_shuffle,0,4,start,direction_correlation,px,0.0034109543071288015,694.0022853009538,,763.9769813364644,410.63005244259205,0.008971661289094315,0.002546796127743987,8
11,gaussian_score,affine,time_shuffle,0,5,endpoint,vector_correlation,nearest_neighbour,0.0042274281028624764,3.0598009141109044,3.207401504501732,8.06845520467837,237.026698532928,0.005247788007893093,0.0010666728666239912,8
11,gaussian_score,affine,time_shuffle,0,5,endpoint,vector_correlation,px,0.0042274281028624764,223.8218359204981,234.61947200420573,590.2158412086684,17339.052239273842,0.005247785213025344,0.0010666729596618468,8
11,gaussian_score,affine,time_shuffle,0,5,endpoint,direction_correlation,nearest_neighbour,-0.009120552211171477,,,,1002949.3308718142,0.002937339267015568,0.0011315425867791707,8
11,gaussian_score,affine,time_shuffle,0,5,endpoint,direction_correlation,px,-0.009120552211171477,,,,77345226.5464683,0.0029373390854925785,0.0011315422784004515,8
11,gaussian_score,affine,time_shuffle,0,5,start,vector_correlation,nearest_neighbour,0.0045179352192039396,3.027458017478655,3.1511972831647084,7.7181498478363295,1144034.4255388738,0.005135943150203665,0.0015104151446332901,8
11,gaussian_score,affine,time_shuffle,0,5,start,vector_correlation,px,0.0045179352192039396,221.45582424959028,230.5080504804796,564.5839523590262,83042172.75350589,0.0051359432191606805,0.0015104151559515071,8
11,gaussian_score,affine,time_shuffle,0,5,start,direction_correlation,nearest_neighbour,-0.00606121154344127,,,,999390.1198701337,0.003619835778750898,0.0007367845032536092,8
11,gaussian_score,affine,time_shuffle,0,5,start,direction_correlation,px,-0.00606121154344127,,,,73388289.99288777,0.0036198357495512774,0.0007367844760704607,8
11,gaussian_score,affine,time_shuffle,0,6,endpoint,vector_correlation,nearest_neighbour,0.0022894458207440133,2.2367538220578056,2.3394146094859787,7.166060329824239,10.003447037222818,0.004728806971077661,0.0013489129671487865,8
11,gaussian_score,affine,time_shuffle,0,6,endpoint,vector_correlation,px,0.0022894458207440133,163.73120224309653,171.24466486809413,524.5692635796131,732.2618276618481,0.004728802372769037,0.0013489156761617163,8
11,gaussian_score,affine,time_shuffle,0,6,endpoint,direction_correlation,nearest_neighbour,0.009765015600375517,1.4758637569759976,1.6406062023976893,1.7271252488105797,2.852409713426076,0.012259298201221616,0.0008907574820672777,8
11,gaussian_score,affine,time_shuffle,0,6,endpoint,direction_correlation,px,0.009765015600375517,108.03585762467499,120.09743787908131,126.43085476209964,208.7998712328183,0.01225919771999899,0.000890751682110799,8
11,gaussian_score,affine,time_shuffle,0,6,start,vector_correlation,nearest_neighbour,0.000980089158434146,2.237103470453351,2.272645829473147,14.90835565362052,6.299099766099577,0.004457153913062171,0.0021884920820206683,8
11,gaussian_score,affine,time_shuffle,0,6,start,vector_correlation,px,0.000980089158434146,163.7562123912536,166.35752570142222,1091.3076199324346,461.09360162614973,0.004457173435751854,0.0021884874592515598,8
11,gaussian_score,affine,time_shuffle,0,6,start,direction_correlation,nearest_neighbour,0.009594764785469407,1.4855339765192002,1.6284739857627804,1.7684478941857695,3.161636064837744,0.012206731214332455,0.0006638903745891314,8
11,gaussian_score,affine,time_shuffle,0,6,start,direction_correlation,px,0.009594764785469407,108.74220398763481,119.20763022270117,129.45324950190476,231.43438003529104,0.012206672520679607,0.0006638516976736884,8
11,gaussian_score,affine,time_shuffle,1,0,current,vector_correlation,nearest_neighbour,0.012466387673749553,1.6697461007351324,5.536408706112479,1.4950440310284818,1.3177101955918302,0.020833637158707407,0.0009917328429529765,8
11,gaussian_score,affine,time_shuffle,1,0,current,vector_correlation,px,0.012466387673749553,121.95472908445022,404.3548710383974,109.1985502494043,96.24649938129843,0.02083202521087456,0.0009917257132224155,8
11,gaussian_score,affine,time_shuffle,1,0,current,direction_correlation,nearest_neighbour,0.012402458004028163,1.5738163529333438,5.432639982793225,1.4584088255358818,1.23347028361781,0.021563832053773963,0.001949599647215004,8
11,gaussian_score,affine,time_shuffle,1,0,current,direction_correlation,px,0.012402458004028163,114.94791893843392,396.7754752718315,106.5226872957227,89.99320788052046,0.02158196090142906,0.00194958390047975,8
11,gaussian_score,affine,time_shuffle,1,1,endpoint,vector_correlation,nearest_neighbour,0.005823735716314174,1.1541122458598168,2.3075271998574065,1.5330700918045033,3.926366359229651,0.006439284924873914,0.0025275376168381694,8
11,gaussian_score,affine,time_shuffle,1,1,endpoint,vector_correlation,px,0.005823735716314174,84.30997184550041,168.57120330315763,111.9988055536375,286.83368081352177,0.006439199226797902,0.00252754754535499,8
11,gaussian_score,affine,time_shuffle,1,1,endpoint,direction_correlation,nearest_neighbour,0.007936044994092518,1.2282716165626462,1.9307092989821812,1.1254176136905292,0.5150244720131752,0.028283351065517534,0.0013336306709001349,8
11,gaussian_score,affine,time_shuffle,1,1,endpoint,direction_correlation,px,0.007936044994092518,89.728342319279,141.0447972262514,82.21956789168728,37.62146911926022,0.02828084949083945,0.0013336348083191293,8
11,gaussian_score,affine,time_shuffle,1,1,start,vector_correlation,nearest_neighbour,0.0055899459044728055,2.077507248688239,2.274359457915412,1.504762833556235,3.0739542629429883,0.006929080875016836,0.0009411730836871914,8
11,gaussian_score,affine,time_shuffle,1,1,start,vector_correlation,px,0.0055899459044728055,151.7677497854144,166.1477874446031,109.92916452710261,224.56062534930163,0.006929042468297564,0.0009411851251152866,8
11,gaussian_score,affine,time_shuffle,1,1,start,direction_correlation,nearest_neighbour,0.009419286292831518,1.3748651636484785,1.7279213352017604,1.096777076094189,0.8932241426503605,0.01940961879403574,0.0011213040226679084,8
11,gaussian_score,affine,time_shuffle,1,1,start,direction_correlation,px,0.009419286292831518,100.4383856086249,126.23040519844875,80.12506964478193,65.25626403668734,0.019407981930583493,0.0011212932756147678,8
11,gaussian_score,affine,time_shuffle,1,2,endpoint,vector_correlation,nearest_neighbour,0.011160120491467753,2.2577978152933715,7.489258968424981,2.093857916552866,1.9022054843168783,0.016994490217106563,0.0012177980411641621,8
11,gaussian_score,affine,time_shuffle,1,2,endpoint,vector_correlation,px,0.011160120491467753,164.98976778330166,547.2812394326179,153.01203304918985,139.0085856563806,0.016994062962768827,0.0012178485180594472,8
11,gaussian_score,affine,time_shuffle,1,2,endpoint,direction_correlation,nearest_neighbour,0.010337489846765746,1.554041902589067,3.2853496727755127,1.3489016874210724,1.123753924704564,0.017914355439669773,0.0010410099960960276,8
11,gaussian_score,affine,time_shuffle,1,2,endpoint,direction_correlation,px,0.010337489846765746,113.56394479473491,240.07871334472088,98.57491419497276,82.12316604822765,0.01791331686227101,0.001040961838133074,8
11,gaussian_score,affine,time_shuffle,1,2,start,vector_correlation,nearest_neighbour,0.012500865349402094,1.7294524324443878,7.243178565934612,1.8559878777809182,1.5047490441754818,0.020626592853746312,0.0018830592300026813,8
11,gaussian_score,affine,time_shuffle,1,2,start,vector_correlation,px,0.012500865349402094,126.38080344279123,529.2988537407258,135.6278949443992,109.96162334247649,0.020626223280505774,0.0018830901717711993,8
11,gaussian_score,affine,time_shuffle,1,2,start,direction_correlation,nearest_neighbour,0.009739948089633979,1.4996297904558678,1.6550316812545207,1.4579584451812913,2.3609697316280216,0.01349934610288757,0.0007819121129442665,8
11,gaussian_score,affine,time_shuffle,1,2,start,direction_correlation,px,0.009739948089633979,109.58653752344517,120.94251470593757,106.54316934694245,172.52905885158,0.013499250542783066,0.0007819610335142837,8
11,gaussian_score,affine,time_shuffle,1,3,endpoint,vector_correlation,nearest_neighbour,0.017153100562064174,1.0754551861225634,6.253352883009484,1.1266916706798584,0.38318861557237494,0.09311396594327524,0.0029590961341513533,8
11,gaussian_score,affine,time_shuffle,1,3,endpoint,vector_correlation,px,0.017153100562064174,78.61167137934358,457.0929923129646,82.35681780361597,28.013027272149642,0.09308940791115228,0.0029590743067946478,8
11,gaussian_score,affine,time_shuffle,1,3,endpoint,direction_correlation,nearest_neighbour,0.015498304162554754,1.0463396050832248,4.408670523368749,1.3642102968969758,0.2730642757663797,0.16846497758271978,0.0034190198522640216,8
11,gaussian_score,affine,time_shuffle,1,3,endpoint,direction_correlation,px,0.015498304162554754,76.48333184271102,322.2522321788594,99.7189859140965,19.958775453984867,0.16847709705855218,0.0034190117629362433,8
11,gaussian_score,affine,time_shuffle,1,3,start,vector_correlation,nearest_neighbour,0.015425030851740757,1.1177171312013234,6.678404221006581,1.1729307110517453,0.5316250113446563,0.05135269262756858,0.0026100029442207053,8
11,gaussian_score,affine,time_shuffle,1,3,start,vector_correlation,px,0.015425030851740757,81.69949547930963,488.1636840115151,85.73775585593184,38.863189847225726,0.051342252526516904,0.0026099575149948536,8
11,gaussian_score,affine,time_shuffle,1,3,start,direction_correlation,nearest_neighbour,0.014303014849496322,1.0514444868214494,3.9752081287336174,1.4263408190138793,0.3386803625809677,0.09768027641964887,0.003543734997135149,8
11,gaussian_score,affine,time_shuffle,1,3,start,direction_correlation,px,0.014303014849496322,76.8548876050079,290.5700702171145,104.26101110212548,24.76569306622253,0.09759229648863178,0.0035437255852547936,8
11,gaussian_score,affine,time_shuffle,1,4,endpoint,vector_correlation,nearest_neighbour,0.008181339399064992,0.8945972434035828,1.034418749460577,1.3196534045301946,1.9845157019172577,0.012216886733844993,0.0014637265220583473,8
11,gaussian_score,affine,time_shuffle,1,4,endpoint,vector_correlation,px,0.008181339399064992,65.40769001197295,75.63161605667607,96.4873611935573,145.10465518238803,0.012216458094672098,0.0014638045219424005,8
11,gaussian_score,affine,time_shuffle,1,4,endpoint,direction_correlation,nearest_neighbour,0.009100559395250904,0.8352099433404814,0.9404694240768912,1.4328878208089528,2.1233732716693345,0.013982737007628728,0.002274224046840819,8
11,gaussian_score,affine,time_shuffle,1,4,endpoint,direction_correlation,px,0.009100559395250904,61.06521523136054,68.76192210357975,104.76619181093092,155.25848271810077,0.013982211286663581,0.0022743015716270142,8
11,gaussian_score,affine,time_shuffle,1,4,start,vector_correlation,nearest_neighbour,0.007083001750928432,0.8421753721100358,0.9504414507800073,1.5380249958687409,2.3462330736779946,0.011167804897058065,0.0024824891934221373,8
11,gaussian_score,affine,time_shuffle,1,4,start,vector_correlation,px,0.007083001750928432,61.57244724682226,69.48911195023446,112.4536787464105,171.5607701973494,0.011167069054346971,0.0024826068481032665,8
11,gaussian_score,affine,time_shuffle,1,4,start,direction_correlation,nearest_neighbour,0.0074242686853615205,0.8105022305982885,0.9003352786750473,1.782238834872237,2.564323474096844,0.012712947188802412,0.0038539178694122923,8
11,gaussian_score,affine,time_shuffle,1,4,start,direction_correlation,px,0.0074242686853615205,59.25643428567513,65.82523339289224,130.30916407596717,187.51115454494783,0.01271199458947135,0.003854038473289471,8
11,gaussian_score,affine,time_shuffle,1,5,endpoint,vector_correlation,nearest_neighbour,0.006871347092778685,1.0999845600261904,3.4278259239300986,2.766721840999829,11.933117773807801,0.004222514165595421,0.002452669975735829,8
11,gaussian_score,affine,time_shuffle,1,5,endpoint,vector_correlation,px,0.006871347092778685,80.46119022944633,250.74449331101712,202.38650013991787,872.810835857621,0.004222606381684441,0.00245265727216303,8
11,gaussian_score,affine,time_shuffle,1,5,endpoint,direction_correlation,nearest_neighbour,0.012652416798931008,1.198829019938569,3.330053251938371,1.5006538943381,1.3344651750615244,0.017296289519584868,0.0030335876872979446,8
11,gaussian_score,affine,time_shuffle,1,5,endpoint,direction_correlation,px,0.012652416798931008,87.69216706621893,243.5919898670743,109.77408475151454,97.62106441271527,0.017295323363441133,0.003033472619582883,8
11,gaussian_score,affine,time_shuffle,1,5,start,vector_correlation,nearest_neighbour,0.008682993519843361,1.2705960612217009,1.5743957305738847,2.2495738347940573,3.2083033771836225,0.00881063120167486,0.0020123879795638424,8
11,gaussian_score,affine,time_shuffle,1,5,start,vector_correlation,px,0.008682993519843361,92.94247166826962,115.16978426928615,164.55649802626465,234.68297652089436,0.008810639979145515,0.0020123644305863175,8
11,gaussian_score,affine,time_shuffle,1,5,start,direction_correlation,nearest_neighbour,0.01395806278128185,1.2593508579061066,1.5673775614635896,1.4010878487619594,2.7524096226107417,0.015133705884384339,0.002556544272706118,8
11,gaussian_score,affine,time_shuffle,1,5,start,direction_correlation,px,0.01395806278128185,92.11985367653136,114.65630432036465,102.48935550219889,201.33471804888873,0.015133678755200226,0.0025565153357699315,8
11,gaussian_score,affine,time_shuffle,1,6,endpoint,vector_correlation,nearest_neighbour,-0.0002848641264544512,,,,3.305218324668435,0.013267090779495734,0.0017806481408303172,8
11,gaussian_score,affine,time_shuffle,1,6,endpoint,vector_correlation,px,-0.0002848641264544512,,,,241.94042312624882,0.013267126870299703,0.0017806213567910152,8
11,gaussian_score,affine,time_shuffle,1,6,endpoint,direction_correlation,nearest_neighbour,-0.007526659727908385,,,,0.9060946719056275,0.04349534729642509,0.002263008239253503,8
11,gaussian_score,affine,time_shuffle,1,6,endpoint,direction_correlation,px,-0.007526659727908385,,,,66.31897042346058,0.04350445167077353,0.0022627992880246066,8
11,gaussian_score,affine,time_shuffle,1,6,start,vector_correlation,nearest_neighbour,0.000452005708156154,6.234234887169764,6.376160867705572,44.531792010489355,37.19790853703931,0.004126552642382471,0.002964410184367913,8
11,gaussian_score,affine,time_shuffle,1,6,start,vector_correlation,px,0.000452005708156154,456.34830894026885,466.7376775733331,3259.7636531650082,2722.262659533616,0.0041266155873779485,0.0029644076893906223,8
11,gaussian_score,affine,time_shuffle,1,6,start,direction_correlation,nearest_neighbour,-0.006425733989147831,,,,1.562444348614301,0.020380556799841066,0.0010720598641957653,8
11,gaussian_score,affine,time_shuffle,1,6,start,direction_correlation,px,-0.006425733989147831,,,,114.36872051824517,0.02038113542443723,0.0010719117266271715,8
11,gaussian_score,affine,wrong_movie,0,0,current,vector_correlation,nearest_neighbour,0.004460659911007779,0.7603408252796687,0.8228006640933465,2.8428726085877956,4.096452267635312,0.007219340914018953,0.0030298982671204257,8
11,gaussian_score,affine,wrong_movie,0,0,current,vector_correlation,px,0.004460659911007779,55.52770673139614,60.090225225107595,207.63507751145767,299.21661819186477,0.007219013308310571,0.0030299240118766063,8
11,gaussian_score,affine,wrong_movie,0,0,current,direction_correlation,nearest_neighbour,-0.0011787054104805525,,,,0.5633934251259607,0.16721845997341395,0.0005069701363337656,8
11,gaussian_score,affine,wrong_movie,0,0,current,direction_correlation,px,-0.0011787054104805525,,,,41.147301683777044,0.16724158767415462,0.000506970137122171,8
11,gaussian_score,affine,wrong_movie,0,1,endpoint,vector_correlation,nearest_neighbour,0.006248748838820378,1.3522181216069593,1.4429360632564063,3.572218523856414,7.744257660993304,0.006887672028141242,0.0016636795520692822,8
11,gaussian_score,affine,wrong_movie,0,1,endpoint,vector_correlation,px,0.006248748838820378,98.78363928144263,105.41112716035498,260.96149904034314,565.7350505419428,0.0068876395957611514,0.0016636743711585526,8
11,gaussian_score,affine,wrong_movie,0,1,endpoint,direction_correlation,nearest_neighbour,0.0037846171251077667,1.4118809735143039,1.473850253294134,4.753270400561793,8.559357389891298,0.005180990031936127,0.0011781494808718593,8
11,gaussian_score,affine,wrong_movie,0,1,endpoint,direction_correlation,px,0.0037846171251077667,103.1423672314796,107.66959352363672,347.2419706153179,625.289527722819,0.0051809408174398105,0.0011781577765239484,8
11,gaussian_score,affine,wrong_movie,0,1,start,vector_correlation,nearest_neighbour,0.003586843401643542,1.403299136746283,1.4586316570829512,6.244914475345368,13.521855761879587,0.0052680660846777996,0.001881310395543226,8
11,gaussian_score,affine,wrong_movie,0,1,start,vector_correlation,px,0.003586843401643542,102.51558932362758,106.55782838773722,456.2042808511106,987.8090143508633,0.005268051581664866,0.001881312421655703,8
11,gaussian_score,affine,wrong_movie,0,1,start,direction_correlation,nearest_neighbour,0.0021003548680720895,1.4203515730706162,1.4565526313409847,8.674122256822818,15.567161363930795,0.004073298343447036,0.0019183612711711623,8
11,gaussian_score,affine,wrong_movie,0,1,start,direction_correlation,px,0.0021003548680720895,103.76133095674062,106.40594810073179,633.6619441841785,1137.2418330824078,0.004073275163739719,0.001918364938704978,8
11,gaussian_score,affine,wrong_movie,0,2,endpoint,vector_correlation,nearest_neighbour,-0.0018532107550738451,,,,21.169399669934045,0.002936619289197043,0.0021391496538271074,8
11,gaussian_score,affine,wrong_movie,0,2,endpoint,vector_correlation,px,-0.0018532107550738451,,,,731.3559921530484,0.0034290080846026832,0.0021489843262437083,8
11,gaussian_score,affine,wrong_movie,0,2,endpoint,direction_correlation,nearest_neighbour,-0.0048302137725434475,,,,222682.77816762874,0.0016639166727276352,0.0010897301459229449,8
11,gaussian_score,affine,wrong_movie,0,2,endpoint,direction_correlation,px,-0.0048302137725434475,,,,29833544.03803026,0.0016639077571370387,0.0010897289329927634,8
11,gaussian_score,affine,wrong_movie,0,2,start,vector_correlation,nearest_neighbour,-0.0020649951342191367,,,,7.572170377936316,0.004259584130264073,0.0014410572672239952,8
11,gaussian_score,affine,wrong_movie,0,2,start,vector_correlation,px,-0.0020649951342191367,,,,552.8843749113706,0.004260890721581576,0.0014410592874389203,8
11,gaussian_score,affine,wrong_movie,0,2,start,direction_correlation,nearest_neighbour,-0.004614716830338914,,,,4.570919885643127,0.0044651399177769785,0.00010126429403919476,8
11,gaussian_score,affine,wrong_movie,0,2,start,direction_correlation,px,-0.004614716830338914,,,,334.0150083340929,0.004465166702553722,0.00010125102626067409,8
11,gaussian_score,affine,wrong_movie,0,3,endpoint,vector_correlation,nearest_neighbour,0.0037088739004734203,2.145383314623683,2.3257388484000256,3.7265662358211866,3.702852360788065,0.0077711121278887995,0.0021314907691449953,8
11,gaussian_score,affine,wrong_movie,0,3,endpoint,vector_correlation,px,0.0037088739004734203,156.8174395396299,169.99976491985996,272.39946796125867,270.6664104340283,0.00777105496620159,0.00213150739123476,8
11,gaussian_score,affine,wrong_movie,0,3,endpoint,direction_correlation,nearest_neighbour,-0.003475611960051394,,,,4.159973795726987,0.008616980465578261,0.0008419360615203597,8
11,gaussian_score,affine,wrong_movie,0,3,endpoint,direction_correlation,px,-0.003475611960051394,,,,304.07374927742643,0.008617022839995141,0.0008419525789676071,8
11,gaussian_score,affine,wrong_movie,0,3,start,vector_correlation,nearest_neighbour,0.0015173959420663836,2.3493268020252063,2.4358042070832076,8.741708240079793,4.534129954159419,0.006274940169997416,0.002641514609305968,8
11,gaussian_score,affine,wrong_movie,0,3,start,vector_correlation,px,0.0015173959420663836,171.72296947970406,178.0433544575822,638.999164084931,331.4344908140777,0.00627484409560401,0.00264152995878972,8
11,gaussian_score,affine,wrong_movie,0,3,start,direction_correlation,nearest_neighbour,-0.004751085496314402,,,,5.758640611218837,0.005987889682719825,0.0006640926973290848,8
11,gaussian_score,affine,wrong_movie,0,3,start,direction_correlation,px,-0.004751085496314402,,,,420.9328416900623,0.005987869782351946,0.00066410509535737,8
11,gaussian_score,affine,wrong_movie,0,4,endpoint,vector_correlation,nearest_neighbour,0.008153922075140546,1.3311941835940282,1.489697327151852,2.525332681253816,5.248647397756053,0.007906561556926386,0.0011500476129293875,8
11,gaussian_score,affine,wrong_movie,0,4,endpoint,vector_correlation,px,0.008153922075140546,97.33218106048695,108.92205641561188,184.64704687314622,383.7561471076459,0.007906553106427495,0.0011500314149337381,8
11,gaussian_score,affine,wrong_movie,0,4,endpoint,direction_correlation,nearest_neighbour,0.004867676410574921,0.8002183548936346,0.8851135462176216,2.6972666244668706,5.965219071721393,0.00592086364243898,0.0006378708937613054,8
11,gaussian_score,affine,wrong_movie,0,4,endpoint,direction_correlation,px,0.004867676410574921,58.50658585769735,64.71423003293293,197.21624571440114,436.15405416365405,0.005920821520447557,0.00063785806569642,8
11,gaussian_score,affine,wrong_movie,0,4,start,vector_correlation,nearest_neighbour,0.009841985914898712,1.1626133564921153,1.4156056060313755,2.0140813990882886,4.393600394035104,0.00824850828416084,0.002159682526393862,8
11,gaussian_score,affine,wrong_movie,0,4,start,vector_correlation,px,0.009841985914898712,85.0036097286843,103.50420540087151,147.26542453433945,321.2346108334941,0.00824850682634067,0.0021596607140163685,8
11,gaussian_score,affine,wrong_movie,0,4,start,direction_correlation,nearest_neighbour,0.006437249601182367,0.8299834332941487,0.9311540875616982,1.9298582527178676,4.164146355290146,0.007340095973706479,0.0006989934202431008,8
11,gaussian_score,affine,wrong_movie,0,4,start,direction_correlation,px,0.006437249601182367,60.68094463699638,68.07877558737671,141.10540454726052,304.4686817086324,0.007339960092912004,0.0006989835774466706,8
11,gaussian_score,affine,wrong_movie,0,5,endpoint,vector_correlation,nearest_neighbour,0.00020775109457619092,0.6851791926875029,0.7023029927083905,36.852961695434516,467840.7453925952,0.0014518558298840332,0.0008925207960041566,8
11,gaussian_score,affine,wrong_movie,0,5,endpoint,vector_correlation,px,0.00020775109457619092,50.11606005569788,51.36875344304934,2695.830431921321,34748979.44334343,0.001451855818359869,0.0008925207066241046,8
11,gaussian_score,affine,wrong_movie,0,5,endpoint,direction_correlation,nearest_neighbour,-0.0022810224420346413,,,,696767.3209905279,0.0020567580070889662,0.0015040039679008654,8
11,gaussian_score,affine,wrong_movie,0,5,endpoint,direction_correlation,px,-0.0022810224420346413,,,,50574015.98627463,0.002056758032175211,0.0015040039827676286,8
11,gaussian_score,affine,wrong_movie,0,5,start,vector_correlation,nearest_neighbour,0.0021002989196557778,0.7581978850739822,0.8168299211616791,4.013422963847419,34.22964597863791,0.002444318309583808,0.0004151555302955215,8
11,gaussian_score,affine,wrong_movie,0,5,start,vector_correlation,px,0.0021002989196557778,55.46012080527533,59.74910021315131,293.58545898197167,2503.9282074271946,0.0024443142117812275,0.0004151562481087563,8
11,gaussian_score,affine,wrong_movie,0,5,start,direction_correlation,nearest_neighbour,-0.0006014493836434066,,,,27.568251798283825,0.0033361311534185006,0.0008739235176296374,8
11,gaussian_score,affine,wrong_movie,0,5,start,direction_correlation,px,-0.0006014493836434066,,,,2016.64436126782,0.003336123531385011,0.0008739245398483287,8
11,gaussian_score,affine,wrong_movie,0,6,endpoint,vector_correlation,nearest_neighbour,0.006681147281412771,0.8075825173687116,0.895191874595259,1.4240721044588847,1.9670705552888716,0.009578591783268685,0.0007190250825318453,8
11,gaussian_score,affine,wrong_movie,0,6,endpoint,vector_correlation,px,0.006681147281412771,59.11431586882665,65.52737768444119,104.24289720357417,143.99782175964407,0.009578362514049688,0.0007190545697721701,8
11,gaussian_score,affine,wrong_movie,0,6,endpoint,direction_correlation,nearest_neighbour,0.013175352678812924,0.9034345227936365,1.0468275144842023,0.7991163723671835,1.1832204270693163,0.022448144482285135,0.0013939780466651437,8
11,gaussian_score,affine,wrong_movie,0,6,endpoint,direction_correlation,px,0.013175352678812924,66.1307448828087,76.62720494996287,58.495317424779756,86.6199881975215,0.02244676549154135,0.0013938728682491466,8
11,gaussian_score,affine,wrong_movie,0,6,start,vector_correlation,nearest_neighbour,0.008334553137116714,0.8134070645914959,0.9030274048715026,1.6313854788841278,2.7927024602974178,0.010572473283354332,0.00046884742225442066,8
11,gaussian_score,affine,wrong_movie,0,6,start,vector_correlation,px,0.008334553137116714,59.54098572031497,66.1008407457582,119.41744840467088,204.4315810714346,0.010572445464043456,0.00046885417967901683,8
11,gaussian_score,affine,wrong_movie,0,6,start,direction_correlation,nearest_neighbour,0.01654786222624704,0.8733238896745875,0.9978144265025173,0.7846974528923025,1.1914487363366324,0.028214147360324064,0.0015268293186936515,8
11,gaussian_score,affine,wrong_movie,0,6,start,direction_correlation,px,0.01654786222624704,63.9266607233545,73.03887644446581,57.43876405564323,87.21946838071169,0.028213261281544187,0.001526753772572534,8
11,gaussian_score,affine,wrong_movie,1,0,current,vector_correlation,nearest_neighbour,0.0016798802441414973,2.285024442513677,2.315333579507884,11.562058449017716,6.340324474098652,0.00829523607794218,0.0038409990590982292,8
11,gaussian_score,affine,wrong_movie,1,0,current,vector_correlation,px,0.0016798802441414973,166.89186196917044,169.10547403189827,844.4734548595027,463.1067981209136,0.008295024361492495,0.0038410379660404055,8
11,gaussian_score,affine,wrong_movie,1,0,current,direction_correlation,nearest_neighbour,-0.002119793748755841,,,,3.1461101675759964,0.011600012003788056,0.0008891523295261919,8
11,gaussian_score,affine,wrong_movie,1,0,current,direction_correlation,px,-0.002119793748755841,,,,229.77567790623087,0.01160027951752476,0.0008891628987481529,8
11,gaussian_score,affine,wrong_movie,1,1,endpoint,vector_correlation,nearest_neighbour,0.01331300759870649,0.8657186455710879,0.9895468891715609,0.37495206271296505,1.3054123978075565,0.021953645642714133,5.040711789708035e-05,8
11,gaussian_score,affine,wrong_movie,1,1,endpoint,vector_correlation,px,0.01331300759870649,63.2388198950224,72.286190343098,27.39466365840832,95.36270978734598,0.021952254456001585,5.040792684887978e-05,8
11,gaussian_score,affine,wrong_movie,1,1,endpoint,direction_correlation,nearest_neighbour,0.01667947188629335,0.9357953251720255,1.1004065639949887,0.5279933430109411,1.549216813377798,0.025414472213335575,0.00046838718179671376,8
11,gaussian_score,affine,wrong_movie,1,1,endpoint,direction_correlation,px,0.01667947188629335,68.35889316494935,80.38602699358668,38.57502221951275,113.17266959610558,0.025413151391891126,0.00046840016609696214,8
11,gaussian_score,affine,wrong_movie,1,1,start,vector_correlation,nearest_neighbour,0.009187753852178425,0.8987888227494059,1.0420520906414235,0.37966909915986446,1.7802068970148095,0.013256367312765222,1.7126551834115867e-05,8
11,gaussian_score,affine,wrong_movie,1,1,start,vector_correlation,px,0.009187753852178425,65.65746768510687,76.12408503660956,27.737774526096143,130.04871669251298,0.013256075525501431,1.712650218168032e-05,8
11,gaussian_score,affine,wrong_movie,1,1,start,direction_correlation,nearest_neighbour,0.013188165768604815,0.9817503489170356,1.173295292604944,0.5889103686037198,0.6266269263869557,0.037367117375574854,0.0006469316049697217,8
11,gaussian_score,affine,wrong_movie,1,1,start,direction_correlation,px,0.013188165768604815,71.718522706885,85.71253290011595,43.02363906063041,45.78511903152531,0.03735758974469363,0.0006469313520244793,8
11,gaussian_score,affine,wrong_movie,1,2,endpoint,vector_correlation,nearest_neighbour,0.0011977076261694027,0.6844889344801129,0.7031669989830813,12.931060149856242,11.453871009194463,0.003471546853099204,0.00214133200557359,8
11,gaussian_score,affine,wrong_movie,1,2,endpoint,vector_correlation,px,0.0011977076261694027,50.0168919821989,51.381927026850455,944.9372220214278,836.9939720140881,0.0034715464867769484,0.0021413301858996267,8
11,gaussian_score,affine,wrong_movie,1,2,endpoint,direction_correlation,nearest_neighbour,0.005786484400831139,0.7829042474622978,0.8588577317201522,2.703123220773485,7.741300295677985,0.006616103300619717,0.0016856598232823654,8
11,gaussian_score,affine,wrong_movie,1,2,endpoint,direction_correlation,px,0.005786484400831139,57.20930483256051,62.760156622310134,197.53222390814466,565.6989822020332,0.00661608295083375,0.0016856640285517932,8
11,gaussian_score,affine,wrong_movie,1,2,start,vector_correlation,nearest_neighbour,0.0034143332897974945,0.7252321333994114,0.7673153862225356,4.90093449281112,7.728410564119,0.004525375238173941,0.0018266214069202218,8
11,gaussian_score,affine,wrong_movie,1,2,start,vector_correlation,px,0.0034143332897974945,52.99546129681422,56.07085046650835,358.1350106670845,564.755279979169,0.004525368297984785,0.0018266182158774673,8
11,gaussian_score,affine,wrong_movie,1,2,start,direction_correlation,nearest_neighbour,0.005972605120301196,0.7844455971965332,0.8609897066826322,2.6162880221847904,4.18308193101033,0.009332412122796245,0.0032956808193731744,8
11,gaussian_score,affine,wrong_movie,1,2,start,direction_correlation,px,0.005972605120301196,57.32270391817545,62.91644749847397,191.18384168440298,305.68119757985573,0.009332366439950331,0.0032956844693062108,8
11,gaussian_score,affine,wrong_movie,1,3,endpoint,vector_correlation,nearest_neighbour,-0.007765723861737019,,,,4.037527236366582,0.007625027309378555,0.0008136017691462148,8
11,gaussian_score,affine,wrong_movie,1,3,endpoint,vector_correlation,px,-0.007765723861737019,,,,295.1166555948178,0.007625134668916947,0.0008135902152019903,8
11,gaussian_score,affine,wrong_movie,1,3,endpoint,direction_correlation,nearest_neighbour,-0.014477260026502332,,,,,,,8
11,gaussian_score,affine,wrong_movie,1,3,endpoint,direction_correlation,px,-0.014477260026502332,,,,,,,8
11,gaussian_score,affine,wrong_movie,1,3,start,vector_correlation,nearest_neighbour,-0.00704298464269157,,,,4.797369403157681,0.007240685211834037,0.0018468873473641637,8
11,gaussian_score,affine,wrong_movie,1,3,start,vector_correlation,px,-0.00704298464269157,,,,350.6548450699012,0.007240766295267055,0.0018468727105311264,8
11,gaussian_score,affine,wrong_movie,1,3,start,direction_correlation,nearest_neighbour,-0.013572237106474412,,,,,,,8
11,gaussian_score,affine,wrong_movie,1,3,start,direction_correlation,px,-0.013572237106474412,,,,,,,8
11,gaussian_score,affine,wrong_movie,1,4,endpoint,vector_correlation,nearest_neighbour,-0.02132446403263347,,,,,,,8
11,gaussian_score,affine,wrong_movie,1,4,endpoint,vector_correlation,px,-0.02132446403263347,,,,,,,8
11,gaussian_score,affine,wrong_movie,1,4,endpoint,direction_correlation,nearest_neighbour,-0.01608504733288235,,,,12.48978369162419,0.0041034656288271715,0.001298522220557202,8
11,gaussian_score,affine,wrong_movie,1,4,endpoint,direction_correlation,px,-0.01608504733288235,,,,913.2119192147819,0.004103463422643243,0.0012985215497114703,8
11,gaussian_score,affine,wrong_movie,1,4,start,vector_correlation,nearest_neighbour,-0.017126784521023813,,,,,,,8
11,gaussian_score,affine,wrong_movie,1,4,start,vector_correlation,px,-0.017126784521023813,,,,,,,8
11,gaussian_score,affine,wrong_movie,1,4,start,direction_correlation,nearest_neighbour,-0.012315688825469674,,,,10.142302162621386,0.004388486821178273,0.0010231779998765291,8
11,gaussian_score,affine,wrong_movie,1,4,start,direction_correlation,px,-0.012315688825469674,,,,741.5759255360161,0.00438846993367781,0.001023178810487513,8
11,gaussian_score,affine,wrong_movie,1,5,endpoint,vector_correlation,nearest_neighbour,0.016847822225649896,0.9974545653869538,1.1963153584478592,0.6356302360772781,1.4134429548917895,0.026779622560766398,0.0009062806889280971,8
11,gaussian_score,affine,wrong_movie,1,5,endpoint,vector_correlation,px,0.016847822225649896,72.96059771300233,87.50827989610417,46.49848858820532,103.37819019631675,0.026780192968023114,0.0009062872214960823,8
11,gaussian_score,affine,wrong_movie,1,5,endpoint,direction_correlation,nearest_neighbour,0.023673281169522813,1.08825799413274,1.442527104889691,0.6773456268495293,0.2741779043047975,0.2588019332115512,0.0011263863524523007,8
11,gaussian_score,affine,wrong_movie,1,5,endpoint,direction_correlation,px,0.023673281169522813,79.60333207102659,105.52150894813296,49.55048233479392,20.057513241798215,0.2586949173349507,0.001126386352378107,8
11,gaussian_score,affine,wrong_movie,1,5,start,vector_correlation,nearest_neighbour,0.018235716936014,0.9876440274674447,1.1798083739091594,0.6002745349846089,2.757905662329401,0.02314979431156382,0.00016252719468216737,8
11,gaussian_score,affine,wrong_movie,1,5,start,vector_correlation,px,0.018235716936014,72.24428600926417,86.30125861010832,43.91086558461188,201.7414960560006,0.02314953027286379,0.00016252114781619914,8
11,gaussian_score,affine,wrong_movie,1,5,start,direction_correlation,nearest_neighbour,0.025794785633834662,1.0479490174908253,1.2946601571970004,0.5974176673527865,0.13322541281139907,3.586934048728214,0.0013548332658222361,8
11,gaussian_score,affine,wrong_movie,1,5,start,direction_correlation,px,0.025794785633834662,76.65564330914685,94.70310618391744,43.70190940570467,9.745543390206532,3.5859592169649286,0.0013548332658222416,8
11,gaussian_score,affine,wrong_movie,1,6,endpoint,vector_correlation,nearest_neighbour,0.0016722756116624696,0.7056351753699885,0.733913554226038,9.157015248400144,288001.3875372721,0.0022745463055661172,0.0009058491118217729,8
11,gaussian_score,affine,wrong_movie,1,6,endpoint,vector_correlation,px,0.0016722756116624696,51.65170426120154,53.721699948765604,670.3024623393385,34784961.60356982,0.0022745346784023793,0.0009058489785952384,8
11,gaussian_score,affine,wrong_movie,1,6,endpoint,direction_correlation,nearest_neighbour,0.007703289976310374,0.8431522445811556,0.9514623545150411,1.2632455664280957,0.9501251363797767,0.015059101412471345,0.001315126485505157,8
11,gaussian_score,affine,wrong_movie,1,6,endpoint,direction_correlation,px,0.007703289976310374,61.71804298884287,69.64641333935079,92.47004080908488,69.53544908530712,0.015061564297814165,0.001315118455733623,8
11,gaussian_score,affine,wrong_movie,1,6,start,vector_correlation,nearest_neighbour,-0.001827469550559913,,,,929331.2884264346,0.0016577453832155899,0.0011314651410048984,8
11,gaussian_score,affine,wrong_movie,1,6,start,vector_correlation,px,-0.001827469550559913,,,,68555629.40877153,0.0016577453644497817,0.0011314651281086796,8
11,gaussian_score,affine,wrong_movie,1,6,start,direction_correlation,nearest_neighbour,0.004780620767316935,0.8159066068296925,0.9069816224701654,2.4866263980988537,3.5951745144037006,0.007187812319108659,0.0012859930861818351,8
11,gaussian_score,affine,wrong_movie,1,6,start,direction_correlation,px,0.004780620767316935,59.7239423422304,66.39027385999592,182.0210521303776,263.17240118205694,0.007187782393603867,0.0012860251028772617,8
11,gaussian_score,none,real,0,0,current,vector_correlation,nearest_neighbour,0.319219325219573,,,4.700263198982476,10.734834517402698,0.2549385817403763,0.038876536440902436,8
11,gaussian_score,none,real,0,0,current,vector_correlation,px,0.319219325219573,,,343.2983780069622,784.0252383789874,0.25493918009160466,0.038876097931808844,8
11,gaussian_score,none,real,0,0,current,direction_correlation,nearest_neighbour,0.333969472668555,,,4.986236588788346,12.947821673823666,0.26384305496037197,0.03926371678820661,8
11,gaussian_score,none,real,0,0,current,direction_correlation,px,0.333969472668555,,,364.18508619194284,945.6536695680949,0.26384352583369153,0.039263337188560204,8
11,gaussian_score,none,real,0,1,endpoint,vector_correlation,nearest_neighbour,-0.03832343718007579,,,,,,,8
11,gaussian_score,none,real,0,1,endpoint,vector_correlation,px,-0.03832343718007579,,,,,,,8
11,gaussian_score,none,real,0,1,endpoint,direction_correlation,nearest_neighbour,-0.05806834272032239,,,,,,,8
11,gaussian_score,none,real,0,1,endpoint,direction_correlation,px,-0.05806834272032239,,,,,,,8
11,gaussian_score,none,real,0,1,start,vector_correlation,nearest_neighbour,-0.04200956248946425,,,,,,,8
11,gaussian_score,none,real,0,1,start,vector_correlation,px,-0.04200956248946425,,,,,,,8
11,gaussian_score,none,real,0,1,start,direction_correlation,nearest_neighbour,-0.060157187709144626,,,,,,,8
11,gaussian_score,none,real,0,1,start,direction_correlation,px,-0.060157187709144626,,,,,,,8
11,gaussian_score,none,real,0,2,endpoint,vector_correlation,nearest_neighbour,0.02656474676524797,2.889507500063179,3.381051351122543,2.211155627164573,5.253936125101916,0.03468882287210418,0.004269211064350937,8
11,gaussian_score,none,real,0,2,endpoint,vector_correlation,px,0.02656474676524797,211.1518546168168,247.07228078246752,161.58439769666805,383.95582577810507,0.03468825471993202,0.004269325307642353,8
11,gaussian_score,none,real,0,2,endpoint,direction_correlation,nearest_neighbour,0.02317521127443873,2.7751619684034052,3.4794450032485664,1.8100335119597883,2.94087270276893,0.03183155831233648,0.0026761888830689863,8
11,gaussian_score,none,real,0,2,endpoint,direction_correlation,px,0.02317521127443873,202.79585500761624,254.26256890985314,132.27238969927242,214.91484650505674,0.03183088122828635,0.0026763200504945845,8
11,gaussian_score,none,real,0,2,start,vector_correlation,nearest_neighbour,0.03242526705667528,2.7218513975097913,3.459902721847504,1.7498254230650248,2.8222476493085766,0.04417698113694857,0.0029826707355483707,8
11,gaussian_score,none,real,0,2,start,vector_correlation,px,0.03242526705667528,198.8975607589276,252.83339861273885,127.86940869976172,206.2383438052545,0.04417665413277247,0.00298283288552687,8
11,gaussian_score,none,real,0,2,start,direction_correlation,nearest_neighbour,0.03111230736214642,2.351575202456882,3.790219904110624,1.3061798986101107,1.436763902109941,0.049283041766189035,0.00178203538890984,8
11,gaussian_score,none,real,0,2,start,direction_correlation,px,0.03111230736214642,171.83973319715804,276.97042758810335,95.44999620695852,104.99279042526909,0.04928245541040435,0.001781993815890581,8
11,gaussian_score,none,real,0,3,endpoint,vector_correlation,nearest_neighbour,0.06673118798275515,,,5.681225899566635,12.28751366901627,0.0615778397774379,0.008292121669806734,8
11,gaussian_score,none,real,0,3,endpoint,vector_correlation,px,0.06673118798275515,,,415.2777398657037,898.1714950332226,0.061577708328190685,0.008292166136500561,8
11,gaussian_score,none,real,0,3,endpoint,direction_correlation,nearest_neighbour,0.06191338922830937,,,6.493704361921967,18.565749588098143,0.0573567621545816,0.006157995111710711,8
11,gaussian_score,none,real,0,3,endpoint,direction_correlation,px,0.06191338922830937,,,474.66689263838964,1357.09257823973,0.057356638307396964,0.006158041982015205,8
11,gaussian_score,none,real,0,3,start,vector_correlation,nearest_neighbour,0.07206335488630912,,,5.264875592993935,11.825302197813826,0.06251300104473595,0.008450754788039984,8
11,gaussian_score,none,real,0,3,start,vector_correlation,px,0.07206335488630912,,,384.84585443083483,864.3808690583354,0.06251291030985355,0.00845074062267406,8
11,gaussian_score,none,real,0,3,start,direction_correlation,nearest_neighbour,0.06479098346332716,,,6.214420187400245,17.8856957537701,0.058050478184639,0.006111322086877822,8
11,gaussian_score,none,real,0,3,start,direction_correlation,px,0.06479098346332716,,,454.2541574102427,1307.3794645289122,0.05805035440129352,0.00611134257167072,8
11,gaussian_score,none,real,0,4,endpoint,vector_correlation,nearest_neighbour,-0.013890780972126354,,,,,,,8
11,gaussian_score,none,real,0,4,endpoint,vector_correlation,px,-0.013890780972126354,,,,,,,8
11,gaussian_score,none,real,0,4,endpoint,direction_correlation,nearest_neighbour,-0.024224082430606517,,,,,,,8
11,gaussian_score,none,real,0,4,endpoint,direction_correlation,px,-0.024224082430606517,,,,,,,8
11,gaussian_score,none,real,0,4,start,vector_correlation,nearest_neighbour,-0.01178592834212603,,,,,,,8
11,gaussian_score,none,real,0,4,start,vector_correlation,px,-0.01178592834212603,,,,,,,8
11,gaussian_score,none,real,0,4,start,direction_correlation,nearest_neighbour,-0.022092763863112163,,,,,,,8
11,gaussian_score,none,real,0,4,start,direction_correlation,px,-0.022092763863112163,,,,,,,8
11,gaussian_score,none,real,0,5,endpoint,vector_correlation,nearest_neighbour,0.03282012334251268,,,5.446634288483594,10.555513904005249,0.030860980186093907,0.00233904303373049,8
11,gaussian_score,none,real,0,5,endpoint,vector_correlation,px,0.03282012334251268,,,398.4263226065306,772.1380669444719,0.030860885601237942,0.002339055022689129,8
11,gaussian_score,none,real,0,5,endpoint,direction_correlation,nearest_neighbour,0.03639264281230355,,,5.342020821490918,15.403362336600498,0.029096124866650423,0.004054137373764393,8
11,gaussian_score,none,real,0,5,endpoint,direction_correlation,px,0.03639264281230355,,,390.7738468073824,1126.7470538152038,0.029096132154373674,0.0040541101107050845,8
11,gaussian_score,none,real,0,5,start,vector_correlation,nearest_neighbour,0.02948094397941836,,,6.088889207376829,10.87537678909402,0.030693040208063977,0.001992860699833229,8
11,gaussian_score,none,real,0,5,start,vector_correlation,px,0.02948094397941836,,,445.405380096621,795.5358159235276,0.030692971510588352,0.00199290636340241,8
11,gaussian_score,none,real,0,5,start,direction_correlation,nearest_neighbour,0.03619210200402329,,,5.381844652816612,15.255623260400053,0.02930135978855882,0.003931885448919177,8
11,gaussian_score,none,real,0,5,start,direction_correlation,px,0.03619210200402329,,,393.68480093023913,1115.9263946397432,0.029301446545232708,0.003931878327892025,8
11,gaussian_score,none,real,0,6,endpoint,vector_correlation,nearest_neighbour,0.018138981986884135,2.6141142538465836,4.2302302278369694,1.9723703478935082,2.7076110904756425,0.023434188941011264,0.004972423637723295,8
11,gaussian_score,none,real,0,6,endpoint,vector_correlation,px,0.018138981986884135,191.3506819523021,309.6537556365678,144.37765975483742,198.20911129211925,0.023433439410313145,0.004972593843636892,8
11,gaussian_score,none,real,0,6,endpoint,direction_correlation,nearest_neighbour,0.01755414411951221,1.2397543097399732,3.7068649690128623,1.4030654400400249,1.7932782760077226,0.023924246675359667,0.004308669819315705,8
11,gaussian_score,none,real,0,6,endpoint,direction_correlation,px,0.01755414411951221,90.74957159014133,271.3449725736721,102.7041349497112,131.27461117582556,0.02392338804826203,0.00430882140381965,8
11,gaussian_score,none,real,0,6,start,vector_correlation,nearest_neighbour,0.024857173050885487,1.0966284711710446,4.221910322442248,1.477969316229049,2.1201488377451234,0.02874346088345107,0.0076497953439681795,8
11,gaussian_score,none,real,0,6,start,vector_correlation,px,0.024857173050885487,80.27167432804873,309.0459513365063,108.18613623612104,155.20691355264162,0.028741993070812315,0.007649990880162877,8
11,gaussian_score,none,real,0,6,start,direction_correlation,nearest_neighbour,0.020207333369361355,1.051130302618219,3.8310503531374898,1.3206831284696863,1.8830920109990943,0.02400272574339947,0.007179037562895591,8
11,gaussian_score,none,real,0,6,start,direction_correlation,px,0.020207333369361355,76.94138804820183,280.4363989818138,96.67239758756223,137.8537696210444,0.024001282441369745,0.00717919751329434,8
11,gaussian_score,translation,real,0,0,current,vector_correlation,nearest_neighbour,0.20406624172607205,1.4083941930400259,,1.0417010263797881,0.7922729546943434,0.45947677548975774,0.007413118767660282,8
11,gaussian_score,translation,real,0,0,current,vector_correlation,px,0.20406624172607205,102.8653095823524,,76.08692423406767,57.871079177447584,0.4593901696897053,0.00741198646521161,8
11,gaussian_score,translation,real,0,0,current,direction_correlation,nearest_neighbour,0.20555062749493191,1.3956585786209514,,1.2459968187570676,0.8498289441633374,0.4321151807900522,0.010802186904507027,8
11,gaussian_score,translation,real,0,0,current,direction_correlation,px,0.20555062749493191,101.93508684777684,,91.00801246161582,62.076303383413645,0.432032165333795,0.010800876874027972,8
11,gaussian_score,translation,real,0,1,endpoint,vector_correlation,nearest_neighbour,0.05006595442665609,1.7278379916848297,2.385197700735773,0.9038960383275391,1.202789751870746,0.08786464055375547,0.002799962850421742,8
11,gaussian_score,translation,real,0,1,endpoint,vector_correlation,px,0.05006595442665609,126.22491595457674,174.24500420913571,66.03822006535488,87.87797422022945,0.08785213621712858,0.0028002920729173143,8
11,gaussian_score,translation,real,0,1,endpoint,direction_correlation,nearest_neighbour,0.045036818540765626,1.5318270735557633,2.099813652724643,0.745113051633016,0.8418837470102087,0.10003528880420408,0.0038557590451409984,8
11,gaussian_score,translation,real,0,1,endpoint,direction_correlation,px,0.045036818540765626,111.90514678416608,153.3978067294521,54.43838861172197,61.50978152781811,0.10001453502050252,0.0038560771681710212,8
11,gaussian_score,translation,real,0,1,start,vector_correlation,nearest_neighbour,0.04798980672099027,1.6735022740874792,2.3991298174805555,0.8974204315259259,1.1586843197917744,0.08716342713629016,0.004757487376258904,8
11,gaussian_score,translation,real,0,1,start,vector_correlation,px,0.04798980672099027,122.25489760671263,175.26225192707543,65.56204843167829,84.65049117436753,0.08715721109604492,0.004757694121078446,8
11,gaussian_score,translation,real,0,1,start,direction_correlation,nearest_neighbour,0.04541107343590077,1.5238503962992058,2.101933722521693,0.7372837861278414,0.8279882944483454,0.10187521294213177,0.0034908970934129,8
11,gaussian_score,translation,real,0,1,start,direction_correlation,px,0.04541107343590077,111.32229119853783,153.55210168568138,53.86341004432521,60.490747908375674,0.10186500929291285,0.003491101065785543,8
11,gaussian_score,translation,real,0,2,endpoint,vector_correlation,nearest_neighbour,0.03394963502842635,2.8239350309451727,3.3283039764295883,2.413413692438384,3.4766001306938064,0.04657777123609115,0.0034775067307711675,8
11,gaussian_score,translation,real,0,2,endpoint,vector_correlation,px,0.03394963502842635,206.3600318112289,243.2176741710599,176.3649729683232,254.059845107168,0.04657725022541247,0.003477681235782522,8
11,gaussian_score,translation,real,0,2,endpoint,direction_correlation,nearest_neighbour,0.035512462884031606,2.7818128547671495,3.4586530226005987,1.971274207648121,2.6699848787510927,0.047790929215849744,0.002344258581428706,8
11,gaussian_score,translation,real,0,2,endpoint,direction_correlation,px,0.035512462884031606,203.28188015481345,252.7431585783164,144.05529353308208,195.1156722455776,0.04779017526223466,0.002344373519840247,8
11,gaussian_score,translation,real,0,2,start,vector_correlation,nearest_neighbour,0.038977673829024784,2.717416222213501,3.3745736055638815,2.057160992486818,2.761349323400465,0.0531038952303204,0.0028616869294656355,8
11,gaussian_score,translation,real,0,2,start,vector_correlation,px,0.038977673829024784,198.57344387471414,246.59765696670587,150.3285877492671,201.78780561958365,0.053103537952226706,0.002861829712931179,8
11,gaussian_score,translation,real,0,2,start,direction_correlation,nearest_neighbour,0.042459204400328104,2.605876443735134,3.6366874504467663,1.6307593775616926,1.5845791955756656,0.06600435596235783,0.003248028582339039,8
11,gaussian_score,translation,real,0,2,start,direction_correlation,px,0.042459204400328104,190.42226087716628,265.7516492620969,119.16911552779891,115.79446424102443,0.06600366032910635,0.0032480114509003542,8
11,gaussian_score,translation,real,0,3,endpoint,vector_correlation,nearest_neighbour,0.031458837072881954,2.7994731623787943,4.321109587467214,1.783068870352525,1.7730364326035746,0.05006863526306763,0.004165018009852584,8
11,gaussian_score,translation,real,0,3,endpoint,vector_correlation,px,0.031458837072881954,204.62772091741695,315.8522566392003,130.33609962293988,129.59455251865504,0.05007020586335008,0.004165053986550312,8
11,gaussian_score,translation,real,0,3,endpoint,direction_correlation,nearest_neighbour,0.024409409445176753,2.994828576948445,4.847423750079949,2.273827046547573,2.175673574429998,0.03591046557015775,0.0032203735549214928,8
11,gaussian_score,translation,real,0,3,endpoint,direction_correlation,px,0.024409409445176753,218.90810372598193,354.32144078183626,166.20866321812107,159.0339109764449,0.035910210647286916,0.0032203883343177118,8
11,gaussian_score,translation,real,0,3,start,vector_correlation,nearest_neighbour,0.03637887242151688,2.7179506523064485,4.460894119910664,1.5139238607321996,1.5412132382807355,0.056149682093155316,0.0029546724145969516,8
11,gaussian_score,translation,real,0,3,start,vector_correlation,px,0.03637887242151688,198.66729638713815,326.06966241992666,110.66406495367617,112.65910367075683,0.056147819265271334,0.002954515019006427,8
11,gaussian_score,translation,real,0,3,start,direction_correlation,nearest_neighbour,0.028072738920998697,2.898202269667529,4.748553313546801,2.0258988503987525,1.9846552676616325,0.039077032679179786,0.0021126382038570623,8
11,gaussian_score,translation,real,0,3,start,direction_correlation,px,0.028072738920998697,211.84394214547942,347.0951485426058,148.08761091750748,145.07245408362206,0.03907622184912792,0.0021125243590059276,8
11,gaussian_score,translation,real,0,4,endpoint,vector_correlation,nearest_neighbour,0.025432936960006022,2.8580922044791697,4.837445309551398,2.3982547499078155,2.212391607478571,0.043623162497414464,0.0062778783294584655,8
11,gaussian_score,translation,real,0,4,endpoint,vector_correlation,px,0.025432936960006022,208.97024503659242,353.69111697285524,175.35532247786742,161.7664050021515,0.04362198715525564,0.006277982809995295,8
11,gaussian_score,translation,real,0,4,endpoint,direction_correlation,nearest_neighbour,0.024786835078878883,2.3702388801553766,4.649978966862951,1.7736877404685938,1.7350616179091112,0.04154235602977817,0.0036020869501959137,8
11,gaussian_score,translation,real,0,4,endpoint,direction_correlation,px,0.024786835078878883,173.29986870323052,339.98506609048235,129.68825257709295,126.86509252516699,0.041540907029099926,0.0036022609766129692,8
11,gaussian_score,translation,real,0,4,start,vector_correlation,nearest_neighbour,0.027148904234156022,2.654853697791658,4.845323176477438,2.212520768028803,1.9845973355601743,0.04730087298396834,0.006922484850010987,8
11,gaussian_score,translation,real,0,4,start,vector_correlation,px,0.027148904234156022,194.10896982894715,354.2670612873946,161.77961806694356,145.09736587053385,0.047301800597299055,0.006922509817316674,8
11,gaussian_score,translation,real,0,4,start,direction_correlation,nearest_neighbour,0.02593519207670641,2.222427729451783,4.83657775350189,1.6584152732177553,1.5725985578487374,0.04452345084346696,0.0037350117671213472,8
11,gaussian_score,translation,real,0,4,start,direction_correlation,px,0.02593519207670641,162.4949625900274,353.6276635297209,121.26345638278869,114.98879179193358,0.04452057940080356,0.003735105786751115,8
11,gaussian_score,translation,real,0,5,endpoint,vector_correlation,nearest_neighbour,0.023993284759130512,2.212090283108965,5.867525174096872,1.6089593713299613,1.5984381415450475,0.038886121058638395,0.00223576382238521,8
11,gaussian_score,translation,real,0,5,endpoint,vector_correlation,px,0.023993284759130512,161.8136407647748,429.2055213972438,117.69955395547645,116.93106592069454,0.03888386555009647,0.002236047203375965,8
11,gaussian_score,translation,real,0,5,endpoint,direction_correlation,nearest_neighbour,0.01995322557576124,2.424382599460275,4.840577163141543,1.8762079304361934,2.091433495292759,0.02801940419720349,0.0010479644439558454,8
11,gaussian_score,translation,real,0,5,endpoint,direction_correlation,px,0.01995322557576124,177.34005744749822,354.08230388842514,137.2480507194022,152.99473672049848,0.02801824798961506,0.0010481572104653804,8
11,gaussian_score,translation,real,0,5,start,vector_correlation,nearest_neighbour,0.019695345664217656,2.3424256303998976,5.782724348579974,2.091423393330659,1.9502038646579516,0.03366530447445619,0.004104912043120809,8
11,gaussian_score,translation,real,0,5,start,vector_correlation,px,0.019695345664217656,171.34564843083214,423.0018799615023,152.99025279284058,142.65984663079706,0.0336646026745938,0.004105054808879084,8
11,gaussian_score,translation,real,0,5,start,direction_correlation,nearest_neighbour,0.019528929555501295,2.420732024034742,4.878545742846458,1.9861790054915245,2.3316462140483893,0.026129927463620667,0.0015451774691572497,8
11,gaussian_score,translation,real,0,5,start,direction_correlation,px,0.019528929555501295,177.07265131892333,356.8600896605582,145.2898623142994,170.56400636125696,0.02612939055664097,0.0015453613729502472,8
11,gaussian_score,translation,real,0,6,endpoint,vector_correlation,nearest_neighbour,0.022415556468678845,3.452166679885493,4.9115039922330865,2.7865136860446693,3.6377318350562082,0.028289035761048825,0.005500548479934125,8
11,gaussian_score,translation,real,0,6,endpoint,vector_correlation,px,0.022415556468678845,252.70123843083528,359.5209724734889,203.9734177318143,266.2932205360412,0.028288524542170384,0.00550068365576132,8
11,gaussian_score,translation,real,0,6,endpoint,direction_correlation,nearest_neighbour,0.02019616316150734,4.057025861648622,,3.2760200527668784,3.598367385587501,0.025617362550406177,0.004034986047149849,8
11,gaussian_score,translation,real,0,6,endpoint,direction_correlation,px,0.02019616316150734,296.9757102791748,,239.80595700062074,263.4067627473819,0.025617094299872405,0.004035089407649505,8
11,gaussian_score,translation,real,0,6,start,vector_correlation,nearest_neighbour,0.028236540458992827,1.1851919363820262,4.877489493498381,2.2030585308065413,3.165620696175912,0.03135979265487968,0.007212959871114169,8
11,gaussian_score,translation,real,0,6,start,vector_correlation,px,0.028236540458992827,86.7541702717127,357.0320028381176,161.26360594590926,231.7356072302664,0.03135896671395714,0.007213104011914279,8
11,gaussian_score,translation,real,0,6,start,direction_correlation,nearest_neighbour,0.025540471258953326,1.175012272055163,,2.5510808267895895,3.265185291103009,0.027527944423061113,0.005782745199238986,8
11,gaussian_score,translation,real,0,6,start,direction_correlation,px,0.025540471258953326,86.00905903933771,,186.73926730344817,239.01918633285783,0.02752748242089127,0.00578285072581736,8
11,raw,affine,real,0,0,current,vector_correlation,nearest_neighbour,0.16231532407697227,1.2106489962624754,3.487003717929728,0.5703309415958558,0.5058059768032654,0.5908475405915281,0.00222834155586041,8
11,raw,affine,real,0,0,current,vector_correlation,px,0.16231532407697227,88.42147330206046,254.67831805866012,41.65958036741937,36.947170794306764,0.5906501956890222,0.00222847153568264,8
11,raw,affine,real,0,0,current,direction_correlation,nearest_neighbour,0.20245407492693634,1.385885435766492,,0.9468899144806332,0.7695497203150873,0.4674852621447399,0.005472591781342019,8
11,raw,affine,real,0,0,current,direction_correlation,px,0.20245407492693634,101.22124616665064,,69.16227668255092,56.21199262171254,0.46738812052236167,0.005471325217846682,8
11,raw,affine,real,0,1,endpoint,vector_correlation,nearest_neighbour,0.02749894451695384,2.025371313127995,2.6363449547732647,1.4127059525159338,1.4423401445387138,0.05016746549464281,0.006093689302066117,8
11,raw,affine,real,0,1,endpoint,vector_correlation,px,0.02749894451695384,147.95982179218444,192.5913657455201,103.20988788833228,105.37746241443611,0.05016187294402425,0.0060940047746968675,8
11,raw,affine,real,0,1,endpoint,direction_correlation,nearest_neighbour,0.05022367201096651,1.6071200622728832,2.2438907541788264,0.8275931685532556,0.996944316625588,0.09955346998915292,0.004182439268386813,8
11,raw,affine,real,0,1,endpoint,direction_correlation,px,0.05022367201096651,117.40574965297948,163.92258485649944,60.464102081040366,72.83875487237724,0.09953607904023631,0.004182743317144615,8
11,raw,affine,real,0,1,start,vector_correlation,nearest_neighbour,0.0272666022895579,1.9528209422483738,2.7340043732374273,1.3510785243556458,1.3645910429671808,0.049759510244643174,0.005155670429217009,8
11,raw,affine,real,0,1,start,vector_correlation,px,0.0272666022895579,142.65942537681588,199.72551588667775,98.70344232647992,99.69185469090444,0.04975684793264573,0.005155856106352267,8
11,raw,affine,real,0,1,start,direction_correlation,nearest_neighbour,0.05048169886746483,1.5804083536166857,2.211339869992584,0.8027154696138192,0.9439775177010541,0.10400870779824306,0.004759588733425812,8
11,raw,affine,real,0,1,start,direction_correlation,px,0.05048169886746483,115.45405282920152,161.5442117410101,58.64355001772351,68.96461654942316,0.10399954633015777,0.004759785834226905,8
11,raw,affine,real,0,2,endpoint,vector_correlation,nearest_neighbour,0.017732822487416162,2.744323418116634,3.0958170802614955,3.0090138249408676,3.9271221217822516,0.027407291166274095,0.004065207414618946,8
11,raw,affine,real,0,2,endpoint,vector_correlation,px,0.017732822487416162,200.54227403768994,226.2282878318974,219.88956561339774,286.98405455958044,0.027406945879306144,0.004065303773340752,8
11,raw,affine,real,0,2,endpoint,direction_correlation,nearest_neighbour,0.036395217717726476,2.633902376313601,3.5895441369848164,1.8572451025538463,1.7365099175216896,0.05871893635830101,0.004296652640658681,8
11,raw,affine,real,0,2,endpoint,direction_correlation,px,0.036395217717726476,192.47306338502517,262.30773817988546,135.72272800927195,126.90080524504961,0.05871709335939636,0.0042968281247695245,8
11,raw,affine,real,0,2,start,vector_correlation,nearest_neighbour,0.021280742577742495,2.570178071345495,3.0864442486519987,2.4688597606934937,2.9708427959173385,0.032340043948393696,0.004413273483918074,8
11,raw,affine,real,0,2,start,vector_correlation,px,0.021280742577742495,187.81346991458616,225.54153557939256,180.4138981544241,217.09887447617834,0.03233966747960753,0.00441336744360837,8
11,raw,affine,real,0,2,start,direction_correlation,nearest_neighbour,0.0431676169266126,2.3144869328313717,3.855723878869588,1.5918021550286858,1.4849631397428151,0.06994735514032954,0.0027355763035275646,8
11,raw,affine,real,0,2,start,direction_correlation,px,0.0431676169266126,169.1296770176192,281.7568721133896,116.32244886123459,108.51521693642157,0.06994640451699732,0.00273564744371079,8
11,raw,affine,real,0,3,endpoint,vector_correlation,nearest_neighbour,0.023772675905898457,1.7412951310122655,4.593046446378175,1.5970788475528332,1.6524743331083016,0.03659404080435525,0.0030489218045248742,8
11,raw,affine,real,0,3,endpoint,vector_correlation,px,0.023772675905898457,127.28223021922037,335.7285773687893,116.74101829220423,120.79010998908194,0.036593695783650425,0.0030488951924724605,8
11,raw,affine,real,0,3,endpoint,direction_correlation,nearest_neighbour,0.023552482951448732,2.619983633454249,3.3922045371422493,1.5971765391969992,2.0060366550972453,0.034598505658258664,0.002594434651058019,8
11,raw,affine,real,0,3,endpoint,direction_correlation,px,0.023552482951448732,191.50712639067737,247.95608707975472,116.74813252966165,146.63453150500592,0.034598170562596904,0.002594489574401434,8
11,raw,affine,real,0,3,start,vector_correlation,nearest_neighbour,0.02822937624775843,1.5409362346771525,4.774563211077956,1.3372269206346463,1.254691335337848,0.04588174065438905,0.003593360934636502,8
11,raw,affine,real,0,3,start,vector_correlation,px,0.02822937624775843,112.6370986258271,348.9962549619102,97.74832427344437,91.7157971284668,0.04587964122424031,0.0035931535594169776,8
11,raw,affine,real,0,3,start,direction_correlation,nearest_neighbour,0.02671796531272177,1.7263335591038984,3.4391951358900203,1.3776145047096664,1.5838230702090221,0.04120347492718546,0.002748170844593559,8
11,raw,affine,real,0,3,start,direction_correlation,px,0.02671796531272177,126.18971971413416,251.3912785875359,100.70085553177981,115.774250779922,0.04120203488252452,0.0027480641753316014,8
11,raw,affine,real,0,4,endpoint,vector_correlation,nearest_neighbour,0.020602122361420398,3.0242284521266267,4.4729802699045385,2.4493653089587797,2.317388966940317,0.036139251136091836,0.0060016439081986865,8
11,raw,affine,real,0,4,endpoint,vector_correlation,px,0.020602122361420398,221.11840318670957,327.0443263724336,179.09219908196332,169.44361611730056,0.03613831400897573,0.00600173880862147,8
11,raw,affine,real,0,4,endpoint,direction_correlation,nearest_neighbour,0.034910478746644526,2.3099047223346223,,1.6712746534031437,1.5492142644885565,0.055240075923484386,0.0021504357669125023,8
11,raw,affine,real,0,4,endpoint,direction_correlation,px,0.034910478746644526,168.88898815243624,,122.19959453568032,113.27548928600632,0.05523823970086647,0.0021506354050273156,8
11,raw,affine,real,0,4,start,vector_correlation,nearest_neighbour,0.020560795774296148,2.8875293106584863,4.382471800006622,2.4795257717369443,2.1422523968925056,0.03815020589695618,0.007684765068127533,8
11,raw,affine,real,0,4,start,vector_correlation,px,0.020560795774296148,211.12254874155423,320.4269447968472,181.30341077870042,156.6403609336737,0.03814860981031711,0.007684798448694248,8
11,raw,affine,real,0,4,start,direction_correlation,nearest_neighbour,0.03765892919054939,2.105174356735539,,1.531317288179708,1.340268756258969,0.062033167072167994,0.0012627938839982436,8
11,raw,affine,real,0,4,start,direction_correlation,px,0.03765892919054939,153.92334596246064,,111.9686674936833,98.00112791927508,0.062028338799031094,0.001262983999202007,8
11,raw,affine,real,0,5,endpoint,vector_correlation,nearest_neighbour,0.01519767596171301,1.7424488879445246,6.377695470163747,2.054522283823415,1.7856811925267648,0.0221962900641758,0.0025836570867666647,8
11,raw,affine,real,0,5,endpoint,vector_correlation,px,0.01519767596171301,127.46500944542711,466.52628225703955,150.2931902434111,130.6264555573993,0.02219545750283881,0.002583615548624314,8
11,raw,affine,real,0,5,endpoint,direction_correlation,nearest_neighbour,0.016261929484990396,2.6069488806409287,5.0591520248322635,2.1799177864451473,2.2350994531774813,0.026178327144218725,0.0029443461912596926,8
11,raw,affine,real,0,5,endpoint,direction_correlation,px,0.016261929484990396,190.69370652597192,370.07017717783384,159.4665245744391,163.50457463985202,0.026177272831329798,0.002944441080018732,8
11,raw,affine,real,0,5,start,vector_correlation,nearest_neighbour,0.012164418893653902,2.211234871398519,6.24297506377641,2.7596130094197076,2.5246742466029435,0.018305835491500343,0.002990551043596134,8
11,raw,affine,real,0,5,start,vector_correlation,px,0.012164418893653902,161.75090372588065,456.67040916015003,201.8690401537122,184.6805464474391,0.018305691979776505,0.0029905683328410584,8
11,raw,affine,real,0,5,start,direction_correlation,nearest_neighbour,0.013674187943942344,3.528314117841695,5.099515451163364,2.7207170162317658,2.4095503973234926,0.02440376088524685,0.0036517676498375486,8
11,raw,affine,real,0,5,start,direction_correlation,px,0.013674187943942344,258.09615230314915,373.0233835638826,199.02326015422761,176.26125431324664,0.02440334955553242,0.003651861706341654,8
11,raw,affine,real,0,6,endpoint,vector_correlation,nearest_neighbour,0.014646389645592573,2.9231206231792006,4.174256728165162,2.3018442838994018,2.7608022181800584,0.021425992607492002,0.004387788688956232,8
11,raw,affine,real,0,6,endpoint,vector_correlation,px,0.014646389645592573,213.9718356235248,305.55666164714995,168.49530774595186,202.10046426483393,0.02142543043982209,0.0043879136315626436,8
11,raw,affine,real,0,6,endpoint,direction_correlation,nearest_neighbour,0.020978592981070368,3.426068708077615,4.916054931663438,2.5717835960413353,3.911927555728435,0.023268166595192718,0.004813046839102004,8
11,raw,affine,real,0,6,endpoint,direction_correlation,px,0.020978592981070368,250.79070748596087,359.85408772795085,188.2547949756627,286.3634151291833,0.02326785458968077,0.004813123241525644,8
11,raw,affine,real,0,6,start,vector_correlation,nearest_neighbour,0.02181758856944613,1.1091739192792227,4.142461618126841,1.565967484972481,2.178755564088439,0.026593880463752127,0.00740702169100303,8
11,raw,affine,real,0,6,start,vector_correlation,px,0.02181758856944613,81.18995159146624,303.2305902247833,114.62756833337686,159.4959258661413,0.02659263918941959,0.0074071890483836484,8
11,raw,affine,real,0,6,start,direction_correlation,nearest_neighbour,0.026416936150826974,1.1220075518242019,4.839692816023027,2.049746156256412,3.3283495145352755,0.025973275086753088,0.006594070790413521,8
11,raw,affine,real,0,6,start,direction_correlation,px,0.026416936150826974,82.12932281770621,354.26542117720203,150.04098447745346,243.64760109400692,0.025972663205581344,0.006594163472433914,8
11,raw,none,real,0,0,current,vector_correlation,nearest_neighbour,0.25008167421687727,6.908891541914182,,4.084919625212139,8.310159479126995,0.19348537571184318,0.03449841592212491,8
11,raw,none,real,0,0,current,vector_correlation,px,0.25008167421687727,504.60271318785794,,298.35515333285764,606.931484453159,0.19348649184195202,0.034497925880682984,8
11,raw,none,real,0,0,current,direction_correlation,nearest_neighbour,0.33589164530721766,,,5.021102275220464,13.152022730708413,0.2657805516722883,0.03916740677675924,8
11,raw,none,real,0,0,current,direction_correlation,px,0.33589164530721766,,,366.7315839241538,960.5679063781846,0.2657810055510584,0.03916703153186449,8
11,raw,none,real,0,1,endpoint,vector_correlation,nearest_neighbour,-0.03135756834874958,,,,,,,8
11,raw,none,real,0,1,endpoint,vector_correlation,px,-0.03135756834874958,,,,,,,8
11,raw,none,real,0,1,endpoint,direction_correlation,nearest_neighbour,-0.05968887924970308,,,,,,,8
11,raw,none,real,0,1,endpoint,direction_correlation,px,-0.05968887924970308,,,,,,,8
11,raw,none,real,0,1,start,vector_correlation,nearest_neighbour,-0.0325678611381739,,,,,,,8
11,raw,none,real,0,1,start,vector_correlation,px,-0.0325678611381739,,,,,,,8
11,raw,none,real,0,1,start,direction_correlation,nearest_neighbour,-0.06180294336489814,,,,,,,8
11,raw,none,real,0,1,start,direction_correlation,px,-0.06180294336489814,,,,,,,8
11,raw,none,real,0,2,endpoint,vector_correlation,nearest_neighbour,0.015410605413922912,2.9827758287720307,3.326516978602024,3.3997138248749272,4.356262357076706,0.026015630878432682,0.004382233345415084,8
11,raw,none,real,0,2,endpoint,vector_correlation,px,0.015410605413922912,217.96760077610574,243.08708618102636,248.44007384153676,318.3432289562799,0.02601536026202367,0.004382320971172405,8
11,raw,none,real,0,2,endpoint,direction_correlation,nearest_neighbour,0.023509230616763698,2.815120079868461,3.729707444412604,1.8912118877855628,2.052105624444618,0.03805415789029334,0.004343770395041269,8
11,raw,none,real,0,2,endpoint,direction_correlation,px,0.023509230616763698,205.71586385221073,272.54947968528256,138.204506242857,149.96383131873426,0.03805312463681741,0.004343925515829809,8
11,raw,none,real,0,2,start,vector_correlation,nearest_neighbour,0.019699608767673245,2.823447743373324,3.3779835272064456,2.6111234547664495,3.341615186061824,0.030240911714384634,0.0041285978173046575,8
11,raw,none,real,0,2,start,vector_correlation,px,0.019699608767673245,206.3220905393631,246.84684963765267,190.80974214749511,244.1927523777335,0.030240641574385527,0.004128669711452591,8
11,raw,none,real,0,2,start,direction_correlation,nearest_neighbour,0.03153498251497401,2.390658129295752,4.003401579512983,1.392622550388698,1.5319866748397872,0.04892474795874303,0.00149857789309513,8
11,raw,none,real,0,2,start,direction_correlation,px,0.03153498251497401,174.69553985688134,292.5478374609498,101.76675280353055,111.95120655458777,0.04892421573314349,0.00149856908620984,8
11,raw,none,real,0,3,endpoint,vector_correlation,nearest_neighbour,0.04898777561169527,,,5.090263732246678,10.097060297379004,0.043673985008313695,0.006294676342060642,8
11,raw,none,real,0,3,endpoint,vector_correlation,px,0.04898777561169527,,,372.08054659304037,738.0542713928046,0.04367392943821145,0.006294690787604179,8
11,raw,none,real,0,3,endpoint,direction_correlation,nearest_neighbour,0.06271817362876589,,,6.4870263818243465,18.425067320120498,0.058160287882611995,0.006372807375255146,8
11,raw,none,real,0,3,endpoint,direction_correlation,px,0.06271817362876589,,,474.17877535415397,1346.8093363010566,0.0581601601401182,0.0063728555321288585,8
11,raw,none,real,0,3,start,vector_correlation,nearest_neighbour,0.05426840988984558,,,4.592066701502819,9.937945754532642,0.043879567738095815,0.0073750826848118225,8
11,raw,none,real,0,3,start,vector_correlation,px,0.05426840988984558,,,335.6658351045746,726.4168844630248,0.043879595642206635,0.007375038520379977,8
11,raw,none,real,0,3,start,direction_correlation,nearest_neighbour,0.06555077322988405,,,6.214329123419635,17.807354274147805,0.05880074847462321,0.006288983702833457,8
11,raw,none,real,0,3,start,direction_correlation,px,0.06555077322988405,,,454.2475279828483,1301.6532370027232,0.05880062036388958,0.006289005574586228,8
11,raw,none,real,0,4,endpoint,vector_correlation,nearest_neighbour,-0.005784421840292337,,,,,,,8
11,raw,none,real,0,4,endpoint,vector_correlation,px,-0.005784421840292337,,,,,,,8
11,raw,none,real,0,4,endpoint,direction_correlation,nearest_neighbour,-0.024399328800090585,,,,,,,8
11,raw,none,real,0,4,endpoint,direction_correlation,px,-0.024399328800090585,,,,,,,8
11,raw,none,real,0,4,start,vector_correlation,nearest_neighbour,-0.004934849095702178,,,,,,,8
11,raw,none,real,0,4,start,vector_correlation,px,-0.004934849095702178,,,,,,,8
11,raw,none,real,0,4,start,direction_correlation,nearest_neighbour,-0.022449042700807456,,,,,,,8
11,raw,none,real,0,4,start,direction_correlation,px,-0.022449042700807456,,,,,,,8
11,raw,none,real,0,5,endpoint,vector_correlation,nearest_neighbour,0.02277403909259845,,,5.138649414000298,11.761271267814807,0.019371939608680028,0.0024389674401831614,8
11,raw,none,real,0,5,endpoint,vector_correlation,px,0.02277403909259845,,,375.89673895521514,860.332494173136,0.019371928756189337,0.002438947184647628,8
11,raw,none,real,0,5,endpoint,direction_correlation,nearest_neighbour,0.03686401187730197,,,5.462457741510686,15.987110832895574,0.02978849074966254,0.003953691910679349,8
11,raw,none,real,0,5,endpoint,direction_correlation,px,0.03686401187730197,,,399.583877499789,1169.4482833912123,0.029788496711415032,0.003953663808592316,8
11,raw,none,real,0,5,start,vector_correlation,nearest_neighbour,0.019667673890167263,,,5.998904371934144,12.141560591026154,0.019375339363594958,0.001674957865635242,8
11,raw,none,real,0,5,start,vector_correlation,px,0.019667673890167263,,,438.8225198813815,888.1568520788637,0.019375303665975018,0.0016749723705970828,8
11,raw,none,real,0,5,start,direction_correlation,nearest_neighbour,0.036806228838540046,,,5.477116268955639,15.847245432468274,0.029967427601447272,0.0038728879242439502,8
11,raw,none,real,0,5,start,direction_correlation,px,0.036806228838540046,,,400.6539116563361,1159.2217632432078,0.029967420386122233,0.003872880603135832,8
11,raw,none,real,0,6,endpoint,vector_correlation,nearest_neighbour,0.015265473567160816,2.5888662574307104,4.42045457026545,2.1560505316632073,2.5627570171295146,0.022556423185170534,0.0033647208369039444,8
11,raw,none,real,0,6,endpoint,vector_correlation,px,0.015265473567160816,189.5023743978414,323.57761272205255,157.82440171426114,187.6025483128751,0.0225558543256374,0.0033648786694666644,8
11,raw,none,real,0,6,endpoint,direction_correlation,nearest_neighbour,0.017674398651632523,1.243468490886907,3.6232618991166246,1.3247534788399111,1.6519670532759279,0.024889397237839027,0.004031191040056375,8
11,raw,none,real,0,6,endpoint,direction_correlation,px,0.017674398651632523,91.0214520609463,265.22547607663114,96.97182688869452,120.92986079457769,0.02488849088106283,0.004031347590920447,8
11,raw,none,real,0,6,start,vector_correlation,nearest_neighbour,0.023169740266939763,1.1580782706085628,4.380700591437329,1.4557235849379186,1.9304276546584134,0.029159518704556967,0.006333561585997889,8
11,raw,none,real,0,6,start,vector_correlation,px,0.023169740266939763,84.76955700058988,320.66883132166106,106.55802323736607,141.31619659724385,0.029158215330098325,0.006333775038279776,8
11,raw,none,real,0,6,start,direction_correlation,nearest_neighbour,0.020390918517087003,1.0587700136438252,3.7479795722210913,1.2487090446000517,1.6948420742128067,0.025418860844967243,0.00675593328324198,8
11,raw,none,real,0,6,start,direction_correlation,px,0.020390918517087003,77.50058472841614,274.3559148125081,91.40395774215693,124.07203699159544,0.025417332737043042,0.006756103708452906,8
11,raw,translation,real,0,0,current,vector_correlation,nearest_neighbour,0.17068376054006076,1.2423824858882941,6.4336744489377455,0.8765369861322291,0.6320969791783073,0.4753060965092251,0.006661965919531441,8
11,raw,translation,real,0,0,current,vector_correlation,px,0.17068376054006076,90.73951696079777,469.8922695446048,64.02362159386098,46.17239888595316,0.4751774317351014,0.006661176285364007,8
11,raw,translation,real,0,0,current,direction_correlation,nearest_neighbour,0.207457838411097,1.3809063426765804,,1.2057745736670307,0.8493902325907767,0.4355824554196913,0.01101321948686572,8
11,raw,translation,real,0,0,current,direction_correlation,px,0.207457838411097,100.85756794607993,,88.0702120725762,62.04430492234259,0.4354984614766973,0.011011829529482828,8
11,raw,translation,real,0,1,endpoint,vector_correlation,nearest_neighbour,0.026323977995688946,1.992476158002645,2.4231581753444553,1.3455740885191994,2.75967738444708,0.0358924770345574,0.0037189711617829245,8
11,raw,translation,real,0,1,endpoint,vector_correlation,px,0.026323977995688946,145.55684306999515,177.01800261638672,98.30561865966399,201.62702733670426,0.035890206307816065,0.0037190577202759634,8
11,raw,translation,real,0,1,endpoint,direction_correlation,nearest_neighbour,0.04710251323474758,1.5717538287179729,2.1319528631945834,0.7872561294327496,0.919399004924433,0.09834914044909357,0.004305044362301857,8
11,raw,translation,real,0,1,endpoint,direction_correlation,px,0.04710251323474758,114.82203489990803,155.7455639785953,57.5172230723352,67.17317382772356,0.09833048198370763,0.004305376567678711,8
11,raw,translation,real,0,1,start,vector_correlation,nearest_neighbour,0.026117333392925105,1.9157139498466815,2.4569213877711045,1.2280533613938958,2.041895535972224,0.03821780484788707,0.0033463163339361363,8
11,raw,translation,real,0,1,start,vector_correlation,px,0.026117333392925105,139.9487626402866,179.4839213735316,89.71604056781784,149.17661744792608,0.03821610962154138,0.00334638525495384,8
11,raw,translation,real,0,1,start,direction_correlation,nearest_neighbour,0.04838198935887499,1.5349177448747067,2.11181353094672,0.7482400275101173,0.8472777159120735,0.10682794775388564,0.004013919606581999,8
11,raw,translation,real,0,1,start,direction_correlation,px,0.04838198935887499,112.13080070571026,154.27382087682088,54.66382622310998,61.89998512827541,0.10681748257736208,0.004014137377022801,8
11,raw,translation,real,0,2,endpoint,vector_correlation,nearest_neighbour,0.017485179355341874,2.8376413335546187,3.174172684388959,3.1911303701582328,4.177369003346334,0.027383538669297748,0.004083405175105811,8
11,raw,translation,real,0,2,endpoint,vector_correlation,px,0.017485179355341874,207.36164383389098,231.9542605740233,233.19804643630147,305.27070984222644,0.0273832345742777,0.0040834969254008755,8
11,raw,translation,real,0,2,endpoint,direction_correlation,nearest_neighbour,0.03219867653495587,2.8604714477883686,3.5065115777228497,2.0752888739363855,2.8077031006287028,0.04365837506841716,0.003337723944318231,8
11,raw,translation,real,0,2,endpoint,direction_correlation,px,0.03219867653495587,209.02999433999415,256.2405061536316,151.65647818469517,205.17972186623257,0.04365771857316927,0.0033378022931603133,8
11,raw,translation,real,0,2,start,vector_correlation,nearest_neighbour,0.02117192865195142,2.7087212483394736,3.180660324503023,2.5951825251277136,3.2149995032925274,0.031860381308242834,0.004469968288038302,8
11,raw,translation,real,0,2,start,vector_correlation,px,0.02117192865195142,197.93802641044292,232.4267247562878,189.64520544462445,234.94049483315445,0.03186006753274216,0.004470044486640189,8
11,raw,translation,real,0,2,start,direction_correlation,nearest_neighbour,0.038446075504546415,2.703309311735123,3.810316325103781,1.7567176037966816,1.6835160560100946,0.05927842014972165,0.0033594592154318034,8
11,raw,translation,real,0,2,start,direction_correlation,px,0.038446075504546415,197.54252907097364,278.43889426656824,128.3736771471241,123.02435602714826,0.05927782738801882,0.0033594547092286853,8
11,raw,translation,real,0,3,endpoint,vector_correlation,nearest_neighbour,0.02614151516737098,1.7153684823213051,6.336923668356887,1.5712513903578085,1.5479833711305404,0.04070705842263745,0.00275816492660882,8
11,raw,translation,real,0,3,endpoint,vector_correlation,px,0.02614151516737098,125.38711611048413,463.20201076176613,114.85308826295254,113.15189629414945,0.04070671887540938,0.002758132581900442,8
11,raw,translation,real,0,3,endpoint,direction_correlation,nearest_neighbour,0.02469914717317653,2.7810748631102373,4.606596072607205,1.8571767628238134,1.7624337861874617,0.03685467493852713,0.002131861077202677,8
11,raw,translation,real,0,3,endpoint,direction_correlation,px,0.02469914717317653,203.2828144700563,336.71894225633264,135.75309128364705,128.82752502042572,0.036854384515959016,0.0021318432333062164,8
11,raw,translation,real,0,3,start,vector_correlation,nearest_neighbour,0.03101178081533685,1.494583627170851,6.253412168164522,1.3141125923901282,1.1727907726480715,0.05154977199932424,0.0034766439542558616,8
11,raw,translation,real,0,3,start,vector_correlation,px,0.03101178081533685,109.2487038475835,457.09701647378074,96.05853783624718,85.73363349266266,0.05154494901929452,0.003476422868294801,8
11,raw,translation,real,0,3,start,direction_correlation,nearest_neighbour,0.027857407839613994,2.691978464492004,4.518455179397745,1.6928275044471093,1.5764028919828903,0.041140209808765364,0.001969640500432076,8
11,raw,translation,real,0,3,start,direction_correlation,px,0.027857407839613994,196.76869307133828,330.27689543811823,123.741197581623,115.23109997475821,0.04113895867041677,0.001969483423927597,8
11,raw,translation,real,0,4,endpoint,vector_correlation,nearest_neighbour,0.02003206568224326,3.129822393580459,4.544811868059742,2.5111750726431934,2.3517743828239586,0.035346444507007205,0.006284363639266141,8
11,raw,translation,real,0,4,endpoint,vector_correlation,px,0.02003206568224326,228.83960743105618,332.2960826352289,183.61170284750426,171.95779638562016,0.035345541876765654,0.006284451185351661,8
11,raw,translation,real,0,4,endpoint,direction_correlation,nearest_neighbour,0.02686416991871837,2.421055044638272,5.0273937194158975,1.9354047199372757,1.8519836204431916,0.04285265040909646,0.0029613902498187472,8
11,raw,translation,real,0,4,endpoint,direction_correlation,px,0.02686416991871837,177.01491238129876,367.57863690466166,141.51228661126342,135.4011303079943,0.04285387163521901,0.0029615682528270717,8
11,raw,translation,real,0,4,start,vector_correlation,nearest_neighbour,0.01936439357785293,2.997345587219602,4.4565789043793185,2.5941250573589762,2.190260464308604,0.03686450887879081,0.008368066652813257,8
11,raw,translation,real,0,4,start,vector_correlation,px,0.01936439357785293,219.15247445719243,325.84508369030976,189.68330074150754,160.15019563369995,0.03686307878328753,0.008368082066860565,8
11,raw,translation,real,0,4,start,direction_correlation,nearest_neighbour,0.027599692118823668,2.3564882398595612,,1.8524696080876704,1.6406769010384932,0.04630934980618015,0.0031506589174216605,8
11,raw,translation,real,0,4,start,direction_correlation,px,0.027599692118823668,172.29523761403277,,135.45188884329482,119.96571928421885,0.04630672326657459,0.003150754801993906,8
11,raw,translation,real,0,5,endpoint,vector_correlation,nearest_neighbour,0.01708016167789696,1.7874585734646564,6.2611634160793574,1.766352193461028,1.4538602073218283,0.02653359644835603,0.002402618139130553,8
11,raw,translation,real,0,5,endpoint,vector_correlation,px,0.01708016167789696,130.7573643344758,458.0015505027349,129.21279242513174,106.35541743421643,0.026531882190485013,0.0024026025671548034,8
11,raw,translation,real,0,5,endpoint,direction_correlation,nearest_neighbour,0.01998708041482163,2.448565783600352,5.200238953819537,1.9767733378818788,2.0057963432495103,0.030147570738179117,0.0017143494151650417,8
11,raw,translation,real,0,5,endpoint,direction_correlation,px,0.01998708041482163,179.108742250261,380.3911751995127,144.60490061675367,146.72891037083747,0.030146382449557016,0.0017145378419951163,8
11,raw,translation,real,0,5,start,vector_correlation,nearest_neighbour,0.014505750349822981,2.0967364198619607,6.128263840734997,2.237163115987853,2.0842353988710225,0.020927578754259758,0.002621687925225684,8
11,raw,translation,real,0,5,start,vector_correlation,px,0.014505750349822981,153.3769647383488,448.2789867573971,163.65079976496952,152.4637492248239,0.020927246967073817,0.002621731683448777,8
11,raw,translation,real,0,5,start,direction_correlation,nearest_neighbour,0.018324875841950448,2.4495709961729024,5.182908812851562,2.252230364831205,2.2993628540269753,0.027497417597617032,0.002784784570407712,8
11,raw,translation,real,0,5,start,direction_correlation,px,0.018324875841950448,179.18181340720693,379.12382347688555,164.75172966005204,168.2018490649787,0.02749682584738578,0.002784980812225546,8
11,raw,translation,real,0,6,endpoint,vector_correlation,nearest_neighbour,0.016062121798692926,3.1260010499913093,4.66364311649688,2.799482832539595,3.1911414006271386,0.023033115770491688,0.004419872194517248,8
11,raw,translation,real,0,6,endpoint,vector_correlation,px,0.016062121798692926,228.82392207634456,341.37829227402074,204.9234109045684,233.60217881550352,0.023032614959811782,0.004419996775880879,8
11,raw,translation,real,0,6,endpoint,direction_correlation,nearest_neighbour,0.02033471784857635,3.937871831424705,4.9983834101233295,2.8401244138010036,4.1887945304930385,0.02330077354450564,0.004442436216944063,8
11,raw,translation,real,0,6,endpoint,direction_correlation,px,0.02033471784857635,288.25398903773515,365.88028791614147,207.8974407262208,306.6297197230567,0.023300500542293767,0.004442515510186374,8
11,raw,translation,real,0,6,start,vector_correlation,nearest_neighbour,0.022536156848744805,1.1766266462152786,4.609541790526949,1.9963676158874541,2.6352515368711855,0.026846388190961582,0.006558017017611787,8
11,raw,translation,real,0,6,start,vector_correlation,px,0.022536156848744805,86.12722485319307,337.41918894439385,146.13363652221014,192.91236351113105,0.02684542196183115,0.006558159049892131,8
11,raw,translation,real,0,6,start,direction_correlation,nearest_neighbour,0.02581032856332226,1.1149921593518284,4.9171399758813665,2.2527434322119686,3.835944276076045,0.02483223910718944,0.006301101569369251,8
11,raw,translation,real,0,6,start,direction_correlation,px,0.02581032856332226,81.61582379034732,359.9342763905682,164.90045185672219,280.803026667453,0.02483178925517898,0.0063011821840935085,8
12,gaussian_score,affine,real,0,0,current,vector_correlation,nearest_neighbour,0.1481690400301119,1.3101201609503998,7.851184108916063,0.9192505784318198,0.7505149545344793,0.35736527508790267,0.005578872073854059,8
12,gaussian_score,affine,real,0,0,current,vector_correlation,px,0.1481690400301119,104.66390949973261,627.2620566191429,73.4370663728474,59.95433207507137,0.3574311098228439,0.00558246768312718,8
12,gaussian_score,affine,real,0,0,current,direction_correlation,nearest_neighbour,0.15787757205891517,1.5970477894953892,,1.3627712326311434,0.9853710534274311,0.30606349763692087,0.006896091923156562,8
12,gaussian_score,affine,real,0,0,current,direction_correlation,px,0.15787757205891517,127.59502967620303,,108.87155298065244,78.71461089313057,0.3061111041523027,0.006897877792960751,8
12,gaussian_score,affine,real,0,1,endpoint,vector_correlation,nearest_neighbour,0.032731242082351154,1.505389963685609,2.1137832964220014,0.7264373831022151,0.7881458672175863,0.07738350301445529,0.0005797964134350143,8
12,gaussian_score,affine,real,0,1,endpoint,vector_correlation,px,0.032731242082351154,120.1341882539604,168.69071239153044,57.96662778042239,62.88789116722846,0.07739933895349312,0.0005787417965176436,8
12,gaussian_score,affine,real,0,1,endpoint,direction_correlation,nearest_neighbour,0.037377124129242316,1.3003656628709195,1.681358335709971,0.5139372044346302,,,,8
12,gaussian_score,affine,real,0,1,endpoint,direction_correlation,px,0.037377124129242316,103.76720204756992,134.18165436524282,41.007449737934266,,,,8
12,gaussian_score,affine,real,0,1,start,vector_correlation,nearest_neighbour,0.0296131737567796,1.6059871240951042,2.1143214976291804,0.7758696442103553,0.9082485205988239,0.06246413220253529,0.0002808660744233261,8
12,gaussian_score,affine,real,0,1,start,vector_correlation,px,0.0296131737567796,128.16472472122388,168.73153617934048,61.91097824948921,72.47254487851683,0.062475144677103515,0.0002800874173932222,8
12,gaussian_score,affine,real,0,1,start,direction_correlation,nearest_neighbour,0.0369545855258612,1.3449395978209646,1.6950813630633599,0.5402601640952704,,,,8
12,gaussian_score,affine,real,0,1,start,direction_correlation,px,0.0369545855258612,107.32732922406024,135.27642549233462,43.10824097295877,,,,8
12,gaussian_score,affine,real,0,2,endpoint,vector_correlation,nearest_neighbour,0.030591471732632325,2.419894595381526,5.197086355635209,1.6516467485783186,1.6394975485306873,0.05189746555116269,0.003328752445607536,8
12,gaussian_score,affine,real,0,2,endpoint,vector_correlation,px,0.030591471732632325,192.84152078785883,414.16193992020396,131.61493535188447,130.63663480902304,0.05190335174206083,0.0033281231474896235,8
12,gaussian_score,affine,real,0,2,endpoint,direction_correlation,nearest_neighbour,0.04069654435096551,2.396426116186195,4.893277338869383,1.4911710642242784,1.5420122255747988,0.06403976434718998,0.0012693421547396667,8
12,gaussian_score,affine,real,0,2,endpoint,direction_correlation,px,0.04069654435096551,190.97150274981075,389.9518152052357,118.82680350315715,122.87732281943408,0.06404387760180087,0.0012687765887542714,8
12,gaussian_score,affine,real,0,2,start,vector_correlation,nearest_neighbour,0.032498258349413056,2.336854378377268,4.837171531202314,1.54014783452246,1.6057334382182449,0.05246486779030332,0.0019685396959268214,8
12,gaussian_score,affine,real,0,2,start,vector_correlation,px,0.032498258349413056,186.2220928228914,385.4807385257517,122.72818235384463,127.95235195730488,0.052469731501698716,0.0019681036316757275,8
12,gaussian_score,affine,real,0,2,start,direction_correlation,nearest_neighbour,0.04157688808038999,2.346574675600734,4.822163169464618,1.4618523388933795,1.5287855807335269,0.06478605693211574,0.0009048470406775566,8
12,gaussian_score,affine,real,0,2,start,direction_correlation,px,0.04157688808038999,186.9965969930535,384.2847648388357,116.48943481560869,121.82174014692755,0.06479186131442968,0.0009046664772232048,8
12,gaussian_score,affine,real,0,3,endpoint,vector_correlation,nearest_neighbour,0.026453261427772243,2.064032482007481,2.5490580513129033,1.4026242062170013,1.4169281516276053,0.048796715263052896,0.005508350195109481,8
12,gaussian_score,affine,real,0,3,endpoint,vector_correlation,px,0.026453261427772243,164.3665265195147,202.98555266183857,111.68738080980533,112.82197245945909,0.04880320878308051,0.0055081251922761325,8
12,gaussian_score,affine,real,0,3,endpoint,direction_correlation,nearest_neighbour,0.023286217547865327,2.3044472552711266,2.88041736518789,1.7720132026719024,2.119376550669554,0.038949963489805346,0.0061419526218920275,8
12,gaussian_score,affine,real,0,3,endpoint,direction_correlation,px,0.023286217547865327,183.50872589827404,229.37763660681108,141.1022757244725,168.75505670376805,0.03895331784598535,0.006141862285828845,8
12,gaussian_score,affine,real,0,3,start,vector_correlation,nearest_neighbour,0.027629280177744693,2.063503385119401,2.744267443687891,1.4456386377567492,1.4696170452365283,0.05024544310555067,0.00561949743988222,8
12,gaussian_score,affine,real,0,3,start,vector_correlation,px,0.027629280177744693,164.32345139470004,218.53370767219886,115.11261591161575,117.01685796008807,0.05025184736503582,0.005619224540283822,8
12,gaussian_score,affine,real,0,3,start,direction_correlation,nearest_neighbour,0.021875031925632414,2.3438569747791496,2.8926766177682937,1.9831571433898116,2.3727962451255578,0.03776538338916081,0.007254252563587854,8
12,gaussian_score,affine,real,0,3,start,direction_correlation,px,0.021875031925632414,186.64618943072728,230.3543083321539,157.91537200618606,188.93151998074998,0.03776844935296111,0.0072541250830871935,8
12,gaussian_score,affine,real,0,4,endpoint,vector_correlation,nearest_neighbour,0.011932347039039405,3.048589044834923,3.9514042568352346,2.9318025350623373,2.3404148014338877,0.024375815010337372,0.005966851582742975,8
12,gaussian_score,affine,real,0,4,endpoint,vector_correlation,px,0.011932347039039405,242.40277202428464,314.19289003573715,233.1057193857933,186.07284270347316,0.024377973675379923,0.0059666069123131575,8
12,gaussian_score,affine,real,0,4,endpoint,direction_correlation,nearest_neighbour,0.007826971483160342,3.577983057872045,4.7012998855181385,6.0876549344941395,3.7485249421550795,0.020776481046117894,0.00757265242842856,8
12,gaussian_score,affine,real,0,4,endpoint,direction_correlation,px,0.007826971483160342,284.50295750656255,373.8155110367295,484.0330809577275,298.022569234437,0.020777787522452712,0.00757249408394355,8
12,gaussian_score,affine,real,0,4,start,vector_correlation,nearest_neighbour,0.004321457110311765,3.602622494786691,4.405860653319855,8.181943033522776,3.2490878838934547,0.018962053695933744,0.008751733129057951,8
12,gaussian_score,affine,real,0,4,start,vector_correlation,px,0.004321457110311765,286.4614450195111,350.3259795142943,650.5394347517592,258.3223621330566,0.018963119288538086,0.008751646945648254,8
12,gaussian_score,affine,real,0,4,start,direction_correlation,nearest_neighbour,0.005192431099792898,4.169483689607695,4.818366979735463,9.001577281815518,4.331083969832145,0.018641973884065396,0.007827934977213397,8
12,gaussian_score,affine,real,0,4,start,direction_correlation,px,0.005192431099792898,331.5319212485178,383.12387915690476,715.7152951721838,344.35115814509714,0.018642710894148505,0.007827861398795693,8
12,gaussian_score,affine,real,0,5,endpoint,vector_correlation,nearest_neighbour,0.014572072325167601,3.135035174593642,4.51614956765273,2.1638270494287335,2.907481315924032,0.01942186007711234,0.0022396618070595824,8
12,gaussian_score,affine,real,0,5,endpoint,vector_correlation,px,0.014572072325167601,249.14691016727002,358.90786346488403,171.95448450221613,231.051309389185,0.01942253250244052,0.002239649537780971,8
12,gaussian_score,affine,real,0,5,endpoint,direction_correlation,nearest_neighbour,0.013974300328815985,1.2537774118637683,3.003919277980447,1.257034018149289,1.9139602060042342,0.018635032071456496,0.004169140829304084,8
12,gaussian_score,affine,real,0,5,endpoint,direction_correlation,px,0.013974300328815985,99.64059591769382,238.72477550490422,99.88954984578426,152.09545878761332,0.018636111996735306,0.004169231582778624,8
12,gaussian_score,affine,real,0,5,start,vector_correlation,nearest_neighbour,0.012723012052169788,3.6052393159445337,4.5710188326954615,2.608773143071225,3.046728553694582,0.01957835227461696,0.00259772211175694,8
12,gaussian_score,affine,real,0,5,start,vector_correlation,px,0.012723012052169788,286.519794356021,363.2679590411526,207.3158848707202,242.11612025643714,0.019578924541577888,0.0025976663248954853,8
12,gaussian_score,affine,real,0,5,start,direction_correlation,nearest_neighbour,0.013944457177321994,2.289492913592231,2.8658029239098117,1.337693585560345,1.8558688422053682,0.020721333292983056,0.004056939464999217,8
12,gaussian_score,affine,real,0,5,start,direction_correlation,px,0.013944457177321994,181.94364149524614,227.74661197010195,106.30005648749666,147.4772874568483,0.020722552459043274,0.004056973877234496,8
12,gaussian_score,affine,real,0,6,endpoint,vector_correlation,nearest_neighbour,0.009410025829839061,4.037487989924449,7.625021255013418,3.759919216070337,3.6558033775568393,0.015815653445931523,0.004650693303981978,8
12,gaussian_score,affine,real,0,6,endpoint,vector_correlation,px,0.009410025829839061,320.8461861223592,605.9288017802658,298.77671458403535,290.5008346459055,0.0158160241170105,0.0046506330686835054,8
12,gaussian_score,affine,real,0,6,endpoint,direction_correlation,nearest_neighbour,0.023848320294313472,3.3644471328777645,6.268985390006259,2.225377287746747,2.5179973198799512,0.031723817254715445,0.0024637197261937614,8
12,gaussian_score,affine,real,0,6,endpoint,direction_correlation,px,0.023848320294313472,267.3623702668988,498.17034577930747,176.83600984712425,200.0877840852196,0.031724663563252,0.002463666205410782,8
12,gaussian_score,affine,real,0,6,start,vector_correlation,nearest_neighbour,0.01158861440176878,3.9741070330927353,4.983045897681988,3.2034820737374856,4.3149669197874925,0.016275013825059317,0.005137994406698112,8
12,gaussian_score,affine,real,0,6,start,vector_correlation,px,0.01158861440176878,315.808954880541,395.9812260239202,254.55511331653906,342.86423087778536,0.016275678587484337,0.005137885807534869,8
12,gaussian_score,affine,real,0,6,start,direction_correlation,nearest_neighbour,0.026764769573623767,3.0032200490236494,6.493298724975022,2.0085160920260443,2.2414701388614184,0.0360246083357026,0.0026756720597497135,8
12,gaussian_score,affine,real,0,6,start,direction_correlation,px,0.026764769573623767,238.65103894159347,515.9950393656909,159.60036908826734,178.10737839633987,0.03602677038779994,0.002675488216046073,8
12,gaussian_score,affine,spatial_shuffle,0,0,current,vector_correlation,nearest_neighbour,-0.000587453153207491,,,,244968.16605614024,0.0015638270754382646,0.0007566352886995715,8
12,gaussian_score,affine,spatial_shuffle,0,0,current,vector_correlation,px,-0.000587453153207491,,,,23025889.007423937,0.0015638252153258795,0.0007566344034234222,8
12,gaussian_score,affine,spatial_shuffle,0,0,current,direction_correlation,nearest_neighbour,0.00015882838984139204,,,300.8441566863373,85.57155287436588,0.005481975660269227,0.003249332948207693,8
12,gaussian_score,affine,spatial_shuffle,0,0,current,direction_correlation,px,0.00015882838984139204,,,24035.503740837867,6834.974050886721,0.005482038058144211,0.00324933039738867,8
12,gaussian_score,affine,spatial_shuffle,0,1,endpoint,vector_correlation,nearest_neighbour,0.0004189462197208323,1.8660738907953527,1.8931227223237383,41.191248517550974,9.01758875332794,0.003367264891408847,0.0023759787811901906,8
12,gaussian_score,affine,spatial_shuffle,0,1,endpoint,vector_correlation,px,0.0004189462197208323,148.92408448488547,151.08251761655663,3287.187719187854,719.5682886693999,0.0033673837480231194,0.0023759649254052554,8
12,gaussian_score,affine,spatial_shuffle,0,1,endpoint,direction_correlation,nearest_neighbour,-0.00017481271245769968,,,,,,,8
12,gaussian_score,affine,spatial_shuffle,0,1,endpoint,direction_correlation,px,-0.00017481271245769968,,,,,,,8
12,gaussian_score,affine,spatial_shuffle,0,1,start,vector_correlation,nearest_neighbour,-0.003016100483539643,,,,0.17770050433587523,19.240891998249705,0.0014734242075985164,8
12,gaussian_score,affine,spatial_shuffle,0,1,start,vector_correlation,px,-0.003016100483539643,,,,14.18445475329012,19.201893695721907,0.001473424183305202,8
12,gaussian_score,affine,spatial_shuffle,0,1,start,direction_correlation,nearest_neighbour,-0.002645600582313615,,,,,,,8
12,gaussian_score,affine,spatial_shuffle,0,1,start,direction_correlation,px,-0.002645600582313615,,,,,,,8
12,gaussian_score,affine,spatial_shuffle,0,2,endpoint,vector_correlation,nearest_neighbour,-0.012060985354352863,,,,0.19198215573076288,3692.2352365029365,0.0013666565412460258,8
12,gaussian_score,affine,spatial_shuffle,0,2,endpoint,vector_correlation,px,-0.012060985354352863,,,,26.319121784614975,14.761772257698652,0.0013750986725017459,8
12,gaussian_score,affine,spatial_shuffle,0,2,endpoint,direction_correlation,nearest_neighbour,-0.007161808375567421,,,,1.473246016452169,0.027422151362540864,0.0007334483306099958,8
12,gaussian_score,affine,spatial_shuffle,0,2,endpoint,direction_correlation,px,-0.007161808375567421,,,,117.37107065639078,0.02743697885722221,0.0007333822178004686,8
12,gaussian_score,affine,spatial_shuffle,0,2,start,vector_correlation,nearest_neighbour,-0.008481171150172972,,,,2.2326650299733743,0.02045918764640772,0.0013305455238485982,8
12,gaussian_score,affine,spatial_shuffle,0,2,start,vector_correlation,px,-0.008481171150172972,,,,177.92976724032374,0.020457616555713133,0.0013305312264243606,8
12,gaussian_score,affine,spatial_shuffle,0,2,start,direction_correlation,nearest_neighbour,-0.0039847253644237895,,,,0.5865451035888213,0.4159338375772292,0.0009709800265550692,8
12,gaussian_score,affine,spatial_shuffle,0,2,start,direction_correlation,px,-0.0039847253644237895,,,,46.8218211342348,0.41277792680227715,0.0009709612672149123,8
12,gaussian_score,affine,spatial_shuffle,0,3,endpoint,vector_correlation,nearest_neighbour,0.012494225412335998,0.9356227143198597,1.0868107866991537,1.4510436365762016,2.485725272778667,0.015338631152522608,0.0029009918590296546,8
12,gaussian_score,affine,spatial_shuffle,0,3,endpoint,vector_correlation,px,0.012494225412335998,74.51134035206486,86.54854328371988,115.54997712592619,197.94507895619168,0.015339038360613903,0.0029011192121920918,8
12,gaussian_score,affine,spatial_shuffle,0,3,endpoint,direction_correlation,nearest_neighbour,0.0066578383589178695,0.9679943553221011,1.1380219687278355,1.9521951597282536,5.629113460617324,0.007387352026492663,0.0016301151002726339,8
12,gaussian_score,affine,spatial_shuffle,0,3,endpoint,direction_correlation,px,0.0066578383589178695,77.08868660592205,90.62584502285887,155.4606620926772,448.27452783588444,0.007387358267513251,0.0016301620427748322,8
12,gaussian_score,affine,spatial_shuffle,0,3,start,vector_correlation,nearest_neighbour,0.010476999963236037,0.9764611702253279,1.1519580999902834,1.7464496010576718,3.4173126057959444,0.011875155047106912,0.002683254821345221,8
12,gaussian_score,affine,spatial_shuffle,0,3,start,vector_correlation,px,0.010476999963236037,77.76250910512613,91.73523890066662,139.07538932840873,272.1376644415029,0.011875184473428132,0.0026833514821848294,8
12,gaussian_score,affine,spatial_shuffle,0,3,start,direction_correlation,nearest_neighbour,0.004410191553387626,1.0263141129034539,1.2308242940759704,3.0849635013609236,8.361176271537945,0.006054755341361556,0.0014909614644841047,8
12,gaussian_score,affine,spatial_shuffle,0,3,start,direction_correlation,px,0.004410191553387626,81.7317050248893,98.0144143907327,245.67201116729694,665.8285163671944,0.0060547964434672155,0.0014909672919881463,8
12,gaussian_score,affine,spatial_shuffle,0,4,endpoint,vector_correlation,nearest_neighbour,-0.002280385420676585,,,,14.339292362645883,0.0026827572785087443,0.0011474218814825612,8
12,gaussian_score,affine,spatial_shuffle,0,4,endpoint,vector_correlation,px,-0.002280385420676585,,,,1140.2307918619238,0.002682710834978763,0.0011474314434768596,8
12,gaussian_score,affine,spatial_shuffle,0,4,endpoint,direction_correlation,nearest_neighbour,-0.01163398627238019,,,,4.287047115466188,0.006293804330418639,0.0006778449579776002,8
12,gaussian_score,affine,spatial_shuffle,0,4,endpoint,direction_correlation,px,-0.01163398627238019,,,,340.8665342106211,0.0062938856713658994,0.0006777993824942633,8
12,gaussian_score,affine,spatial_shuffle,0,4,start,vector_correlation,nearest_neighbour,-0.0008140942230599738,,,,8.389769738519472,0.002595457783533437,0.0016481500460718435,8
12,gaussian_score,affine,spatial_shuffle,0,4,start,vector_correlation,px,-0.0008140942230599738,,,,667.1569169385201,0.0025953530227493934,0.0016481614513760513,8
12,gaussian_score,affine,spatial_shuffle,0,4,start,direction_correlation,nearest_neighbour,-0.011802831550549713,,,,2.0121701396255847,0.011105008941358394,0.0007113913629835462,8
12,gaussian_score,affine,spatial_shuffle,0,4,start,direction_correlation,px,-0.011802831550549713,,,,159.99418373350505,0.011104984582178195,0.0007113327600643634,8
12,gaussian_score,affine,spatial_shuffle,0,5,endpoint,vector_correlation,nearest_neighbour,-0.007573752028607661,,,,0.8005801896496578,0.0649810434252681,0.0012112325431094552,8
12,gaussian_score,affine,spatial_shuffle,0,5,endpoint,vector_correlation,px,-0.007573752028607661,,,,63.59843659726379,0.06504031877919023,0.0012113249976395742,8
12,gaussian_score,affine,spatial_shuffle,0,5,endpoint,direction_correlation,nearest_neighbour,-0.009066111706740838,,,,1.1643243580407634,0.027663763457182293,0.0012678133554256464,8
12,gaussian_score,affine,spatial_shuffle,0,5,endpoint,direction_correlation,px,-0.009066111706740838,,,,92.53589762248436,0.02766045452137266,0.0012679666650424414,8
12,gaussian_score,affine,spatial_shuffle,0,5,start,vector_correlation,nearest_neighbour,-0.009896260223368139,,,,7.640594923134446,0.0035615797743530036,0.002187445602386661,8
12,gaussian_score,affine,spatial_shuffle,0,5,start,vector_correlation,px,-0.009896260223368139,,,,607.4642233689848,0.0035610590934296677,0.002187449493531569,8
12,gaussian_score,affine,spatial_shuffle,0,5,start,direction_correlation,nearest_neighbour,-0.010359356204080426,,,,2.03731204266936,0.008511704682909972,0.0009534035393750677,8
12,gaussian_score,affine,spatial_shuffle,0,5,start,direction_correlation,px,-0.010359356204080426,,,,161.64136874082442,0.008528308693820883,0.0009534626519381633,8
12,gaussian_score,affine,spatial_shuffle,0,6,endpoint,vector_correlation,nearest_neighbour,0.01753903576627775,1.2285541956304575,2.4482218272881298,0.9773641253685893,0.8126606032350773,0.03880381137109735,0.001740751172823548,8
12,gaussian_score,affine,spatial_shuffle,0,6,endpoint,vector_correlation,px,0.01753903576627775,97.62852314939208,194.54222176596014,77.6615619188976,64.57285838646008,0.038809800368758626,0.0017408056524073413,8
12,gaussian_score,affine,spatial_shuffle,0,6,endpoint,direction_correlation,nearest_neighbour,0.017430404805029,1.132649052225265,,1.3478007683959243,1.185009255971045,0.02805906079717756,0.0035161667270701045,8
12,gaussian_score,affine,spatial_shuffle,0,6,endpoint,direction_correlation,px,0.017430404805029,90.00817124744158,,107.0980637953528,94.1618873573179,0.02806133770295491,0.003516205184259619,8
12,gaussian_score,affine,spatial_shuffle,0,6,start,vector_correlation,nearest_neighbour,0.017311815138907137,1.447162965313829,2.8620662080674544,0.9592103672006762,0.6987397007767107,0.04552233759173137,0.0007663772556281933,8
12,gaussian_score,affine,spatial_shuffle,0,6,start,vector_correlation,px,0.017311815138907137,115.00013912447099,227.43212362055655,76.21796600731682,55.52077585947825,0.04553260295074278,0.0007664170804861875,8
12,gaussian_score,affine,spatial_shuffle,0,6,start,direction_correlation,nearest_neighbour,0.016575197651346255,2.0811153711505446,,1.3581936841016051,1.1261639101221692,0.029030527515581717,0.0015671764269702894,8
12,gaussian_score,affine,spatial_shuffle,0,6,start,direction_correlation,px,0.016575197651346255,165.37024709645985,,107.92238151550212,89.48443176654804,0.0290342603550168,0.0015670914832938473,8
12,gaussian_score,affine,spatial_shuffle,1,0,current,vector_correlation,nearest_neighbour,-0.0035286631072726066,,,,0.25337015626203213,4.689494419899068,0.0017827734586411256,8
12,gaussian_score,affine,spatial_shuffle,1,0,current,vector_correlation,px,-0.0035286631072726066,,,,20.241077740274328,4.69197035744176,0.0017827736067858924,8
12,gaussian_score,affine,spatial_shuffle,1,0,current,direction_correlation,nearest_neighbour,0.0021992575177105507,0.8143277875884267,0.8958266341826844,23.687154118687893,32.57003144237215,0.008047326992755337,0.003948726298885242,8
12,gaussian_score,affine,spatial_shuffle,1,0,current,direction_correlation,px,0.0021992575177105507,65.06225877729696,71.57168935330212,1892.4587104961656,2602.086414175886,0.008047359126946993,0.003948724585674444,8
12,gaussian_score,affine,spatial_shuffle,1,1,endpoint,vector_correlation,nearest_neighbour,0.0020488521796766207,1.5469417341698979,1.5876676776057483,4.875294188084401,12.998197610080203,0.0040759974195412624,0.0015222095473311577,8
12,gaussian_score,affine,spatial_shuffle,1,1,endpoint,vector_correlation,px,0.0020488521796766207,123.4512450694944,126.70237652956105,389.0632080956078,1037.0256098059428,0.0040761646050010165,0.001522190238954788,8
12,gaussian_score,affine,spatial_shuffle,1,1,endpoint,direction_correlation,nearest_neighbour,-0.010283746753823026,,,,0.6716358390491239,0.049529465371624254,4.040408879591184e-05,8
12,gaussian_score,affine,spatial_shuffle,1,1,endpoint,direction_correlation,px,-0.010283746753823026,,,,53.60314718723298,0.049514967868429065,4.040159355502496e-05,8
12,gaussian_score,affine,spatial_shuffle,1,1,start,vector_correlation,nearest_neighbour,-0.0006460685567497618,,,,2.0128954543748554,0.012197863509705961,0.00027622052009080417,8
12,gaussian_score,affine,spatial_shuffle,1,1,start,vector_correlation,px,-0.0006460685567497618,,,,160.6451899131082,0.01219701597584287,0.0002762629271179185,8
12,gaussian_score,affine,spatial_shuffle,1,1,start,direction_correlation,nearest_neighbour,-0.01289057805053068,,,,0.5576929173684501,0.10839938689929034,0.0002308027431018975,8
12,gaussian_score,affine,spatial_shuffle,1,1,start,direction_correlation,px,-0.01289057805053068,,,,44.50730868461931,0.10837916659088337,0.00023082320147172337,8
12,gaussian_score,affine,spatial_shuffle,1,2,endpoint,vector_correlation,nearest_neighbour,0.0071007671286348484,1.9851619505086637,2.2044305468130285,1.4457751506582746,3.1031948121501127,0.0075075137418644895,0.001210225986457168,8
12,gaussian_score,affine,spatial_shuffle,1,2,endpoint,vector_correlation,px,0.0071007671286348484,158.20110455661364,175.67288987571564,115.2087831563289,247.3257550994526,0.0075071951371455895,0.0012103101090214215,8
12,gaussian_score,affine,spatial_shuffle,1,2,endpoint,direction_correlation,nearest_neighbour,0.014247807276685545,1.1567027609927747,2.423364367638443,0.8051492425599656,0.5786354755125699,0.04478420282342784,0.0014427748409258892,8
12,gaussian_score,affine,spatial_shuffle,1,2,endpoint,direction_correlation,px,0.014247807276685545,92.1751507583154,193.11799957689107,64.15660798427191,46.10988985739315,0.044791525960659606,0.0014430853674547162,8
12,gaussian_score,affine,spatial_shuffle,1,2,start,vector_correlation,nearest_neighbour,0.010959152837946788,1.056989691187443,2.1665514023284227,0.8499873236591198,0.40061607972680663,0.05797332714481905,0.002228993262279836,8
12,gaussian_score,affine,spatial_shuffle,1,2,start,vector_correlation,px,0.010959152837946788,84.23502788010799,172.65251134729394,67.73010783464207,31.91152780474706,0.05803238992471411,0.0022290915215336087,8
12,gaussian_score,affine,spatial_shuffle,1,2,start,direction_correlation,nearest_neighbour,0.0168193943409518,1.0833516928718956,2.3860503033912526,0.6297134119968406,0.3327372928459059,0.1274068675703949,0.0018230814502764407,8
12,gaussian_score,affine,spatial_shuffle,1,2,start,direction_correlation,px,0.0168193943409518,86.33542224214332,190.14197800771151,50.17669803954734,26.50652885091159,0.12754287831657254,0.00182319147857583,8
12,gaussian_score,affine,spatial_shuffle,1,3,endpoint,vector_correlation,nearest_neighbour,0.004063245765698829,0.8271075231623374,0.915142281946481,2.290628253492239,4.335099308282024,0.006456393983791001,0.001981209987731285,8
12,gaussian_score,affine,spatial_shuffle,1,3,endpoint,vector_correlation,px,0.004063245765698829,65.87164175300178,72.88074134563054,182.40341550848612,345.21024334484474,0.006456531463077047,0.001981213736933262,8
12,gaussian_score,affine,spatial_shuffle,1,3,endpoint,direction_correlation,nearest_neighbour,0.0010851488837897117,0.7152126055883385,0.7381271287273515,5.463502273608637,11.379724393014081,0.0014476103103109026,0.000630905770142484,8
12,gaussian_score,affine,spatial_shuffle,1,3,endpoint,direction_correlation,px,0.0010851488837897117,56.962858085994064,58.78725309788642,435.0781528700926,906.1840350787363,0.001447630302799021,0.0006309004749614404,8
12,gaussian_score,affine,spatial_shuffle,1,3,start,vector_correlation,nearest_neighbour,0.0038058193286677386,0.841590369575616,0.9385956349256226,1.788620196546289,4.021472168836519,0.004919168662074344,0.0003865586305512944,8
12,gaussian_score,affine,spatial_shuffle,1,3,start,vector_correlation,px,0.0038058193286677386,67.02435398577119,74.74772762709749,142.43045942276984,320.230178716886,0.004919311758570153,0.00038652673807873067,8
12,gaussian_score,affine,spatial_shuffle,1,3,start,direction_correlation,nearest_neighbour,-0.0014272915144876754,,,,7.255137545669202,0.0024213211011704593,0.0003139598483476112,8
12,gaussian_score,affine,spatial_shuffle,1,3,start,direction_correlation,px,-0.0014272915144876754,,,,577.7264154474924,0.0024213861540726056,0.0003139444365347999,8
12,gaussian_score,affine,spatial_shuffle,1,4,endpoint,vector_correlation,nearest_neighbour,-0.003250327222305032,,,,,,,8
12,gaussian_score,affine,spatial_shuffle,1,4,endpoint,vector_correlation,px,-0.003250327222305032,,,,,,,8
12,gaussian_score,affine,spatial_shuffle,1,4,endpoint,direction_correlation,nearest_neighbour,0.002095469032430472,0.7551092873596101,0.8017643374278496,5.071446440222891,154.77101300521863,0.002434279443717793,0.00078352782692375,8
12,gaussian_score,affine,spatial_shuffle,1,4,endpoint,direction_correlation,px,0.002095469032430472,60.047421826325355,63.75630020584476,403.23267563941585,12305.212197294426,0.0024342857218689704,0.0007835276483878926,8
12,gaussian_score,affine,spatial_shuffle,1,4,start,vector_correlation,nearest_neighbour,-0.0018895760195472811,,,,,,,8
12,gaussian_score,affine,spatial_shuffle,1,4,start,vector_correlation,px,-0.0018895760195472811,,,,,,,8
12,gaussian_score,affine,spatial_shuffle,1,4,start,direction_correlation,nearest_neighbour,0.0014210982986246538,0.788251485864633,0.8556192972070502,8.52427864660256,662254.1651470795,0.0024194164950914346,0.0011018587642172982,8
12,gaussian_score,affine,spatial_shuffle,1,4,start,direction_correlation,px,0.0014210982986246538,62.682458269764254,68.03833470631717,677.7755451550707,52657825.93344549,0.0024194164952909677,0.0011018587641197558,8
12,gaussian_score,affine,spatial_shuffle,1,5,endpoint,vector_correlation,nearest_neighbour,-0.0005780751808658006,,,,4.06177373999586,0.003697792145398306,0.000807955836808832,8
12,gaussian_score,affine,spatial_shuffle,1,5,endpoint,vector_correlation,px,-0.0005780751808658006,,,,322.7724312694324,0.0036979151206885416,0.0008079562904781028,8
12,gaussian_score,affine,spatial_shuffle,1,5,endpoint,direction_correlation,nearest_neighbour,-0.0024788789623089434,,,,,,,8
12,gaussian_score,affine,spatial_shuffle,1,5,endpoint,direction_correlation,px,-0.0024788789623089434,,,,,,,8
12,gaussian_score,affine,spatial_shuffle,1,5,start,vector_correlation,nearest_neighbour,-0.001892680923605955,,,,3.849242781372192,0.003787056982195789,0.00031488840465349375,8
12,gaussian_score,affine,spatial_shuffle,1,5,start,vector_correlation,px,-0.001892680923605955,,,,305.83560718998206,0.003787270064219118,0.0003148859329014232,8
12,gaussian_score,affine,spatial_shuffle,1,5,start,direction_correlation,nearest_neighbour,-0.001288732675748391,,,,,,,8
12,gaussian_score,affine,spatial_shuffle,1,5,start,direction_correlation,px,-0.001288732675748391,,,,,,,8
12,gaussian_score,affine,spatial_shuffle,1,6,endpoint,vector_correlation,nearest_neighbour,-0.0015826719820006769,,,,6.321613503834036,0.006112967601439961,0.0016148921645814554,8
12,gaussian_score,affine,spatial_shuffle,1,6,endpoint,vector_correlation,px,-0.0015826719820006769,,,,502.3796251839548,0.006112749327262926,0.0016149147191480131,8
12,gaussian_score,affine,spatial_shuffle,1,6,endpoint,direction_correlation,nearest_neighbour,0.004002492792309799,0.7846257455712283,0.8508295331194439,7.065800999685868,9.079049909467479,0.007133801992166219,0.0023176670967623345,8
12,gaussian_score,affine,spatial_shuffle,1,6,endpoint,direction_correlation,px,0.004002492792309799,62.35522196213138,67.61558799096791,561.4841410050385,721.4418452801801,0.007133915869445631,0.002317639608461424,8
12,gaussian_score,affine,spatial_shuffle,1,6,start,vector_correlation,nearest_neighbour,-0.0028613185508653805,,,,0.8926378260167958,0.034730889742527506,0.001379909315842797,8
12,gaussian_score,affine,spatial_shuffle,1,6,start,vector_correlation,px,-0.0028613185508653805,,,,70.93464234317554,0.034727439959439915,0.0013798952242923411,8
12,gaussian_score,affine,spatial_shuffle,1,6,start,direction_correlation,nearest_neighbour,0.0014196258676506986,0.7379528943338585,0.7780664771890403,19.34582300597048,19.041036444045066,0.004938245313525465,0.0021867208128384962,8
12,gaussian_score,affine,spatial_shuffle,1,6,start,direction_correlation,px,0.0014196258676506986,58.64935125430296,61.83673395289575,1537.3334987245503,1512.97895542691,0.004938329223040786,0.0021867047351662584,8
12,gaussian_score,affine,time_shuffle,0,0,current,vector_correlation,nearest_neighbour,0.0035682493107019333,1.9543852302603235,2.1991276858025963,3.217249777282433,469051.3280966421,0.0025222114618633326,0.0013165606883824793,8
12,gaussian_score,affine,time_shuffle,0,0,current,vector_correlation,px,0.0035682493107019333,156.1472689293788,175.69934497358088,257.03096760938786,39205254.34030544,0.0025222111087548978,0.001316560668802382,8
12,gaussian_score,affine,time_shuffle,0,0,current,direction_correlation,nearest_neighbour,0.008130032915773192,1.115758456318908,1.5424850158482046,1.2503632014365236,0.3233663001487728,0.06534642135382696,0.0013501772927170656,8
12,gaussian_score,affine,time_shuffle,0,0,current,direction_correlation,px,0.008130032915773192,89.1379616071592,123.23439864875579,99.88860148931758,25.825981806080126,0.06540841115282603,0.0013501842879576295,8
12,gaussian_score,affine,time_shuffle,0,1,endpoint,vector_correlation,nearest_neighbour,0.005573626367086679,1.3830412601811493,1.5491546158369793,1.5208133254426783,4.103256625964252,0.006302638171810808,0.001062283108476522,8
12,gaussian_score,affine,time_shuffle,0,1,endpoint,vector_correlation,px,0.005573626367086679,110.36715315290093,123.62789829341752,121.36082479999037,327.4603954173484,0.006302589348243386,0.0010623188412790772,8
12,gaussian_score,affine,time_shuffle,0,1,endpoint,direction_correlation,nearest_neighbour,0.009194230653686221,1.0817104281939056,1.335709104681688,0.7364281781808546,0.24198462401736773,0.14904963575281363,0.002396862634562067,8
12,gaussian_score,affine,time_shuffle,0,1,endpoint,direction_correlation,px,0.009194230653686221,86.32101065938708,106.58865112606749,58.7637076012244,19.301975056507555,0.1492937889967365,0.0023968672114796762,8
12,gaussian_score,affine,time_shuffle,0,1,start,vector_correlation,nearest_neighbour,0.004420035539552176,1.5915103746449355,3.5983678167520483,1.4608425064535864,1.760772392468931,0.0060369490061559054,0.001028428942492326,8
12,gaussian_score,affine,time_shuffle,0,1,start,vector_correlation,px,0.004420035539552176,127.00915830727624,287.1703453575573,116.5756043509438,140.5116022705,0.006037201453425835,0.0010284160232257302,8
12,gaussian_score,affine,time_shuffle,0,1,start,direction_correlation,nearest_neighbour,0.009694648393791297,1.0431114784903204,1.257323830992858,0.550564590410022,,,,8
12,gaussian_score,affine,time_shuffle,0,1,start,direction_correlation,px,0.009694648393791297,83.24346703769143,100.33415077852209,43.93169815252253,,,,8
12,gaussian_score,affine,time_shuffle,0,2,endpoint,vector_correlation,nearest_neighbour,0.010164120867620004,2.338295717153826,2.504354342815416,2.309214262150773,2.8679361117963396,0.014081897470407488,0.0041324272916965585,8
12,gaussian_score,affine,time_shuffle,0,2,endpoint,vector_correlation,px,0.010164120867620004,186.3395496588288,199.5714520235299,184.01856230469863,228.5555070102305,0.014081765938243689,0.004132480766039106,8
12,gaussian_score,affine,time_shuffle,0,2,endpoint,direction_correlation,nearest_neighbour,0.007245639752676279,2.3895725478652032,4.622222381625718,3.5123057300744693,3.2886953124208578,0.010979691007609649,0.002471079416775127,8
12,gaussian_score,affine,time_shuffle,0,2,endpoint,direction_correlation,px,0.007245639752676279,190.42539593655806,368.3522591846933,279.89273733417104,262.0684829319524,0.010979979839143426,0.0024710622820277536,8
12,gaussian_score,affine,time_shuffle,0,2,start,vector_correlation,nearest_neighbour,0.010225713011788939,2.3221248295853063,2.503387514233448,2.266342227192903,2.8665288888671823,0.013651938372250065,0.0037167080569600244,8
12,gaussian_score,affine,time_shuffle,0,2,start,vector_correlation,px,0.010225713011788939,185.04845618383473,199.49129696609458,180.5973307690949,228.43596910204346,0.01365219524550596,0.003716723337362659,8
12,gaussian_score,affine,time_shuffle,0,2,start,direction_correlation,nearest_neighbour,0.007802730014039426,2.379827096934782,4.659589436871097,3.1590597660610187,3.225174536097373,0.01060453507251604,0.0016372860703967981,8
12,gaussian_score,affine,time_shuffle,0,2,start,direction_correlation,px,0.007802730014039426,189.646118751404,371.32972619013316,251.7395972203272,257.00639677450124,0.010604861085996604,0.0016373027941330824,8
12,gaussian_score,affine,time_shuffle,0,3,endpoint,vector_correlation,nearest_neighbour,0.011567747324854515,2.4479760732120655,3.0098967100908833,1.8177000904408556,2.894907846607248,0.01672416716991748,0.003126490908299765,8
12,gaussian_score,affine,time_shuffle,0,3,endpoint,vector_correlation,px,0.011567747324854515,194.93671433811153,239.69039860483076,144.74097382487335,230.5156323629973,0.01672490971175096,0.0031265284040819935,8
12,gaussian_score,affine,time_shuffle,0,3,endpoint,direction_correlation,nearest_neighbour,0.012437352325854472,2.3556570667302905,3.4472124659928824,1.3333060665751182,1.9994398534952877,0.016983443178131837,0.0030082413418444204,8
12,gaussian_score,affine,time_shuffle,0,3,endpoint,direction_correlation,px,0.012437352325854472,187.58613099194935,274.52169399005425,106.16844440501232,159.21656557872578,0.016984163662490715,0.0030083717384169492,8
12,gaussian_score,affine,time_shuffle,0,3,start,vector_correlation,nearest_neighbour,0.009607985101616081,2.52183388459725,3.150260022850063,2.258776848380093,3.536180412576534,0.015414121002158651,0.003572255706337309,8
12,gaussian_score,affine,time_shuffle,0,3,start,vector_correlation,px,0.009607985101616081,200.81733644244505,250.87049668081676,179.86404840246584,281.56666286865067,0.01541492874045592,0.0035722230592861934,8
12,gaussian_score,affine,time_shuffle,0,3,start,direction_correlation,nearest_neighbour,0.009066829209943969,2.5564913780767484,3.471163800011385,2.063707200009322,3.281466019619599,0.013766981346592492,0.002508896213839758,8
12,gaussian_score,affine,time_shuffle,0,3,start,direction_correlation,px,0.009066829209943969,203.57758451579392,276.43007157636964,164.33094405576483,261.28681569439243,0.013767718374221978,0.0025088666716341582,8
12,gaussian_score,affine,time_shuffle,0,4,endpoint,vector_correlation,nearest_neighbour,-0.0010170816508981203,,,,751.2078552982553,0.0021023169578640124,0.0018629729839329597,8
12,gaussian_score,affine,time_shuffle,0,4,endpoint,vector_correlation,px,-0.0010170816508981203,,,,59840.37800379311,0.002102299123481517,0.0018629730295805743,8
12,gaussian_score,affine,time_shuffle,0,4,endpoint,direction_correlation,nearest_neighbour,-0.0039172203833637885,,,,3.149557303280422,0.010997368768235441,0.0016185661813528753,8
12,gaussian_score,affine,time_shuffle,0,4,endpoint,direction_correlation,px,-0.0039172203833637885,,,,250.37469212074924,0.01099896860376599,0.0016185173597133388,8
12,gaussian_score,affine,time_shuffle,0,4,start,vector_correlation,nearest_neighbour,-0.00029155658761757797,,,,11.705211422901197,0.0035323891628765247,0.0014222599234087825,8
12,gaussian_score,affine,time_shuffle,0,4,start,vector_correlation,px,-0.00029155658761757797,,,,930.7030888512671,0.003532402990182485,0.0014222581324471247,8
12,gaussian_score,affine,time_shuffle,0,4,start,direction_correlation,nearest_neighbour,-0.002539947750921429,,,,3.965533058083572,0.009151334977669581,0.0012318464398002379,8
12,gaussian_score,affine,time_shuffle,0,4,start,direction_correlation,px,-0.002539947750921429,,,,315.3055555859253,0.009151434804389852,0.001231818724043813,8
12,gaussian_score,affine,time_shuffle,0,5,endpoint,vector_correlation,nearest_neighbour,0.0014202150493677224,2.794890750689252,2.956191978100605,10.431151464891007,3.2742259418414337,0.00795596116059219,0.004348677036939414,8
12,gaussian_score,affine,time_shuffle,0,5,endpoint,vector_correlation,px,0.0014202150493677224,222.10952505871543,234.93102997695905,828.9322247715098,260.18550265455275,0.00795636913646592,0.004348655994598906,8
12,gaussian_score,affine,time_shuffle,0,5,endpoint,direction_correlation,nearest_neighbour,-0.003631243891902147,,,,0.7713833048661181,0.07421550171772816,0.0012835707414845991,8
12,gaussian_score,affine,time_shuffle,0,5,endpoint,direction_correlation,px,-0.003631243891902147,,,,61.29523191283454,0.07423352740181592,0.0012835665971796624,8
12,gaussian_score,affine,time_shuffle,0,5,start,vector_correlation,nearest_neighbour,0.002096778882959326,2.63315119039958,2.9801293496881076,5.910454520303803,2.938433509268069,0.007056013416307847,0.0032514785063250122,8
12,gaussian_score,affine,time_shuffle,0,5,start,vector_correlation,px,0.002096778882959326,209.2540731451349,236.83395396204057,469.6881035411862,233.5062237044794,0.0070562822151718765,0.0032514674041333965,8
12,gaussian_score,affine,time_shuffle,0,5,start,direction_correlation,nearest_neighbour,-0.0005395697229642236,,,,3.0038417469721015,0.012211372117032148,0.00015865857455944955,8
12,gaussian_score,affine,time_shuffle,0,5,start,direction_correlation,px,-0.0005395697229642236,,,,238.71997080404591,0.012211345463531122,0.00015864700090631434,8
12,gaussian_score,affine,time_shuffle,0,6,endpoint,vector_correlation,nearest_neighbour,0.0075792773197923624,1.4292109556483912,1.7177948935419451,1.860431156418231,4.271660180632567,0.008476754728442034,0.0016454317334366675,8
12,gaussian_score,affine,time_shuffle,0,6,endpoint,vector_correlation,px,0.0075792773197923624,113.57302258546105,136.504679416661,147.83934001712723,339.43847377803456,0.00847690303175297,0.0016453963441979795,8
12,gaussian_score,affine,time_shuffle,0,6,endpoint,direction_correlation,nearest_neighbour,0.007050337261479522,3.1268020560723753,5.593547361884998,2.139907275312333,2.2970800195954357,0.009888629642690841,0.0017072617313923096,8
12,gaussian_score,affine,time_shuffle,0,6,endpoint,direction_correlation,px,0.007050337261479522,248.47419759737062,444.49573959337465,170.04511961192912,182.5302863059821,0.009889043898022606,0.0017072040488877518,8
12,gaussian_score,affine,time_shuffle,0,6,start,vector_correlation,nearest_neighbour,0.008652997317936064,1.3696696779677593,3.3874405319020857,1.7304970607939512,3.0768980235739063,0.00803235680054682,0.0025081514728961408,8
12,gaussian_score,affine,time_shuffle,0,6,start,vector_correlation,px,0.008652997317936064,108.84359735528557,269.18890481064057,137.5138179124665,244.50958245262933,0.008032366322882635,0.002508177511260853,8
12,gaussian_score,affine,time_shuffle,0,6,start,direction_correlation,nearest_neighbour,0.010395680306930609,1.3681686221088372,3.4297970659465484,1.4851375942333644,2.2120244393082555,0.011619616081190958,0.002071121627813765,8
12,gaussian_score,affine,time_shuffle,0,6,start,direction_correlation,px,0.010395680306930609,108.72434427660193,272.5554045496375,118.01406606635545,175.76520575705086,0.011620343651121086,0.0020711300101555687,8
12,gaussian_score,affine,time_shuffle,1,0,current,vector_correlation,nearest_neighbour,0.007010851972171053,1.7116173474835927,3.066954243463125,1.7907431596303713,1.673045448727271,0.015136424019032195,0.004495896569169407,8
12,gaussian_score,affine,time_shuffle,1,0,current,vector_correlation,px,0.007010851972171053,136.75137448731505,245.03569198574036,143.06301260889794,133.63795143364538,0.015139149281047601,0.004495647189021555,8
12,gaussian_score,affine,time_shuffle,1,0,current,direction_correlation,nearest_neighbour,0.0035809274268852353,1.9965051607606947,2.4295267182728963,3.311346921372606,21.3379565414127,0.008159748620326842,0.00694903554755318,8
12,gaussian_score,affine,time_shuffle,1,0,current,direction_correlation,px,0.0035809274268852353,159.51216155618144,194.105548316555,264.5504044629953,1697.0243112678484,0.008161903294328195,0.006949008061767772,8
12,gaussian_score,affine,time_shuffle,1,1,endpoint,vector_correlation,nearest_neighbour,-0.0036260662593464573,,,,0.5195587970142566,0.30255176321845423,0.0009455154974307952,8
12,gaussian_score,affine,time_shuffle,1,1,endpoint,vector_correlation,px,-0.0036260662593464573,,,,41.459840069249054,0.302659829955218,0.0009455192779896253,8
12,gaussian_score,affine,time_shuffle,1,1,endpoint,direction_correlation,nearest_neighbour,-0.004186019222498367,,,,1.3073730036009121,0.03626942983442933,0.0005707334564285897,8
12,gaussian_score,affine,time_shuffle,1,1,endpoint,direction_correlation,px,-0.004186019222498367,,,,104.35008999318103,0.03626172327354119,0.000570746518486459,8
12,gaussian_score,affine,time_shuffle,1,1,start,vector_correlation,nearest_neighbour,-0.0022066726204141565,,,,2.7737949336508514,0.010872969548326889,0.00020995473466682116,8
12,gaussian_score,affine,time_shuffle,1,1,start,vector_correlation,px,-0.0022066726204141565,,,,221.35636981235587,0.010873147597150223,0.00020998785593510534,8
12,gaussian_score,affine,time_shuffle,1,1,start,direction_correlation,nearest_neighbour,-0.00229526825335837,,,,1.8952393440300357,0.01904735480376993,0.0016202107848751882,8
12,gaussian_score,affine,time_shuffle,1,1,start,direction_correlation,px,-0.00229526825335837,,,,151.2339450270104,0.019049773499795038,0.0016201293951007506,8
12,gaussian_score,affine,time_shuffle,1,2,endpoint,vector_correlation,nearest_neighbour,0.0007669488490558738,1.510955810790965,1.55107829289474,12.0065419199074,92.37483670183632,0.0016407544739455552,0.0006840019052581111,8
12,gaussian_score,affine,time_shuffle,1,2,endpoint,vector_correlation,px,0.0007669488490558738,120.40819711353046,123.60638424067677,956.7935142918881,7360.110905375127,0.001640764892726706,0.0006840013641209306,8
12,gaussian_score,affine,time_shuffle,1,2,endpoint,direction_correlation,nearest_neighbour,0.0033414722827723098,0.7824946317608843,0.8449969065279815,3.1429234836130915,6.668019242497309,0.0027194395380478902,0.0009243150133769894,8
12,gaussian_score,affine,time_shuffle,1,2,endpoint,direction_correlation,px,0.0033414722827723098,62.36219729998376,67.34171875638863,250.45313088128302,531.37441415543,0.0027194770337565046,0.0009243141881802803,8
12,gaussian_score,affine,time_shuffle,1,2,start,vector_correlation,nearest_neighbour,0.0036061394635826896,1.0839652727518294,1.3177879488333726,2.7837043600527407,14.776481611185384,0.0023477512095498904,0.0011000332995076145,8
12,gaussian_score,affine,time_shuffle,1,2,start,vector_correlation,px,0.0036061394635826896,86.38430926278377,105.01522238553171,221.82974300720912,1177.6245397849045,0.0023477245755202727,0.0011000377201948552,8
12,gaussian_score,affine,time_shuffle,1,2,start,direction_correlation,nearest_neighbour,0.006279873019826523,0.8305342027168863,0.9204593938564845,1.6781263691672308,4.351552039683856,0.007436788819011984,0.0003881981602254392,8
12,gaussian_score,affine,time_shuffle,1,2,start,direction_correlation,px,0.006279873019826523,66.19217070526628,73.35696671489387,133.72493755263764,346.7732457125902,0.007436992130768071,0.00038819353563946605,8
12,gaussian_score,affine,time_shuffle,1,3,endpoint,vector_correlation,nearest_neighbour,0.00275546642153825,2.1289500062733477,2.2516267959200857,3.747021579570019,3.7029947060315145,0.006296640998212701,0.0022846807626979468,8
12,gaussian_score,affine,time_shuffle,1,3,endpoint,vector_correlation,px,0.00275546642153825,169.53536109570746,179.30307850627088,298.37404868595706,294.8412121060464,0.006297120311103872,0.0022846298773151223,8
12,gaussian_score,affine,time_shuffle,1,3,endpoint,direction_correlation,nearest_neighbour,-0.0060457507031467855,,,,0.434079659469699,0.2121461722797967,0.0007813610788274055,8
12,gaussian_score,affine,time_shuffle,1,3,endpoint,direction_correlation,px,-0.0060457507031467855,,,,34.573428965403,0.21202744577098007,0.0007813559982363325,8
12,gaussian_score,affine,time_shuffle,1,3,start,vector_correlation,nearest_neighbour,0.004407893743916375,1.9563386624872616,2.1336761839542406,2.676240658080406,2.5191646804632803,0.009123477401565496,0.002420444172357154,8
12,gaussian_score,affine,time_shuffle,1,3,start,vector_correlation,px,0.004407893743916375,155.79061957712253,169.91085624136556,213.10622329139898,200.59093119623697,0.009124193434216258,0.0024203676933191257,8
12,gaussian_score,affine,time_shuffle,1,3,start,direction_correlation,nearest_neighbour,-0.005013965200159809,,,,1.0866914097976468,0.03474910198287047,0.000758655972376672,8
12,gaussian_score,affine,time_shuffle,1,3,start,direction_correlation,px,-0.005013965200159809,,,,86.54361799063766,0.03474565074364436,0.0007586396651394709,8
12,gaussian_score,affine,time_shuffle,1,4,endpoint,vector_correlation,nearest_neighbour,0.0048502051458054795,0.807022792188834,0.8838902928396299,2.485092492361175,25.848197950695376,0.006154071857810509,0.001375780069916917,8
12,gaussian_score,affine,time_shuffle,1,4,endpoint,vector_correlation,px,0.0048502051458054795,64.17432503154252,70.28496494800268,197.59132879503446,2055.0380743777696,0.0061541412772354006,0.0013757740557045932,8
12,gaussian_score,affine,time_shuffle,1,4,endpoint,direction_correlation,nearest_neighbour,0.0033995266712268358,0.7770854176396144,0.8365300636379418,1.5540421992958808,2.8837181136557333,0.005324935736770775,0.0011978418363779435,8
12,gaussian_score,affine,time_shuffle,1,4,endpoint,direction_correlation,px,0.0033995266712268358,61.79443087125821,66.52002782161856,123.5582921454389,229.2858911253975,0.005325175049593303,0.0011978195821343697,8
12,gaussian_score,affine,time_shuffle,1,4,start,vector_correlation,nearest_neighbour,0.004564872951086718,0.7843697896906994,0.8494785442767432,2.9535787329538437,11.827670074146365,0.007947946212756124,0.0037172889688501447,8
12,gaussian_score,affine,time_shuffle,1,4,start,vector_correlation,px,0.004564872951086718,62.37385562025619,67.55013250311725,234.83498169145105,940.3244655101917,0.00794816455432744,0.0037172684738602906,8
12,gaussian_score,affine,time_shuffle,1,4,start,direction_correlation,nearest_neighbour,0.004230870276111952,0.7744465097549692,0.8337801465626744,1.5523625062351143,4.805505873707422,0.00722129524041986,0.0023320580884018255,8
12,gaussian_score,affine,time_shuffle,1,4,start,direction_correlation,px,0.004230870276111952,61.58493491581241,66.30207832512025,123.42010207347212,381.1523007999196,0.007226422683276375,0.0023320338503111052,8
12,gaussian_score,affine,time_shuffle,1,5,endpoint,vector_correlation,nearest_neighbour,0.003469738917013094,1.24129738921546,1.3659602978592067,5.360887057065787,9.936629248327687,0.0037745686807996574,0.0016987520481175453,8
12,gaussian_score,affine,time_shuffle,1,5,endpoint,vector_correlation,px,0.003469738917013094,98.64893194392604,108.55585470548598,426.0391630953978,789.6350996844358,0.0037746462341281075,0.0016987392732078716,8
12,gaussian_score,affine,time_shuffle,1,5,endpoint,direction_correlation,nearest_neighbour,0.0029473431332033,0.9520428546452057,1.1147610755160846,7.590897687653712,10.640969481108336,0.0041445298877923935,0.0020026408001836984,8
12,gaussian_score,affine,time_shuffle,1,5,endpoint,direction_correlation,px,0.0029473431332033,75.66473477813264,88.59434252488705,603.2536004921849,845.5880667010761,0.004144644961983627,0.002002623499666663,8
12,gaussian_score,affine,time_shuffle,1,5,start,vector_correlation,nearest_neighbour,0.006710041540520823,1.381262552962146,1.4699540930268704,3.178994573003033,3.8308792818925212,0.008058689906180597,0.0010042323299912182,8
12,gaussian_score,affine,time_shuffle,1,5,start,vector_correlation,px,0.006710041540520823,109.77075195379217,116.81896780326699,252.63737965715939,304.4367490300084,0.008058857912957984,0.0010041875607920922,8
12,gaussian_score,affine,time_shuffle,1,5,start,direction_correlation,nearest_neighbour,0.006594566166770646,1.048084075032472,1.2677033456639988,3.36386311276983,5.557790313652839,0.00593059272575873,0.0018146860192961112,8
12,gaussian_score,affine,time_shuffle,1,5,start,direction_correlation,px,0.006594566166770646,83.29478475502765,100.7463433205601,267.32938935376745,441.6771695684,0.0059306636320733365,0.0018146755982695736,8
12,gaussian_score,affine,time_shuffle,1,6,endpoint,vector_correlation,nearest_neighbour,0.003826707084219982,2.054583497284016,2.1358943194743896,2.8479032401358926,4.5210448942885835,0.008354694545300918,0.0026313632034333347,8
12,gaussian_score,affine,time_shuffle,1,6,endpoint,vector_correlation,px,0.003826707084219982,163.26504250664453,169.72572727111873,226.2924107143591,357.32035103671075,0.008367751971021761,0.002631344761085748,8
12,gaussian_score,affine,time_shuffle,1,6,endpoint,direction_correlation,nearest_neighbour,0.01315286193185162,1.6210280329463558,1.9148332990654535,0.9361781948472628,1.1360824672302252,0.026113317638781868,0.0033003232787105073,8
12,gaussian_score,affine,time_shuffle,1,6,endpoint,direction_correlation,px,0.01315286193185162,128.81532409076226,152.1609612522576,74.38768586812276,90.27095238809075,0.02611641225204367,0.003300270524010497,8
12,gaussian_score,affine,time_shuffle,1,6,start,vector_correlation,nearest_neighbour,0.0019194166798162,2.078824930314094,2.1349602648954997,5.061012554433837,5.066583664335522,0.006710883841603116,0.0032607613790055973,8
12,gaussian_score,affine,time_shuffle,1,6,start,vector_correlation,px,0.0019194166798162,165.18824405396583,169.64887081307845,402.12308124184875,399.00144600190407,0.006727054931346443,0.0032607664772175524,8
12,gaussian_score,affine,time_shuffle,1,6,start,direction_correlation,nearest_neighbour,0.013393038050592436,1.560473455981608,2.0246488658802835,0.7743515317303769,0.8808868893691234,0.029571820310645945,0.0013608657281666938,8
12,gaussian_score,affine,time_shuffle,1,6,start,direction_correlation,px,0.013393038050592436,124.00221907970283,160.88330484733436,61.526768587801485,69.99177176560923,0.029577862771554473,0.0013609894110180138,8
12,gaussian_score,affine,wrong_movie,0,0,current,vector_correlation,nearest_neighbour,-0.003973774895798145,,,,14.123897427116553,0.003217763474229833,0.0015614381800612728,8
12,gaussian_score,affine,wrong_movie,0,0,current,vector_correlation,px,-0.003973774895798145,,,,1128.5764655944313,0.0032176673123246627,0.0015614441995900695,8
12,gaussian_score,affine,wrong_movie,0,0,current,direction_correlation,nearest_neighbour,-0.004331153542448325,,,,2.4704967728964404,0.011268727184479433,0.0007808217727734573,8
12,gaussian_score,affine,wrong_movie,0,0,current,direction_correlation,px,-0.004331153542448325,,,,197.38893557957547,0.01126807962753989,0.0007808581623945772,8
12,gaussian_score,affine,wrong_movie,0,1,endpoint,vector_correlation,nearest_neighbour,0.0014282754597624426,0.7866593987542844,0.8521034070886234,5.3744837252801725,78.94089162323284,0.001680483426819333,0.0005813597259138791,8
12,gaussian_score,affine,wrong_movie,0,1,endpoint,vector_correlation,px,0.0014282754597624426,62.78136106912056,68.00259017955169,428.8888560189927,6299.78663211588,0.0016804833089673775,0.0005813599393176804,8
12,gaussian_score,affine,wrong_movie,0,1,endpoint,direction_correlation,nearest_neighbour,-0.006482058444633918,,,,,,,8
12,gaussian_score,affine,wrong_movie,0,1,endpoint,direction_correlation,px,-0.006482058444633918,,,,,,,8
12,gaussian_score,affine,wrong_movie,0,1,start,vector_correlation,nearest_neighbour,0.0026057529397767077,0.8385442350255895,0.9337032168431874,3.1103162550946317,14.951298844227317,0.002844913084348613,0.00040998287812603535,8
12,gaussian_score,affine,wrong_movie,0,1,start,vector_correlation,px,0.0026057529397767077,66.92230711883097,74.51445595779559,248.20478082818502,1193.1545999110178,0.002844929813196211,0.0004099839573877523,8
12,gaussian_score,affine,wrong_movie,0,1,start,direction_correlation,nearest_neighbour,-0.0069735268547393035,,,,,,,8
12,gaussian_score,affine,wrong_movie,0,1,start,direction_correlation,px,-0.0069735268547393035,,,,,,,8
12,gaussian_score,affine,wrong_movie,0,2,endpoint,vector_correlation,nearest_neighbour,0.0010539200123158951,0.7298253251714971,0.7616752903366119,3.2562881130793797,3.889487985452709,0.0017722109261984107,0.0006256271099613735,8
12,gaussian_score,affine,wrong_movie,0,2,endpoint,vector_correlation,px,0.0010539200123158951,58.166062947544404,60.70353195193537,259.49510160096787,309.95422620803674,0.0017722385127134754,0.000625629954766449,8
12,gaussian_score,affine,wrong_movie,0,2,endpoint,direction_correlation,nearest_neighbour,-0.0006924756555958141,,,,2.851069329866651,0.005636400542290414,0.0008411374580971652,8
12,gaussian_score,affine,wrong_movie,0,2,endpoint,direction_correlation,px,-0.0006924756555958141,,,,227.22652372065954,0.0056357732409257335,0.0008411660134798961,8
12,gaussian_score,affine,wrong_movie,0,2,start,vector_correlation,nearest_neighbour,0.0021045607411372693,0.7887993735604374,0.8544358662658116,2.000486728032288,4.713272567887175,0.002369502716295731,0.0003137894612671817,8
12,gaussian_score,affine,wrong_movie,0,2,start,vector_correlation,px,0.0021045607411372693,62.86694521935745,68.09653745109787,159.41519691068683,375.58415792951416,0.002369574293362967,0.00031377864317322054,8
12,gaussian_score,affine,wrong_movie,0,2,start,direction_correlation,nearest_neighbour,-4.255572020146238e-05,,,,0.9683005191143762,0.04893072535091323,4.7572727460503936e-05,8
12,gaussian_score,affine,wrong_movie,0,2,start,direction_correlation,px,-4.255572020146238e-05,,,,77.17815143898106,0.048895760824558765,4.7524843905075575e-05,8
12,gaussian_score,affine,wrong_movie,0,3,endpoint,vector_correlation,nearest_neighbour,-0.0020106249041186167,,,,4.436797948950753,0.005940357377851305,0.0018588987780296588,8
12,gaussian_score,affine,wrong_movie,0,3,endpoint,vector_correlation,px,-0.0020106249041186167,,,,353.3028320541522,0.005940524459384964,0.0018588610219241704,8
12,gaussian_score,affine,wrong_movie,0,3,endpoint,direction_correlation,nearest_neighbour,-0.004226597432011506,,,,,,,8
12,gaussian_score,affine,wrong_movie,0,3,endpoint,direction_correlation,px,-0.004226597432011506,,,,,,,8
12,gaussian_score,affine,wrong_movie,0,3,start,vector_correlation,nearest_neighbour,-0.0018210497061629121,,,,39.081612496628644,0.002175663456633577,0.002334295379523636,8
12,gaussian_score,affine,wrong_movie,0,3,start,vector_correlation,px,-0.0018210497061629121,,,,3110.90590690991,0.00217574604615041,0.0023342928546600064,8
12,gaussian_score,affine,wrong_movie,0,3,start,direction_correlation,nearest_neighbour,-0.003412471948652821,,,,,,,8
12,gaussian_score,affine,wrong_movie,0,3,start,direction_correlation,px,-0.003412471948652821,,,,,,,8
12,gaussian_score,affine,wrong_movie,0,4,endpoint,vector_correlation,nearest_neighbour,0.010410846315993703,1.9071697681154771,2.319962317095453,1.2889513748383932,1.417829107514215,0.016157093763688842,0.0005285729370070464,8
12,gaussian_score,affine,wrong_movie,0,4,endpoint,vector_correlation,px,0.010410846315993703,151.64580526683542,184.4627065278481,102.48107429092548,112.7305395086437,0.01615823031735156,0.0005287293457108198,8
12,gaussian_score,affine,wrong_movie,0,4,endpoint,direction_correlation,nearest_neighbour,0.0051931246660268686,1.2262445149675791,1.6047461027572723,1.3699627668370704,3.5698949423796633,0.00487605547799059,0.0011383956070179586,8
12,gaussian_score,affine,wrong_movie,0,4,endpoint,direction_correlation,px,0.0051931246660268686,97.500671945002,127.59937945200002,108.92546005529398,283.87455499006757,0.004875954330517678,0.0011384438053900544,8
12,gaussian_score,affine,wrong_movie,0,4,start,vector_correlation,nearest_neighbour,0.009996597783868995,1.6295406393468455,2.2143630691307052,1.2674601246331354,1.2552211198695182,0.016814846436509368,0.0009652475271903608,8
12,gaussian_score,affine,wrong_movie,0,4,start,vector_correlation,px,0.009996597783868995,129.57071888059602,176.065753634419,100.77396775062394,99.81256325304325,0.016814886644337595,0.0009652797916444047,8
12,gaussian_score,affine,wrong_movie,0,4,start,direction_correlation,nearest_neighbour,0.006228044935550655,1.083171058997988,1.368333220677387,1.099959380813458,0.23575070937878498,0.10794533358792423,0.0014010718814864702,8
12,gaussian_score,affine,wrong_movie,0,4,start,direction_correlation,px,0.006228044935550655,86.12915723397178,108.80123070386054,87.45943352837489,18.7426800022044,0.1080290012813509,0.001401071910169301,8
12,gaussian_score,affine,wrong_movie,0,5,endpoint,vector_correlation,nearest_neighbour,0.006393660273008335,0.7997782160005598,0.8738819639003796,1.5795922370729725,2.5109802226501774,0.009232401278218637,0.0009216144814500855,8
12,gaussian_score,affine,wrong_movie,0,5,endpoint,vector_correlation,px,0.006393660273008335,63.56576982608338,69.45406179351676,125.52533972256684,199.5400760597377,0.009232846368627317,0.0009216048038839908,8
12,gaussian_score,affine,wrong_movie,0,5,endpoint,direction_correlation,nearest_neighbour,0.002092504993620444,0.7295696971553478,0.7628137224634582,2.0424728854162413,3.2874799027496464,0.0037576262187198643,0.0013732644759538873,8
12,gaussian_score,affine,wrong_movie,0,5,endpoint,direction_correlation,px,0.002092504993620444,57.986993188219685,60.62856709958962,162.3056954304457,261.2470702573595,0.0037577574329906304,0.0013732624483302335,8
12,gaussian_score,affine,wrong_movie,0,5,start,vector_correlation,nearest_neighbour,0.005937658212032584,0.7932144963497559,0.8645056088983433,1.5780808404194155,2.5770113743588228,0.00840092227168559,0.0006628995275241753,8
12,gaussian_score,affine,wrong_movie,0,5,start,vector_correlation,px,0.005937658212032584,63.0421385907639,68.70712883622843,125.40825177573745,204.7892102886176,0.00840121088033827,0.0006628606585897471,8
12,gaussian_score,affine,wrong_movie,0,5,start,direction_correlation,nearest_neighbour,0.0007592897773574201,0.6937359013739508,0.7071327888145315,4.982810029612635,6.275974261606741,0.0020508999252563916,0.0010325759153272723,8
12,gaussian_score,affine,wrong_movie,0,5,start,direction_correlation,px,0.0007592897773574201,55.13729253037483,56.20184649730516,395.9807258941895,498.7230392487729,0.002050953646919836,0.0010325677504288886,8
12,gaussian_score,affine,wrong_movie,0,6,endpoint,vector_correlation,nearest_neighbour,8.939759308064708e-05,1.5751283062770702,1.5763104530509864,53.68241047735015,5.211294591871314,0.003876245885760103,0.003926233987380665,8
12,gaussian_score,affine,wrong_movie,0,6,endpoint,vector_correlation,px,8.939759308064708e-05,125.1680082064868,125.26194477253904,4265.599246812786,404.37352800842257,0.003899159055728655,0.003926252576961877,8
12,gaussian_score,affine,wrong_movie,0,6,endpoint,direction_correlation,nearest_neighbour,0.0006362749595217628,1.5158153337341627,1.5290178725348182,8.490690226721114,176827.54582196972,0.002459361851491172,0.0016323249674205886,8
12,gaussian_score,affine,wrong_movie,0,6,endpoint,direction_correlation,px,0.0006362749595217628,120.45483968463358,121.50394897078141,674.7064694947696,13431834.38335099,0.0024593625351362917,0.0016323250173316606,8
12,gaussian_score,affine,wrong_movie,0,6,start,vector_correlation,nearest_neighbour,-0.0005381918106368425,,,,0.3830482525002318,0.2386680765155887,9.997302600899364e-05,8
12,gaussian_score,affine,wrong_movie,0,6,start,vector_correlation,px,-0.0005381918106368425,,,,30.435357354580148,0.2387967207522854,9.997302542885539e-05,8
12,gaussian_score,affine,wrong_movie,0,6,start,direction_correlation,nearest_neighbour,0.00028960405752130597,1.485890020290749,1.4925191409070238,18.40934317820725,337662.2047207602,0.0021637845182520057,0.001387449166185734,8
12,gaussian_score,affine,wrong_movie,0,6,start,direction_correlation,px,0.00028960405752130597,118.07685376296851,118.60351174025631,1462.8616617768917,26833580.333069254,0.0021637845153436117,0.0013874491659298493,8
12,gaussian_score,affine,wrong_movie,1,0,current,vector_correlation,nearest_neighbour,0.0003114972242686024,0.6948706932365811,0.7068482934477733,40.06933607026044,414640.05427250935,0.0024204387628801874,0.0017005086169293805,8
12,gaussian_score,affine,wrong_movie,1,0,current,vector_correlation,px,0.0003114972242686024,55.521048134575715,56.477716361183404,3201.3353531255902,53831694.11528404,0.002420433222668528,0.0017005078770789316,8
12,gaussian_score,affine,wrong_movie,1,0,current,direction_correlation,nearest_neighbour,-0.0008645599265397595,,,,2.9133149086960244,0.008463515026441647,0.0010388481182650841,8
12,gaussian_score,affine,wrong_movie,1,0,current,direction_correlation,px,-0.0008645599265397595,,,,232.5004756007917,0.008471412141669655,0.001038861306283312,8
12,gaussian_score,affine,wrong_movie,1,1,endpoint,vector_correlation,nearest_neighbour,0.016631454526602755,0.9536794723943344,1.116325273166782,0.2971803718324862,,,,8
12,gaussian_score,affine,wrong_movie,1,1,endpoint,vector_correlation,px,0.016631454526602755,76.10649338773815,89.08263912355639,23.709531979360168,,,,8
12,gaussian_score,affine,wrong_movie,1,1,endpoint,direction_correlation,nearest_neighbour,0.011613461782036004,0.9132774487243943,1.052410212810554,0.2971803718324862,,,,8
12,gaussian_score,affine,wrong_movie,1,1,endpoint,direction_correlation,px,0.011613461782036004,72.8831544224943,83.98339196219634,23.709531979360168,,,,8
12,gaussian_score,affine,wrong_movie,1,1,start,vector_correlation,nearest_neighbour,0.016580409110084883,0.9437763902601488,1.1001780352379171,0.30328893611791274,,,,8
12,gaussian_score,affine,wrong_movie,1,1,start,vector_correlation,px,0.016580409110084883,75.31813239906799,87.7964559860752,24.197656164757714,,,,8
12,gaussian_score,affine,wrong_movie,1,1,start,direction_correlation,nearest_neighbour,0.010435821875987236,0.8979859886345509,1.02773868646803,0.29775291602584514,,,,8
12,gaussian_score,affine,wrong_movie,1,1,start,direction_correlation,px,0.010435821875987236,71.66479839005262,82.01696668139934,23.755870570757804,,,,8
12,gaussian_score,affine,wrong_movie,1,2,endpoint,vector_correlation,nearest_neighbour,0.007037389889611062,1.9666517453524348,2.325069365027078,2.605009582302535,4.41984339337266,0.008141997212284978,0.0007717698300371657,8
12,gaussian_score,affine,wrong_movie,1,2,endpoint,vector_correlation,px,0.007037389889611062,156.72617227651068,185.28564595894548,207.58842544142536,352.21534109703873,0.008142111247653414,0.0007717322898430981,8
12,gaussian_score,affine,wrong_movie,1,2,endpoint,direction_correlation,nearest_neighbour,0.008116509414513624,0.9306387578222617,1.0793574632165939,0.6432888236629754,1.0577782550489847,0.015323680260567633,0.0002685466533481777,8
12,gaussian_score,affine,wrong_movie,1,2,endpoint,direction_correlation,px,0.008116509414513624,74.16475740058532,86.0130939169656,51.258138435036976,84.29219089699859,0.015325279145355416,0.000268552849246649,8
12,gaussian_score,affine,wrong_movie,1,2,start,vector_correlation,nearest_neighbour,0.004952234581704733,2.0263243616693023,2.4048771548849373,3.3194463867642514,4.77558149028796,0.007019135260953728,0.0015905530702942136,8
12,gaussian_score,affine,wrong_movie,1,2,start,vector_correlation,px,0.004952234581704733,161.4793522079017,191.64208388489394,264.51959769604093,380.5508524966833,0.007019352221402173,0.0015905210110409164,8
12,gaussian_score,affine,wrong_movie,1,2,start,direction_correlation,nearest_neighbour,0.004827841975688316,0.8854396999973804,1.0073186116333033,0.9051466772601733,2.4156268375303904,0.0067209015956519284,0.0004475452811232495,8
12,gaussian_score,affine,wrong_movie,1,2,start,direction_correlation,px,0.004827841975688316,70.56677011213566,80.27748107844562,72.12493900497337,192.4957413797873,0.006721265877144225,0.0004475193287867561,8
12,gaussian_score,affine,wrong_movie,1,3,endpoint,vector_correlation,nearest_neighbour,-0.004488239699392733,,,,0.8633694474772943,0.03660145354808629,0.0007021531220155109,8
12,gaussian_score,affine,wrong_movie,1,3,endpoint,vector_correlation,px,-0.004488239699392733,,,,68.75104713845057,0.03660322098896288,0.0007021532326163335,8
12,gaussian_score,affine,wrong_movie,1,3,endpoint,direction_correlation,nearest_neighbour,-0.0043666113991063455,,,,16.32492751506656,0.0012767197625400688,0.0004468378805500507,8
12,gaussian_score,affine,wrong_movie,1,3,endpoint,direction_correlation,px,-0.0043666113991063455,,,,1300.0429862809985,0.0012767141341386609,0.00044683849270794944,8
12,gaussian_score,affine,wrong_movie,1,3,start,vector_correlation,nearest_neighbour,-0.005233237064603192,,,,0.7676885720306321,0.03917734802423935,0.0007018752126547215,8
12,gaussian_score,affine,wrong_movie,1,3,start,vector_correlation,px,-0.005233237064603192,,,,61.13228575829984,0.03917921115057815,0.0007018750331375199,8
12,gaussian_score,affine,wrong_movie,1,3,start,direction_correlation,nearest_neighbour,-0.005567742847995583,,,,259.7632627820915,0.001408694138495538,0.0001938119695957654,8
12,gaussian_score,affine,wrong_movie,1,3,start,direction_correlation,px,-0.005567742847995583,,,,20688.387790019715,0.0014086904354174677,0.00019381210800165083,8
12,gaussian_score,affine,wrong_movie,1,4,endpoint,vector_correlation,nearest_neighbour,0.005093210999363001,1.6060089391374384,3.0515993592622856,2.6367436412194794,3.6911859480521905,0.0052467246901425155,0.001104616576400178,8
12,gaussian_score,affine,wrong_movie,1,4,endpoint,vector_correlation,px,0.005093210999363001,127.6998053912834,242.6421748053703,209.64838070605984,293.48184227123016,0.005246879661335554,0.0011046044931868927,8
12,gaussian_score,affine,wrong_movie,1,4,endpoint,direction_correlation,nearest_neighbour,0.00686137549243212,0.8528200903477412,0.9563405517645704,2.31805732039504,3.570105427543291,0.009142674326471742,0.0010952408599773005,8
12,gaussian_score,affine,wrong_movie,1,4,endpoint,direction_correlation,px,0.00686137549243212,67.81501577635014,76.04445290320307,184.30977635970305,283.8557928358635,0.009143009679491816,0.0010951891817792955,8
12,gaussian_score,affine,wrong_movie,1,4,start,vector_correlation,nearest_neighbour,0.004814282238203433,2.7705904520119535,2.9989743975098193,2.952439805632277,4.715466143010341,0.004608541885979236,0.0007387763506894032,8
12,gaussian_score,affine,wrong_movie,1,4,start,vector_correlation,px,0.004814282238203433,220.292661755598,238.4557577325371,234.75054181039144,374.9312061525902,0.004608605250298013,0.0007387736073625864,8
12,gaussian_score,affine,wrong_movie,1,4,start,direction_correlation,nearest_neighbour,0.007151821796618087,0.84029888612745,0.9379570720759309,2.460330523752576,3.6584928246098043,0.009688110088407427,0.0011330309594660979,8
12,gaussian_score,affine,wrong_movie,1,4,start,direction_correlation,px,0.007151821796618087,66.8203312256568,74.5843533385237,195.62198519712223,290.8831756639882,0.00968843324252636,0.001132968386220274,8
12,gaussian_score,affine,wrong_movie,1,5,endpoint,vector_correlation,nearest_neighbour,7.633112916254895e-05,0.6782020282348524,0.681551266745059,119.96624544396666,247787.90741526286,0.002020112733898589,0.0015171015314908148,8
12,gaussian_score,affine,wrong_movie,1,5,endpoint,vector_correlation,px,7.633112916254895e-05,53.90531255987638,54.17144342067075,9534.17533894567,33471362.898838185,0.0020201040985258385,0.0015171002982033097,8
12,gaussian_score,affine,wrong_movie,1,5,endpoint,direction_correlation,nearest_neighbour,-0.005903771578285616,,,,117.50253874633258,0.003068710749703078,0.0014566100102814425,8
12,gaussian_score,affine,wrong_movie,1,5,endpoint,direction_correlation,px,-0.005903771578285616,,,,9340.390954345865,0.0030686927694279944,0.0014566102559565007,8
12,gaussian_score,affine,wrong_movie,1,5,start,vector_correlation,nearest_neighbour,-0.0006656310564332847,,,,1.76896170283817,0.01985556567218363,0.0005396328570096595,8
12,gaussian_score,affine,wrong_movie,1,5,start,vector_correlation,px,-0.0006656310564332847,,,,137.29718253527923,0.020640888911601023,0.0005405526013327992,8
12,gaussian_score,affine,wrong_movie,1,5,start,direction_correlation,nearest_neighbour,-0.0060567692557516265,,,,435439.8799913168,0.003175859665274565,0.001880717087088902,8
12,gaussian_score,affine,wrong_movie,1,5,start,direction_correlation,px,-0.0060567692557516265,,,,53141179.3372333,0.003175852184346258,0.001880717032265521,8
12,gaussian_score,affine,wrong_movie,1,6,endpoint,vector_correlation,nearest_neighbour,0.002121851063601036,1.5341758821110087,1.6196193640746495,6.5974883446998955,6.299769767465424,0.0037146842200255735,0.0014145958519605239,8
12,gaussian_score,affine,wrong_movie,1,6,endpoint,vector_correlation,px,0.002121851063601036,121.91381830168254,128.70338746881947,524.2764003127204,500.58887411422256,0.003714785985723299,0.0014145745477363923,8
12,gaussian_score,affine,wrong_movie,1,6,endpoint,direction_correlation,nearest_neighbour,0.0027833255191320547,1.6831025680593175,8.82616594528735,8.881477889451254,16.951174045638453,0.004137120224925801,0.0026166025421814577,8
12,gaussian_score,affine,wrong_movie,1,6,endpoint,direction_correlation,px,0.0027833255191320547,133.7479338110294,701.3777890325985,705.7728191778319,1346.8854082522025,0.004137201847336804,0.002616594657655709,8
12,gaussian_score,affine,wrong_movie,1,6,start,vector_correlation,nearest_neighbour,0.007405473108862535,1.0063082166732267,1.2025983462943306,1.876587593142212,2.6260526112878004,0.009788743524801205,0.0008164967934637644,8
12,gaussian_score,affine,wrong_movie,1,6,start,vector_correlation,px,0.007405473108862535,79.97258021113254,95.56958547784166,149.1265710381797,208.6707759631516,0.009789251221307929,0.0008164297910397797,8
12,gaussian_score,affine,wrong_movie,1,6,start,direction_correlation,nearest_neighbour,0.007578391254643209,1.08958268359538,8.845313539819367,3.1572071014522574,10.090380091181332,0.0046925566195107635,0.0032965940437371328,8
12,gaussian_score,affine,wrong_movie,1,6,start,direction_correlation,px,0.007578391254643209,86.58948092679427,702.8990132222398,250.8928845296567,801.8134019412973,0.004692601626978423,0.003296590055564324,8
12,gaussian_score,none,real,0,0,current,vector_correlation,nearest_neighbour,0.31721783831779193,,,5.877213312891491,19.492217021868747,0.2619316448732434,0.029768800068195912,8
12,gaussian_score,none,real,0,0,current,vector_correlation,px,0.31721783831779193,,,469.5458352926015,1557.3135113532487,0.2619318543074031,0.029768858487579132,8
12,gaussian_score,none,real,0,0,current,direction_correlation,nearest_neighbour,0.32552500834443,,,6.221668796488841,21.09685395459413,0.27875342226783095,0.027621894305025468,8
12,gaussian_score,none,real,0,0,current,direction_correlation,px,0.32552500834443,,,497.0655209476709,1685.503911474138,0.27875391584172177,0.027621810576922742,8
12,gaussian_score,none,real,0,1,endpoint,vector_correlation,nearest_neighbour,-0.09576150779863697,,,,,,,8
12,gaussian_score,none,real,0,1,endpoint,vector_correlation,px,-0.09576150779863697,,,,,,,8
12,gaussian_score,none,real,0,1,endpoint,direction_correlation,nearest_neighbour,-0.10303305952635262,,,,,,,8
12,gaussian_score,none,real,0,1,endpoint,direction_correlation,px,-0.10303305952635262,,,,,,,8
12,gaussian_score,none,real,0,1,start,vector_correlation,nearest_neighbour,-0.10027106111938613,,,,,,,8
12,gaussian_score,none,real,0,1,start,vector_correlation,px,-0.10027106111938613,,,,,,,8
12,gaussian_score,none,real,0,1,start,direction_correlation,nearest_neighbour,-0.10476852183417162,,,,,,,8
12,gaussian_score,none,real,0,1,start,direction_correlation,px,-0.10476852183417162,,,,,,,8
12,gaussian_score,none,real,0,2,endpoint,vector_correlation,nearest_neighbour,0.0718390575477171,,,5.715649808530731,11.924036985137764,0.0675703359899686,0.006811340959576881,8
12,gaussian_score,none,real,0,2,endpoint,vector_correlation,px,0.0718390575477171,,,455.4769305716758,950.2302202224838,0.06757056319734885,0.006811280079927665,8
12,gaussian_score,none,real,0,2,endpoint,direction_correlation,nearest_neighbour,0.06970435609282906,,,6.42475359599444,16.25810532397758,0.06645374259370199,0.005123365243981032,8
12,gaussian_score,none,real,0,2,endpoint,direction_correlation,px,0.06970435609282906,,,511.9859736718224,1295.6158269969426,0.06645388366817193,0.005123335097022558,8
12,gaussian_score,none,real,0,2,start,vector_correlation,nearest_neighbour,0.07379767135281252,,,5.550609068300769,11.8544149949089,0.06757083847806314,0.006837577011079945,8
12,gaussian_score,none,real,0,2,start,vector_correlation,px,0.07379767135281252,,,442.3239891916601,944.6879240958042,0.0675709971357233,0.006837631582635291,8
12,gaussian_score,none,real,0,2,start,direction_correlation,nearest_neighbour,0.06935941639884202,,,6.4511602180288525,16.360558796670468,0.06627665828251408,0.0050754881496313554,8
12,gaussian_score,none,real,0,2,start,direction_correlation,px,0.06935941639884202,,,514.089259178172,1303.7822517272482,0.0662768069589603,0.005075506692932234,8
12,gaussian_score,none,real,0,3,endpoint,vector_correlation,nearest_neighbour,-0.005040428729197019,,,,,,,8
12,gaussian_score,none,real,0,3,endpoint,vector_correlation,px,-0.005040428729197019,,,,,,,8
12,gaussian_score,none,real,0,3,endpoint,direction_correlation,nearest_neighbour,-0.013611391448326437,,,,,,,8
12,gaussian_score,none,real,0,3,endpoint,direction_correlation,px,-0.013611391448326437,,,,,,,8
12,gaussian_score,none,real,0,3,start,vector_correlation,nearest_neighbour,-0.003987354119865798,,,,,,,8
12,gaussian_score,none,real,0,3,start,vector_correlation,px,-0.003987354119865798,,,,,,,8
12,gaussian_score,none,real,0,3,start,direction_correlation,nearest_neighbour,-0.013866963663818711,,,,,,,8
12,gaussian_score,none,real,0,3,start,direction_correlation,px,-0.013866963663818711,,,,,,,8
12,gaussian_score,none,real,0,4,endpoint,vector_correlation,nearest_neighbour,0.04927288303029887,,,6.673958126173828,16.605440070519386,0.04819520815175305,0.005366577851237318,8
12,gaussian_score,none,real,0,4,endpoint,vector_correlation,px,0.04927288303029887,,,530.6562426990527,1320.3297126632262,0.048195371846131756,0.005366544624979318,8
12,gaussian_score,none,real,0,4,endpoint,direction_correlation,nearest_neighbour,0.05131058995644786,,,7.019770249223359,22.170273954030325,0.0489487027592232,0.003716924432159533,8
12,gaussian_score,none,real,0,4,endpoint,direction_correlation,px,0.05131058995644786,,,558.1531942495075,1762.804314064685,0.04894881104869805,0.0037169000077909914,8
12,gaussian_score,none,real,0,4,start,vector_correlation,nearest_neighbour,0.04306975070744561,,,7.633602582422303,18.886752587939043,0.0465332861900279,0.005527690722874777,8
12,gaussian_score,none,real,0,4,start,vector_correlation,px,0.04306975070744561,,,606.9591553990786,1501.7235138823896,0.04653341454639647,0.005527670099579688,8
12,gaussian_score,none,real,0,4,start,direction_correlation,nearest_neighbour,0.049915532461007016,,,7.196722100122644,24.977155358742166,0.04757739805293225,0.0034633634256395593,8
12,gaussian_score,none,real,0,4,start,direction_correlation,px,0.049915532461007016,,,572.2231012589551,1985.9876734750746,0.04757748491317406,0.0034633465076197834,8
12,gaussian_score,none,real,0,5,endpoint,vector_correlation,nearest_neighbour,-0.028614620593044756,,,,,,,8
12,gaussian_score,none,real,0,5,endpoint,vector_correlation,px,-0.028614620593044756,,,,,,,8
12,gaussian_score,none,real,0,5,endpoint,direction_correlation,nearest_neighbour,-0.041322384794027306,,,,,,,8
12,gaussian_score,none,real,0,5,endpoint,direction_correlation,px,-0.041322384794027306,,,,,,,8
12,gaussian_score,none,real,0,5,start,vector_correlation,nearest_neighbour,-0.03163760924813141,,,,,,,8
12,gaussian_score,none,real,0,5,start,vector_correlation,px,-0.03163760924813141,,,,,,,8
12,gaussian_score,none,real,0,5,start,direction_correlation,nearest_neighbour,-0.04099324052840221,,,,,,,8
12,gaussian_score,none,real,0,5,start,direction_correlation,px,-0.04099324052840221,,,,,,,8
12,gaussian_score,none,real,0,6,endpoint,vector_correlation,nearest_neighbour,0.050249960182130154,,,8.834694028128595,37.05760054096066,0.05496487591798404,0.005323902305637213,8
12,gaussian_score,none,real,0,6,endpoint,vector_correlation,px,0.050249960182130154,,,702.0484811190033,2944.7687793364184,0.0549649595034836,0.0053238712052734085,8
12,gaussian_score,none,real,0,6,endpoint,direction_correlation,nearest_neighbour,0.06640850064932807,,,7.836342924096664,29.633978193289664,0.06690091103806925,0.004401453096897445,8
12,gaussian_score,none,real,0,6,endpoint,direction_correlation,px,0.06640850064932807,,,622.7143452178838,2354.877964154688,0.06690094985522471,0.004401440922040933,8
12,gaussian_score,none,real,0,6,start,vector_correlation,nearest_neighbour,0.05572189197564982,,,7.996797781808877,32.556090462845496,0.056311078938702144,0.006008566769275386,8
12,gaussian_score,none,real,0,6,start,vector_correlation,px,0.05572189197564982,,,635.4621828955495,2587.038310127411,0.05631122092410019,0.006008517365041327,8
12,gaussian_score,none,real,0,6,start,direction_correlation,nearest_neighbour,0.0700674720991982,,,7.445045940276859,27.41613223940156,0.06802026605087642,0.004507735706653778,8
12,gaussian_score,none,real,0,6,start,direction_correlation,px,0.0700674720991982,,,591.6171362478175,2178.6309454659963,0.06802032453975475,0.00450772521762672,8
12,gaussian_score,translation,real,0,0,current,vector_correlation,nearest_neighbour,0.16567724661675257,1.577801659558427,,1.525595190725006,1.038772675298131,0.30310667744667075,0.011012079764232763,8
12,gaussian_score,translation,real,0,0,current,vector_correlation,px,0.16567724661675257,126.05688808713941,,121.88021671686785,82.98593591398564,0.30313283452495154,0.01101462424640122,8
12,gaussian_score,translation,real,0,0,current,direction_correlation,nearest_neighbour,0.17507684217181355,1.7221592569483437,,1.877013512963301,1.3170859408754976,0.27815043805106854,0.012396565785061956,8
12,gaussian_score,translation,real,0,0,current,direction_correlation,px,0.17507684217181355,137.59387889879864,,149.95628502384986,105.22267053207293,0.2781644458784631,0.012397969161743287,8
12,gaussian_score,translation,real,0,1,endpoint,vector_correlation,nearest_neighbour,0.028481608242575618,1.219307383067096,1.8805191140354285,0.5208474805467515,0.4881970994407987,0.11354287053679336,0.0004225326256420245,8
12,gaussian_score,translation,real,0,1,endpoint,vector_correlation,px,0.028481608242575618,97.2987188495747,150.07677932137204,41.55928246842512,38.95268218001304,0.11358777204169135,0.00042163951037255945,8
12,gaussian_score,translation,real,0,1,endpoint,direction_correlation,nearest_neighbour,0.036995120573018514,1.198917319085706,1.550741017634494,0.45160884530583434,,,,8
12,gaussian_score,translation,real,0,1,endpoint,direction_correlation,px,0.036995120573018514,95.67196648014007,123.75453994630716,36.03343891994211,,,,8
12,gaussian_score,translation,real,0,1,start,vector_correlation,nearest_neighbour,0.02519559730671236,1.241685356591641,1.921005136473048,0.5776502095323124,0.5594981484790585,0.08408238353915283,0.00021250280443965158,8
12,gaussian_score,translation,real,0,1,start,vector_correlation,px,0.02519559730671236,99.08645326221239,153.3058509475054,46.09244459108485,44.64257167780812,0.0841113689116086,0.00021320088807516324,8
12,gaussian_score,translation,real,0,1,start,direction_correlation,nearest_neighbour,0.03698897628884817,1.2227863230436533,1.5747980728036293,0.4677998129979655,,,,8
12,gaussian_score,translation,real,0,1,start,direction_correlation,px,0.03698897628884817,97.5786158214552,125.6751451177792,37.325817704904004,,,,8
12,gaussian_score,translation,real,0,2,endpoint,vector_correlation,nearest_neighbour,0.03040892240200343,2.455111650232463,5.73189203471454,1.7028706144564525,1.666435081191789,0.05244702172538735,0.004039968538524793,8
12,gaussian_score,translation,real,0,2,endpoint,vector_correlation,px,0.03040892240200343,195.64769017233607,456.78082298611366,135.69685218519842,132.77793245125267,0.05245436738119848,0.004039305417827985,8
12,gaussian_score,translation,real,0,2,endpoint,direction_correlation,nearest_neighbour,0.04009574510426154,2.440627262028491,5.469828478656519,1.5398925058352364,1.5530135590598189,0.06461149464064542,0.0020352866867195908,8
12,gaussian_score,translation,real,0,2,endpoint,direction_correlation,px,0.04009574510426154,194.49354349814908,435.8968711352275,122.70938460455814,123.74992974959581,0.06461725173149212,0.00203455067231474,8
12,gaussian_score,translation,real,0,2,start,vector_correlation,nearest_neighbour,0.03315506242678759,2.3220123646639492,4.931518728741575,1.5201900886289552,1.5904603462897522,0.05413546668013588,0.002271507994520545,8
12,gaussian_score,translation,real,0,2,start,vector_correlation,px,0.03315506242678759,185.03949508433485,392.9989985239638,121.13767670925223,126.73506918637455,0.05414062803551844,0.0022710434872879894,8
12,gaussian_score,translation,real,0,2,start,direction_correlation,nearest_neighbour,0.04142408472410129,2.352814042190341,4.9445202021262755,1.4914581709525303,1.5594041614459853,0.06530305712263546,0.0012787950632907879,8
12,gaussian_score,translation,real,0,2,start,direction_correlation,px,0.04142408472410129,187.4937438736195,394.0350489824348,118.84855143983079,124.26103994581635,0.06530905951226447,0.0012782251354129476,8
12,gaussian_score,translation,real,0,3,endpoint,vector_correlation,nearest_neighbour,0.024365171044747804,2.119272609830198,2.6085603359981593,1.4978202601257238,1.5317098065009944,0.044145660680300756,0.005572072024281044,8
12,gaussian_score,translation,real,0,3,endpoint,vector_correlation,px,0.024365171044747804,168.7648316907656,207.72478655862108,119.26790595661024,121.9613392740476,0.04415112235514768,0.005571887322843563,8
12,gaussian_score,translation,real,0,3,endpoint,direction_correlation,nearest_neighbour,0.01968777099232589,2.456916998461214,3.1618169770170157,2.346680985374689,3.0427295193768225,0.033233563700443156,0.007160125626103898,8
12,gaussian_score,translation,real,0,3,endpoint,direction_correlation,px,0.01968777099232589,195.64860475743322,251.79053362372986,186.86408408085018,242.27458675392592,0.03323575299791173,0.007160032757301816,8
12,gaussian_score,translation,real,0,3,start,vector_correlation,nearest_neighbour,0.025004509597876836,2.1285858067112047,2.7897356885870557,1.554652617356497,1.6017413810229255,0.04488331276731884,0.005788799743426515,8
12,gaussian_score,translation,real,0,3,start,vector_correlation,px,0.025004509597876836,169.50554251651278,222.1551951509371,123.79340183679173,127.5369361640924,0.044888639260672616,0.005788570013472047,8
12,gaussian_score,translation,real,0,3,start,direction_correlation,nearest_neighbour,0.018344432772235065,2.482715457354838,3.159149398283034,2.5913233435522063,3.289494289865413,0.03285726300600099,0.008317961439345874,8
12,gaussian_score,translation,real,0,3,start,direction_correlation,px,0.018344432772235065,197.7025897942086,251.57852405015336,206.3445971282601,261.92224582053154,0.03285927107101788,0.008317853942505305,8
12,gaussian_score,translation,real,0,4,endpoint,vector_correlation,nearest_neighbour,0.015596490736202074,3.1842100452122217,,3.0306492777220297,2.3239334942892818,0.0285877020051283,0.004703427975393181,8
12,gaussian_score,translation,real,0,4,endpoint,vector_correlation,px,0.015596490736202074,253.18837115267627,,240.9667997452448,184.76732977837847,0.02858979148023561,0.004703177102609522,8
12,gaussian_score,translation,real,0,4,endpoint,direction_correlation,nearest_neighbour,0.010898602184335164,4.003273692711651,9.997946156452214,5.809431673681859,3.560045722686693,0.02455968937238044,0.006511253297283745,8
12,gaussian_score,translation,real,0,4,endpoint,direction_correlation,px,0.010898602184335164,318.31691956532194,794.9635667840453,461.9134199478765,283.047366781296,0.024560954783694487,0.006511059710925201,8
12,gaussian_score,translation,real,0,4,start,vector_correlation,nearest_neighbour,0.007719441090944807,4.142224437007648,,6.252385893972385,2.9732825503466938,0.02339689487670315,0.00734677364271193,8
12,gaussian_score,translation,real,0,4,start,vector_correlation,px,0.007719441090944807,329.36456968599134,,497.12674570669446,236.39892191291938,0.0233980886619597,0.007346675220298155,8
12,gaussian_score,translation,real,0,4,start,direction_correlation,nearest_neighbour,0.008160169547795524,4.591322642892697,9.996336432818016,7.699874738248061,3.985864886335518,0.022330474998992995,0.006837484059867738,8
12,gaussian_score,translation,real,0,4,start,direction_correlation,px,0.008160169547795524,365.071847230758,794.8355716368002,612.2214416063265,316.90836011548237,0.022331333203853845,0.00683737326113811,8
12,gaussian_score,translation,real,0,5,endpoint,vector_correlation,nearest_neighbour,0.014572928692193428,2.6787545322840667,4.229848976096414,1.9736277549883012,2.435127537206802,0.020787071031119684,0.0028260003871081645,8
12,gaussian_score,translation,real,0,5,endpoint,vector_correlation,px,0.014572928692193428,212.87809440338054,336.1564341377476,156.8381368420999,193.51327825501133,0.02078800131388004,0.0028259794377444446,8
12,gaussian_score,translation,real,0,5,endpoint,direction_correlation,nearest_neighbour,0.0145360280104157,1.2121172511994964,2.5435226845142496,0.9880666786495121,1.2490647541406887,0.02371522111548169,0.00408759772410703,8
12,gaussian_score,translation,real,0,5,endpoint,direction_correlation,px,0.0145360280104157,96.33027496425103,202.12879119527705,78.5147447014153,99.25689203409866,0.02371778077963567,0.00408770850372538,8
12,gaussian_score,translation,real,0,5,start,vector_correlation,nearest_neighbour,0.012145144404019361,2.9929776311470633,4.319882467252642,2.5001424133671537,2.671906254555476,0.020185049407692786,0.0031829834195619203,8
12,gaussian_score,translation,real,0,5,start,vector_correlation,px,0.012145144404019361,237.85521153072054,343.3107588736928,198.681413380004,212.32873620267333,0.020185785464432747,0.0031829111374276115,8
12,gaussian_score,translation,real,0,5,start,direction_correlation,nearest_neighbour,0.014116871227085069,2.196913580369314,2.4555705487074286,1.194278558354649,15.833488166943546,0.012640400400350391,0.0032656593822458736,8
12,gaussian_score,translation,real,0,5,start,direction_correlation,px,0.014116871227085069,174.5870195933505,195.14065129614477,94.90296688450904,1258.5407500594047,0.012640237153049742,0.003265666540586305,8
12,gaussian_score,translation,real,0,6,endpoint,vector_correlation,nearest_neighbour,0.011291863141128058,4.299562713756769,,4.149239142159737,4.148986125251584,0.01689690876932906,0.004081484346289214,8
12,gaussian_score,translation,real,0,6,endpoint,vector_correlation,px,0.011291863141128058,341.67106312384067,,329.71662772212585,329.6927043311033,0.01689721662722137,0.004081424164095448,8
12,gaussian_score,translation,real,0,6,endpoint,direction_correlation,nearest_neighbour,0.024694134527933544,3.9579587399181624,,2.8531866150917295,3.2014790201423864,0.030372613696720886,0.0026804498718054747,8
12,gaussian_score,translation,real,0,6,endpoint,direction_correlation,px,0.024694134527933544,314.5266646317608,,226.72648114379857,254.40236396631119,0.03037310265473484,0.00268038944844641,8
12,gaussian_score,translation,real,0,6,start,vector_correlation,nearest_neighbour,0.014243387824802488,4.141347077015631,,3.3689626376817943,3.7012086838633853,0.018869778233590942,0.004247028286062502,8
12,gaussian_score,translation,real,0,6,start,vector_correlation,px,0.014243387824802488,329.0981784579037,,267.708686241588,294.10159050620365,0.01887050533371719,0.004246909875261332,8
12,gaussian_score,translation,real,0,6,start,direction_correlation,nearest_neighbour,0.027398483564255522,3.8316893589563534,,2.6124535204444572,2.882498500512135,0.03353167008748918,0.002450597491538349,8
12,gaussian_score,translation,real,0,6,start,direction_correlation,px,0.027398483564255522,304.49216573978396,,207.59427011950157,229.04931270415912,0.03353283308640623,0.0024504889626204584,8
12,raw,affine,real,0,0,current,vector_correlation,nearest_neighbour,0.12196914084992791,1.1823511036433618,4.956951253539716,0.6883067962852372,0.5629479566377907,0.3983464073410384,0.007120103945504828,8
12,raw,affine,real,0,0,current,vector_correlation,px,0.12196914084992791,94.4568125203385,396.0351778337357,54.98591505239707,44.96565400018936,0.39850522397870103,0.0071234755027018435,8
12,raw,affine,real,0,0,current,direction_correlation,nearest_neighbour,0.15172521569420236,1.6104711828066804,,1.4404146698173461,1.0168992352983888,0.2852505930163824,0.008152577646637637,8
12,raw,affine,real,0,0,current,direction_correlation,px,0.15172521569420236,128.66782091195182,,115.07482636267503,81.23302632801979,0.28529384623199355,0.008154660656136752,8
12,raw,affine,real,0,1,endpoint,vector_correlation,nearest_neighbour,0.007042010393716899,2.171890498188441,2.3272397010705546,2.4098622080086223,6.4396996391195716,0.011519466695652281,0.002438708019579682,8
12,raw,affine,real,0,1,endpoint,vector_correlation,px,0.007042010393716899,173.32753041266247,185.72403139007343,192.31390844514476,513.8832744696078,0.01151965491507695,0.002438630931311367,8
12,raw,affine,real,0,1,endpoint,direction_correlation,nearest_neighbour,0.030905517256492005,1.3894033631821325,1.7290389429632746,0.5684174428640295,,,,8
12,raw,affine,real,0,1,endpoint,direction_correlation,px,0.030905517256492005,110.8750366166999,137.9879731192938,45.35515436392416,,,,8
12,raw,affine,real,0,1,start,vector_correlation,nearest_neighbour,0.002727934503660848,2.2162981536363873,2.2729415601120895,5.6399650908877295,7.867297304479342,0.009387885975876073,0.004146740162186181,8
12,raw,affine,real,0,1,start,vector_correlation,px,0.002727934503660848,176.86876671251719,181.38862914696148,450.0805971108956,627.7957477283403,0.00938807268403669,0.004146692228538357,8
12,raw,affine,real,0,1,start,direction_correlation,nearest_neighbour,0.030128977707445683,1.4403312140267372,1.7544002496194007,0.6058896459142717,,,,8
12,raw,affine,real,0,1,start,direction_correlation,px,0.030128977707445683,114.94170068493334,140.01139125608432,48.345552647462725,,,,8
12,raw,affine,real,0,2,endpoint,vector_correlation,nearest_neighbour,0.017768810313327783,2.3713466096392066,4.765744498683372,1.6544579643388675,1.6488871891299204,0.029529307709433197,0.002129563845441851,8
12,raw,affine,real,0,2,endpoint,vector_correlation,px,0.017768810313327783,188.97311464643752,379.78910593746036,131.83884373842102,131.39011171117392,0.029531821991561544,0.002129153095427332,8
12,raw,affine,real,0,2,endpoint,direction_correlation,nearest_neighbour,0.04030733252602722,2.0894502117852385,4.663387897438684,1.339987254728939,1.351228752091467,0.06674897091002928,0.0002731867542948481,8
12,raw,affine,real,0,2,endpoint,direction_correlation,px,0.04030733252602722,166.51101369562,371.63261558901235,106.77876139707223,107.67352444114577,0.06675421973331185,0.00027286420827339457,8
12,raw,affine,real,0,2,start,vector_correlation,nearest_neighbour,0.019606877659981013,2.1818645627984172,4.6660997559558295,1.5138601375679752,1.5152830855139285,0.032053672657295924,0.0010506175973880186,8
12,raw,affine,real,0,2,start,vector_correlation,px,0.019606877659981013,173.8726496177308,371.84851501298056,120.63347815220311,120.74430167250141,0.032056893206570305,0.0010504295830119558,8
12,raw,affine,real,0,2,start,direction_correlation,nearest_neighbour,0.0413119385845457,2.0693381712306804,4.646713731107195,1.308208539666412,1.3262400154205312,0.0688471294698166,0.0004592799311818462,8
12,raw,affine,real,0,2,start,direction_correlation,px,0.0413119385845457,164.90665222908012,370.30369779588005,104.2454783333084,105.6806633176358,0.0688548086905478,0.0004595524506707984,8
12,raw,affine,real,0,3,endpoint,vector_correlation,nearest_neighbour,0.016541862977378436,1.9753291721517798,2.3983417637153543,1.5698899777889221,3.6832590923932504,0.022238325163639546,0.004042550087634027,8
12,raw,affine,real,0,3,endpoint,vector_correlation,px,0.016541862977378436,157.30383058047752,190.98475316902324,125.00676852513931,293.2636944950435,0.02223984489504561,0.004042410679592725,8
12,raw,affine,real,0,3,endpoint,direction_correlation,nearest_neighbour,0.023530386496937384,2.2999259935286798,2.9462379437012296,1.730499260896262,2.0401099864270336,0.03932486898346496,0.005444829140301873,8
12,raw,affine,real,0,3,endpoint,direction_correlation,px,0.023530386496937384,183.14873598358372,234.62010953783022,137.79678932762243,162.4421952199417,0.03932859445655333,0.005444668745917915,8
12,raw,affine,real,0,3,start,vector_correlation,nearest_neighbour,0.019138258891527184,1.834685995542485,2.526126981215999,1.3827107625678565,2.095284794258656,0.029097350373400832,0.004234112548946831,8
12,raw,affine,real,0,3,start,vector_correlation,px,0.019138258891527184,146.10420671938763,201.15916788216376,110.1013616929215,166.82062018901823,0.029101233054027016,0.004233904826496876,8
12,raw,affine,real,0,3,start,direction_correlation,nearest_neighbour,0.02182128073443283,2.356221255991459,2.9580129562074227,1.9447102590440928,2.3089206322129963,0.037259637448218086,0.006518120765118907,8
12,raw,affine,real,0,3,start,direction_correlation,px,0.02182128073443283,187.63067695179353,235.55826401790014,154.85427384291532,183.84421977154298,0.037262896104366276,0.006517953519331561,8
12,raw,affine,real,0,4,endpoint,vector_correlation,nearest_neighbour,0.013977907691955612,1.6281190259035874,7.486822989565182,1.3445248426910326,1.2757323555836613,0.026066765576635894,0.002925414683266543,8
12,raw,affine,real,0,4,endpoint,vector_correlation,px,0.013977907691955612,129.4580903646984,595.2978728631563,106.9000937323152,101.4261814614828,0.02607046527298202,0.0029251939958216777,8
12,raw,affine,real,0,4,endpoint,direction_correlation,nearest_neighbour,0.007412775702524796,3.4999971296443633,4.913518766883257,6.248319344050169,3.751886327559647,0.019476198295481816,0.00790863134605758,8
12,raw,affine,real,0,4,endpoint,direction_correlation,px,0.007412775702524796,278.3021285584855,390.6885870341325,496.80827007752475,298.2842496807832,0.01947759131412435,0.00790848282731112,8
12,raw,affine,real,0,4,start,vector_correlation,nearest_neighbour,0.005762888334419445,3.1505368883786957,4.8254857451249435,3.474123547340625,2.345339069809412,0.014902683485344445,0.005074915465387213,8
12,raw,affine,real,0,4,start,vector_correlation,px,0.005762888334419445,250.509337340133,383.68988393761265,276.2224654725948,186.46887389412814,0.014903743251297993,0.00507485546911184,8
12,raw,affine,real,0,4,start,direction_correlation,nearest_neighbour,0.0050870859239498965,4.120556695081665,5.008955176289314,8.968438299184108,4.426243073072731,0.017337349018384945,0.007719835692973409,8
12,raw,affine,real,0,4,start,direction_correlation,px,0.0050870859239498965,327.6417926528595,398.2773256457265,713.0823894131754,351.9142015653631,0.017338077560635764,0.007719767576350032,8
12,raw,affine,real,0,5,endpoint,vector_correlation,nearest_neighbour,0.005404282340578037,4.614819126143788,5.927307251570927,5.102752175993711,4.5213349648024215,0.010826804341380997,0.0025101844234758346,8
12,raw,affine,real,0,5,endpoint,vector_correlation,px,0.005404282340578037,366.748830451875,471.0521675667593,405.51173505958775,359.29693237774853,0.010827135819982571,0.0025101295108883852,8
12,raw,affine,real,0,5,endpoint,direction_correlation,nearest_neighbour,0.013793513302894623,2.757735375620072,3.568909598265258,1.7251895552203493,2.2465888841755435,0.019203914715714265,0.0037613112034466096,8
12,raw,affine,real,0,5,endpoint,direction_correlation,px,0.013793513302894623,219.15612022829967,283.63361026754535,137.09429010371758,178.5311727665038,0.0192048324308202,0.0037612728681735035,8
12,raw,affine,real,0,5,start,vector_correlation,nearest_neighbour,0.0045803292932026455,4.743229023040557,6.1424911906698085,6.09172750148705,4.504542295935273,0.010843331380051637,0.0035174219277275378,8
12,raw,affine,real,0,5,start,vector_correlation,px,0.0045803292932026455,376.95308677457905,488.15390982533665,484.11092809472643,357.96522654171144,0.01084359028711539,0.003517384462391016,8
12,raw,affine,real,0,5,start,direction_correlation,nearest_neighbour,0.014482907435800442,2.52159696821409,3.772826953955558,1.8004208236065042,2.174751017435435,0.02145590731782393,0.0035059056582006586,8
12,raw,affine,real,0,5,start,direction_correlation,px,0.014482907435800442,200.38730178429296,299.8375790244438,143.07444541224868,172.8224617320084,0.021456763193144858,0.0035058415682938677,8
12,raw,affine,real,0,6,endpoint,vector_correlation,nearest_neighbour,0.008919872480784454,1.082303371907294,4.538085484775946,2.376436902412643,3.535184925244787,0.010483026031953144,0.004693969920265915,8
12,raw,affine,real,0,6,endpoint,vector_correlation,px,0.008919872480784454,86.00784564295193,360.62446426032346,188.837850928063,280.9172252246473,0.010483232707490981,0.0046939538789209055,8
12,raw,affine,real,0,6,endpoint,direction_correlation,nearest_neighbour,0.018600475065715435,3.108581465962055,4.767308663689728,1.9567320859501107,2.587040797548885,0.023596773909293024,0.0014060571647502682,8
12,raw,affine,real,0,6,endpoint,direction_correlation,px,0.018600475065715435,247.02601421073877,378.83890492428577,155.48808764763953,205.57347820454405,0.02359739676368384,0.0014060732393226358,8
12,raw,affine,real,0,6,start,vector_correlation,nearest_neighbour,0.009276682243101474,1.1067313802793086,4.478862324586272,2.637705103487101,3.79655877788774,0.011108441629306194,0.005279163519063503,8
12,raw,affine,real,0,6,start,vector_correlation,px,0.009276682243101474,87.9520981557539,355.9178053877021,209.5955160032817,301.6620955807,0.011109110113642153,0.005279102387583715,8
12,raw,affine,real,0,6,start,direction_correlation,nearest_neighbour,0.021318814548611058,2.515397235771134,4.699617253376543,1.787147147503547,2.2792501535179044,0.027063844264253317,0.0020509369815034854,8
12,raw,affine,real,0,6,start,direction_correlation,px,0.021318814548611058,199.87915883216377,373.4594272127432,142.0097295832054,181.10703029233113,0.027065579820926187,0.002050875404675501,8
12,raw,none,real,0,0,current,vector_correlation,nearest_neighbour,0.250358120495687,,,5.449800242984231,17.402841681786484,0.19762446357599484,0.02728696156854365,8
12,raw,none,real,0,0,current,vector_correlation,px,0.250358120495687,,,435.39827053951115,1390.3933546018745,0.19762440724130703,0.02728709048432291,8
12,raw,none,real,0,0,current,direction_correlation,nearest_neighbour,0.32470584677891445,,,6.222405583823036,21.182401147437997,0.27782223994536354,0.027601677006095622,8
12,raw,none,real,0,0,current,direction_correlation,px,0.32470584677891445,,,497.12437925968845,1692.338711249386,0.27782272659340196,0.02760159545886387,8
12,raw,none,real,0,1,endpoint,vector_correlation,nearest_neighbour,-0.08764310563384686,,,,,,,8
12,raw,none,real,0,1,endpoint,vector_correlation,px,-0.08764310563384686,,,,,,,8
12,raw,none,real,0,1,endpoint,direction_correlation,nearest_neighbour,-0.10290733977102293,,,,,,,8
12,raw,none,real,0,1,endpoint,direction_correlation,px,-0.10290733977102293,,,,,,,8
12,raw,none,real,0,1,start,vector_correlation,nearest_neighbour,-0.09258068832247907,,,,,,,8
12,raw,none,real,0,1,start,vector_correlation,px,-0.09258068832247907,,,,,,,8
12,raw,none,real,0,1,start,direction_correlation,nearest_neighbour,-0.10454823019785425,,,,,,,8
12,raw,none,real,0,1,start,direction_correlation,px,-0.10454823019785425,,,,,,,8
12,raw,none,real,0,2,endpoint,vector_correlation,nearest_neighbour,0.055856008698712586,,,6.072869145680064,14.49190174181958,0.052129218196392234,0.005322594865795712,8
12,raw,none,real,0,2,endpoint,vector_correlation,px,0.055856008698712586,,,483.94380519828536,1154.8605868066127,0.05212940019560534,0.005322537353412706,8
12,raw,none,real,0,2,endpoint,direction_correlation,nearest_neighbour,0.06859875055765324,,,6.485680630774055,16.38909862928806,0.06585613169418246,0.005032351635077287,8
12,raw,none,real,0,2,endpoint,direction_correlation,px,0.06859875055765324,,,516.841270202688,1306.0539185415455,0.06585627896718356,0.005032314764316665,8
12,raw,none,real,0,2,start,vector_correlation,nearest_neighbour,0.0579177273510029,,,5.852169814694607,14.040244409110189,0.05266888400431442,0.0053112417037338286,8
12,raw,none,real,0,2,start,vector_correlation,px,0.0579177273510029,,,466.35551707054304,1118.8786373464006,0.05266898370007657,0.005311278930856436,8
12,raw,none,real,0,2,start,direction_correlation,nearest_neighbour,0.06811569264123088,,,6.527613724359421,16.489609907182256,0.0656968301495858,0.005005224152654333,8
12,raw,none,real,0,2,start,direction_correlation,px,0.06811569264123088,,,520.181802297069,1314.0653489805395,0.06569698713746591,0.005005233870036272,8
12,raw,none,real,0,3,endpoint,vector_correlation,nearest_neighbour,-0.005660081518540387,,,,,,,8
12,raw,none,real,0,3,endpoint,vector_correlation,px,-0.005660081518540387,,,,,,,8
12,raw,none,real,0,3,endpoint,direction_correlation,nearest_neighbour,-0.011935745370583544,,,,,,,8
12,raw,none,real,0,3,endpoint,direction_correlation,px,-0.011935745370583544,,,,,,,8
12,raw,none,real,0,3,start,vector_correlation,nearest_neighbour,-0.0035526854168893606,,,,,,,8
12,raw,none,real,0,3,start,vector_correlation,px,-0.0035526854168893606,,,,,,,8
12,raw,none,real,0,3,start,direction_correlation,nearest_neighbour,-0.012752496671136666,,,,,,,8
12,raw,none,real,0,3,start,direction_correlation,px,-0.012752496671136666,,,,,,,8
12,raw,none,real,0,4,endpoint,vector_correlation,nearest_neighbour,0.036997303979090373,,,5.014000592221855,10.524684505965526,0.03172030807669836,0.0046621199867212994,8
12,raw,none,real,0,4,endpoint,vector_correlation,px,0.036997303979090373,,,398.66915880126373,836.8465385205748,0.031720373352226765,0.004662137078632737,8
12,raw,none,real,0,4,endpoint,direction_correlation,nearest_neighbour,0.04981528728996143,,,6.983606391024617,23.287548768638104,0.04671608763074787,0.0036090468346715136,8
12,raw,none,real,0,4,endpoint,direction_correlation,px,0.04981528728996143,,,555.277738980799,1851.644131542769,0.046716174720271016,0.0036090330486795046,8
12,raw,none,real,0,4,start,vector_correlation,nearest_neighbour,0.02953989736768239,,,6.292031747513566,12.659299672228038,0.02972469292400751,0.00400268107076698,8
12,raw,none,real,0,4,start,vector_correlation,px,0.02953989736768239,,,500.2875745471729,1006.5742328100217,0.029724752821145232,0.004002694409810483,8
12,raw,none,real,0,4,start,direction_correlation,nearest_neighbour,0.04808209277594142,,,7.21994201848425,26.58881621762647,0.04535427399931737,0.0034409342386437355,8
12,raw,none,real,0,4,start,direction_correlation,px,0.04808209277594142,,,574.069378455521,2114.136480174183,0.0453543456004243,0.0034409242413054935,8
12,raw,none,real,0,5,endpoint,vector_correlation,nearest_neighbour,-0.01750193211876979,,,,,,,8
12,raw,none,real,0,5,endpoint,vector_correlation,px,-0.01750193211876979,,,,,,,8
12,raw,none,real,0,5,endpoint,direction_correlation,nearest_neighbour,-0.03953303372280899,,,,,,,8
12,raw,none,real,0,5,endpoint,direction_correlation,px,-0.03953303372280899,,,,,,,8
12,raw,none,real,0,5,start,vector_correlation,nearest_neighbour,-0.019645391722366217,,,,,,,8
12,raw,none,real,0,5,start,vector_correlation,px,-0.019645391722366217,,,,,,,8
12,raw,none,real,0,5,start,direction_correlation,nearest_neighbour,-0.038758441383750085,,,,,,,8
12,raw,none,real,0,5,start,direction_correlation,px,-0.038758441383750085,,,,,,,8
12,raw,none,real,0,6,endpoint,vector_correlation,nearest_neighbour,0.0319814167428702,,,8.154727008016538,29.29892815423167,0.03347954423075024,0.004925708763615956,8
12,raw,none,real,0,6,endpoint,vector_correlation,px,0.0319814167428702,,,648.0140952224684,2328.234474778794,0.03347959724351461,0.004925694451941386,8
12,raw,none,real,0,6,endpoint,direction_correlation,nearest_neighbour,0.06684563997717433,,,7.671870323946729,28.857866977138634,0.06625941497639112,0.004342882062871932,8
12,raw,none,real,0,6,endpoint,direction_correlation,px,0.06684563997717433,,,609.6445738074381,2293.2065314174056,0.066259444899921,0.004342876630911143,8
12,raw,none,real,0,6,start,vector_correlation,nearest_neighbour,0.03667082992056458,,,7.154765148439194,25.105001930401116,0.034716959347073216,0.005763072254178031,8
12,raw,none,real,0,6,start,vector_correlation,px,0.03667082992056458,,,568.5496457065938,1994.9447821498316,0.034717070393650816,0.00576304442675355,8
12,raw,none,real,0,6,start,direction_correlation,nearest_neighbour,0.07042870204859272,,,7.297693196298474,26.770805682772693,0.06734030687254433,0.004470658240630276,8
12,raw,none,real,0,6,start,direction_correlation,px,0.07042870204859272,,,579.9079043514575,2127.353273505796,0.06734035161187193,0.004470659029047265,8
12,raw,translation,real,0,0,current,vector_correlation,nearest_neighbour,0.13484552784197662,1.2531838208785944,,1.2888913334236918,0.8098777529093651,0.2993034231230279,0.009330834687890449,8
12,raw,translation,real,0,0,current,vector_correlation,px,0.13484552784197662,100.11432394069078,,102.96893748991333,64.69773836963682,0.29934740999024173,0.009333340323974126,8
12,raw,translation,real,0,0,current,direction_correlation,nearest_neighbour,0.16919772652613813,1.7429868165407982,,1.950842285219104,1.3862850587497448,0.25940707075531333,0.012958352376092556,8
12,raw,translation,real,0,0,current,direction_correlation,px,0.16919772652613813,139.25840759692045,,155.8547692309543,110.75207236257519,0.25941745785224496,0.012959803583560593,8
12,raw,translation,real,0,1,endpoint,vector_correlation,nearest_neighbour,0.002895576046183179,2.0190643799910366,2.0801366501162852,2.639918004348783,342941.3675159219,0.004826360836780374,0.0013792753224593692,8
12,raw,translation,real,0,1,endpoint,vector_correlation,px,0.002895576046183179,161.1323656582885,166.00578916001615,210.67598456459325,27365861.649756026,0.004826360845124379,0.0013792753221709513,8
12,raw,translation,real,0,1,endpoint,direction_correlation,nearest_neighbour,0.03353842415292407,1.2034567016347215,1.551447522279009,0.45494867100053926,,,,8
12,raw,translation,real,0,1,endpoint,direction_correlation,px,0.03353842415292407,96.03412578106825,123.81093985463792,36.2999681430417,,,,8
12,raw,translation,real,0,1,start,vector_correlation,nearest_neighbour,-0.0009655294980448572,,,,,,,8
12,raw,translation,real,0,1,start,vector_correlation,px,-0.0009655294980448572,,,,,,,8
12,raw,translation,real,0,1,start,direction_correlation,nearest_neighbour,0.033123117125028405,1.2361024323785412,1.5899068219554588,0.4766674295364905,,,,8
12,raw,translation,real,0,1,start,direction_correlation,px,0.033123117125028405,98.6410261383308,126.88115915682239,38.03346418229543,,,,8
12,raw,translation,real,0,2,endpoint,vector_correlation,nearest_neighbour,0.018060851351706552,2.3657493668469263,6.5452109250872885,1.7079776201540153,1.5936689960502237,0.03153357218739381,0.0028455147902809357,8
12,raw,translation,real,0,2,endpoint,vector_correlation,px,0.018060851351706552,188.52711450736666,521.5945376492856,136.1035792225214,126.98034494182242,0.03153814786255083,0.0028451058678550523,8
12,raw,translation,real,0,2,endpoint,direction_correlation,nearest_neighbour,0.03782646432971489,2.303469908189188,4.815755240557224,1.432442851834554,1.5187739905722952,0.06069285005249372,0.0013534138261621345,8
12,raw,translation,real,0,2,endpoint,direction_correlation,px,0.03782646432971489,183.5645555737223,383.7743118592326,114.14665871042048,121.02480591486231,0.060697119988509615,0.00135261606869278,8
12,raw,translation,real,0,2,start,vector_correlation,nearest_neighbour,0.02041539907545078,2.1243889453787745,4.875317912425993,1.5047671415088781,1.4770996106210914,0.03411129762180984,0.0012785870589770033,8
12,raw,translation,real,0,2,start,vector_correlation,px,0.02041539907545078,169.2930463040904,388.52051521770045,119.90879991677086,117.7012578751577,0.03411492682947274,0.0012783707106246388,8
12,raw,translation,real,0,2,start,direction_correlation,nearest_neighbour,0.03922733602043889,2.24399337827789,4.71176523781374,1.3946637413566292,1.4796572124800345,0.06290702653367342,0.0007550454336219746,8
12,raw,translation,real,0,2,start,direction_correlation,px,0.03922733602043889,178.82301539048902,375.48746746208263,111.13498981222949,117.90627194733703,0.0629131361556932,0.0007545303083322369,8
12,raw,translation,real,0,3,endpoint,vector_correlation,nearest_neighbour,0.015397988861219725,2.0398248551878684,2.4113825308558714,1.6570060565319047,4.271543146346628,0.0207031636362355,0.003724367804443627,8
12,raw,translation,real,0,3,endpoint,vector_correlation,px,0.015397988861219725,162.43907749973482,192.02307939692938,131.94381240864985,340.1242805330624,0.020704052672486893,0.003724240726235108,8
12,raw,translation,real,0,3,endpoint,direction_correlation,nearest_neighbour,0.018764012097876235,2.623710787424977,3.4417469905317697,2.641427773198267,2.998043093489007,0.033065323775815794,0.0064818101117917635,8
12,raw,translation,real,0,3,endpoint,direction_correlation,px,0.018764012097876235,208.93148867658738,274.08638017472174,210.3359090634395,238.72363811300502,0.033067183922230584,0.006481668317029313,8
12,raw,translation,real,0,3,start,vector_correlation,nearest_neighbour,0.017406719832061397,1.9399054953748212,2.527691366594902,1.4829019815198585,2.8718775345568757,0.02432187437784032,0.0041212731939812425,8
12,raw,translation,real,0,3,start,vector_correlation,px,0.017406719832061397,154.48215306168225,201.2837297436438,118.07951612921782,228.64020298125635,0.02432472964585116,0.0041211294431585345,8
12,raw,translation,real,0,3,start,direction_correlation,nearest_neighbour,0.016792216767927217,2.709645158650024,3.4185896051066136,3.0731448111068738,3.235262490326487,0.032306237501412996,0.007796830322653014,8
12,raw,translation,real,0,3,start,direction_correlation,px,0.016792216767927217,215.776087006875,272.24260427969654,244.71365050636476,257.6122356545287,0.032307915080881086,0.007796686685379485,8
12,raw,translation,real,0,4,endpoint,vector_correlation,nearest_neighbour,0.015172382823042221,1.6651587043340261,,1.8878547466417321,1.6049921737253539,0.024923872551879785,0.0027334866436260143,8
12,raw,translation,real,0,4,endpoint,vector_correlation,px,0.015172382823042221,132.40363782876685,,150.10179228484864,127.60923969109618,0.024926070526503218,0.00273329898811167,8
12,raw,translation,real,0,4,endpoint,direction_correlation,nearest_neighbour,0.009731467387645739,4.183484710214607,9.858893949041779,6.575773489218522,3.9704607950875457,0.022211580183219636,0.006299274365572626,8
12,raw,translation,real,0,4,endpoint,direction_correlation,px,0.009731467387645739,332.6451177649215,783.9071774161538,522.8469482845263,315.677358573121,0.022212664948549694,0.006299102501232709,8
12,raw,translation,real,0,4,start,vector_correlation,nearest_neighbour,0.006683236395424077,4.077002725338697,,4.530882523987811,2.6178622178241517,0.016555383115359274,0.00468696033394077,8
12,raw,translation,real,0,4,start,vector_correlation,px,0.006683236395424077,324.1788670267737,,360.24915063202883,208.13995776693673,0.016556304076390804,0.0046869051021570666,8
12,raw,translation,real,0,4,start,direction_correlation,nearest_neighbour,0.0065222738831732414,8.605032036916269,9.854000772355436,9.762281298131404,4.585764001553421,0.01994080194668839,0.006782106095677237,8
12,raw,translation,real,0,4,start,direction_correlation,px,0.0065222738831732414,684.2099372759575,783.5181541275736,776.2065023534656,364.60367022173887,0.019941532304378826,0.0067820062299605785,8
12,raw,translation,real,0,5,endpoint,vector_correlation,nearest_neighbour,0.00665506820578861,3.5675150575638814,5.068777333462922,3.2169714357156023,3.062283099508728,0.011781611863895097,0.002217399301942971,8
12,raw,translation,real,0,5,endpoint,vector_correlation,px,0.00665506820578861,283.5227903979855,402.8235753905887,255.64639031483057,243.3514145470534,0.011782088328908117,0.0022173357437477344,8
12,raw,translation,real,0,5,endpoint,direction_correlation,nearest_neighbour,0.011060630142453946,1.107604526548153,2.6890945533086694,1.1508636724032226,1.8140587142008344,0.014238144878747557,0.004546741406553456,8
12,raw,translation,real,0,5,endpoint,direction_correlation,px,0.011060630142453946,88.02568235591173,213.70000154289409,91.45201958549464,144.15916565749214,0.014238836435502607,0.004546811413448216,8
12,raw,translation,real,0,5,start,vector_correlation,nearest_neighbour,0.004857319211705079,4.166777154636237,4.988122073343579,4.528378555843515,4.921439132436948,0.009879858153078777,0.00311146723844244,8
12,raw,translation,real,0,5,start,vector_correlation,px,0.004857319211705079,331.14384961226676,396.4141457729423,359.86739857599713,391.0844932723296,0.009880144066375747,0.003111432343273607,8
12,raw,translation,real,0,5,start,direction_correlation,nearest_neighbour,0.010535901267909634,2.2931894354318527,2.517831456020461,1.3355952959589246,665739.5278163758,0.009502733491601523,0.0033832414260761986,8
12,raw,translation,real,0,5,start,direction_correlation,px,0.010535901267909634,182.23737782472173,200.08808328151105,106.13272836210099,53318842.359474644,0.009502733428581106,0.0033832414139312473,8
12,raw,translation,real,0,6,endpoint,vector_correlation,nearest_neighbour,0.009519496795484056,1.0802978454011423,4.957273968127708,3.069484134554262,4.846828029586447,0.010460252647658168,0.004208306007875821,8
12,raw,translation,real,0,6,endpoint,vector_correlation,px,0.009519496795484056,85.8484921694787,393.93385205089623,243.9135016525745,385.1481339675756,0.010460379551639762,0.004208289794909335,8
12,raw,translation,real,0,6,endpoint,direction_correlation,nearest_neighbour,0.02511752813493279,3.903528114087337,,2.4945621603081953,2.902514929767386,0.029806909977131753,0.0029039870087210497,8
12,raw,translation,real,0,6,endpoint,direction_correlation,px,0.02511752813493279,310.2015199880299,,198.22861157086626,230.64604196355208,0.029807371154953972,0.0029039975801593036,8
12,raw,translation,real,0,6,start,vector_correlation,nearest_neighbour,0.010924239142359774,1.0941153081890576,4.784295630937058,2.9390165350898485,4.60672326682628,0.011688737250460674,0.004510513454471941,8
12,raw,translation,real,0,6,start,vector_correlation,px,0.010924239142359774,86.94963846398716,380.1881380237068,233.54332176660643,366.05050874412393,0.011689153820401832,0.00451046141449228,8
12,raw,translation,real,0,6,start,direction_correlation,nearest_neighbour,0.02719630953563278,3.8386083194230616,,2.338102934845976,2.65693715787306,0.03253244066204643,0.0028466270969749567,8
12,raw,translation,real,0,6,start,direction_correlation,px,0.02719630953563278,305.0419599781029,,185.79362604276662,211.12567686157436,0.032533638938618256,0.002846602482674749,8
13,gaussian_score,affine,real,0,0,current,vector_correlation,nearest_neighbour,0.17529112413051212,1.493666790236775,8.730088121521312,1.0816510572243876,0.827118815949486,0.40198374319130165,0.0064468095571057465,8
13,gaussian_score,affine,real,0,0,current,vector_correlation,px,0.17529112413051212,118.71783528134671,693.8937493193753,85.96148909213477,65.72698151741281,0.402128087467981,0.006449373548558469,8
13,gaussian_score,affine,real,0,0,current,direction_correlation,nearest_neighbour,0.17128646489938984,1.7144045777953256,,1.6558028760173196,1.2185280397960458,0.2922495461878507,0.01003386025615707,8
13,gaussian_score,affine,real,0,0,current,direction_correlation,px,0.17128646489938984,136.2629349216092,,131.59630042098024,96.83433141108874,0.2923111298195338,0.010035999351014903,8
13,gaussian_score,affine,real,0,1,endpoint,vector_correlation,nearest_neighbour,0.027435702346326633,1.4942570974723761,1.725309851203701,0.6695497632790652,,,,8
13,gaussian_score,affine,real,0,1,endpoint,vector_correlation,px,0.027435702346326633,118.73066632207923,137.09032990712586,53.189785246725904,,,,8
13,gaussian_score,affine,real,0,1,endpoint,direction_correlation,nearest_neighbour,0.025219504477589933,1.3336605757737938,1.5063308248113045,0.5524897894283919,,,,8
13,gaussian_score,affine,real,0,1,endpoint,direction_correlation,px,0.025219504477589933,105.96951951167068,119.69005576271783,43.88978431470798,,,,8
13,gaussian_score,affine,real,0,1,start,vector_correlation,nearest_neighbour,0.028223100593183333,1.4523339570356735,1.7150611017311252,0.615525715446855,,,,8
13,gaussian_score,affine,real,0,1,start,vector_correlation,px,0.028223100593183333,115.40065691358777,136.2763102009083,48.895764790330475,,,,8
13,gaussian_score,affine,real,0,1,start,direction_correlation,nearest_neighbour,0.02554783796948486,1.311896002690011,1.5093096303980291,0.5216250950460145,,,,8
13,gaussian_score,affine,real,0,1,start,direction_correlation,px,0.02554783796948486,104.24180217591302,119.92780390596609,41.43600148269175,,,,8
13,gaussian_score,affine,real,0,2,endpoint,vector_correlation,nearest_neighbour,0.03174862145893811,2.4535535911789865,,2.0771487601942527,1.7079876353821162,0.05565109431302866,0.004350225794147528,8
13,gaussian_score,affine,real,0,2,endpoint,vector_correlation,px,0.03174862145893811,194.92372624760614,,165.0083493018289,135.67562648312986,0.05566104873615395,0.004349582567877556,8
13,gaussian_score,affine,real,0,2,endpoint,direction_correlation,nearest_neighbour,0.040140316418575385,2.250184138123167,,1.846791097506292,1.5729755423539626,0.06881756073710656,0.0035862505990044923,8
13,gaussian_score,affine,real,0,2,endpoint,direction_correlation,px,0.040140316418575385,178.76856862212847,,146.70860724246268,124.94566729141837,0.06883266757889495,0.0035855811601208406,8
13,gaussian_score,affine,real,0,2,start,vector_correlation,nearest_neighbour,0.03597789962898995,2.348151569730129,,1.824323851986278,1.5505452680303429,0.061329854466199214,0.003055603800755227,8
13,gaussian_score,affine,real,0,2,start,vector_correlation,px,0.03597789962898995,186.55249994934115,,144.92307257522089,123.16664116848371,0.061343937797762954,0.0030550328379289437,8
13,gaussian_score,affine,real,0,2,start,direction_correlation,nearest_neighbour,0.0442296988139077,2.204106045663181,,1.6712062921243496,1.4537700479653788,0.07461161726348826,0.0021111911436271042,8
13,gaussian_score,affine,real,0,2,start,direction_correlation,px,0.0442296988139077,175.11041392511518,,132.75959502646506,115.48087454100245,0.07462888679536016,0.002110657462107711,8
13,gaussian_score,affine,real,0,3,endpoint,vector_correlation,nearest_neighbour,0.03035984248249342,2.2101052409046895,3.0946838877420917,1.1925128232098787,1.4921293839838734,0.04977211139481456,0.004522003213090057,8
13,gaussian_score,affine,real,0,3,endpoint,vector_correlation,px,0.03035984248249342,175.54652929162881,245.81165559406855,94.70467687927001,118.49742055826339,0.049784065943881954,0.004522114506307208,8
13,gaussian_score,affine,real,0,3,endpoint,direction_correlation,nearest_neighbour,0.03832538924843151,2.188761639072756,4.131909667706247,1.3267888261357141,1.346047955595456,0.066420371108943,0.003913350818530089,8
13,gaussian_score,affine,real,0,3,endpoint,direction_correlation,px,0.03832538924843151,173.8515286912347,328.20544316526644,105.37123099555849,106.89911305698378,0.06643700335818435,0.00391332214757006,8
13,gaussian_score,affine,real,0,3,start,vector_correlation,nearest_neighbour,0.03166729071073197,2.1954419838463552,3.1629580990522235,1.146351547355631,1.4166663081505624,0.05181653220566871,0.0036344720505215116,8
13,gaussian_score,affine,real,0,3,start,vector_correlation,px,0.03166729071073197,174.38146258459534,251.23430314824475,91.03603352244039,112.5010249038894,0.0518319277938001,0.00363476124821443,8
13,gaussian_score,affine,real,0,3,start,direction_correlation,nearest_neighbour,0.037804118325380665,2.222916812220119,3.8537632661831522,1.3208054404741891,1.3612630577586984,0.06501152737878756,0.0036123295214757793,8
13,gaussian_score,affine,real,0,3,start,direction_correlation,px,0.037804118325380665,176.56326414302455,306.1112472838645,104.89260646643275,108.10137672569968,0.06503201855511494,0.0036122365973317383,8
13,gaussian_score,affine,real,0,4,endpoint,vector_correlation,nearest_neighbour,0.026448735761333605,2.225473565363121,2.9683377221617047,1.1673848570441023,1.4846433380354687,0.04219151202896151,0.004021689026859549,8
13,gaussian_score,affine,real,0,4,endpoint,vector_correlation,px,0.026448735761333605,176.76792732133546,235.77496578982874,92.70658154877103,117.90054326583352,0.04220354834072117,0.004021952325138521,8
13,gaussian_score,affine,real,0,4,endpoint,direction_correlation,nearest_neighbour,0.02730101112083394,1.976918887570099,2.9335706076860895,1.1824414094535096,1.347239633232814,0.04823287907226543,0.0022976734295140884,8
13,gaussian_score,affine,real,0,4,endpoint,direction_correlation,px,0.02730101112083394,157.0299174808815,233.01286554271525,93.90241328261517,106.98366035259887,0.048250248106176286,0.0022970789485878386,8
13,gaussian_score,affine,real,0,4,start,vector_correlation,nearest_neighbour,0.031192589051289975,2.1059656489245637,3.0439128659843293,1.0152650176787663,1.177793983466328,0.05449924991740387,0.0031432862832398833,8
13,gaussian_score,affine,real,0,4,start,vector_correlation,px,0.031192589051289975,167.27785073586585,241.7797617309709,80.62680996326894,93.53290786355636,0.05451804044646472,0.003143912696139826,8
13,gaussian_score,affine,real,0,4,start,direction_correlation,nearest_neighbour,0.03030695722486461,2.0178261406543454,2.9549121600643917,1.1003529763223456,1.260482046832816,0.05301852597241551,0.0005163653794590784,8
13,gaussian_score,affine,real,0,4,start,direction_correlation,px,0.03030695722486461,160.2785718878216,234.7089508993591,87.38445506437523,100.09705777374155,0.05303689788610222,0.0005161236080104117,8
13,gaussian_score,affine,real,0,5,endpoint,vector_correlation,nearest_neighbour,0.013745341737792552,2.9213009700560932,3.3170496001102805,2.3246918132040784,3.3486936213006766,0.019040969474331936,0.0031066345912098567,8
13,gaussian_score,affine,real,0,5,endpoint,vector_correlation,px,0.013745341737792552,232.21970220951755,263.68505978545664,184.77243011465535,266.1479668970894,0.019043210382730803,0.00310646415393141,8
13,gaussian_score,affine,real,0,5,endpoint,direction_correlation,nearest_neighbour,0.011964002679926039,3.4159325552142734,,5.239943259344282,3.223729236756995,0.027154187952187648,0.00600261791136836,8
13,gaussian_score,affine,real,0,5,endpoint,direction_correlation,px,0.011964002679926039,271.5470896302262,,416.50003404860416,256.2251142822084,0.02715760230617442,0.006002248671268961,8
13,gaussian_score,affine,real,0,5,start,vector_correlation,nearest_neighbour,0.01057565820603707,2.9976686609766148,3.3525252704798016,3.202788600325054,4.421690277685753,0.016968274062097298,0.003397986722082089,8
13,gaussian_score,affine,real,0,5,start,vector_correlation,px,0.01057565820603707,238.29445746052426,266.5082934017897,254.575587466193,351.44236099922114,0.0169695462581353,0.0033977923322981,8
13,gaussian_score,affine,real,0,5,start,direction_correlation,nearest_neighbour,0.011232524955917549,3.5025284591547905,,5.68959611158795,3.4005054676936712,0.026235623406551972,0.005948839491642112,8
13,gaussian_score,affine,real,0,5,start,direction_correlation,px,0.011232524955917549,278.4347032321378,,452.2548512920562,270.28228319709586,0.026238313771738245,0.005948488750338278,8
13,gaussian_score,affine,real,0,6,endpoint,vector_correlation,nearest_neighbour,0.010748299478659623,4.33976968735348,,3.897504880678317,3.3448935674461913,0.017938867475181374,0.0027625597848514784,8
13,gaussian_score,affine,real,0,6,endpoint,vector_correlation,px,0.010748299478659623,345.26659786518417,,310.054916632919,266.08798261047826,0.01794023034146871,0.002762422792544606,8
13,gaussian_score,affine,real,0,6,endpoint,direction_correlation,nearest_neighbour,0.01233273438152279,3.5611344406439622,4.559696804118416,2.776578397113797,2.448978094969551,0.021564990965909435,0.0034804105090659684,8
13,gaussian_score,affine,real,0,6,endpoint,direction_correlation,px,0.01233273438152279,283.3215776248691,362.7630954318818,220.87456009453547,194.79699741082007,0.021568466934989722,0.0034801584475350118,8
13,gaussian_score,affine,real,0,6,start,vector_correlation,nearest_neighbour,0.011214813343627885,4.09398371387745,,3.5656179942833788,3.193589707527938,0.01805906191997441,0.0026545833569564465,8
13,gaussian_score,affine,real,0,6,start,vector_correlation,px,0.011214813343627885,325.7130184105675,,283.65463368238807,254.05424295656576,0.01806024567107694,0.002654442583648023,8
13,gaussian_score,affine,real,0,6,start,direction_correlation,nearest_neighbour,0.016087365591858,2.442996420954319,4.566066736072013,1.9533676090547,1.867172764151752,0.026283836540289665,0.0021624951193918314,8
13,gaussian_score,affine,real,0,6,start,direction_correlation,px,0.016087365591858,194.35305407959652,363.27003555214475,155.38699205885257,148.51923399225845,0.02628867381409244,0.002162104786060993,8
13,gaussian_score,affine,spatial_shuffle,0,0,current,vector_correlation,nearest_neighbour,0.003026819443894381,1.0143426418630255,1.1962622689635243,5.402694629425881,9.6753006848641,0.007175376336561869,0.0028952264183851493,8
13,gaussian_score,affine,spatial_shuffle,0,0,current,vector_correlation,px,0.003026819443894381,80.62632732540563,95.0809606536086,429.41424292891156,768.9760810806656,0.00717553753873346,0.002895187062139715,8
13,gaussian_score,affine,spatial_shuffle,0,0,current,direction_correlation,nearest_neighbour,0.009580138185745525,1.187031151773263,,7.212031503050967,22.151588805046792,0.009459782415989626,0.005195723082091748,8
13,gaussian_score,affine,spatial_shuffle,0,0,current,direction_correlation,px,0.009580138185745525,94.34749161389257,,573.2248825310235,1760.7611106004997,0.009459701321815424,0.005195732212675988,8
13,gaussian_score,affine,spatial_shuffle,0,1,endpoint,vector_correlation,nearest_neighbour,0.00400539680175545,1.5709741614429866,1.6658127049507265,4.296650826744679,7.309586262139321,0.005037824433824633,0.0014472415112731752,8
13,gaussian_score,affine,spatial_shuffle,0,1,endpoint,vector_correlation,px,0.00400539680175545,124.82667454092416,132.3626321332004,341.39562607675583,580.800129133867,0.0050378739550668555,0.001447244312070747,8
13,gaussian_score,affine,spatial_shuffle,0,1,endpoint,direction_correlation,nearest_neighbour,-0.012325108172574822,,,,,,,8
13,gaussian_score,affine,spatial_shuffle,0,1,endpoint,direction_correlation,px,-0.012325108172574822,,,,,,,8
13,gaussian_score,affine,spatial_shuffle,0,1,start,vector_correlation,nearest_neighbour,0.002799996326827569,2.8806224571475676,3.1689905043167417,5.875088543617295,430.04848882137486,0.0024891215096123497,0.0010861467976763935,8
13,gaussian_score,affine,spatial_shuffle,0,1,start,vector_correlation,px,0.002799996326827569,228.8868138151135,251.80410589007204,466.8131183583121,34196.257826888854,0.002489108814815917,0.0010861468780979642,8
13,gaussian_score,affine,spatial_shuffle,0,1,start,direction_correlation,nearest_neighbour,-0.013429304467712032,,,,,,,8
13,gaussian_score,affine,spatial_shuffle,0,1,start,direction_correlation,px,-0.013429304467712032,,,,,,,8
13,gaussian_score,affine,spatial_shuffle,0,2,endpoint,vector_correlation,nearest_neighbour,-0.005811424563370634,,,,,,,8
13,gaussian_score,affine,spatial_shuffle,0,2,endpoint,vector_correlation,px,-0.005811424563370634,,,,,,,8
13,gaussian_score,affine,spatial_shuffle,0,2,endpoint,direction_correlation,nearest_neighbour,-0.006314850301383762,,,,1.5794220093799123,0.007851408724908514,0.0002733181162033219,8
13,gaussian_score,affine,spatial_shuffle,0,2,endpoint,direction_correlation,px,-0.006314850301383762,,,,125.44640333632238,0.007854776803900636,0.00027331668129898317,8
13,gaussian_score,affine,spatial_shuffle,0,2,start,vector_correlation,nearest_neighbour,-0.002784040372312303,,,,,,,8
13,gaussian_score,affine,spatial_shuffle,0,2,start,vector_correlation,px,-0.002784040372312303,,,,,,,8
13,gaussian_score,affine,spatial_shuffle,0,2,start,direction_correlation,nearest_neighbour,-0.001964828393754682,,,,,,,8
13,gaussian_score,affine,spatial_shuffle,0,2,start,direction_correlation,px,-0.001964828393754682,,,,,,,8
13,gaussian_score,affine,spatial_shuffle,0,3,endpoint,vector_correlation,nearest_neighbour,-0.0007627803029623823,,,,0.708019406955145,0.06266932581527003,0.0003398573367458601,8
13,gaussian_score,affine,spatial_shuffle,0,3,endpoint,vector_correlation,px,-0.0007627803029623823,,,,56.243662121374385,0.06266269086997303,0.0003398576990710495,8
13,gaussian_score,affine,spatial_shuffle,0,3,endpoint,direction_correlation,nearest_neighbour,0.011590953946482501,1.738870814172758,2.1759334932626877,1.367675982977445,1.3020952990399244,0.020575776470853194,0.001154612523486805,8
13,gaussian_score,affine,spatial_shuffle,0,3,endpoint,direction_correlation,px,0.011590953946482501,138.12312028286323,172.83278241676678,108.6204136481334,103.40468194858413,0.020581767326377298,0.0011544980138444233,8
13,gaussian_score,affine,spatial_shuffle,0,3,start,vector_correlation,nearest_neighbour,5.904940089115551e-05,1.6128806226568528,1.613733145648833,122.66786655076183,3.853450235374959,0.004677131204069966,0.003094535326207609,8
13,gaussian_score,affine,spatial_shuffle,0,3,start,vector_correlation,px,5.904940089115551e-05,128.11693906905074,128.18465484211256,9742.293486128616,306.0104585641805,0.004677880331408915,0.003094479647839684,8
13,gaussian_score,affine,spatial_shuffle,0,3,start,direction_correlation,nearest_neighbour,0.010724699000568617,1.6336253730504167,2.080055686566655,1.4618148414555283,1.2488304329398179,0.020234411774312185,0.0024202336157238685,8
13,gaussian_score,affine,spatial_shuffle,0,3,start,direction_correlation,px,0.010724699000568617,129.76469147348973,165.21852988847613,116.09551903555285,99.16571616459362,0.020242628209495746,0.0024200900558758254,8
13,gaussian_score,affine,spatial_shuffle,0,4,endpoint,vector_correlation,nearest_neighbour,-0.002461799764183267,,,,0.31104939040818264,2.1992241537018997,0.0012409379656084525,8
13,gaussian_score,affine,spatial_shuffle,0,4,endpoint,vector_correlation,px,-0.002461799764183267,,,,24.701310067133136,2.2023648997164837,0.001240938347458754,8
13,gaussian_score,affine,spatial_shuffle,0,4,endpoint,direction_correlation,nearest_neighbour,-0.00133964387245928,,,,,,,8
13,gaussian_score,affine,spatial_shuffle,0,4,endpoint,direction_correlation,px,-0.00133964387245928,,,,,,,8
13,gaussian_score,affine,spatial_shuffle,0,4,start,vector_correlation,nearest_neighbour,-0.0013256462612883523,,,,,,,8
13,gaussian_score,affine,spatial_shuffle,0,4,start,vector_correlation,px,-0.0013256462612883523,,,,,,,8
13,gaussian_score,affine,spatial_shuffle,0,4,start,direction_correlation,nearest_neighbour,-0.0006543879049417766,,,,,,,8
13,gaussian_score,affine,spatial_shuffle,0,4,start,direction_correlation,px,-0.0006543879049417766,,,,,,,8
13,gaussian_score,affine,spatial_shuffle,0,5,endpoint,vector_correlation,nearest_neighbour,0.004673414530490727,2.3021467195891963,2.7170852255220246,1.5255523757555902,1.9222745057343198,0.007394138536131758,0.0008245828492356535,8
13,gaussian_score,affine,spatial_shuffle,0,5,endpoint,vector_correlation,px,0.004673414530490727,182.9994482242965,215.98282623215465,121.24713938924462,152.769655854129,0.007395860767832116,0.0008245678113743338,8
13,gaussian_score,affine,spatial_shuffle,0,5,endpoint,direction_correlation,nearest_neighbour,0.0024341392855531706,2.408913584464277,2.6162897246236527,4.859840800178409,4.882163575531181,0.004732904558203167,0.0018649433062989094,8
13,gaussian_score,affine,spatial_shuffle,0,5,endpoint,direction_correlation,px,0.0024341392855531706,191.48464486043227,207.96873284823337,386.27864696677835,388.0362645326437,0.004733263888795031,0.0018649355085500923,8
13,gaussian_score,affine,spatial_shuffle,0,5,start,vector_correlation,nearest_neighbour,0.007157855247286958,1.096018998389468,2.6638440964294423,0.901891302247006,0.9760208671284984,0.013146909817912776,0.0018405386553937482,8
13,gaussian_score,affine,spatial_shuffle,0,5,start,vector_correlation,px,0.007157855247286958,87.13194048120104,211.75283122314204,71.68160571995332,77.57680739688898,0.013150554117373621,0.0018407059540270514,8
13,gaussian_score,affine,spatial_shuffle,0,5,start,direction_correlation,nearest_neighbour,0.005697921836484395,2.0437086728741143,2.6080868516209703,1.857224105872282,1.190633453351035,0.010377662032579402,0.0009061535851846606,8
13,gaussian_score,affine,spatial_shuffle,0,5,start,direction_correlation,px,0.005697921836484395,162.46171966387197,207.31970044458436,147.62103367588236,94.62710414384824,0.010380877042827351,0.0009061637707960564,8
13,gaussian_score,affine,spatial_shuffle,0,6,endpoint,vector_correlation,nearest_neighbour,0.002227885124209158,0.7834477137145315,0.8355860382098377,1.7701089865107553,9.981503500497235,0.002320774038725574,8.778802059387501e-05,8
13,gaussian_score,affine,spatial_shuffle,0,6,endpoint,vector_correlation,px,0.002227885124209158,62.346105041410844,66.49230906299822,140.81922218355592,794.0865012330329,0.002320827606603396,8.77964614196914e-05,8
13,gaussian_score,affine,spatial_shuffle,0,6,endpoint,direction_correlation,nearest_neighbour,-0.00483679010047371,,,,,,,8
13,gaussian_score,affine,spatial_shuffle,0,6,endpoint,direction_correlation,px,-0.00483679010047371,,,,,,,8
13,gaussian_score,affine,spatial_shuffle,0,6,start,vector_correlation,nearest_neighbour,0.00801491002285481,0.8370868991742455,0.920749766629277,0.7342667666368461,0.971078121662421,0.01633925478329159,0.0005923530639910673,8
13,gaussian_score,affine,spatial_shuffle,0,6,start,vector_correlation,px,0.00801491002285481,66.60885243354056,73.26176050759675,58.4066667595433,77.2444385054875,0.016344806875817502,0.0005923821227300567,8
13,gaussian_score,affine,spatial_shuffle,0,6,start,direction_correlation,nearest_neighbour,-0.0003852496532042616,,,,,,,8
13,gaussian_score,affine,spatial_shuffle,0,6,start,direction_correlation,px,-0.0003852496532042616,,,,,,,8
13,gaussian_score,affine,spatial_shuffle,1,0,current,vector_correlation,nearest_neighbour,0.0012935151550253839,6.459614934702582,6.8721460515313435,10.62473796895011,10.02563648852181,0.0034870532028441967,0.0018290390169801666,8
13,gaussian_score,affine,spatial_shuffle,1,0,current,vector_correlation,px,0.0012935151550253839,513.4280948077557,546.2176029620576,844.4449152294593,796.724201565044,0.003487188708844582,0.0018290289528191588,8
13,gaussian_score,affine,spatial_shuffle,1,0,current,direction_correlation,nearest_neighbour,0.010615019268073908,,,6.786983588602537,7.375610665621323,0.01501497299231739,0.002682421925901598,8
13,gaussian_score,affine,spatial_shuffle,1,0,current,direction_correlation,px,0.010615019268073908,,,539.4307974780327,586.2080732850761,0.015015205600078229,0.0026823715882571663,8
13,gaussian_score,affine,spatial_shuffle,1,1,endpoint,vector_correlation,nearest_neighbour,-0.010229707847145622,,,,41374.99365262889,0.00033269632770859165,0.00022309299908495418,8
13,gaussian_score,affine,spatial_shuffle,1,1,endpoint,vector_correlation,px,-0.010229707847145622,,,,3287462.429956287,0.0003326963287738547,0.00022309299899491382,8
13,gaussian_score,affine,spatial_shuffle,1,1,endpoint,direction_correlation,nearest_neighbour,-0.007874028444314915,,,,,,,8
13,gaussian_score,affine,spatial_shuffle,1,1,endpoint,direction_correlation,px,-0.007874028444314915,,,,,,,8
13,gaussian_score,affine,spatial_shuffle,1,1,start,vector_correlation,nearest_neighbour,-0.004404595922851206,,,,,,,8
13,gaussian_score,affine,spatial_shuffle,1,1,start,vector_correlation,px,-0.004404595922851206,,,,,,,8
13,gaussian_score,affine,spatial_shuffle,1,1,start,direction_correlation,nearest_neighbour,-0.0031899297869396096,,,,,,,8
13,gaussian_score,affine,spatial_shuffle,1,1,start,direction_correlation,px,-0.0031899297869396096,,,,,,,8
13,gaussian_score,affine,spatial_shuffle,1,2,endpoint,vector_correlation,nearest_neighbour,-0.0015558522621970424,,,,,,,8
13,gaussian_score,affine,spatial_shuffle,1,2,endpoint,vector_correlation,px,-0.0015558522621970424,,,,,,,8
13,gaussian_score,affine,spatial_shuffle,1,2,endpoint,direction_correlation,nearest_neighbour,-0.007245528353214766,,,,0.660770055628225,0.038293880394127226,0.00019807531781112456,8
13,gaussian_score,affine,spatial_shuffle,1,2,endpoint,direction_correlation,px,-0.007245528353214766,,,,52.494741642354505,0.03829787571588288,0.00019812953654490024,8
13,gaussian_score,affine,spatial_shuffle,1,2,start,vector_correlation,nearest_neighbour,0.0024639758240361104,1.6042224186297669,1.6944683686293902,1.436921642923276,2.316668821664077,0.0045427674186946584,0.0012028475049778978,8
13,gaussian_score,affine,spatial_shuffle,1,2,start,vector_correlation,px,0.0024639758240361104,127.45704836790729,134.6269572025649,114.14050745725498,184.00710795910499,0.00454365061884305,0.0012028009516097016,8
13,gaussian_score,affine,spatial_shuffle,1,2,start,direction_correlation,nearest_neighbour,-0.004801778901757813,,,,0.3632988390349581,0.21416834987552988,0.00041893938026142116,8
13,gaussian_score,affine,spatial_shuffle,1,2,start,direction_correlation,px,-0.004801778901757813,,,,28.867875695066832,0.21408036656789559,0.0004188955559548515,8
13,gaussian_score,affine,spatial_shuffle,1,3,endpoint,vector_correlation,nearest_neighbour,0.003142830362414438,0.8085345480366996,0.8720912897574673,2.4572555959849356,9.216319221781408,0.002725324300285879,0.000793510523611123,8
13,gaussian_score,affine,spatial_shuffle,1,3,endpoint,vector_correlation,px,0.003142830362414438,64.23865569105214,69.28524748876904,195.17852948837927,732.0830154076369,0.0027253341043297096,0.0007935214552466776,8
13,gaussian_score,affine,spatial_shuffle,1,3,endpoint,direction_correlation,nearest_neighbour,0.000812650134409604,1.4980235764147052,1.525368293882684,22.140490826046307,39.94132805655308,0.0022892358220936012,0.0014522540052149405,8
13,gaussian_score,affine,spatial_shuffle,1,3,endpoint,direction_correlation,px,0.000812650134409604,118.99248079798383,121.16448798629668,1758.6541365154656,3172.2974938795255,0.00228926004357515,0.0014522525058692079,8
13,gaussian_score,affine,spatial_shuffle,1,3,start,vector_correlation,nearest_neighbour,0.0007339539301776674,0.7284467689454961,0.7471436539344527,11.505842834760605,351710.14655972034,0.0017334985409581582,0.0010517238403078325,8
13,gaussian_score,affine,spatial_shuffle,1,3,start,vector_correlation,px,0.0007339539301776674,57.88282076409418,59.367342973703614,913.9337889142735,28366918.12771795,0.0017334984101797857,0.0010517238234078192,8
13,gaussian_score,affine,spatial_shuffle,1,3,start,direction_correlation,nearest_neighbour,7.583675272257878e-05,1.5014670150445446,1.5069451009570873,225.7888428275096,931021.0615475582,0.0017198704805723502,0.001598366336338841,8
13,gaussian_score,affine,spatial_shuffle,1,3,start,direction_correlation,px,7.583675272257878e-05,119.26737296931292,119.70249650962391,17935.02573470064,73665900.94288735,0.001719870499785878,0.0015983663394792292,8
13,gaussian_score,affine,spatial_shuffle,1,4,endpoint,vector_correlation,nearest_neighbour,0.003170773771273356,2.1897921934014946,2.264869771670195,2.9626179915943944,3.86821566334825,0.005394847996518723,0.0020830603308388323,8
13,gaussian_score,affine,spatial_shuffle,1,4,endpoint,vector_correlation,px,0.003170773771273356,173.9344289653482,179.89642490050036,235.28987530814976,307.2272105084358,0.005395301675962418,0.0020830313136789703,8
13,gaussian_score,affine,spatial_shuffle,1,4,endpoint,direction_correlation,nearest_neighbour,0.0011506366125815424,1.8489579158859586,1.9181963039111736,2.2980205239240545,30.797934334225506,0.0018486202458343477,0.0010179009810432438,8
13,gaussian_score,affine,spatial_shuffle,1,4,endpoint,direction_correlation,px,0.0011506366125815424,146.86839108869333,152.3666902811024,182.4929207350249,2437.8077928204907,0.0018488883347219823,0.0010178980777287704,8
13,gaussian_score,affine,spatial_shuffle,1,4,start,vector_correlation,nearest_neighbour,0.003166437900356625,1.1200926089594399,2.2676899511992366,3.135656079749376,5.375372567850197,0.004423765635506121,0.0023249204291232927,8
13,gaussian_score,affine,spatial_shuffle,1,4,start,vector_correlation,px,0.003166437900356625,88.97891513136827,180.12059867423068,249.04816301713117,426.9573692817122,0.00442393799694851,0.0023249137352157243,8
13,gaussian_score,affine,spatial_shuffle,1,4,start,direction_correlation,nearest_neighbour,-0.0004315090509914865,,,,2.880537470683186,0.003888736454819685,0.0004779015954231031,8
13,gaussian_score,affine,spatial_shuffle,1,4,start,direction_correlation,px,-0.0004315090509914865,,,,226.0459140406465,0.003914037338911594,0.0004779459234966681,8
13,gaussian_score,affine,spatial_shuffle,1,5,endpoint,vector_correlation,nearest_neighbour,-0.002694326564424574,,,,,,,8
13,gaussian_score,affine,spatial_shuffle,1,5,endpoint,vector_correlation,px,-0.002694326564424574,,,,,,,8
13,gaussian_score,affine,spatial_shuffle,1,5,endpoint,direction_correlation,nearest_neighbour,0.001264940493240429,1.1718480678904175,1.2799968951846732,10.004413215693006,667987.8254209263,0.0016254011019623685,0.0010907019581253617,8
13,gaussian_score,affine,spatial_shuffle,1,5,endpoint,direction_correlation,px,0.001264940493240429,93.16091746347604,101.75492307038549,795.2782011316018,53101481.2380994,0.0016254011021721833,0.0010907019580686029,8
13,gaussian_score,affine,spatial_shuffle,1,5,start,vector_correlation,nearest_neighbour,-0.0036221111085015124,,,,,,,8
13,gaussian_score,affine,spatial_shuffle,1,5,start,vector_correlation,px,-0.0036221111085015124,,,,,,,8
13,gaussian_score,affine,spatial_shuffle,1,5,start,direction_correlation,nearest_neighbour,0.0013264549797916178,0.8535641638147029,0.9464901104202874,8.696264479426858,84.52302653577364,0.0020141691898581974,0.0011513689678693774,8
13,gaussian_score,affine,spatial_shuffle,1,5,start,direction_correlation,px,0.0013264549797916178,67.86658979322758,75.25044317156238,691.2875729943653,6718.189894508719,0.002014188917074342,0.0011513682844134694,8
13,gaussian_score,affine,spatial_shuffle,1,6,endpoint,vector_correlation,nearest_neighbour,-0.006401801923021951,,,,0.33041993436017647,1.7727248247753957,0.0009056433471087636,8
13,gaussian_score,affine,spatial_shuffle,1,6,endpoint,vector_correlation,px,-0.006401801923021951,,,,26.282495174355436,1.7747640537504743,0.0009056436086069466,8
13,gaussian_score,affine,spatial_shuffle,1,6,endpoint,direction_correlation,nearest_neighbour,0.001206027534625374,0.787895489122681,0.8426223153029166,2.362585982539791,115444.1898299975,0.0015206927766346933,0.0002467971846428919,8
13,gaussian_score,affine,spatial_shuffle,1,6,endpoint,direction_correlation,px,0.001206027534625374,62.69980617129751,67.05185601167229,187.94764171501816,630.6502471688461,0.0018324076416581024,0.0003588699192113924,8
13,gaussian_score,affine,spatial_shuffle,1,6,start,vector_correlation,nearest_neighbour,-0.007189037905454794,,,,1.4473778155553,0.04103194437630937,0.0007008747571995006,8
13,gaussian_score,affine,spatial_shuffle,1,6,start,vector_correlation,px,-0.007189037905454794,,,,115.15740053784812,0.0410292921651218,0.0007008743613191773,8
13,gaussian_score,affine,spatial_shuffle,1,6,start,direction_correlation,nearest_neighbour,-0.0017490382469618595,,,,,,,8
13,gaussian_score,affine,spatial_shuffle,1,6,start,direction_correlation,px,-0.0017490382469618595,,,,,,,8
13,gaussian_score,affine,time_shuffle,0,0,current,vector_correlation,nearest_neighbour,0.01211848846132386,1.0201841567210956,1.2055034094018222,1.8628963726720724,3.553193638290518,0.015030728954015207,0.0012537230797746066,8
13,gaussian_score,affine,time_shuffle,0,0,current,vector_correlation,px,0.01211848846132386,81.09047161099173,95.81522610203231,148.06455958907134,282.3996692480667,0.015031433441565597,0.0012537212333978015,8
13,gaussian_score,affine,time_shuffle,0,0,current,direction_correlation,nearest_neighbour,0.011399731700193386,1.0149125044680058,1.197163778330719,2.5162727384949615,3.51692400582166,0.012972244081875016,0.0012552380297521399,8
13,gaussian_score,affine,time_shuffle,0,0,current,direction_correlation,px,0.011399731700193386,80.67160641449419,95.15259111785498,199.9947465086107,279.5240661504233,0.012972608718205172,0.0012552896901065382,8
13,gaussian_score,affine,time_shuffle,0,1,endpoint,vector_correlation,nearest_neighbour,0.010452768036409757,2.341282648853161,4.972256565868925,1.999995557078117,2.082198990473868,0.01801289491851867,0.0034598387063003934,8
13,gaussian_score,affine,time_shuffle,0,1,endpoint,vector_correlation,px,0.010452768036409757,186.0286449830549,395.09383138951006,158.90005915332748,165.42746582649562,0.018014886362855413,0.0034597539611214037,8
13,gaussian_score,affine,time_shuffle,0,1,endpoint,direction_correlation,nearest_neighbour,0.009785721927420384,2.402385711878953,5.76614230396335,2.3778466777277196,2.407050903798677,0.01601601060858912,0.004596405209963529,8
13,gaussian_score,affine,time_shuffle,0,1,endpoint,direction_correlation,px,0.009785721927420384,190.8831632107707,458.1763295960501,188.92418011597118,191.24571554623998,0.016017131170800322,0.0045963778982203276,8
13,gaussian_score,affine,time_shuffle,0,1,start,vector_correlation,nearest_neighbour,0.009692872263542018,2.4127418585706497,5.318074270525209,2.1376620754302094,2.134917357089881,0.01667754426861218,0.0033255507620667895,8
13,gaussian_score,affine,time_shuffle,0,1,start,vector_correlation,px,0.009692872263542018,191.70599664475614,422.5736668888192,169.83523691268704,169.6161335791827,0.016679617882118136,0.0033254464573468255,8
13,gaussian_score,affine,time_shuffle,0,1,start,direction_correlation,nearest_neighbour,0.009069358832988336,2.4524658915400366,5.834315650797413,2.529383670040152,2.563480915645935,0.014852773160035781,0.00426649964911073,8
13,gaussian_score,affine,time_shuffle,0,1,start,direction_correlation,px,0.009069358832988336,194.8619845205326,463.5941069549355,200.9611327534744,203.66932471836836,0.01485414682566814,0.004266441012919919,8
13,gaussian_score,affine,time_shuffle,0,2,endpoint,vector_correlation,nearest_neighbour,-0.005980396719122141,,,,1.333632163002517,0.03155821766631111,0.000947440903874931,8
13,gaussian_score,affine,time_shuffle,0,2,endpoint,vector_correlation,px,-0.005980396719122141,,,,105.96286658917191,0.031555543112745166,0.0009474643142834736,8
13,gaussian_score,affine,time_shuffle,0,2,endpoint,direction_correlation,nearest_neighbour,-0.0009319049058081397,,,,2.201132117252358,0.020665110922937487,0.0012700823931952924,8
13,gaussian_score,affine,time_shuffle,0,2,endpoint,direction_correlation,px,-0.0009319049058081397,,,,174.8720656972016,0.020665424587045164,0.0012699974854621314,8
13,gaussian_score,affine,time_shuffle,0,2,start,vector_correlation,nearest_neighbour,-0.0010942684487923705,,,,0.7911985108123901,0.06160378967827971,0.0013202893051863004,8
13,gaussian_score,affine,time_shuffle,0,2,start,vector_correlation,px,-0.0010942684487923705,,,,62.854101985627416,0.06161569536622819,0.0013202938174360504,8
13,gaussian_score,affine,time_shuffle,0,2,start,direction_correlation,nearest_neighbour,0.0014117420776798332,3.2105679247464955,3.28799709373558,12.980863554826993,5.152881832251563,0.006192980077170828,0.0036870981683202395,8
13,gaussian_score,affine,time_shuffle,0,2,start,direction_correlation,px,0.0014117420776798332,255.07660163115358,261.2292524058968,1031.242373567181,409.3209910606906,0.006193505721779005,0.003687054048267139,8
13,gaussian_score,affine,time_shuffle,0,3,endpoint,vector_correlation,nearest_neighbour,0.0006652297893154619,0.7985665802203905,0.8563221968572432,14.028782364174363,66.53019289089002,0.0018056646635432603,0.0013982283209250596,8
13,gaussian_score,affine,time_shuffle,0,3,endpoint,vector_correlation,px,0.0006652297893154619,63.44716979577609,68.0331352386267,1114.3172857682148,902.6212286304599,0.0021669715442772224,0.0014266466684903858,8
13,gaussian_score,affine,time_shuffle,0,3,endpoint,direction_correlation,nearest_neighbour,-0.0011153804172846613,,,,3.956849778591924,0.00555480541020077,0.0010249822290938296,8
13,gaussian_score,affine,time_shuffle,0,3,endpoint,direction_correlation,px,-0.0011153804172846613,,,,314.2957602598497,0.0055548301564884595,0.0010249795557195844,8
13,gaussian_score,affine,time_shuffle,0,3,start,vector_correlation,nearest_neighbour,-0.003989247685818418,,,,7.222618043016122,0.004463946238122233,0.0007189806506775794,8
13,gaussian_score,affine,time_shuffle,0,3,start,vector_correlation,px,-0.003989247685818418,,,,573.6966154784632,0.0044639872413110996,0.000718975653068707,8
13,gaussian_score,affine,time_shuffle,0,3,start,direction_correlation,nearest_neighbour,-0.0030526259114921116,,,,2.3159944120284703,0.01088047197456595,0.0013395909654095285,8
13,gaussian_score,affine,time_shuffle,0,3,start,direction_correlation,px,-0.0030526259114921116,,,,183.96167937001684,0.010880525384535624,0.0013396411800781624,8
13,gaussian_score,affine,time_shuffle,0,4,endpoint,vector_correlation,nearest_neighbour,0.030536594527860405,1.202953486423938,,0.8942514021734415,0.6206300728000497,0.09202135736055762,0.0019605909723344715,8
13,gaussian_score,affine,time_shuffle,0,4,endpoint,vector_correlation,px,0.030536594527860405,95.55941724109698,,71.01754850130865,49.278976473701604,0.0921041578400811,0.0019610120123005666,8
13,gaussian_score,affine,time_shuffle,0,4,endpoint,direction_correlation,nearest_neighbour,0.027866635712011808,1.1898860385841674,,0.8185517736975171,0.5898906686911507,0.0890967390868577,0.0017892630544550717,8
13,gaussian_score,affine,time_shuffle,0,4,endpoint,direction_correlation,px,0.027866635712011808,94.52187718503433,,65.00486863147165,46.84015412339214,0.08917607378660243,0.0017896510587144005,8
13,gaussian_score,affine,time_shuffle,0,4,start,vector_correlation,nearest_neighbour,0.027971077171611368,1.2425099864384919,3.2187011754142296,0.9811163025881191,0.6942092517125193,0.07471633004612133,0.0017032176539734571,8
13,gaussian_score,affine,time_shuffle,0,4,start,vector_correlation,px,0.027971077171611368,98.69870131599552,255.66611306696842,77.91708375903892,55.12943777929,0.07476152182388954,0.0017036584966256922,8
13,gaussian_score,affine,time_shuffle,0,4,start,direction_correlation,nearest_neighbour,0.02666579641533771,1.1916466832873063,3.217686963095741,0.8549812750372006,0.5965138018144408,0.08386518453953698,0.001717037437864326,8
13,gaussian_score,affine,time_shuffle,0,4,start,direction_correlation,px,0.02666579641533771,94.66021885987527,255.58553726284418,67.89876597727144,47.36713954502217,0.08393400881821307,0.001717488740933148,8
13,gaussian_score,affine,time_shuffle,0,5,endpoint,vector_correlation,nearest_neighbour,0.006129847764860842,1.566653606621897,1.6590094027531381,2.5676335870477427,2.791506395669876,0.010367098903420354,0.0019027699419172353,8
13,gaussian_score,affine,time_shuffle,0,5,endpoint,vector_correlation,px,0.006129847764860842,124.54273510154601,131.88457095696708,204.08705452743646,221.8607052200865,0.010368748082794305,0.001902614873380077,8
13,gaussian_score,affine,time_shuffle,0,5,endpoint,direction_correlation,nearest_neighbour,0.009078771078016386,1.640895602080709,4.40783381286818,2.3567511614307324,3.0520089668288715,0.0102968448148112,0.0019209603403808138,8
13,gaussian_score,affine,time_shuffle,0,5,endpoint,direction_correlation,px,0.009078771078016386,130.44461204993965,350.3994073113014,187.33025322491616,242.58686653173868,0.010297820512734623,0.0019209438074905985,8
13,gaussian_score,affine,time_shuffle,0,5,start,vector_correlation,nearest_neighbour,0.006966559759197496,1.5534025739413877,1.6586581293719433,2.609564097160192,2.9671187768506635,0.010571731265468579,0.0015710825066478822,8
13,gaussian_score,affine,time_shuffle,0,5,start,vector_correlation,px,0.006966559759197496,123.48800081146766,131.85613530669866,207.42656500397197,235.828810090184,0.01057294992561187,0.0015709758245756147,8
13,gaussian_score,affine,time_shuffle,0,5,start,direction_correlation,nearest_neighbour,0.009727472863736335,1.7114902553037081,4.526851378142046,2.4398009820176236,3.1369197168820686,0.010832848321564774,0.0014215874659390293,8
13,gaussian_score,affine,time_shuffle,0,5,start,direction_correlation,px,0.009727472863736335,136.05644885459188,359.86145526922746,193.93524087442185,249.3486963655544,0.010833485784445155,0.0014216240509342692,8
13,gaussian_score,affine,time_shuffle,0,6,endpoint,vector_correlation,nearest_neighbour,-0.005167025729141333,,,,1.1931556626572184,0.030574189611828843,0.0003395167165632364,8
13,gaussian_score,affine,time_shuffle,0,6,endpoint,vector_correlation,px,-0.005167025729141333,,,,94.91756379010235,0.0305766891523348,0.0003395829847748005,8
13,gaussian_score,affine,time_shuffle,0,6,endpoint,direction_correlation,nearest_neighbour,-0.006944708278466022,,,,1.2519203368638718,0.014977069827358658,1.830336147822534e-05,8
13,gaussian_score,affine,time_shuffle,0,6,endpoint,direction_correlation,px,-0.006944708278466022,,,,99.59340479430595,0.014978072770598903,1.8340606524078358e-05,8
13,gaussian_score,affine,time_shuffle,0,6,start,vector_correlation,nearest_neighbour,-0.006184981615470101,,,,1.095632394208813,0.0352561297382391,0.0003957683681398042,8
13,gaussian_score,affine,time_shuffle,0,6,start,vector_correlation,px,-0.006184981615470101,,,,87.16140363258901,0.035256882273603886,0.00039580616714830443,8
13,gaussian_score,affine,time_shuffle,0,6,start,direction_correlation,nearest_neighbour,-0.006654200151111756,,,,2.260468433660139,0.00680521896622979,0.00014572467144468836,8
13,gaussian_score,affine,time_shuffle,0,6,start,direction_correlation,px,-0.006654200151111756,,,,179.83737445578208,0.006805063810932469,0.00014569716875416692,8
13,gaussian_score,affine,time_shuffle,1,0,current,vector_correlation,nearest_neighbour,0.0016291699563319017,0.7746926106310591,0.8171415017540469,6.0341034664408255,9.368865029508619,0.004201551320997065,0.00225276597084557,8
13,gaussian_score,affine,time_shuffle,1,0,current,vector_correlation,px,0.0016291699563319017,61.58465829957368,64.95748379482733,479.61395885196623,735.2698884749846,0.004215380111424222,0.0022527775302563506,8
13,gaussian_score,affine,time_shuffle,1,0,current,direction_correlation,nearest_neighbour,0.013395164320203648,0.9467762636716466,1.089373832497239,1.2345480458204157,2.122023037772385,0.018969058642595717,0.0008624629653492437,8
13,gaussian_score,affine,time_shuffle,1,0,current,direction_correlation,px,0.013395164320203648,75.25776298940059,86.58801692471923,98.11972042782747,168.64896092982536,0.018970944456045868,0.0008623010386715133,8
13,gaussian_score,affine,time_shuffle,1,1,endpoint,vector_correlation,nearest_neighbour,-0.001047376068071987,,,,1.1125920185966292,0.040383083980466306,0.0008820304340448235,8
13,gaussian_score,affine,time_shuffle,1,1,endpoint,vector_correlation,px,-0.001047376068071987,,,,88.3992201446547,0.040386751353361,0.0008819558482159353,8
13,gaussian_score,affine,time_shuffle,1,1,endpoint,direction_correlation,nearest_neighbour,9.828425241189391e-05,0.8877043875071842,0.9960188853164862,181.7680197064053,9.14232975176338,0.004825219643248441,0.0029876135724901556,8
13,gaussian_score,affine,time_shuffle,1,1,endpoint,direction_correlation,px,9.828425241189391e-05,70.5437365360507,79.14757369643836,14443.094918949133,726.3816001010283,0.0048253796697268125,0.0029875905628012536,8
13,gaussian_score,affine,time_shuffle,1,1,start,vector_correlation,nearest_neighbour,-0.0003544618200323415,,,,3.0883824990650024,0.009359583089211554,0.0009556732452545185,8
13,gaussian_score,affine,time_shuffle,1,1,start,vector_correlation,px,-0.0003544618200323415,,,,245.39109732234283,0.00935977983316308,0.0009556292407401974,8
13,gaussian_score,affine,time_shuffle,1,1,start,direction_correlation,nearest_neighbour,-0.0017573745478841741,,,,7.536594100491969,0.005431435617603847,0.0021204190757594605,8
13,gaussian_score,affine,time_shuffle,1,1,start,direction_correlation,px,-0.0017573745478841741,,,,598.8557400633662,0.0054314163997195046,0.0021204129578990907,8
13,gaussian_score,affine,time_shuffle,1,2,endpoint,vector_correlation,nearest_neighbour,0.015014462951733299,1.3863622597778147,1.5888976011583158,1.4669891526860903,2.0309121376994286,0.0195639791620374,0.00113163897257377,8
13,gaussian_score,affine,time_shuffle,1,2,endpoint,vector_correlation,px,0.015014462951733299,110.14493839061501,126.23587320642748,116.54004162617174,161.34744349925396,0.019565499222902957,0.001131937607592869,8
13,gaussian_score,affine,time_shuffle,1,2,endpoint,direction_correlation,nearest_neighbour,0.00743720604444469,1.4827903530225128,1.5743750406721873,1.9931558550727697,2.58781809953434,0.011516507168431547,0.0010864810611557153,8
13,gaussian_score,affine,time_shuffle,1,2,endpoint,direction_correlation,px,0.00743720604444469,117.80591327152982,125.08209148839154,158.33857669966778,205.58123181841697,0.011517589384823813,0.0010863298443816215,8
13,gaussian_score,affine,time_shuffle,1,2,start,vector_correlation,nearest_neighbour,0.01630893402995318,1.366401772090749,1.5977626930352526,1.3996712462352345,1.8136572829372641,0.021847397796890967,0.0014838270998072884,8
13,gaussian_score,affine,time_shuffle,1,2,start,vector_correlation,px,0.01630893402995318,108.5625455709262,126.94383261019443,111.19243888425167,144.08596068517545,0.021849860767290914,0.0014841487114062076,8
13,gaussian_score,affine,time_shuffle,1,2,start,direction_correlation,nearest_neighbour,0.011280930730159584,1.3178386868357672,1.556814466528981,1.2345550696588041,0.7492384648967566,0.02843717458393651,0.0010499747213897268,8
13,gaussian_score,affine,time_shuffle,1,2,start,direction_correlation,px,0.011280930730159584,104.7042794214826,123.69055585935848,98.07472921969061,59.51739748902959,0.02844928916924226,0.001050034395120539,8
13,gaussian_score,affine,time_shuffle,1,3,endpoint,vector_correlation,nearest_neighbour,-0.01582884107919514,,,,3.39155054748621,0.007694763065327161,0.00165692276728771,8
13,gaussian_score,affine,time_shuffle,1,3,endpoint,vector_correlation,px,-0.01582884107919514,,,,269.4086788305132,0.007694509561917434,0.001656964449500965,8
13,gaussian_score,affine,time_shuffle,1,3,endpoint,direction_correlation,nearest_neighbour,-0.003305141197711371,,,,1.2697505912291644,0.0311662784666759,0.001353439518698322,8
13,gaussian_score,affine,time_shuffle,1,3,endpoint,direction_correlation,px,-0.003305141197711371,,,,100.83541181365854,0.03117501582972399,0.0013535241835783433,8
13,gaussian_score,affine,time_shuffle,1,3,start,vector_correlation,nearest_neighbour,-0.013051634128288553,,,,5.539666938815028,0.004447501029032659,0.0016928768912003417,8
13,gaussian_score,affine,time_shuffle,1,3,start,vector_correlation,px,-0.013051634128288553,,,,440.05151720961817,0.004447370100647722,0.0016928946781280838,8
13,gaussian_score,affine,time_shuffle,1,3,start,direction_correlation,nearest_neighbour,-0.003984031530133799,,,,0.7689123432785886,0.07119967937952722,0.001480068998369265,8
13,gaussian_score,affine,time_shuffle,1,3,start,direction_correlation,px,-0.003984031530133799,,,,61.06933895662903,0.07121732953585583,0.0014801354112809267,8
13,gaussian_score,affine,time_shuffle,1,4,endpoint,vector_correlation,nearest_neighbour,0.009040934406589974,2.0791657926491656,4.647771873600838,2.6603128383110217,1.607061635602405,0.018652378774415966,0.003634545711758958,8
13,gaussian_score,affine,time_shuffle,1,4,endpoint,vector_correlation,px,0.009040934406589974,165.14946057910936,369.18561982738345,211.283665617214,127.6131155888371,0.018658609985838216,0.0036343800807945334,8
13,gaussian_score,affine,time_shuffle,1,4,endpoint,direction_correlation,nearest_neighbour,0.0025181909723491817,3.916058789188363,4.601575488774806,7.691259051023321,6.014159188453116,0.00590742369431117,0.0020532101855047394,8
13,gaussian_score,affine,time_shuffle,1,4,endpoint,direction_correlation,px,0.0025181909723491817,311.06276122941233,365.51605862890233,610.8745632959024,477.6340226784134,0.005907844138564252,0.0020531755482969044,8
13,gaussian_score,affine,time_shuffle,1,4,start,vector_correlation,nearest_neighbour,0.0129484024418138,2.079615894331493,2.4585236161080077,2.095632283127512,2.9496249591659462,0.0153839403137724,0.0011973824190391305,8
13,gaussian_score,affine,time_shuffle,1,4,start,vector_correlation,px,0.0129484024418138,165.18538070064608,195.27496089503796,166.44140327855058,234.27722549220252,0.015385147050025314,0.0011975175440077537,8
13,gaussian_score,affine,time_shuffle,1,4,start,direction_correlation,nearest_neighbour,0.003866936434261756,4.0544425855436135,4.5594780220854165,5.783728052767554,7.602052805659022,0.006147894517141746,0.0024484522657309657,8
13,gaussian_score,affine,time_shuffle,1,4,start,direction_correlation,px,0.003866936434261756,322.0559552469597,362.1726370282968,459.3779807479758,603.8130586212343,0.006148039217577026,0.0024484529811782904,8
13,gaussian_score,affine,time_shuffle,1,5,endpoint,vector_correlation,nearest_neighbour,0.011183817676924205,1.2443207117455208,5.260172570976559,1.4015446029902443,1.6299556494162322,0.015384909566109009,0.0016858290317610432,8
13,gaussian_score,affine,time_shuffle,1,5,endpoint,vector_correlation,px,0.011183817676924205,98.91955056899779,418.15567334050587,111.39735194124147,129.55695571857314,0.015387525581140317,0.0016859471665633117,8
13,gaussian_score,affine,time_shuffle,1,5,endpoint,direction_correlation,nearest_neighbour,0.014834976441556862,1.0345952386430046,1.2323430554627126,0.7198582048283372,0.9689602732739463,0.03025806500074834,0.00030868491230059747,8
13,gaussian_score,affine,time_shuffle,1,5,endpoint,direction_correlation,px,0.014834976441556862,82.25488941914352,97.96781313639298,57.2127717143446,77.00648969278356,0.030272754104941665,0.0003087281443574443,8
13,gaussian_score,affine,time_shuffle,1,5,start,vector_correlation,nearest_neighbour,0.013912159098934614,2.2442050522760746,5.330808731652034,1.2051600102360003,1.2069783139126244,0.023295126733191174,0.0012296072279886527,8
13,gaussian_score,affine,time_shuffle,1,5,start,vector_correlation,px,0.013912159098934614,178.3967476350669,423.77076223586306,95.78866885020038,95.94831080778513,0.023297637057256116,0.0012298393357998766,8
13,gaussian_score,affine,time_shuffle,1,5,start,direction_correlation,nearest_neighbour,0.018135043754664213,1.0652802132981796,3.3818561034947323,0.5659456514521832,0.19529966446566466,0.6328087880156156,0.0022185057888024066,8
13,gaussian_score,affine,time_shuffle,1,5,start,direction_correlation,px,0.018135043754664213,84.68945062306085,268.8403207292854,44.97870116747698,15.516410558927097,0.6348461034798678,0.0022185423015085837,8
13,gaussian_score,affine,time_shuffle,1,6,endpoint,vector_correlation,nearest_neighbour,-0.002676987784548518,,,,6.018133488279138,0.004135391924400296,0.0022631320001969485,8
13,gaussian_score,affine,time_shuffle,1,6,endpoint,vector_correlation,px,-0.002676987784548518,,,,478.86440248392864,0.004135127618286322,0.0022631478441155315,8
13,gaussian_score,affine,time_shuffle,1,6,endpoint,direction_correlation,nearest_neighbour,-0.0017000502122962952,,,,3.516709256211184,0.010700316697820582,0.003534477135549899,8
13,gaussian_score,affine,time_shuffle,1,6,endpoint,direction_correlation,px,-0.0017000502122962952,,,,279.7612001064531,0.010700806459575057,0.0035344952272802254,8
13,gaussian_score,affine,time_shuffle,1,6,start,vector_correlation,nearest_neighbour,-0.0024742394410262746,,,,4.803052745422821,0.00659426027482315,0.001214115095430185,8
13,gaussian_score,affine,time_shuffle,1,6,start,vector_correlation,px,-0.0024742394410262746,,,,382.14059047700647,0.006594096807310831,0.0012141344727026838,8
13,gaussian_score,affine,time_shuffle,1,6,start,direction_correlation,nearest_neighbour,0.0006450660294712187,2.3749922143577757,2.389560805574665,25.592666239263664,18.035888432412673,0.0045608875598439095,0.0033263643195159953,8
13,gaussian_score,affine,time_shuffle,1,6,start,direction_correlation,px,0.0006450660294712187,188.9435835916105,190.10245843455732,2036.016134960367,1434.449499082604,0.004561087496176093,0.0033263519406115678,8
13,gaussian_score,affine,wrong_movie,0,0,current,vector_correlation,nearest_neighbour,0.006925638836000273,0.8573844988372121,0.9479581427432233,0.6337665507757513,0.9018633833181813,0.015222136106791039,0.00048669990211213765,8
13,gaussian_score,affine,wrong_movie,0,0,current,vector_correlation,px,0.006925638836000273,68.15503744055762,75.351670551164,50.364459376290824,71.67434415124025,0.015225919150085422,0.0004866959780054061,8
13,gaussian_score,affine,wrong_movie,0,0,current,direction_correlation,nearest_neighbour,-0.0003650382387638155,,,,,,,8
13,gaussian_score,affine,wrong_movie,0,0,current,direction_correlation,px,-0.0003650382387638155,,,,,,,8
13,gaussian_score,affine,wrong_movie,0,1,endpoint,vector_correlation,nearest_neighbour,0.009368464947619932,0.9359554993017646,1.0723510202560602,1.0627081781993812,1.2699713360531149,0.0162065845960795,0.0008392197670187212,8
13,gaussian_score,affine,wrong_movie,0,1,endpoint,vector_correlation,px,0.009368464947619932,74.37650792939762,85.21092876346827,84.4360980120481,100.89796090060747,0.016209684849869052,0.0008392393970511542,8
13,gaussian_score,affine,wrong_movie,0,1,endpoint,direction_correlation,nearest_neighbour,0.00469860710369994,0.8905398853439042,1.0005045768465557,0.7065085276317971,1.5654572666386053,0.00735053756545017,0.0006153186862873518,8
13,gaussian_score,affine,wrong_movie,0,1,endpoint,direction_correlation,px,0.00469860710369994,70.76897103511769,79.50388942754572,56.132046434795605,124.34147007000746,0.007352579398554883,0.0006153196382691644,8
13,gaussian_score,affine,wrong_movie,0,1,start,vector_correlation,nearest_neighbour,0.003295483651435598,1.3368610771809284,1.3833756967648112,2.921758977228439,4.661763506763715,0.0035869123647784768,0.00043165630340362524,8
13,gaussian_score,affine,wrong_movie,0,1,start,vector_correlation,px,0.003295483651435598,106.22546564536015,109.92140301167356,232.14930249809234,370.4100090803581,0.0035869873316997807,0.000431678537410472,8
13,gaussian_score,affine,wrong_movie,0,1,start,direction_correlation,nearest_neighbour,0.0006732045826341671,1.2215381667961827,1.2846640095230446,3.1067810086658874,314214.0825204949,0.0005137300494049049,0.0004422561730045065,8
13,gaussian_score,affine,wrong_movie,0,1,start,direction_correlation,px,0.0006732045826341671,97.06346869353892,102.07801491923175,246.85483273973995,15606356.48479848,0.0005137315722504033,0.0004422586482492678,8
13,gaussian_score,affine,wrong_movie,0,2,endpoint,vector_correlation,nearest_neighbour,0.002268810347645601,0.9995566784473182,1.173156237720995,4.017587624872391,18.692043530632958,0.0022200746903175824,0.0002292080688864616,8
13,gaussian_score,affine,wrong_movie,0,2,endpoint,vector_correlation,px,0.002268810347645601,79.42149388325225,93.20884785260793,319.1896949569822,1485.1021944933902,0.002220070980651368,0.00022921656311470227,8
13,gaussian_score,affine,wrong_movie,0,2,endpoint,direction_correlation,nearest_neighbour,-0.006176999913215027,,,,6.567964308922031,0.006391065470989557,0.00023658441474291237,8
13,gaussian_score,affine,wrong_movie,0,2,endpoint,direction_correlation,px,-0.006176999913215027,,,,521.8449476541451,0.006390829206955815,0.00023659793486670606,8
13,gaussian_score,affine,wrong_movie,0,2,start,vector_correlation,nearest_neighbour,0.0037096766830079135,1.3286146294991485,1.3687075671681606,2.5339321493922844,4.117372154696903,0.004196282201300457,0.0006236805179034895,8
13,gaussian_score,affine,wrong_movie,0,2,start,vector_correlation,px,0.0037096766830079135,105.5604123172443,108.74573761994904,201.3045265321796,327.114675152094,0.0041963989063348965,0.0006237218586094801,8
13,gaussian_score,affine,wrong_movie,0,2,start,direction_correlation,nearest_neighbour,-0.004237060073258404,,,,512404.4990203358,0.002076690117132247,0.0013386942411610268,8
13,gaussian_score,affine,wrong_movie,0,2,start,direction_correlation,px,-0.004237060073258404,,,,39784572.81864288,0.002076690293636241,0.0013386942848935676,8
13,gaussian_score,affine,wrong_movie,0,3,endpoint,vector_correlation,nearest_neighbour,0.0026922471116715566,0.8730976118880345,0.9742285528943961,1.4969366110190059,9.222477467055722,0.00311634299308452,0.00018738790425535344,8
13,gaussian_score,affine,wrong_movie,0,3,endpoint,vector_correlation,px,0.0026922471116715566,69.36515241895401,77.39524590015161,118.88902149521998,732.5300243666904,0.0031164114383277516,0.00018736489317563282,8
13,gaussian_score,affine,wrong_movie,0,3,endpoint,direction_correlation,nearest_neighbour,0.01028358467244651,1.000359362633677,1.175553678249413,0.47631832754540315,0.42720466947898506,0.05285416941515533,0.0005432208411171659,8
13,gaussian_score,affine,wrong_movie,0,3,endpoint,direction_correlation,px,0.01028358467244651,79.47010887341925,93.38105163504449,37.82603957669126,33.926605368306774,0.05290038667893949,0.000543220840106439,8
13,gaussian_score,affine,wrong_movie,0,3,start,vector_correlation,nearest_neighbour,0.003048494196210336,0.8636188258163527,0.9609826993237638,1.5314102948749906,9.167955923121209,0.0036193550091047424,0.00029206925331543346,8
13,gaussian_score,affine,wrong_movie,0,3,start,vector_correlation,px,0.003048494196210336,68.6154064681781,76.34604356204312,121.6236011377575,728.1899709845144,0.003619456501325581,0.00029203919087435415,8
13,gaussian_score,affine,wrong_movie,0,3,start,direction_correlation,nearest_neighbour,0.011628366572307374,0.9831409804697077,1.1500639639402046,0.46529484771413077,0.43552030016185406,0.05752825835069659,0.0005531573899969789,8
13,gaussian_score,affine,wrong_movie,0,3,start,direction_correlation,px,0.011628366572307374,78.1053986903093,91.35899020582576,36.949149889725724,34.58616101430515,0.05758606444402698,0.0005531573892724047,8
13,gaussian_score,affine,wrong_movie,0,4,endpoint,vector_correlation,nearest_neighbour,-0.007805078551338984,,,,4.693123382044911,0.007414787669905852,0.002458392926295151,8
13,gaussian_score,affine,wrong_movie,0,4,endpoint,vector_correlation,px,-0.007805078551338984,,,,372.77547863246207,0.007414811281309657,0.0024584393904075875,8
13,gaussian_score,affine,wrong_movie,0,4,endpoint,direction_correlation,nearest_neighbour,0.0020817011500032646,2.2570156326264366,9.886615830855611,8.958970871401334,32.644547427711785,0.002754238954977735,0.00195510946854777,8
13,gaussian_score,affine,wrong_movie,0,4,endpoint,direction_correlation,px,0.0020817011500032646,179.27271878034003,785.3166461838416,711.624011182127,2593.204837501718,0.0027542255430286016,0.0019551108643851046,8
13,gaussian_score,affine,wrong_movie,0,4,start,vector_correlation,nearest_neighbour,-0.007686339643482229,,,,9.085492461375527,0.0052130370470264776,0.002180118691217087,8
13,gaussian_score,affine,wrong_movie,0,4,start,vector_correlation,px,-0.007686339643482229,,,,721.722882483643,0.005212904260116408,0.002180141362556857,8
13,gaussian_score,affine,wrong_movie,0,4,start,direction_correlation,nearest_neighbour,0.0006955891041131285,1.7513669388417576,,26.21209279228142,12.291982206054607,0.002836201654033421,0.002128520599023235,8
13,gaussian_score,affine,wrong_movie,0,4,start,direction_correlation,px,0.0006955891041131285,139.11847792608575,,2082.073367794306,976.3284125172461,0.0028362526521269467,0.002128516862675355,8
13,gaussian_score,affine,wrong_movie,0,5,endpoint,vector_correlation,nearest_neighbour,0.009859196638459815,1.0750649943007506,1.3121222099811567,1.4785190542975628,0.19704975608101793,0.33508372407817405,0.001955906455231885,8
13,gaussian_score,affine,wrong_movie,0,5,endpoint,vector_correlation,px,0.009859196638459815,85.4705920940593,104.30872908927735,117.52280419832655,15.658194081927586,0.33602246377707434,0.0019559070192163575,8
13,gaussian_score,affine,wrong_movie,0,5,endpoint,direction_correlation,nearest_neighbour,0.008589473200500247,0.919670329868372,1.0505345267421615,2.0598222513060964,2.562394984632084,0.011032705279235493,0.0011074820656531731,8
13,gaussian_score,affine,wrong_movie,0,5,endpoint,direction_correlation,px,0.008589473200500247,73.1230246338344,83.52141575575365,163.7350915915191,203.66848337467167,0.011034240061099989,0.0011075116653414614,8
13,gaussian_score,affine,wrong_movie,0,5,start,vector_correlation,nearest_neighbour,0.00938986496140369,1.0692233062709524,1.2918423910347114,1.6805990567590507,0.17795642254814478,0.4635052977091154,0.0021013475217503044,8
13,gaussian_score,affine,wrong_movie,0,5,start,vector_correlation,px,0.00938986496140369,85.0027669941243,102.69317644132438,133.58761825548007,14.140435940866897,0.4648946736076045,0.0021013477823263863,8
13,gaussian_score,affine,wrong_movie,0,5,start,direction_correlation,nearest_neighbour,0.007661134616651085,0.9317469691260313,1.0701734873005084,2.438746000544275,3.259225662655298,0.009370903759043156,0.0011976653556467303,8
13,gaussian_score,affine,wrong_movie,0,5,start,direction_correlation,px,0.007661134616651085,74.07895988159481,85.07826794581108,193.8571812207913,259.0652461073427,0.009371744171937937,0.0011976420046289126,8
13,gaussian_score,affine,wrong_movie,0,6,endpoint,vector_correlation,nearest_neighbour,-0.0030104421368385135,,,,1.4786548172509344,0.03507252253768545,0.0007349296651705432,8
13,gaussian_score,affine,wrong_movie,0,6,endpoint,vector_correlation,px,-0.0030104421368385135,,,,117.64918570698836,0.035069740467181226,0.0007349811479437123,8
13,gaussian_score,affine,wrong_movie,0,6,endpoint,direction_correlation,nearest_neighbour,-0.005562714329837248,,,,1.037993916840133,0.052604162356380685,0.0006056989317532569,8
13,gaussian_score,affine,wrong_movie,0,6,endpoint,direction_correlation,px,-0.005562714329837248,,,,82.58475382687654,0.05260113732548183,0.0006057536231476246,8
13,gaussian_score,affine,wrong_movie,0,6,start,vector_correlation,nearest_neighbour,-0.004619381350393171,,,,0.5097401961120405,0.2227281850450441,0.0009060000505940806,8
13,gaussian_score,affine,wrong_movie,0,6,start,vector_correlation,px,-0.004619381350393171,,,,40.55985895601852,0.22262388097815056,0.0009059653376629684,8
13,gaussian_score,affine,wrong_movie,0,6,start,direction_correlation,nearest_neighbour,-0.005368738774867469,,,,0.5105273416936087,0.20124467766036377,0.00045050607491045066,8
13,gaussian_score,affine,wrong_movie,0,6,start,direction_correlation,px,-0.005368738774867469,,,,40.62205669236985,0.2011560925280868,0.0004505025064748425,8
13,gaussian_score,affine,wrong_movie,1,0,current,vector_correlation,nearest_neighbour,-0.003950268015677809,,,,,,,8
13,gaussian_score,affine,wrong_movie,1,0,current,vector_correlation,px,-0.003950268015677809,,,,,,,8
13,gaussian_score,affine,wrong_movie,1,0,current,direction_correlation,nearest_neighbour,0.0030389861480312626,0.800539684258357,0.8580309701731685,3.3665447792794416,8.405945544727908,0.0030665303606604135,0.0009501776966257797,8
13,gaussian_score,affine,wrong_movie,1,0,current,direction_correlation,px,0.0030389861480312626,63.63836727998656,68.20640356452886,267.5735044726961,668.1250448244085,0.003066551200552648,0.0009501798069212783,8
13,gaussian_score,affine,wrong_movie,1,1,endpoint,vector_correlation,nearest_neighbour,-0.014622467626011238,,,,12.63182567771448,0.0028212134571256914,0.001061817237066283,8
13,gaussian_score,affine,wrong_movie,1,1,endpoint,vector_correlation,px,-0.014622467626011238,,,,1003.7683148809328,0.002821161096020975,0.001061822931874488,8
13,gaussian_score,affine,wrong_movie,1,1,endpoint,direction_correlation,nearest_neighbour,-0.005411806735458409,,,,,,,8
13,gaussian_score,affine,wrong_movie,1,1,endpoint,direction_correlation,px,-0.005411806735458409,,,,,,,8
13,gaussian_score,affine,wrong_movie,1,1,start,vector_correlation,nearest_neighbour,-0.01209974096922025,,,,8.453755033218634,0.004758234246606338,0.0010886922056412831,8
13,gaussian_score,affine,wrong_movie,1,1,start,vector_correlation,px,-0.01209974096922025,,,,671.7627336987305,0.004758081789536579,0.0010887051624925924,8
13,gaussian_score,affine,wrong_movie,1,1,start,direction_correlation,nearest_neighbour,-0.005666482187945318,,,,,,,8
13,gaussian_score,affine,wrong_movie,1,1,start,direction_correlation,px,-0.005666482187945318,,,,,,,8
13,gaussian_score,affine,wrong_movie,1,2,endpoint,vector_correlation,nearest_neighbour,-0.0015863307043562334,,,,2.9652630073394772,0.004970372024356576,0.000522473035950845,8
13,gaussian_score,affine,wrong_movie,1,2,endpoint,vector_correlation,px,-0.0015863307043562334,,,,235.59078702916662,0.004970340145775969,0.0005224723799846607,8
13,gaussian_score,affine,wrong_movie,1,2,endpoint,direction_correlation,nearest_neighbour,-0.0019265745422561125,,,,35.37401671326828,0.0013455495357527578,0.00016531863332098,8
13,gaussian_score,affine,wrong_movie,1,2,endpoint,direction_correlation,px,-0.0019265745422561125,,,,2810.468652564642,0.0013455490138408318,0.00016531852480571786,8
13,gaussian_score,affine,wrong_movie,1,2,start,vector_correlation,nearest_neighbour,-0.0011802415928490449,,,,2.764435046458508,0.0067678276155166295,0.0003620644251778559,8
13,gaussian_score,affine,wrong_movie,1,2,start,vector_correlation,px,-0.0011802415928490449,,,,219.6330842031676,0.006767909252532982,0.0003620649973328702,8
13,gaussian_score,affine,wrong_movie,1,2,start,direction_correlation,nearest_neighbour,-0.0033255124799773266,,,,3.1352266652338217,0.004789620607708464,0.0006189804612742129,8
13,gaussian_score,affine,wrong_movie,1,2,start,direction_correlation,px,-0.0033255124799773266,,,,249.09213199510376,0.004789673031006908,0.000618981053167456,8
13,gaussian_score,affine,wrong_movie,1,3,endpoint,vector_correlation,nearest_neighbour,0.025293039509520207,1.150309468806294,2.2136006544984266,0.6102595546637507,0.4859927380175421,0.10506306032020025,0.002087079259416408,8
13,gaussian_score,affine,wrong_movie,1,3,endpoint,vector_correlation,px,0.025293039509520207,91.37658732699039,175.8241173101209,48.462327835406164,38.58867091524551,0.10517064529986483,0.0020874436326363452,8
13,gaussian_score,affine,wrong_movie,1,3,endpoint,direction_correlation,nearest_neighbour,0.01696881324337341,1.1184189216067308,1.9732885619159848,0.49349486696105693,0.3119652076489142,0.15943512302693705,0.0005840200561770933,8
13,gaussian_score,affine,wrong_movie,1,3,endpoint,direction_correlation,px,0.01696881324337341,88.84438429762346,156.739749806611,39.189553052266895,24.770737839427273,0.15968719463095823,0.000584108620145488,8
13,gaussian_score,affine,wrong_movie,1,3,start,vector_correlation,nearest_neighbour,0.026268231728062412,1.181195898649634,2.174286268712927,0.649209612717718,0.5740335042134372,0.08670799006872734,0.0020195142293984152,8
13,gaussian_score,affine,wrong_movie,1,3,start,vector_correlation,px,0.026268231728062412,93.83084840742228,172.70146765906293,51.55404285850975,45.57926888496494,0.08678940642614971,0.002019989279667022,8
13,gaussian_score,affine,wrong_movie,1,3,start,direction_correlation,nearest_neighbour,0.0171175800245191,1.1162582887976398,2.0218474830792714,0.5593166044320154,0.3333161328296806,0.1378262196604182,0.000861927229395062,8
13,gaussian_score,affine,wrong_movie,1,3,start,direction_correlation,px,0.0171175800245191,88.67483850945379,160.596162558116,44.41623167276437,26.465698143437724,0.1380516889292348,0.0008620678950961031,8
13,gaussian_score,affine,wrong_movie,1,4,endpoint,vector_correlation,nearest_neighbour,-0.009662839547260018,,,,,,,8
13,gaussian_score,affine,wrong_movie,1,4,endpoint,vector_correlation,px,-0.009662839547260018,,,,,,,8
13,gaussian_score,affine,wrong_movie,1,4,endpoint,direction_correlation,nearest_neighbour,-0.009046535895822794,,,,9.461423503980106,0.004226222382010642,0.001272520188821398,8
13,gaussian_score,affine,wrong_movie,1,4,endpoint,direction_correlation,px,-0.009046535895822794,,,,751.5403017492599,0.004226243380930873,0.0012725212890696978,8
13,gaussian_score,affine,wrong_movie,1,4,start,vector_correlation,nearest_neighbour,-0.009247486630631683,,,,14.695518268723331,0.0015260182639228726,0.0011785303691792138,8
13,gaussian_score,affine,wrong_movie,1,4,start,vector_correlation,px,-0.009247486630631683,,,,1167.3123751507894,0.0015260182743874018,0.0011785308155058277,8
13,gaussian_score,affine,wrong_movie,1,4,start,direction_correlation,nearest_neighbour,-0.006100622137396683,,,,26.872600170701883,0.0021233242629595498,0.00047141500474327683,8
13,gaussian_score,affine,wrong_movie,1,4,start,direction_correlation,px,-0.006100622137396683,,,,2134.551468147538,0.002123325849161214,0.00047141553345592867,8
13,gaussian_score,affine,wrong_movie,1,5,endpoint,vector_correlation,nearest_neighbour,-0.010109649488390342,,,,5.885417732061531,0.002238699834194452,0.0008782082315458869,8
13,gaussian_score,affine,wrong_movie,1,5,endpoint,vector_correlation,px,-0.010109649488390342,,,,467.8536678583735,0.0022387180243801713,0.000878207905519546,8
13,gaussian_score,affine,wrong_movie,1,5,endpoint,direction_correlation,nearest_neighbour,-0.007827040603412874,,,,54.12084140763765,0.000529188929580703,0.0004104787375371232,8
13,gaussian_score,affine,wrong_movie,1,5,endpoint,direction_correlation,px,-0.007827040603412874,,,,4302.374782225093,0.000529188094045456,0.00041047879395636597,8
13,gaussian_score,affine,wrong_movie,1,5,start,vector_correlation,nearest_neighbour,-0.009814949708207194,,,,,,,8
13,gaussian_score,affine,wrong_movie,1,5,start,vector_correlation,px,-0.009814949708207194,,,,,,,8
13,gaussian_score,affine,wrong_movie,1,5,start,direction_correlation,nearest_neighbour,-0.005330686502575726,,,,,,,8
13,gaussian_score,affine,wrong_movie,1,5,start,direction_correlation,px,-0.005330686502575726,,,,,,,8
13,gaussian_score,affine,wrong_movie,1,6,endpoint,vector_correlation,nearest_neighbour,-0.014660508246657288,,,,3.516203634722349,0.009666615396542868,0.00013841947449700365,8
13,gaussian_score,affine,wrong_movie,1,6,endpoint,vector_correlation,px,-0.014660508246657288,,,,279.74172961969833,0.009666746685410033,0.0001384114209283685,8
13,gaussian_score,affine,wrong_movie,1,6,endpoint,direction_correlation,nearest_neighbour,-0.016300520738925427,,,,5.711854098733777,0.005257203703286664,0.0013403389087753858,8
13,gaussian_score,affine,wrong_movie,1,6,endpoint,direction_correlation,px,-0.016300520738925427,,,,454.4808911217455,0.005256870287787927,0.0013403760032066202,8
13,gaussian_score,affine,wrong_movie,1,6,start,vector_correlation,nearest_neighbour,-0.01615636504020506,,,,10.766887371586769,0.003256656686107811,0.001752562612246004,8
13,gaussian_score,affine,wrong_movie,1,6,start,vector_correlation,px,-0.01615636504020506,,,,856.6319506006381,0.0032566080514968847,0.0017525706844511687,8
13,gaussian_score,affine,wrong_movie,1,6,start,direction_correlation,nearest_neighbour,-0.01592031987471035,,,,11.871035423844408,0.0038818620717132163,0.0015393004391363796,8
13,gaussian_score,affine,wrong_movie,1,6,start,direction_correlation,px,-0.01592031987471035,,,,944.4865197629044,0.0038817944886989524,0.001539313190626153,8
13,gaussian_score,none,real,0,0,current,vector_correlation,nearest_neighbour,0.39687894500411747,,,6.560604716251267,23.783712844763983,0.34919012202810007,0.027356299873660606,8
13,gaussian_score,none,real,0,0,current,vector_correlation,px,0.39687894500411747,,,521.4455004986368,1890.439890610759,0.34918882435463683,0.027357190879938542,8
13,gaussian_score,none,real,0,0,current,direction_correlation,nearest_neighbour,0.3975205571850397,,,6.943631453039265,27.236014387889313,0.3595230178603989,0.023563400949889613,8
13,gaussian_score,none,real,0,0,current,direction_correlation,px,0.3975205571850397,,,551.8894862439365,2164.837320100539,0.3595220006353339,0.023564172739162115,8
13,gaussian_score,none,real,0,1,endpoint,vector_correlation,nearest_neighbour,-0.1197781208841463,,,,,,,8
13,gaussian_score,none,real,0,1,endpoint,vector_correlation,px,-0.1197781208841463,,,,,,,8
13,gaussian_score,none,real,0,1,endpoint,direction_correlation,nearest_neighbour,-0.13334819779966717,,,,,,,8
13,gaussian_score,none,real,0,1,endpoint,direction_correlation,px,-0.13334819779966717,,,,,,,8
13,gaussian_score,none,real,0,1,start,vector_correlation,nearest_neighbour,-0.12185119948308225,,,,,,,8
13,gaussian_score,none,real,0,1,start,vector_correlation,px,-0.12185119948308225,,,,,,,8
13,gaussian_score,none,real,0,1,start,direction_correlation,nearest_neighbour,-0.13496443890682117,,,,,,,8
13,gaussian_score,none,real,0,1,start,direction_correlation,px,-0.13496443890682117,,,,,,,8
13,gaussian_score,none,real,0,2,endpoint,vector_correlation,nearest_neighbour,-0.0037162513211148225,,,,,,,8
13,gaussian_score,none,real,0,2,endpoint,vector_correlation,px,-0.0037162513211148225,,,,,,,8
13,gaussian_score,none,real,0,2,endpoint,direction_correlation,nearest_neighbour,-0.012317743409196688,,,,,,,8
13,gaussian_score,none,real,0,2,endpoint,direction_correlation,px,-0.012317743409196688,,,,,,,8
13,gaussian_score,none,real,0,2,start,vector_correlation,nearest_neighbour,-0.0009590060903446398,,,,,,,8
13,gaussian_score,none,real,0,2,start,vector_correlation,px,-0.0009590060903446398,,,,,,,8
13,gaussian_score,none,real,0,2,start,direction_correlation,nearest_neighbour,-0.00949300238241037,,,,,,,8
13,gaussian_score,none,real,0,2,start,direction_correlation,px,-0.00949300238241037,,,,,,,8
13,gaussian_score,none,real,0,3,endpoint,vector_correlation,nearest_neighbour,0.0846172063493509,,,7.244863962789689,27.92284457491146,0.08042529775415679,0.00727522187238724,8
13,gaussian_score,none,real,0,3,endpoint,vector_correlation,px,0.0846172063493509,,,575.4524702268973,2217.9770839818416,0.08042528076764086,0.007275341188086401,8
13,gaussian_score,none,real,0,3,endpoint,direction_correlation,nearest_neighbour,0.07985526806182494,,,7.7911872987375475,40.49187370493961,0.07697992793016131,0.00619344620485337,8
13,gaussian_score,none,real,0,3,endpoint,direction_correlation,px,0.07985526806182494,,,618.8477449290866,3216.371606334335,0.07697989727452322,0.006193522353462637,8
13,gaussian_score,none,real,0,3,start,vector_correlation,nearest_neighbour,0.08580457102648213,,,7.131570745717607,28.83754232783428,0.07979948972987275,0.006787508410512889,8
13,gaussian_score,none,real,0,3,start,vector_correlation,px,0.08580457102648213,,,566.4490395644044,2290.633932402665,0.07979948939604864,0.006787652894286762,8
13,gaussian_score,none,real,0,3,start,direction_correlation,nearest_neighbour,0.07981917565864143,,,7.781361696426536,42.74503545264884,0.07629955536029678,0.005735902619814654,8
13,gaussian_score,none,real,0,3,start,direction_correlation,px,0.07981917565864143,,,618.0623180327705,3395.341817941793,0.0762995447125011,0.005735986355632241,8
13,gaussian_score,none,real,0,4,endpoint,vector_correlation,nearest_neighbour,-0.038315136953772054,,,,,,,8
13,gaussian_score,none,real,0,4,endpoint,vector_correlation,px,-0.038315136953772054,,,,,,,8
13,gaussian_score,none,real,0,4,endpoint,direction_correlation,nearest_neighbour,-0.03400062392519685,,,,,,,8
13,gaussian_score,none,real,0,4,endpoint,direction_correlation,px,-0.03400062392519685,,,,,,,8
13,gaussian_score,none,real,0,4,start,vector_correlation,nearest_neighbour,-0.035034756650922205,,,,,,,8
13,gaussian_score,none,real,0,4,start,vector_correlation,px,-0.035034756650922205,,,,,,,8
13,gaussian_score,none,real,0,4,start,direction_correlation,nearest_neighbour,-0.029961332155084477,,,,,,,8
13,gaussian_score,none,real,0,4,start,direction_correlation,px,-0.029961332155084477,,,,,,,8
13,gaussian_score,none,real,0,5,endpoint,vector_correlation,nearest_neighbour,0.07304396172071426,,,7.826357317749032,40.38858205201906,0.07012711569009249,0.0042469234442668495,8
13,gaussian_score,none,real,0,5,endpoint,vector_correlation,px,0.07304396172071426,,,622.1273227350744,3210.6464621349837,0.07012720374362089,0.00424696326290028,8
13,gaussian_score,none,real,0,5,endpoint,direction_correlation,nearest_neighbour,0.06903777136708308,,,8.330963992249245,49.33484942942448,0.06879792817230493,0.004096267366229166,8
13,gaussian_score,none,real,0,5,endpoint,direction_correlation,px,0.06903777136708308,,,662.2400034939297,3921.80787166714,0.06879801508677566,0.004096285765774328,8
13,gaussian_score,none,real,0,5,start,vector_correlation,nearest_neighbour,0.07031082491925768,,,8.144167779830903,43.0538429864973,0.06957532125201314,0.004319070337298335,8
13,gaussian_score,none,real,0,5,start,vector_correlation,px,0.07031082491925768,,,647.3946329912199,3422.4867362461564,0.06957545499814384,0.004319057304471465,8
13,gaussian_score,none,real,0,5,start,direction_correlation,nearest_neighbour,0.06853512686441428,,,8.39281170107079,53.51457057050153,0.06815212455513997,0.004208959868638586,8
13,gaussian_score,none,real,0,5,start,direction_correlation,px,0.06853512686441428,,,667.1604873961788,4254.044946981035,0.06815222820968293,0.0042089515942234385,8
13,gaussian_score,none,real,0,6,endpoint,vector_correlation,nearest_neighbour,-0.03212635286769629,,,,,,,8
13,gaussian_score,none,real,0,6,endpoint,vector_correlation,px,-0.03212635286769629,,,,,,,8
13,gaussian_score,none,real,0,6,endpoint,direction_correlation,nearest_neighbour,-0.038082576956414906,,,,,,,8
13,gaussian_score,none,real,0,6,endpoint,direction_correlation,px,-0.038082576956414906,,,,,,,8
13,gaussian_score,none,real,0,6,start,vector_correlation,nearest_neighbour,-0.03266226037080049,,,,,,,8
13,gaussian_score,none,real,0,6,start,vector_correlation,px,-0.03266226037080049,,,,,,,8
13,gaussian_score,none,real,0,6,start,direction_correlation,nearest_neighbour,-0.035695414624295166,,,,,,,8
13,gaussian_score,none,real,0,6,start,direction_correlation,px,-0.035695414624295166,,,,,,,8
13,gaussian_score,translation,real,0,0,current,vector_correlation,nearest_neighbour,0.20720941085089842,1.9371539098155943,,2.1902395642936656,1.6623808110757576,0.2877848009175136,0.018513895950394033,8
13,gaussian_score,translation,real,0,0,current,vector_correlation,px,0.20720941085089842,153.96575394598767,,174.07520670215354,132.1133991172891,0.28781879617149014,0.018516732729150637,8
13,gaussian_score,translation,real,0,0,current,direction_correlation,nearest_neighbour,0.20150569325357828,2.631863646459555,,2.7873146295065268,2.590711407791043,0.23515548564319588,0.01864131069996786,8
13,gaussian_score,translation,real,0,0,current,direction_correlation,px,0.20150569325357828,209.17780206456803,,221.53182429141998,205.90570520128776,0.23516424614195877,0.01864360917053981,8
13,gaussian_score,translation,real,0,1,endpoint,vector_correlation,nearest_neighbour,0.005383705185753672,0.914780652225875,1.0388529054104827,0.283385329076264,,,,8
13,gaussian_score,translation,real,0,1,endpoint,vector_correlation,px,0.005383705185753672,72.694508383429,82.55004466078113,22.510386645633808,,,,8
13,gaussian_score,translation,real,0,1,endpoint,direction_correlation,nearest_neighbour,-0.002514075360848656,,,,,,,8
13,gaussian_score,translation,real,0,1,endpoint,direction_correlation,px,-0.002514075360848656,,,,,,,8
13,gaussian_score,translation,real,0,1,start,vector_correlation,nearest_neighbour,0.006340476508715552,0.8896427508524112,0.9992513338137228,0.2838920269887991,,,,8
13,gaussian_score,translation,real,0,1,start,vector_correlation,px,0.006340476508715552,70.70079562773053,79.40707808601292,22.549732035959494,,,,8
13,gaussian_score,translation,real,0,1,start,direction_correlation,nearest_neighbour,-0.0029832783469632904,,,,,,,8
13,gaussian_score,translation,real,0,1,start,direction_correlation,px,-0.0029832783469632904,,,,,,,8
13,gaussian_score,translation,real,0,2,endpoint,vector_correlation,nearest_neighbour,0.035174541642217505,3.004112343553448,,3.510018623144597,2.8066490534267117,0.05098832422908977,0.00512058790098866,8
13,gaussian_score,translation,real,0,2,endpoint,vector_correlation,px,0.035174541642217505,238.6707030731406,,278.84981090403926,222.95953038486405,0.05099284383569764,0.005120305756703378,8
13,gaussian_score,translation,real,0,2,endpoint,direction_correlation,nearest_neighbour,0.03803782698362644,3.065266946673257,,3.49425312442311,2.9123276537024667,0.05343327482221794,0.004786633921297011,8
13,gaussian_score,translation,real,0,2,endpoint,direction_correlation,px,0.03803782698362644,243.53019976424213,,277.59793042293967,231.35789286625595,0.05343742851426971,0.004786402319605199,8
13,gaussian_score,translation,real,0,2,start,vector_correlation,nearest_neighbour,0.038364553655744545,2.877479001512767,,3.2058291139193824,2.619017927278282,0.05354116762101407,0.004335662298412252,8
13,gaussian_score,translation,real,0,2,start,vector_correlation,px,0.038364553655744545,228.60880082237446,,254.68239139630805,208.05327579857257,0.05354693349448489,0.004335529146710559,8
13,gaussian_score,translation,real,0,2,start,direction_correlation,nearest_neighbour,0.04078327424168446,2.941647990468302,,3.2541393557775415,2.731630795093748,0.05604559196212206,0.004321386591584861,8
13,gaussian_score,translation,real,0,2,start,direction_correlation,px,0.04078327424168446,233.70777559850075,,258.5207918014597,216.98846433648055,0.056052864364853704,0.004321278754963177,8
13,gaussian_score,translation,real,0,3,endpoint,vector_correlation,nearest_neighbour,0.02972167999979778,2.1828925685528286,2.8704271829079118,1.1399618964774647,1.407326020270245,0.04998733348592476,0.004964351206046597,8
13,gaussian_score,translation,real,0,3,endpoint,vector_correlation,px,0.02972167999979778,173.3854368791138,227.99587470395224,90.53072504238921,111.76265570543299,0.05000008871352171,0.004964481160593119,8
13,gaussian_score,translation,real,0,3,endpoint,direction_correlation,nearest_neighbour,0.03406579933792324,2.212754455048545,3.7406882330732185,1.293075944528139,1.3685116711871366,0.059164307387886854,0.0047085939378652825,8
13,gaussian_score,translation,real,0,3,endpoint,direction_correlation,px,0.03406579933792324,175.75691644182803,297.13004462284687,102.69270005148114,108.67559988011902,0.059182099220475355,0.004708538809530023,8
13,gaussian_score,translation,real,0,3,start,vector_correlation,nearest_neighbour,0.03174426870160852,2.1611922196841817,2.9806286893511937,1.0625525017268973,1.2892784757193196,0.053643158048388435,0.0045006177743823796,8
13,gaussian_score,translation,real,0,3,start,vector_correlation,px,0.03174426870160852,171.66165710270855,236.74921207424507,84.38064054861874,102.38521917353874,0.05366044989600723,0.004501001039394608,8
13,gaussian_score,translation,real,0,3,start,direction_correlation,nearest_neighbour,0.034267955587717364,2.246671237630369,3.4196737209305037,1.2630832660903994,1.5520290873372922,0.053773251491680524,0.003982042455483273,8
13,gaussian_score,translation,real,0,3,start,direction_correlation,px,0.034267955587717364,178.4496250576268,271.6289787473308,100.30754748914762,123.25102987081986,0.05378764744647245,0.003982315029032682,8
13,gaussian_score,translation,real,0,4,endpoint,vector_correlation,nearest_neighbour,0.025757243484256086,2.4039906649943883,3.4018959431351354,1.6662741915321209,1.9794825144643218,0.03791713503749562,0.0022034832820912336,8
13,gaussian_score,translation,real,0,4,endpoint,vector_correlation,px,0.025757243484256086,190.9441733710897,270.2193333294101,132.3320692365722,157.20330536543653,0.03792454188506834,0.002203499592321514,8
13,gaussian_score,translation,real,0,4,endpoint,direction_correlation,nearest_neighbour,0.032544000059458414,2.2473036393229155,3.26216272360993,1.4169632342701282,1.5286267195437908,0.052604203425620805,0.001014519137068072,8
13,gaussian_score,translation,real,0,4,endpoint,direction_correlation,px,0.032544000059458414,178.50147833901164,259.11811984069135,112.53103700126614,121.39290433099816,0.05261926160926892,0.0010139643465077951,8
13,gaussian_score,translation,real,0,4,start,vector_correlation,nearest_neighbour,0.0305443764881794,2.327607025113757,3.417448861529553,1.4084601207713658,1.6159714544500299,0.045660468697054764,0.0019072924797470766,8
13,gaussian_score,translation,real,0,4,start,vector_correlation,px,0.0305443764881794,184.87869542694776,271.45595739703674,111.85746549402377,128.33479704753867,0.0456708561452877,0.0019077290693813693,8
13,gaussian_score,translation,real,0,4,start,direction_correlation,nearest_neighbour,0.0364430553777378,2.1892335847134072,3.288416459614263,1.2433300899038695,1.3786350225829844,0.05915216380289249,0.0009429948660653376,8
13,gaussian_score,translation,real,0,4,start,direction_correlation,px,0.0364430553777378,173.89027135319407,261.2047611209954,98.74170274094078,109.4841839991155,0.05916907104466108,0.0009434884900917421,8
13,gaussian_score,translation,real,0,5,endpoint,vector_correlation,nearest_neighbour,0.01445413756266752,1.7548355822319943,3.3377118880150354,1.7137441229085701,2.3084419921931767,0.02042860244802213,0.0025905810483431487,8
13,gaussian_score,translation,real,0,5,endpoint,vector_correlation,px,0.01445413756266752,139.50228538158342,265.32788613502885,136.20959312446192,183.461721961308,0.020432548379517964,0.0025904065271145356,8
13,gaussian_score,translation,real,0,5,endpoint,direction_correlation,nearest_neighbour,0.008960709178666062,3.4643355273410426,,5.297012569407577,2.9119278104388013,0.024220772065125334,0.006086215228151329,8
13,gaussian_score,translation,real,0,5,endpoint,direction_correlation,px,0.008960709178666062,275.39553460272924,,421.0288142428883,231.4385406270503,0.02422437762812064,0.006085884155899572,8
13,gaussian_score,translation,real,0,5,start,vector_correlation,nearest_neighbour,0.012019955289031043,2.891409907471036,3.356867098058923,2.2371419210250103,3.206457481206122,0.017219549552848875,0.0019431804268773886,8
13,gaussian_score,translation,real,0,5,start,vector_correlation,px,0.012019955289031043,229.84606743919417,266.85350216420807,177.81752561099492,254.8509768868966,0.017221313661108482,0.0019429462837110396,8
13,gaussian_score,translation,real,0,5,start,direction_correlation,nearest_neighbour,0.009247426767946704,3.7147624371425927,,5.214426259602904,2.9877235471757624,0.02377777216623085,0.005694971393849573,8
13,gaussian_score,translation,real,0,5,start,direction_correlation,px,0.009247426767946704,295.3061155898455,,414.4796057638253,237.46959545293902,0.023780692144262792,0.005694647607478567,8
13,gaussian_score,translation,real,0,6,endpoint,vector_correlation,nearest_neighbour,0.008394119663827408,2.4994279561677817,4.785693494121377,3.5036681022322993,3.4283992017680576,0.014186705970402618,0.002954794130783034,8
13,gaussian_score,translation,real,0,6,endpoint,vector_correlation,px,0.008394119663827408,198.8415918782784,380.7424633010329,278.7199342391066,272.7275167430788,0.014187788258754101,0.0029547317230017504,8
13,gaussian_score,translation,real,0,6,endpoint,direction_correlation,nearest_neighbour,0.01058914661717691,1.9131348574397025,2.289866399569823,1.504579694058957,3.3249230836737667,0.01624805327168345,0.0047384865060281535,8
13,gaussian_score,translation,real,0,6,endpoint,direction_correlation,px,0.01058914661717691,152.20614749466523,182.17246113314542,119.6755594369771,264.373046779221,0.016251914290512013,0.004738269737821878,8
13,gaussian_score,translation,real,0,6,start,vector_correlation,nearest_neighbour,0.009126730709310946,2.516999540212843,4.709025241835181,3.0186643795378694,2.9651527956269383,0.015225043272625086,0.002730083483495192,8
13,gaussian_score,translation,real,0,6,start,vector_correlation,px,0.009126730709310946,200.23971476844054,374.6432364491445,240.1377021868621,235.87300456375854,0.015226358328532408,0.0027299763514231803,8
13,gaussian_score,translation,real,0,6,start,direction_correlation,nearest_neighbour,0.01233685800388909,1.7491447665848652,2.2763492080058665,1.2533664274178888,2.013492734799267,0.02057343018022282,0.004670478450458042,8
13,gaussian_score,translation,real,0,6,start,direction_correlation,px,0.01233685800388909,139.15954261953388,181.09691559248705,99.69264280051652,160.11534973256786,0.020579743257139953,0.004670073979184002,8
13,raw,affine,real,0,0,current,vector_correlation,nearest_neighbour,0.13054401494698323,1.4566521685212221,7.5058189593620455,0.8856788852366249,0.7571297292988693,0.3271225473302884,0.0025284267443332576,8
13,raw,affine,real,0,0,current,vector_correlation,px,0.13054401494698323,115.77576888968399,596.5842827848218,70.3849327192352,60.16475846591044,0.32725479662109086,0.002530063146492677,8
13,raw,affine,real,0,0,current,direction_correlation,nearest_neighbour,0.17359109142996892,1.8255368449293852,,1.6528367170259484,1.254294317137823,0.29033511431203196,0.009639698321068759,8
13,raw,affine,real,0,0,current,direction_correlation,px,0.17359109142996892,145.09538159480527,,131.36044735862984,99.6778177904725,0.2903916327921544,0.009642079998066102,8
13,raw,affine,real,0,1,endpoint,vector_correlation,nearest_neighbour,0.016670604459021503,1.6082587027219049,1.789685354091634,0.8985057216217696,1.0689399261267247,0.03632151135114873,0.0061199842460996235,8
13,raw,affine,real,0,1,endpoint,vector_correlation,px,0.016670604459021503,127.78933836444091,142.20532436411517,71.37959380746578,84.91385906085326,0.03633393209020397,0.0061195818627491,8
13,raw,affine,real,0,1,endpoint,direction_correlation,nearest_neighbour,0.018802231787536674,1.3526796718544027,1.4750576631445669,0.6131824676827388,,,,8
13,raw,affine,real,0,1,endpoint,direction_correlation,px,0.018802231787536674,107.4807943183657,117.20506167297097,48.71160295830444,,,,8
13,raw,affine,real,0,1,start,vector_correlation,nearest_neighbour,0.016898891803085674,1.5699097857435085,1.7259424722782595,0.8559199442882046,,,,8
13,raw,affine,real,0,1,start,vector_correlation,px,0.016898891803085674,124.74294332985941,137.14091716451748,67.99344529578066,,,,8
13,raw,affine,real,0,1,start,direction_correlation,nearest_neighbour,0.020613677315594044,1.2887668819655709,1.447592686710508,0.5034670528283602,,,,8
13,raw,affine,real,0,1,start,direction_correlation,px,0.020613677315594044,102.40401908104596,115.02392722482894,39.993468978693514,,,,8
13,raw,affine,real,0,2,endpoint,vector_correlation,nearest_neighbour,0.022122077813110173,2.6395614928263327,4.78099072512164,1.9175490747206232,1.7675316951937574,0.0344985436322379,0.0015818306714762839,8
13,raw,affine,real,0,2,endpoint,vector_correlation,px,0.022122077813110173,209.7025868157917,379.84950314510706,152.3313413787301,140.4060003793782,0.03450424243977581,0.0015815028749763323,8
13,raw,affine,real,0,2,endpoint,direction_correlation,nearest_neighbour,0.033890073165799124,2.439151603886849,,2.1476061486426943,1.8179920488574697,0.05773808367081574,0.004271564809745528,8
13,raw,affine,real,0,2,endpoint,direction_correlation,px,0.033890073165799124,193.77966861589903,,170.60650582468043,144.41534883750455,0.05774739179573522,0.004270930097454687,8
13,raw,affine,real,0,2,start,vector_correlation,nearest_neighbour,0.02411080565644558,2.492153862717558,4.992374181092709,1.7223387728907862,1.5728000294416462,0.03783967971426665,0.001171153992084316,8
13,raw,affine,real,0,2,start,vector_correlation,px,0.02411080565644558,197.99115196384017,396.6443856619604,136.82275040569186,124.9366602006633,0.037847593384287455,0.001171000117444064,8
13,raw,affine,real,0,2,start,direction_correlation,nearest_neighbour,0.038825918619966114,2.3798359227190096,,1.8534247799643848,1.627253928470946,0.06396288528991073,0.002617475947574607,8
13,raw,affine,real,0,2,start,direction_correlation,px,0.038825918619966114,189.06930909609548,,147.2356146796029,129.2656830377154,0.06397483666837366,0.0026168806217895402,8
13,raw,affine,real,0,3,endpoint,vector_correlation,nearest_neighbour,0.02553281637364115,2.2951613854218618,3.213655026732871,1.3037309323708872,1.8006355443962996,0.03816298254735937,0.005646658560089296,8
13,raw,affine,real,0,3,endpoint,vector_correlation,px,0.02553281637364115,182.3012568750545,255.26316227733383,103.5380233516815,143.0011024272188,0.03816986725487225,0.0056468038811650694,8
13,raw,affine,real,0,3,endpoint,direction_correlation,nearest_neighbour,0.035560728016591485,2.292918959932691,4.559426276288486,1.461158115969482,1.5991838843575337,0.05568284420289705,0.0055945208976355505,8
13,raw,affine,real,0,3,endpoint,direction_correlation,px,0.035560728016591485,182.12317481653346,362.16383045981337,116.04414186811518,126.99921616265253,0.05569546064931403,0.005594641750415203,8
13,raw,affine,real,0,3,start,vector_correlation,nearest_neighbour,0.02963490383916998,2.24693321471962,3.368501619394804,1.115251702958375,1.4495410990324662,0.0457613845186351,0.00548812792741821,8
13,raw,affine,real,0,3,start,vector_correlation,px,0.02963490383916998,178.47042890083287,267.56363047242553,88.56661091291271,115.11508714237021,0.04577349329845223,0.005488538194136124,8
13,raw,affine,real,0,3,start,direction_correlation,nearest_neighbour,0.03390486163844299,2.349103804680607,4.465987515166955,1.5124572105006862,1.677239691714473,0.052783048901312406,0.005276067524950985,8
13,raw,affine,real,0,3,start,direction_correlation,px,0.03390486163844299,186.58389004315532,354.74209412547845,120.11469890883566,133.20218311157004,0.052794303321500424,0.005276107119583595,8
13,raw,affine,real,0,4,endpoint,vector_correlation,nearest_neighbour,0.011712129730667705,2.219732402477133,2.425250122665279,1.4836701701847677,4.867441013345536,0.014599217568111007,0.0023439277002968773,8
13,raw,affine,real,0,4,endpoint,vector_correlation,px,0.011712129730667705,176.3120150426149,192.63241109985287,117.82402681366607,386.60409079786973,0.01459994379485481,0.002343861223320368,8
13,raw,affine,real,0,4,endpoint,direction_correlation,nearest_neighbour,0.02492253058122636,2.3651391982618484,3.020985840405842,1.4366540855882062,1.8197266806724084,0.03953186772475738,0.0026719597386900456,8
13,raw,affine,real,0,4,endpoint,direction_correlation,px,0.02492253058122636,187.8589341814997,239.95763618412286,114.09241436741127,144.50398871488864,0.03954242502041658,0.0026715056739650684,8
13,raw,affine,real,0,4,start,vector_correlation,nearest_neighbour,0.015444055303345493,2.1283615279896724,2.490637540369631,1.0599312257771492,2.5573123117387917,0.01902242513107237,0.0017385810404581742,8
13,raw,affine,real,0,4,start,vector_correlation,px,0.015444055303345493,169.05633811003173,197.8251715238851,84.17233555484009,203.11160630178998,0.019024349653203505,0.0017387779072186083,8
13,raw,affine,real,0,4,start,direction_correlation,nearest_neighbour,0.027067073858073398,2.3520926268359794,3.0312684463537236,1.3638832874943196,1.7507029232918745,0.04198766770205163,0.0015071026374710562,8
13,raw,affine,real,0,4,start,direction_correlation,px,0.027067073858073398,186.82313053419347,240.77520453831266,108.31455811438238,139.02646769075753,0.04199820946211584,0.001506644622142647,8
13,raw,affine,real,0,5,endpoint,vector_correlation,nearest_neighbour,0.012980653856351972,1.4908710438477044,1.6807812671674736,1.8536657898209863,2.266498289889987,0.01807946933529483,0.002140300051055707,8
13,raw,affine,real,0,5,endpoint,vector_correlation,px,0.012980653856351972,118.51839055688285,133.6153281101986,147.33741677051012,180.14027208315008,0.01808248127729942,0.0021401446354719286,8
13,raw,affine,real,0,5,endpoint,direction_correlation,nearest_neighbour,0.010666704774773217,3.314548039943735,10.021469477343576,5.162420826021818,3.29692311194666,0.024196083024736498,0.0059609626124029,8
13,raw,affine,real,0,5,endpoint,direction_correlation,px,0.010666704774773217,263.4861646304,796.648374594504,410.3362859121997,262.039662587599,0.024199215206823117,0.005960597613869523,8
13,raw,affine,real,0,5,start,vector_correlation,nearest_neighbour,0.008124158608194895,3.1785583605391574,3.847462752923702,3.252809343119675,3.066141751159219,0.012015078839856305,0.0027347406272547653,8
13,raw,affine,real,0,5,start,vector_correlation,px,0.008124158608194895,252.67658300150714,305.85485419262443,258.5567405124683,243.68870944931433,0.012016722038146025,0.002734609731332788,8
13,raw,affine,real,0,5,start,direction_correlation,nearest_neighbour,0.009758300580192726,3.3540437245408947,10.066615419129354,5.708404360644529,3.495158649571029,0.023179828747393338,0.006075899448646964,8
13,raw,affine,real,0,5,start,direction_correlation,px,0.009758300580192726,266.6290222049646,800.2371196315735,453.7485737518281,277.80229483579325,0.023182297887407294,0.0060755644479602985,8
13,raw,affine,real,0,6,endpoint,vector_correlation,nearest_neighbour,0.005178857544026896,5.011557513822588,,6.196647613657246,4.119198708430668,0.01109993282645464,0.0029415353125839356,8
13,raw,affine,real,0,6,endpoint,vector_correlation,px,0.005178857544026896,398.711276466217,,492.9616866610947,327.6845134710929,0.011100646674009016,0.0029414741303504578,8
13,raw,affine,real,0,6,endpoint,direction_correlation,nearest_neighbour,0.020039084188701164,1.9997348714557623,4.558195947881968,1.8532800565910046,1.5345334387685532,0.033557656009554244,0.002120354849029578,8
13,raw,affine,real,0,6,endpoint,direction_correlation,px,0.020039084188701164,159.0945624291538,362.6436934778379,147.4250297545334,122.05713348868649,0.03356622745631289,0.0021200809617569066,8
13,raw,affine,real,0,6,start,vector_correlation,nearest_neighbour,0.005152761146425568,4.956090118436658,,5.967023197339847,3.986799171580716,0.010864577834440765,0.0027075285360152997,8
13,raw,affine,real,0,6,start,vector_correlation,px,0.005152761146425568,394.29871942429617,,474.69823677262855,317.15126253818624,0.010865252134252774,0.0027074493779403784,8
13,raw,affine,real,0,6,start,direction_correlation,nearest_neighbour,0.021427349950810824,1.9607315805695231,4.532387571568558,1.6369825216622975,1.3921980606178292,0.036154861256386825,0.0012641900471869725,8
13,raw,affine,real,0,6,start,direction_correlation,px,0.021427349950810824,155.99075927432986,360.5906573514837,130.2185024771813,110.73745582631395,0.036163625957332066,0.0012638925375199543,8
13,raw,none,real,0,0,current,vector_correlation,nearest_neighbour,0.3079557842719497,,,6.479671614368666,23.044080821115372,0.26960998447013396,0.021908336515635805,8
13,raw,none,real,0,0,current,vector_correlation,px,0.3079557842719497,,,515.012714248905,1831.6510255073886,0.2696089424578911,0.021909037175722332,8
13,raw,none,real,0,0,current,direction_correlation,nearest_neighbour,0.39909714949823194,,,6.956074543077183,27.265629245204174,0.3614839908473954,0.023370610525689634,8
13,raw,none,real,0,0,current,direction_correlation,px,0.39909714949823194,,,552.878495485418,2167.190625650293,0.36148298257753303,0.023371386565909136,8
13,raw,none,real,0,1,endpoint,vector_correlation,nearest_neighbour,-0.09575249183112836,,,,,,,8
13,raw,none,real,0,1,endpoint,vector_correlation,px,-0.09575249183112836,,,,,,,8
13,raw,none,real,0,1,endpoint,direction_correlation,nearest_neighbour,-0.1357700316441604,,,,,,,8
13,raw,none,real,0,1,endpoint,direction_correlation,px,-0.1357700316441604,,,,,,,8
13,raw,none,real,0,1,start,vector_correlation,nearest_neighbour,-0.09881426150719849,,,,,,,8
13,raw,none,real,0,1,start,vector_correlation,px,-0.09881426150719849,,,,,,,8
13,raw,none,real,0,1,start,direction_correlation,nearest_neighbour,-0.13719197089310253,,,,,,,8
13,raw,none,real,0,1,start,direction_correlation,px,-0.13719197089310253,,,,,,,8
13,raw,none,real,0,2,endpoint,vector_correlation,nearest_neighbour,-0.0007809697540447236,,,,,,,8
13,raw,none,real,0,2,endpoint,vector_correlation,px,-0.0007809697540447236,,,,,,,8
13,raw,none,real,0,2,endpoint,direction_correlation,nearest_neighbour,-0.0107646172186205,,,,,,,8
13,raw,none,real,0,2,endpoint,direction_correlation,px,-0.0107646172186205,,,,,,,8
13,raw,none,real,0,2,start,vector_correlation,nearest_neighbour,0.0003167454094049958,1.6570164324987102,1.6628488557545609,13.523246415895274,,,,8
13,raw,none,real,0,2,start,vector_correlation,px,0.0003167454094049958,131.65145561230503,132.11483311600196,1074.2028678837837,,,,8
13,raw,none,real,0,2,start,direction_correlation,nearest_neighbour,-0.007938695423676359,,,,,,,8
13,raw,none,real,0,2,start,direction_correlation,px,-0.007938695423676359,,,,,,,8
13,raw,none,real,0,3,endpoint,vector_correlation,nearest_neighbour,0.06797094603480162,,,6.987687791566142,23.42119038465583,0.06462409382124674,0.006879691660597771,8
13,raw,none,real,0,3,endpoint,vector_correlation,px,0.06797094603480162,,,555.024538089922,1860.397098018906,0.06462409695968617,0.0068797923841789335,8
13,raw,none,real,0,3,endpoint,direction_correlation,nearest_neighbour,0.07840488128689588,,,7.840929056780698,39.73831795200909,0.07623062524075999,0.006219617852595654,8
13,raw,none,real,0,3,endpoint,direction_correlation,px,0.07840488128689588,,,622.798614262786,3156.508858872537,0.07623060788381893,0.006219688738485273,8
13,raw,none,real,0,3,start,vector_correlation,nearest_neighbour,0.07230327754207755,,,6.55732904680024,23.233643039549097,0.06460448298193228,0.0067451159076157875,8
13,raw,none,real,0,3,start,vector_correlation,px,0.07230327754207755,,,520.837259107384,1845.5098290380438,0.06460445178372337,0.0067452673684679785,8
13,raw,none,real,0,3,start,direction_correlation,nearest_neighbour,0.07847484802683342,,,7.820291364723467,41.738293571480355,0.07559710060958648,0.005747622344062309,8
13,raw,none,real,0,3,start,direction_correlation,px,0.07847484802683342,,,621.1543344824408,3315.3671714235143,0.075597103787651,0.0057477008337854475,8
13,raw,none,real,0,4,endpoint,vector_correlation,nearest_neighbour,-0.03521063237663858,,,,,,,8
13,raw,none,real,0,4,endpoint,vector_correlation,px,-0.03521063237663858,,,,,,,8
13,raw,none,real,0,4,endpoint,direction_correlation,nearest_neighbour,-0.034262496959992596,,,,,,,8
13,raw,none,real,0,4,endpoint,direction_correlation,px,-0.034262496959992596,,,,,,,8
13,raw,none,real,0,4,start,vector_correlation,nearest_neighbour,-0.03259487948684366,,,,,,,8
13,raw,none,real,0,4,start,vector_correlation,px,-0.03259487948684366,,,,,,,8
13,raw,none,real,0,4,start,direction_correlation,nearest_neighbour,-0.030080153195679554,,,,,,,8
13,raw,none,real,0,4,start,direction_correlation,px,-0.030080153195679554,,,,,,,8
13,raw,none,real,0,5,endpoint,vector_correlation,nearest_neighbour,0.05721804963158717,,,7.025514036556558,40.94054425079166,0.04921810384993406,0.0048793668400670225,8
13,raw,none,real,0,5,endpoint,vector_correlation,px,0.05721804963158717,,,558.4677455151384,3254.590547344654,0.04921807288620819,0.004879418429129488,8
13,raw,none,real,0,5,endpoint,direction_correlation,nearest_neighbour,0.0696514992996195,,,8.431815693305749,49.60453608596566,0.07021358989633547,0.004191038741802642,8
13,raw,none,real,0,5,endpoint,direction_correlation,px,0.0696514992996195,,,670.2569269988916,3943.231039914897,0.07021369883202268,0.004191045361752271,8
13,raw,none,real,0,5,start,vector_correlation,nearest_neighbour,0.051189857443368576,,,7.894347987692322,44.52946075032444,0.04886689588238096,0.0031225601033097548,8
13,raw,none,real,0,5,start,vector_correlation,px,0.051189857443368576,,,627.5362830414155,3539.8064965711405,0.04886696548689495,0.00312256338919928,8
13,raw,none,real,0,5,start,direction_correlation,nearest_neighbour,0.0688454326086841,,,8.532587977248012,53.78005460389652,0.06956458437017139,0.004467770640414856,8
13,raw,none,real,0,5,start,direction_correlation,px,0.0688454326086841,,,678.2716682693084,4275.127900968487,0.0695647141123715,0.004467750466829264,8
13,raw,none,real,0,6,endpoint,vector_correlation,nearest_neighbour,-0.026553448415915504,,,,,,,8
13,raw,none,real,0,6,endpoint,vector_correlation,px,-0.026553448415915504,,,,,,,8
13,raw,none,real,0,6,endpoint,direction_correlation,nearest_neighbour,-0.04006284149906866,,,,,,,8
13,raw,none,real,0,6,endpoint,direction_correlation,px,-0.04006284149906866,,,,,,,8
13,raw,none,real,0,6,start,vector_correlation,nearest_neighbour,-0.028157270156467788,,,,,,,8
13,raw,none,real,0,6,start,vector_correlation,px,-0.028157270156467788,,,,,,,8
13,raw,none,real,0,6,start,direction_correlation,nearest_neighbour,-0.03820253009887529,,,,,,,8
13,raw,none,real,0,6,start,direction_correlation,px,-0.03820253009887529,,,,,,,8
13,raw,translation,real,0,0,current,vector_correlation,nearest_neighbour,0.15748991012302163,1.7602096719902245,,2.070318456207215,1.5134794022745268,0.2321412472808242,0.01322251548624679,8
13,raw,translation,real,0,0,current,vector_correlation,px,0.15748991012302163,139.90370232518723,,164.54341874255053,120.27715786278095,0.2321754946351027,0.013224536030837371,8
13,raw,translation,real,0,0,current,direction_correlation,nearest_neighbour,0.20562246104300344,2.833014879447757,,2.794751287492517,2.682806692344081,0.23691354550820715,0.017551892176579407,8
13,raw,translation,real,0,0,current,direction_correlation,px,0.20562246104300344,225.16818980212867,,222.12294971556963,213.22690424410035,0.23692109091499408,0.01755433606329414,8
13,raw,translation,real,0,1,endpoint,vector_correlation,nearest_neighbour,-0.00046958774912992827,,,,,,,8
13,raw,translation,real,0,1,endpoint,vector_correlation,px,-0.00046958774912992827,,,,,,,8
13,raw,translation,real,0,1,endpoint,direction_correlation,nearest_neighbour,-0.008660527671865207,,,,,,,8
13,raw,translation,real,0,1,endpoint,direction_correlation,px,-0.008660527671865207,,,,,,,8
13,raw,translation,real,0,1,start,vector_correlation,nearest_neighbour,-0.0003444818059657042,,,,,,,8
13,raw,translation,real,0,1,start,vector_correlation,px,-0.0003444818059657042,,,,,,,8
13,raw,translation,real,0,1,start,direction_correlation,nearest_neighbour,-0.00930010648518008,,,,,,,8
13,raw,translation,real,0,1,start,direction_correlation,px,-0.00930010648518008,,,,,,,8
13,raw,translation,real,0,2,endpoint,vector_correlation,nearest_neighbour,0.024897088271710936,3.169615868112548,,3.350806905667845,3.0398296522074597,0.03208834199511527,0.0024163725338770497,8
13,raw,translation,real,0,2,endpoint,vector_correlation,px,0.024897088271710936,251.82202429723452,,266.20343810286585,241.49095863506665,0.032090437028537894,0.0024162820468749194,8
13,raw,translation,real,0,2,endpoint,direction_correlation,nearest_neighbour,0.03643694938447412,3.3182431278734423,,3.9812118738022617,3.516963534179643,0.04986338630236232,0.0048521148715848905,8
13,raw,translation,real,0,2,endpoint,direction_correlation,px,0.03643694938447412,263.6323155945318,,316.28620088485843,279.3977300933892,0.04986611337683563,0.004851905006242024,8
13,raw,translation,real,0,2,start,vector_correlation,nearest_neighbour,0.02610237544942708,3.139446789595711,,3.1784187567558986,2.966716287783068,0.032325303544888884,0.0021509873531893064,8
13,raw,translation,real,0,2,start,vector_correlation,px,0.02610237544942708,249.42519773519055,,252.50698575223873,235.6829158609232,0.03232776480724864,0.002151032112433451,8
13,raw,translation,real,0,2,start,direction_correlation,nearest_neighbour,0.039501405153819225,3.169798569876189,,3.6549728871914775,3.2894444426483753,0.052000897854642035,0.004249977934963001,8
13,raw,translation,real,0,2,start,direction_correlation,px,0.039501405153819225,251.83700076621423,,290.3664566894562,261.3212300554053,0.05200454252803652,0.004249891809792213,8
13,raw,translation,real,0,3,endpoint,vector_correlation,nearest_neighbour,0.025036828472892507,2.2762403086205643,2.9569381232791616,1.2623444658369176,1.7273283562014365,0.03806862975995271,0.006613665033293462,8
13,raw,translation,real,0,3,endpoint,vector_correlation,px,0.025036828472892507,180.7986409252798,234.86862332206712,100.2507064989189,137.17908181802005,0.03807582317352379,0.006613826307907338,8
13,raw,translation,real,0,3,endpoint,direction_correlation,nearest_neighbour,0.033946401287423336,2.2199625276963926,3.948475294086183,1.3161092902506857,1.4250789554106693,0.05828019456983988,0.004945646440029973,8
13,raw,translation,real,0,3,endpoint,direction_correlation,px,0.033946401287423336,176.32934501138215,313.6349320378034,104.5219993164422,113.1670382763846,0.05829733452440283,0.004945589364149068,8
13,raw,translation,real,0,3,start,vector_correlation,nearest_neighbour,0.030021249865725456,1.2549120452579268,3.163512096829947,1.0414773182529904,1.3212528977918256,0.04798686120666105,0.00642003001101688,8
13,raw,translation,real,0,3,start,vector_correlation,px,0.030021249865725456,99.68386921337328,251.27831529240885,82.70733495978504,104.92740646690879,0.04800066558291073,0.006420474249591011,8
13,raw,translation,real,0,3,start,direction_correlation,nearest_neighbour,0.03393496408696367,2.2611706335164525,3.667289836361148,1.2722654961353737,1.420682183863014,0.05720582370009266,0.00442154863178355,8
13,raw,translation,real,0,3,start,direction_correlation,px,0.03393496408696367,179.60103550904742,291.2990917366832,101.03652311281785,112.81733247237952,0.05722412192333884,0.004421509419755931,8
13,raw,translation,real,0,4,endpoint,vector_correlation,nearest_neighbour,0.01029920980613984,2.3368904594980804,2.9014019206487083,2.1512375775253716,2.2656036820078946,0.01751265864013703,0.003361839252746894,8
13,raw,translation,real,0,4,endpoint,vector_correlation,px,0.01029920980613984,185.6156696867394,230.4571993692229,170.84554291956783,179.92397957363474,0.01751580753752442,0.003361793396163686,8
13,raw,translation,real,0,4,endpoint,direction_correlation,nearest_neighbour,0.028490769773875983,2.5347918602519126,3.202833752977547,1.511215727308144,1.8605944088754856,0.044691694454717046,0.002272178426534756,8
13,raw,translation,real,0,4,endpoint,direction_correlation,px,0.028490769773875983,201.33158012559835,254.4046839712973,120.01499375277547,147.75904489055515,0.04470166652501389,0.0022714956143862685,8
13,raw,translation,real,0,4,start,vector_correlation,nearest_neighbour,0.014287596886859854,2.271051435785682,3.039216013591059,1.5671701922109187,1.738749429899053,0.022512564537091988,0.002094896913388382,8
13,raw,translation,real,0,4,start,vector_correlation,px,0.014287596886859854,180.38753876075583,241.40661238981068,124.46093995048975,138.0837986389311,0.02251753075963791,0.0020949312683325645,8
13,raw,translation,real,0,4,start,direction_correlation,nearest_neighbour,0.031136517364539228,2.464437900207315,3.213113299890544,1.4151667309112828,1.7651474270478569,0.0477328743157922,0.0013256463027449261,8
13,raw,translation,real,0,4,start,direction_correlation,px,0.031136517364539228,195.74462228083436,255.22217489400472,112.38831374009443,140.18174388781244,0.04774304251715033,0.0013251764137240233,8
13,raw,translation,real,0,5,endpoint,vector_correlation,nearest_neighbour,0.014684991441281376,1.3667781247916204,1.6095206798548252,1.363632431665718,1.7333127621219286,0.020477652754396558,0.0019052473493078503,8
13,raw,translation,real,0,5,endpoint,vector_correlation,px,0.014684991441281376,108.65360804518039,127.95045858466385,108.38584004208354,137.76649227485746,0.020481594528593904,0.0019053045356222224,8
13,raw,translation,real,0,5,endpoint,direction_correlation,nearest_neighbour,0.011015455895236477,3.661275762691629,,5.207439622361462,3.250911272838801,0.02454499935192337,0.005207898372158648,8
13,raw,translation,real,0,5,endpoint,direction_correlation,px,0.011015455895236477,291.0520542663056,,413.917340978491,258.3867056869577,0.024547979300410992,0.005207585355685253,8
13,raw,translation,real,0,5,start,vector_correlation,nearest_neighbour,0.010030459139207188,1.691760207696619,3.7820209060365038,2.1175104181827384,1.9829163891633084,0.01410353824852772,0.00199433318142686,8
13,raw,translation,real,0,5,start,vector_correlation,px,0.010030459139207188,134.48785049132198,300.6526892058067,168.31259808768107,157.26685562366458,0.014124995790343283,0.001994247830621511,8
13,raw,translation,real,0,5,start,direction_correlation,nearest_neighbour,0.01202876229444621,3.813744374100625,,4.813252119195532,3.286038623895301,0.024430091486633197,0.004503014453104826,8
13,raw,translation,real,0,5,start,direction_correlation,px,0.01202876229444621,303.1744810358579,,382.5958545750789,261.18680517661295,0.024432479159151376,0.004502696008435609,8
13,raw,translation,real,0,6,endpoint,vector_correlation,nearest_neighbour,0.0032398929261551876,2.381813980313834,2.463567036461865,7.409212197064424,4.564117473515706,0.009452422949434986,0.002825241085924997,8
13,raw,translation,real,0,6,endpoint,vector_correlation,px,0.0032398929261551876,189.48623695158446,195.9891108749737,589.4214492794633,363.0752642065019,0.009453097620603028,0.0028251431507224,8
13,raw,translation,real,0,6,endpoint,direction_correlation,nearest_neighbour,0.010736114871658466,1.6726514737564755,1.9758786004927817,1.008739043185644,1.3373658555043522,0.02013883891764829,0.0030857503995674004,8
13,raw,translation,real,0,6,endpoint,direction_correlation,px,0.010736114871658466,133.07545102119755,157.19696581730884,80.23335251550336,106.36031361338185,0.020146714304166858,0.0030853883888687073,8
13,raw,translation,real,0,6,start,vector_correlation,nearest_neighbour,0.0031520905483808205,2.398546097260856,2.481891144707911,7.195495622416786,4.206340141658885,0.009496148744103608,0.0028297664069121342,8
13,raw,translation,real,0,6,start,vector_correlation,px,0.0031520905483808205,190.81720348688572,197.44697827654642,572.4213907860536,334.6103134199979,0.00949686491430889,0.0028296493794863473,8
13,raw,translation,real,0,6,start,direction_correlation,nearest_neighbour,0.011158686069382709,1.65756161306593,1.966666722862155,0.9889202652147764,1.27699019837138,0.021499915611616,0.003390401566894329,8
13,raw,translation,real,0,6,start,direction_correlation,px,0.011158686069382709,131.87236977675659,156.46287679000756,78.65649292050585,101.55652984476787,0.021508530041921218,0.003389954446525997,8
14,gaussian_score,affine,real,0,0,current,vector_correlation,nearest_neighbour,0.1701627275842456,1.636329555573419,8.840879215250602,1.0738780487144715,0.9083652652382123,0.3648542778205389,0.005834562227301858,8
14,gaussian_score,affine,real,0,0,current,vector_correlation,px,0.1701627275842456,129.17053401300714,697.8929031171649,84.76908404970766,71.7012591802151,0.3648903865521539,0.005834944124956755,8
14,gaussian_score,affine,real,0,0,current,direction_correlation,nearest_neighbour,0.18155542594746418,1.8250232245156375,,1.4977025970698117,1.1102716687433296,0.33297621717264037,0.008983918835711901,8
14,gaussian_score,affine,real,0,0,current,direction_correlation,px,0.18155542594746418,144.06571833160103,,118.22543802137147,87.64043249588532,0.33299759429181286,0.008984153039081852,8
14,gaussian_score,affine,real,0,1,endpoint,vector_correlation,nearest_neighbour,0.04231764041634266,1.2627316620119133,1.6328129493147416,0.46838058473164057,,,,8
14,gaussian_score,affine,real,0,1,endpoint,vector_correlation,px,0.04231764041634266,99.62397938921086,128.82020652666625,36.9506950510801,,,,8
14,gaussian_score,affine,real,0,1,endpoint,direction_correlation,nearest_neighbour,0.04084390507798908,1.1349178487839087,1.6256076321015525,0.368906983003326,,,,8
14,gaussian_score,affine,real,0,1,endpoint,direction_correlation,px,0.04084390507798908,89.54073304288255,128.25176903692756,29.103153057933614,,,,8
14,gaussian_score,affine,real,0,1,start,vector_correlation,nearest_neighbour,0.049790136200544864,1.1579494514363975,1.5980761455082053,0.39031745961268616,,,,8
14,gaussian_score,affine,real,0,1,start,vector_correlation,px,0.049790136200544864,91.35967486078874,126.0801412491413,30.792689658171646,,,,8
14,gaussian_score,affine,real,0,1,start,direction_correlation,nearest_neighbour,0.042272350791008384,1.1452940005497931,1.6917594459828114,0.378348506467396,,,,8
14,gaussian_score,affine,real,0,1,start,direction_correlation,px,0.042272350791008384,90.36125680581836,133.4704434393472,29.84846769997531,,,,8
14,gaussian_score,affine,real,0,2,endpoint,vector_correlation,nearest_neighbour,0.03686421526831127,2.030389245892739,2.904587621869493,1.3337964272615888,1.3922257261167104,0.07012274004139095,0.0057333191955404855,8
14,gaussian_score,affine,real,0,2,endpoint,vector_correlation,px,0.03686421526831127,160.1024034554522,229.03541166695996,105.16954531681726,109.77710798595247,0.07012692007700677,0.005733252429313866,8
14,gaussian_score,affine,real,0,2,endpoint,direction_correlation,nearest_neighbour,0.03617338142265765,2.1579847068913955,2.857005162986179,1.3130676190001482,1.5135823970032498,0.06618703904743309,0.007304086307735328,8
14,gaussian_score,affine,real,0,2,endpoint,direction_correlation,px,0.03617338142265765,170.16442626880496,225.28377960182058,103.53520240779163,119.33991429905973,0.0661932212829786,0.007303873271824218,8
14,gaussian_score,affine,real,0,2,start,vector_correlation,nearest_neighbour,0.04039250394400247,1.7509158568549321,2.9177247456802906,1.1457166639934793,1.174116980814725,0.08053533990729471,0.005167415651376175,8
14,gaussian_score,affine,real,0,2,start,vector_correlation,px,0.04039250394400247,138.06230863688646,230.07048677789143,90.33781809360796,92.57361042223332,0.0805452867409124,0.005167352456827464,8
14,gaussian_score,affine,real,0,2,start,direction_correlation,nearest_neighbour,0.038599301133179845,2.0966190736114294,2.8904470046568553,1.214578149087908,1.3861378940877582,0.0714867035638248,0.006222034136498758,8
14,gaussian_score,affine,real,0,2,start,direction_correlation,px,0.038599301133179845,165.32410539394786,227.91978127700696,95.76763022008747,109.28741999791316,0.07149594694332415,0.006221725670224399,8
14,gaussian_score,affine,real,0,3,endpoint,vector_correlation,nearest_neighbour,0.04881899523091891,2.0546527984969765,4.251573145601142,1.2627815709688435,1.2776073097122411,0.09159212062085832,0.004124772180051501,8
14,gaussian_score,affine,real,0,3,endpoint,vector_correlation,px,0.04881899523091891,161.98206782747062,335.17805879141895,99.54870087316088,100.71694415188519,0.09159968022487322,0.004124654487236116,8
14,gaussian_score,affine,real,0,3,endpoint,direction_correlation,nearest_neighbour,0.04499463118012839,2.3970089678144033,3.421910134708925,1.7048034743608054,1.8411926360185953,0.07121001673722206,0.003060684079790697,8
14,gaussian_score,affine,real,0,3,endpoint,direction_correlation,px,0.04499463118012839,188.97478161775928,269.7684147319945,134.39644909519905,145.1474276879834,0.0712136807918098,0.0030604057972360584,8
14,gaussian_score,affine,real,0,3,start,vector_correlation,nearest_neighbour,0.04998983149828813,1.7587970211878952,3.4756077360144575,1.2284050342128936,1.3335469755266138,0.08954724482589316,0.004615294570571125,8
14,gaussian_score,affine,real,0,3,start,vector_correlation,px,0.04998983149828813,138.6567817401669,273.9998017969441,96.83660661392231,105.12411494237105,0.08955679747037516,0.0046151282522226686,8
14,gaussian_score,affine,real,0,3,start,direction_correlation,nearest_neighbour,0.049632907936362804,2.32791383564489,3.3499822539722524,1.5593653903021754,1.677557279411706,0.07769861527985528,0.001699703505265168,8
14,gaussian_score,affine,real,0,3,start,direction_correlation,px,0.049632907936362804,183.52636309429715,264.0969414518132,122.9292014769217,132.24511211711717,0.07770429854665331,0.001699354477096736,8
14,gaussian_score,affine,real,0,4,endpoint,vector_correlation,nearest_neighbour,0.018952759601495898,1.5687362477047302,3.200339173819128,1.146616786122679,1.1842842702347243,0.0337731202635186,0.0025591124495325246,8
14,gaussian_score,affine,real,0,4,endpoint,vector_correlation,px,0.018952759601495898,123.6266245607757,252.2041073521865,90.3544559319094,93.32153805320299,0.033777129746526795,0.0025592136082363734,8
14,gaussian_score,affine,real,0,4,endpoint,direction_correlation,nearest_neighbour,0.020662232881621376,1.2131582348948284,3.058436076080139,0.8291330681679144,0.714103180809377,0.05349801017225528,0.0024610291661681487,8
14,gaussian_score,affine,real,0,4,endpoint,direction_correlation,px,0.020662232881621376,95.60655670844608,241.02239698456825,65.33637102104069,56.268276390403365,0.053512059378758775,0.0024611998466475076,8
14,gaussian_score,affine,real,0,4,start,vector_correlation,nearest_neighbour,0.02306580636842182,1.34316633484388,3.1646897657732573,0.9212582518250024,0.8216199792850115,0.05231376375353108,0.002273789301336964,8
14,gaussian_score,affine,real,0,4,start,vector_correlation,px,0.02306580636842182,105.8504399683215,249.39602401499855,72.5966737171013,64.74339096437521,0.05232215121103169,0.002273977795201667,8
14,gaussian_score,affine,real,0,4,start,direction_correlation,nearest_neighbour,0.02679360821722492,1.0967110733301049,2.987510967430577,0.6375985659478756,0.34381004862587966,0.20585905011225417,0.0036069678233514703,8
14,gaussian_score,affine,real,0,4,start,direction_correlation,px,0.02679360821722492,86.42977795157248,235.43456353420873,50.24345456871571,27.087028707112005,0.20602206420453065,0.0036070841346241534,8
14,gaussian_score,affine,real,0,5,endpoint,vector_correlation,nearest_neighbour,0.011185309069331194,4.336389197813643,9.555934247290903,3.1548639414431765,3.0985158022669776,0.015572930712195726,0.0017822396539969386,8
14,gaussian_score,affine,real,0,5,endpoint,vector_correlation,px,0.011185309069331194,341.73467606737086,753.0766279049628,248.61738855652368,244.1753382360435,0.01557337179535655,0.001782179413153682,8
14,gaussian_score,affine,real,0,5,endpoint,direction_correlation,nearest_neighbour,0.009650205694148449,5.387121431738455,,5.940780272537075,4.347990141857682,0.01909201388959679,0.00350527166973882,8
14,gaussian_score,affine,real,0,5,endpoint,direction_correlation,px,0.009650205694148449,424.54278698189796,,468.16432818913063,342.63977461773516,0.019092426677096222,0.0035051887128814967,8
14,gaussian_score,affine,real,0,5,start,vector_correlation,nearest_neighbour,0.010646104871805,4.5219982755505015,9.783121344165787,3.271435166005499,3.109504678398554,0.015693390005648122,0.0022503029135582968,8
14,gaussian_score,affine,real,0,5,start,vector_correlation,px,0.010646104871805,356.36329486775844,770.982055584557,257.8004025474452,245.03618880316503,0.01569410969425842,0.0022502214697685367,8
14,gaussian_score,affine,real,0,5,start,direction_correlation,nearest_neighbour,0.011938828763637534,5.066457562171126,,4.773118947296081,4.008200013173654,0.020324375655136017,0.0030626320709764947,8
14,gaussian_score,affine,real,0,5,start,direction_correlation,px,0.011938828763637534,399.2730099757675,,376.1417568758032,315.85839971613416,0.020325065859701546,0.003062505832440194,8
14,gaussian_score,affine,real,0,6,endpoint,vector_correlation,nearest_neighbour,0.012770969849152115,2.442497679190992,6.469509434829389,2.319481344860656,2.144034217206035,0.022118869798159645,0.0039960224160243705,8
14,gaussian_score,affine,real,0,6,endpoint,vector_correlation,px,0.012770969849152115,192.45162051041902,509.7520394979705,182.74849236879092,168.92027498900669,0.022120650302974054,0.003995924310847015,8
14,gaussian_score,affine,real,0,6,endpoint,direction_correlation,nearest_neighbour,0.021193138458363535,2.317836068024441,6.7780109644505755,1.77887033483909,1.8625987565715993,0.03186104070311444,0.005472352728899962,8
14,gaussian_score,affine,real,0,6,endpoint,direction_correlation,px,0.021193138458363535,182.62910618942283,534.0598192125553,140.1549207226844,146.74868883551866,0.03186362690978515,0.005472316041400662,8
14,gaussian_score,affine,real,0,6,start,vector_correlation,nearest_neighbour,0.015312954555647252,2.433325044339447,6.491277217403517,1.8269546149588938,1.8024388877981756,0.025106874740390216,0.0022508423486040496,8
14,gaussian_score,affine,real,0,6,start,vector_correlation,px,0.015312954555647252,191.727012915081,511.46755879000546,143.93719139355179,142.00161411557642,0.02511000046712735,0.0022506333141678937,8
14,gaussian_score,affine,real,0,6,start,direction_correlation,nearest_neighbour,0.023172824290759703,2.292253367915284,6.731149746375602,1.5707345289261878,1.675170113102434,0.034190166145068306,0.0046855805927722765,8
14,gaussian_score,affine,real,0,6,start,direction_correlation,px,0.023172824290759703,180.61139596086576,530.3678238037536,123.75244693733336,131.97862305228333,0.034193878914737866,0.0046856053538361095,8
14,gaussian_score,affine,spatial_shuffle,0,0,current,vector_correlation,nearest_neighbour,-0.01105625118970405,,,,2.9118417399258454,0.015700009941548264,0.005645694661679393,8
14,gaussian_score,affine,spatial_shuffle,0,0,current,vector_correlation,px,-0.01105625118970405,,,,229.85259998216756,0.015700280416245802,0.0056456835962373445,8
14,gaussian_score,affine,spatial_shuffle,0,0,current,direction_correlation,nearest_neighbour,0.0007884013391521929,,,91.17039606621185,402.8889673660572,0.007659065843837789,0.0035207286351046723,8
14,gaussian_score,affine,spatial_shuffle,0,0,current,direction_correlation,px,0.0007884013391521929,,,7196.917294737297,31794.2948367472,0.007659088339745691,0.003520728343717206,8
14,gaussian_score,affine,spatial_shuffle,0,1,endpoint,vector_correlation,nearest_neighbour,-0.001972642232716559,,,,0.8854663718408575,0.03257035527924393,0.0005923913198721192,8
14,gaussian_score,affine,spatial_shuffle,0,1,endpoint,vector_correlation,px,-0.001972642232716559,,,,69.85110152118486,0.03257741724193057,0.0005923917073312675,8
14,gaussian_score,affine,spatial_shuffle,0,1,endpoint,direction_correlation,nearest_neighbour,-0.0054388082751069215,,,,,,,8
14,gaussian_score,affine,spatial_shuffle,0,1,endpoint,direction_correlation,px,-0.0054388082751069215,,,,,,,8
14,gaussian_score,affine,spatial_shuffle,0,1,start,vector_correlation,nearest_neighbour,-0.003256459954841693,,,,9.927574678450542,0.001966291698158532,0.0002466452786199875,8
14,gaussian_score,affine,spatial_shuffle,0,1,start,vector_correlation,px,-0.003256459954841693,,,,783.23269668677,0.0019662954378281542,0.000246647802053164,8
14,gaussian_score,affine,spatial_shuffle,0,1,start,direction_correlation,nearest_neighbour,-0.010550632304205478,,,,,,,8
14,gaussian_score,affine,spatial_shuffle,0,1,start,direction_correlation,px,-0.010550632304205478,,,,,,,8
14,gaussian_score,affine,spatial_shuffle,0,2,endpoint,vector_correlation,nearest_neighbour,0.011082374969375275,0.9870061412349123,1.1454318003377306,1.3077789199599112,1.7116502308302008,0.016266318972796904,0.0008165674366268925,8
14,gaussian_score,affine,spatial_shuffle,0,2,endpoint,vector_correlation,px,0.011082374969375275,77.8321297182103,90.32393886981758,103.12134047460657,134.96448527582294,0.01626702515443891,0.0008166071297773656,8
14,gaussian_score,affine,spatial_shuffle,0,2,endpoint,direction_correlation,nearest_neighbour,0.012170570484728659,1.0642605379119983,2.3638996272994355,0.6189224503830855,0.15194594429722044,1.3436123289713078,0.0008985997396900249,8
14,gaussian_score,affine,spatial_shuffle,0,2,endpoint,direction_correlation,px,0.012170570484728659,83.92361253026164,186.40262636259382,48.80320595407816,11.985014223426045,1.3421992161876415,0.0008985989064399306,8
14,gaussian_score,affine,spatial_shuffle,0,2,start,vector_correlation,nearest_neighbour,0.008885099646292695,1.0063592477305772,1.1772827588344734,1.4587912765296305,2.1812090780872886,0.011522698367911964,0.000904995717776468,8
14,gaussian_score,affine,spatial_shuffle,0,2,start,vector_correlation,px,0.008885099646292695,79.35808186950574,92.83492990816062,115.02860880370105,171.9914318571312,0.011522996332318377,0.0009050601296178103,8
14,gaussian_score,affine,spatial_shuffle,0,2,start,direction_correlation,nearest_neighbour,0.012400763357510915,1.0666722908675554,2.3086650748995323,0.5498086948316581,0.1597435921303692,1.0737918452663677,0.000903994947774695,8
14,gaussian_score,affine,spatial_shuffle,0,2,start,direction_correlation,px,0.012400763357510915,84.11359918749375,182.04600597330543,43.35272602999564,12.598470557269966,1.0733811387187764,0.0009039941612269086,8
14,gaussian_score,affine,spatial_shuffle,0,3,endpoint,vector_correlation,nearest_neighbour,0.013163435996727469,0.9907402971518299,1.1527015731313208,0.2862795490102843,,,,8
14,gaussian_score,affine,spatial_shuffle,0,3,endpoint,vector_correlation,px,0.013163435996727469,78.11071534656836,90.87829594162707,22.567822905649976,,,,8
14,gaussian_score,affine,spatial_shuffle,0,3,endpoint,direction_correlation,nearest_neighbour,0.011894767175771847,0.9677925779772818,1.1163988159214073,0.9610008950448746,0.7378750323360033,0.03121016658335453,0.0016210156231231524,8
14,gaussian_score,affine,spatial_shuffle,0,3,endpoint,direction_correlation,px,0.011894767175771847,76.30172210258502,88.01651076676148,75.76172058473622,58.18205124028421,0.031207620817390886,0.0016210157553204407,8
14,gaussian_score,affine,spatial_shuffle,0,3,start,vector_correlation,nearest_neighbour,0.009455151756839426,1.0629431773445925,1.2647981181770238,0.32337554035234917,0.13435379407684933,1.8513796917289824,0.00014216032223732727,8
14,gaussian_score,affine,spatial_shuffle,0,3,start,vector_correlation,px,0.009455151756839426,83.80255675465632,99.71412621889982,25.491089270835566,10.678481469617308,1.7750184408609235,0.00014219452113683014,8
14,gaussian_score,affine,spatial_shuffle,0,3,start,direction_correlation,nearest_neighbour,0.0077046497928896845,0.9978103226887187,1.1658900416852318,1.15968408997106,4.551839537906102,0.008857381014630425,0.0006062441491948014,8
14,gaussian_score,affine,spatial_shuffle,0,3,start,direction_correlation,px,0.0077046497928896845,78.6683533928635,91.91751102429961,91.42484449866129,358.84761512568394,0.008857569703500164,0.0006062611013812885,8
14,gaussian_score,affine,spatial_shuffle,0,4,endpoint,vector_correlation,nearest_neighbour,-0.01537994818589162,,,,2.5216490460561363,0.01303686872549738,0.0019322515692326936,8
14,gaussian_score,affine,spatial_shuffle,0,4,endpoint,vector_correlation,px,-0.01537994818589162,,,,198.7237946859785,0.013036603815914769,0.0019322886280334693,8
14,gaussian_score,affine,spatial_shuffle,0,4,endpoint,direction_correlation,nearest_neighbour,-0.011665978218621073,,,,223096.29061217577,0.0015285094725364851,0.0014360898282648033,8
14,gaussian_score,affine,spatial_shuffle,0,4,endpoint,direction_correlation,px,-0.011665978218621073,,,,31743631.244845558,0.0015285012320818837,0.001436088875628242,8
14,gaussian_score,affine,spatial_shuffle,0,4,start,vector_correlation,nearest_neighbour,-0.017706799160407963,,,,2.1177328830331907,0.018333739270563962,0.0021474779656813084,8
14,gaussian_score,affine,spatial_shuffle,0,4,start,vector_correlation,px,-0.017706799160407963,,,,166.88905920200483,0.018333881276167033,0.0021475251668300155,8
14,gaussian_score,affine,spatial_shuffle,0,4,start,direction_correlation,nearest_neighbour,-0.015242681363794109,,,,223038.1255509231,0.0017312404833514357,0.0010242959688626864,8
14,gaussian_score,affine,spatial_shuffle,0,4,start,direction_correlation,px,-0.015242681363794109,,,,32223970.536404733,0.001731230551874883,0.0010242949039891568,8
14,gaussian_score,affine,spatial_shuffle,0,5,endpoint,vector_correlation,nearest_neighbour,0.0014756466161565335,6.766621295092363,7.492445446519342,12.751555046216374,8.375174644962796,0.0042769130022396575,0.002481344489712739,8
14,gaussian_score,affine,spatial_shuffle,0,5,endpoint,vector_correlation,px,0.0014756466161565335,533.2566724615502,590.4570860004682,1004.91002907835,659.9888056801528,0.004276985837692114,0.0024813359086872052,8
14,gaussian_score,affine,spatial_shuffle,0,5,endpoint,direction_correlation,nearest_neighbour,-0.005775846700429338,,,,8.930756685836512,0.0031790511902921033,0.0018165902416482265,8
14,gaussian_score,affine,spatial_shuffle,0,5,endpoint,direction_correlation,px,-0.005775846700429338,,,,703.8083471780967,0.0031790405107698996,0.0018165910093707238,8
14,gaussian_score,affine,spatial_shuffle,0,5,start,vector_correlation,nearest_neighbour,-4.187719726169707e-06,,,,4.314766067026931,0.006758709818977122,0.001392073849054697,8
14,gaussian_score,affine,spatial_shuffle,0,5,start,vector_correlation,px,-4.187719726169707e-06,,,,340.02216336145835,0.006758831607360024,0.001392059725639079,8
14,gaussian_score,affine,spatial_shuffle,0,5,start,direction_correlation,nearest_neighbour,-0.008979724298264624,,,,9.655726540947002,0.00318092878908199,0.0008038366113357197,8
14,gaussian_score,affine,spatial_shuffle,0,5,start,direction_correlation,px,-0.008979724298264624,,,,760.9382864623832,0.003180925684807449,0.0008038367844757134,8
14,gaussian_score,affine,spatial_shuffle,0,6,endpoint,vector_correlation,nearest_neighbour,-0.004579946006113132,,,,3.049032830473178,0.0056019824715466075,0.0005512340251317532,8
14,gaussian_score,affine,spatial_shuffle,0,6,endpoint,vector_correlation,px,-0.004579946006113132,,,,240.24222031591265,0.005601989062749776,0.0005512344545917298,8
14,gaussian_score,affine,spatial_shuffle,0,6,endpoint,direction_correlation,nearest_neighbour,0.011031272539996003,1.1113053103588455,1.379445161544476,1.0910488862359065,0.28486413654784437,0.127606278396744,0.0015205411570044472,8
14,gaussian_score,affine,spatial_shuffle,0,6,endpoint,direction_correlation,px,0.011031272539996003,87.56583186744757,108.69074079915136,85.9627275819526,22.440325292906056,0.127726851197555,0.0015205411534668727,8
14,gaussian_score,affine,spatial_shuffle,0,6,start,vector_correlation,nearest_neighbour,-0.0059452860274044495,,,,2.816574921230845,0.007995277704301425,0.00013277229825300332,8
14,gaussian_score,affine,spatial_shuffle,0,6,start,vector_correlation,px,-0.0059452860274044495,,,,221.9277405950558,0.007995193738881782,0.0001327739536385183,8
14,gaussian_score,affine,spatial_shuffle,0,6,start,direction_correlation,nearest_neighbour,0.00908593537670458,1.227769551525314,1.5244981838742238,1.3724267372071437,0.5083775442900247,0.03558858346503132,0.0013299001100338576,8
14,gaussian_score,affine,spatial_shuffle,0,6,start,direction_correlation,px,0.00908593537670458,96.73885188988132,120.1175453030516,108.12948257595606,40.044481756767844,0.035614186492688694,0.0013299022211313563,8
14,gaussian_score,affine,spatial_shuffle,1,0,current,vector_correlation,nearest_neighbour,0.009779286813595337,1.0304657604503173,1.2146067643381824,1.277766233338387,1.9494617698207777,0.013367435942752422,0.0008514123408441185,8
14,gaussian_score,affine,spatial_shuffle,1,0,current,vector_correlation,px,0.009779286813595337,81.34629753224931,95.88153092290207,100.86466767327778,153.90371808604235,0.013366868604155351,0.0008514242975941955,8
14,gaussian_score,affine,spatial_shuffle,1,0,current,direction_correlation,nearest_neighbour,0.017500506861818907,1.5796848543676028,,3.40978451177452,6.380711110596009,0.012969638022843757,0.003407822706953365,8
14,gaussian_score,affine,spatial_shuffle,1,0,current,direction_correlation,px,0.017500506861818907,124.6992397673251,,269.1637387229691,503.6905778897967,0.01296962913634581,0.0034078389345152398,8
14,gaussian_score,affine,spatial_shuffle,1,1,endpoint,vector_correlation,nearest_neighbour,0.018468678255930356,1.0785438875535855,2.89320722874089,0.55101157813021,0.2881204255951912,0.2186664463383545,0.0027076338539982004,8
14,gaussian_score,affine,spatial_shuffle,1,1,endpoint,vector_correlation,px,0.018468678255930356,85.09338857897696,228.2593216904808,43.47073298096375,22.73042052106876,0.21871954992419568,0.002707641876624817,8
14,gaussian_score,affine,spatial_shuffle,1,1,endpoint,direction_correlation,nearest_neighbour,0.007945669417387748,0.9404299573706061,1.0721662143543669,0.40413105416004885,,,,8
14,gaussian_score,affine,spatial_shuffle,1,1,endpoint,direction_correlation,px,0.007945669417387748,74.19757410395788,84.59025363908404,31.882796507975414,,,,8
14,gaussian_score,affine,spatial_shuffle,1,1,start,vector_correlation,nearest_neighbour,0.015308255552632025,1.102400108668569,2.8692700914676417,0.6827002665621524,0.5504529542868926,0.05357353416950955,0.0029428782440184126,8
14,gaussian_score,affine,spatial_shuffle,1,1,start,vector_correlation,px,0.015308255552632025,86.97725757213692,226.37069794364763,53.86027313506941,43.43472945821868,0.05356665927328206,0.0029428197895345967,8
14,gaussian_score,affine,spatial_shuffle,1,1,start,direction_correlation,nearest_neighbour,0.004974779037224334,1.0282059189006403,1.2105505446359892,0.3047343403574344,,,,8
14,gaussian_score,affine,spatial_shuffle,1,1,start,direction_correlation,px,0.004974779037224334,81.12390479143045,95.5094978605558,24.04127940987948,,,,8
14,gaussian_score,affine,spatial_shuffle,1,2,endpoint,vector_correlation,nearest_neighbour,-0.0025788704181770234,,,,11.086353102135114,0.0018860082169938727,0.0007509411437148123,8
14,gaussian_score,affine,spatial_shuffle,1,2,endpoint,vector_correlation,px,-0.0025788704181770234,,,,874.1768195724292,0.0018860212283580207,0.0007509380838441411,8
14,gaussian_score,affine,spatial_shuffle,1,2,endpoint,direction_correlation,nearest_neighbour,-0.007289777110008383,,,,,,,8
14,gaussian_score,affine,spatial_shuffle,1,2,endpoint,direction_correlation,px,-0.007289777110008383,,,,,,,8
14,gaussian_score,affine,spatial_shuffle,1,2,start,vector_correlation,nearest_neighbour,-0.0027039904481120695,,,,2.9497062343265257,0.016650886399753023,5.0281046018999e-05,8
14,gaussian_score,affine,spatial_shuffle,1,2,start,vector_correlation,px,-0.0027039904481120695,,,,232.59414594200743,0.0166506439612198,5.027817475438456e-05,8
14,gaussian_score,affine,spatial_shuffle,1,2,start,direction_correlation,nearest_neighbour,-0.007545393860334745,,,,,,,8
14,gaussian_score,affine,spatial_shuffle,1,2,start,direction_correlation,px,-0.007545393860334745,,,,,,,8
14,gaussian_score,affine,spatial_shuffle,1,3,endpoint,vector_correlation,nearest_neighbour,-0.002511244487584323,,,,,,,8
14,gaussian_score,affine,spatial_shuffle,1,3,endpoint,vector_correlation,px,-0.002511244487584323,,,,,,,8
14,gaussian_score,affine,spatial_shuffle,1,3,endpoint,direction_correlation,nearest_neighbour,-0.0006028401391114781,,,,0.46678548421632465,0.3143222273732025,0.0021831229089074033,8
14,gaussian_score,affine,spatial_shuffle,1,3,endpoint,direction_correlation,px,-0.0006028401391114781,,,,36.79269656116533,0.3145100938654853,0.0021832602580491574,8
14,gaussian_score,affine,spatial_shuffle,1,3,start,vector_correlation,nearest_neighbour,0.0031581656255662504,1.4057349950151272,1.498974351014329,1.3589710445041412,4.4845170253182625,0.0037874955640471468,8.770768274129977e-05,8
14,gaussian_score,affine,spatial_shuffle,1,3,start,vector_correlation,px,0.0031581656255662504,110.82438620429238,118.17458091033566,107.12848217697163,353.52961656691,0.0037875866989044065,8.769253641820765e-05,8
14,gaussian_score,affine,spatial_shuffle,1,3,start,direction_correlation,nearest_neighbour,0.0036738257541739827,5.865325471439817,,7.819342029368639,3.566138614969044,0.011388821487668344,0.0034601181942966806,8
14,gaussian_score,affine,spatial_shuffle,1,3,start,direction_correlation,px,0.0036738257541739827,462.4048621926568,,616.4308430789308,281.128169321977,0.011389235030676586,0.0034600874736635126,8
14,gaussian_score,affine,spatial_shuffle,1,4,endpoint,vector_correlation,nearest_neighbour,0.006338592468880524,1.2339498919355902,1.3678433562765646,1.823245614174004,6.441016326135246,0.006487839684503504,0.0027064636797574284,8
14,gaussian_score,affine,spatial_shuffle,1,4,endpoint,vector_correlation,px,0.006338592468880524,97.24485672703038,107.79580681552002,143.67619396058603,507.59527712048657,0.0064878797591374935,0.0027064688946212977,8
14,gaussian_score,affine,spatial_shuffle,1,4,endpoint,direction_correlation,nearest_neighbour,0.004515798401621397,0.8062679650564732,0.8629673241445175,1.0783040746499986,,,,8
14,gaussian_score,affine,spatial_shuffle,1,4,endpoint,direction_correlation,px,0.004515798401621397,63.545219060798665,68.01290342407717,84.9720829727294,,,,8
14,gaussian_score,affine,spatial_shuffle,1,4,start,vector_correlation,nearest_neighbour,0.004213199731337952,1.4244021584250035,1.5058310712719454,2.394835663610684,5.855400502203638,0.005818299676118663,0.0011811769863711596,8
14,gaussian_score,affine,spatial_shuffle,1,4,start,vector_correlation,px,0.004213199731337952,112.25247510956298,118.66972723526615,188.719360358793,461.43870236307663,0.005818359596272729,0.0011811699475225339,8
14,gaussian_score,affine,spatial_shuffle,1,4,start,direction_correlation,nearest_neighbour,0.00137783954773935,0.7485958308655324,0.7743935108120135,2.428533133459871,,,,8
14,gaussian_score,affine,spatial_shuffle,1,4,start,direction_correlation,px,0.00137783954773935,58.99974103265386,61.03249118844871,191.37423955283475,,,,8
14,gaussian_score,affine,spatial_shuffle,1,5,endpoint,vector_correlation,nearest_neighbour,0.0006801665928994592,0.7346419227764669,0.7525884929841598,22.620412047655087,490120.1790789981,0.0022452922377724544,0.0011461428093043318,8
14,gaussian_score,affine,spatial_shuffle,1,5,endpoint,vector_correlation,px,0.0006801665928994592,57.90045153500189,59.31455917881084,1782.6616258513727,73272438.37000738,0.0022452856563717994,0.0011461418268337467,8
14,gaussian_score,affine,spatial_shuffle,1,5,endpoint,direction_correlation,nearest_neighbour,-5.23776029111229e-05,,,,461286.4125169351,0.0016263677226271641,0.0006073305680330409,8
14,gaussian_score,affine,spatial_shuffle,1,5,endpoint,direction_correlation,px,-5.23776029111229e-05,,,,37487737.063776866,0.0016263674759871387,0.000607330547819813,8
14,gaussian_score,affine,spatial_shuffle,1,5,start,vector_correlation,nearest_neighbour,-0.00031468491920784403,,,,13.039011636270962,0.003219184399370767,0.0005235334878101571,8
14,gaussian_score,affine,spatial_shuffle,1,5,start,vector_correlation,px,-0.00031468491920784403,,,,1027.6087403705874,0.003219138225762952,0.0005235403479036508,8
14,gaussian_score,affine,spatial_shuffle,1,5,start,direction_correlation,nearest_neighbour,-0.001338870852907525,,,,0.4125213529583232,0.3485775898399259,0.0012538549517952453,8
14,gaussian_score,affine,spatial_shuffle,1,5,start,direction_correlation,px,-0.001338870852907525,,,,32.534872845570995,0.34738965295219676,0.0012538551252310197,8
14,gaussian_score,affine,spatial_shuffle,1,6,endpoint,vector_correlation,nearest_neighbour,0.0036029918932353813,1.2250924210308283,1.4024636467919906,0.4548456229555631,,,,8
14,gaussian_score,affine,spatial_shuffle,1,6,endpoint,vector_correlation,px,0.0036029918932353813,96.52958548985669,110.50440631517475,35.83239091993134,,,,8
14,gaussian_score,affine,spatial_shuffle,1,6,endpoint,direction_correlation,nearest_neighbour,0.00603153543437049,0.9236626905117488,1.0553412545618013,0.714844303315127,0.3765530883255169,0.03843873172622373,0.0008403106122382922,8
14,gaussian_score,affine,spatial_shuffle,1,6,endpoint,direction_correlation,px,0.00603153543437049,72.78399758551869,83.157177803618,56.32092283990735,29.667060187379565,0.03845759561011167,0.0008403106266221559,8
14,gaussian_score,affine,spatial_shuffle,1,6,start,vector_correlation,nearest_neighbour,-0.00021838068925559732,,,,,,,8
14,gaussian_score,affine,spatial_shuffle,1,6,start,vector_correlation,px,-0.00021838068925559732,,,,,,,8
14,gaussian_score,affine,spatial_shuffle,1,6,start,direction_correlation,nearest_neighbour,0.004479480283291974,0.9278468450420806,1.0637461581305574,0.8785425240692788,,,,8
14,gaussian_score,affine,spatial_shuffle,1,6,start,direction_correlation,px,0.004479480283291974,73.11447394422304,83.81902103438142,69.21720810638283,,,,8
14,gaussian_score,affine,time_shuffle,0,0,current,vector_correlation,nearest_neighbour,-0.006290752647178298,,,,,,,8
14,gaussian_score,affine,time_shuffle,0,0,current,vector_correlation,px,-0.006290752647178298,,,,,,,8
14,gaussian_score,affine,time_shuffle,0,0,current,direction_correlation,nearest_neighbour,-0.00804949556247496,,,,3.9759669914369393,0.0069873128168083855,0.003178334091020014,8
14,gaussian_score,affine,time_shuffle,0,0,current,direction_correlation,px,-0.00804949556247496,,,,313.85052261996907,0.00698745045835662,0.0031783222103142074,8
14,gaussian_score,affine,time_shuffle,0,1,endpoint,vector_correlation,nearest_neighbour,0.01946702707571912,3.68134321684471,9.400772317980131,1.9710681287257923,2.4231985285949236,0.021823200623567063,0.002853184765304647,8
14,gaussian_score,affine,time_shuffle,0,1,endpoint,vector_correlation,px,0.01946702707571912,290.43412832364663,741.6742452615721,155.50344036677023,191.17580297682463,0.021823504038218366,0.002853217823399143,8
14,gaussian_score,affine,time_shuffle,0,1,endpoint,direction_correlation,nearest_neighbour,0.017953739264137316,4.141055859235161,9.524538489078166,2.922157780609093,2.848168006421459,0.02498797778416459,0.002270399646490196,8
14,gaussian_score,affine,time_shuffle,0,1,endpoint,direction_correlation,px,0.017953739264137316,326.7039113775111,751.4389389828278,230.53893968229954,224.699556710682,0.024988540102786064,0.0022703144647572768,8
14,gaussian_score,affine,time_shuffle,0,1,start,vector_correlation,nearest_neighbour,0.01599652794986453,3.9058574844382674,9.331700921749869,2.546315659741643,2.8105519223047937,0.02056265823728866,0.0016306100092290362,8
14,gaussian_score,affine,time_shuffle,0,1,start,vector_correlation,px,0.01599652794986453,308.1476310668713,736.2243012513518,200.88638487676522,221.73142525500765,0.020563215907385177,0.0016305570899376358,8
14,gaussian_score,affine,time_shuffle,0,1,start,direction_correlation,nearest_neighbour,0.018509616266010928,2.4569525511790036,9.43003510264047,2.923191632429809,2.738451266572253,0.026746589460005497,0.0031464587795596017,8
14,gaussian_score,affine,time_shuffle,0,1,start,direction_correlation,px,0.018509616266010928,193.84335016320335,743.98248319079,230.61968803507673,216.04157780846342,0.02674746973879351,0.0031463620745698197,8
14,gaussian_score,affine,time_shuffle,0,2,endpoint,vector_correlation,nearest_neighbour,0.005415770603847738,0.89384409513357,0.9980516134411208,1.8593368851441054,470573.40552637633,0.0053635620184645065,0.0018003975980812254,8
14,gaussian_score,affine,time_shuffle,0,2,endpoint,vector_correlation,px,0.005415770603847738,70.4863341781335,78.70306143199153,146.61089990184013,627.1565470729475,0.006454278995721299,0.0020395544039477527,8
14,gaussian_score,affine,time_shuffle,0,2,endpoint,direction_correlation,nearest_neighbour,0.009169228272686729,1.1501289763728082,1.7116608228529284,1.2059903922141217,0.38406765262045356,0.058666740897161666,0.0013560991205946323,8
14,gaussian_score,affine,time_shuffle,0,2,endpoint,direction_correlation,px,0.009169228272686729,90.69430959709739,134.96865304299772,95.09449745075999,30.289421688878473,0.05865830104228924,0.0013561030643933444,8
14,gaussian_score,affine,time_shuffle,0,2,start,vector_correlation,nearest_neighbour,0.002778288009637256,0.8811464324930963,0.9791990017272463,3.094817568668395,477924.0520366254,0.00399732196160101,0.003099988879969683,8
14,gaussian_score,affine,time_shuffle,0,2,start,vector_correlation,px,0.002778288009637256,69.48539628898335,77.21657128552951,244.02960868370042,36828452.53412634,0.003997322028650685,0.0030999889750324998,8
14,gaussian_score,affine,time_shuffle,0,2,start,direction_correlation,nearest_neighbour,0.007452257901802867,1.1335552870459848,1.5291976155527558,1.4881477922508162,3.8301403989304195,0.006262993437725442,0.0018042004932309044,8
14,gaussian_score,affine,time_shuffle,0,2,start,direction_correlation,px,0.007452257901802867,89.38713920574628,120.58134077112288,117.34250559059475,302.0270307159997,0.00626299017839149,0.001804213205859398,8
14,gaussian_score,affine,time_shuffle,0,3,endpoint,vector_correlation,nearest_neighbour,-0.006444552234340471,,,,0.7536501811785841,0.1039045516439424,0.0033793862906518653,8
14,gaussian_score,affine,time_shuffle,0,3,endpoint,vector_correlation,px,-0.006444552234340471,,,,59.41675898841579,0.10390182609770902,0.0033796089386049144,8
14,gaussian_score,affine,time_shuffle,0,3,endpoint,direction_correlation,nearest_neighbour,-0.005323471361269893,,,,1.3738076361757745,0.04987761560491659,0.002527836539275503,8
14,gaussian_score,affine,time_shuffle,0,3,endpoint,direction_correlation,px,-0.005323471361269893,,,,108.3003462027406,0.04988126049632304,0.00252800965263982,8
14,gaussian_score,affine,time_shuffle,0,3,start,vector_correlation,nearest_neighbour,-0.003380034820345126,,,,1.4817676640451478,0.03764032516513055,0.0015253227280873783,8
14,gaussian_score,affine,time_shuffle,0,3,start,vector_correlation,px,-0.003380034820345126,,,,116.81524948626587,0.037641346227599994,0.0015254165363510215,8
14,gaussian_score,affine,time_shuffle,0,3,start,direction_correlation,nearest_neighbour,-0.003962696856477395,,,,1.4994611205025954,0.04679352878709024,0.0025704549472727292,8
14,gaussian_score,affine,time_shuffle,0,3,start,direction_correlation,px,-0.003962696856477395,,,,118.21008367350163,0.04679477424538461,0.0025705685394695936,8
14,gaussian_score,affine,time_shuffle,0,4,endpoint,vector_correlation,nearest_neighbour,0.008827569353701062,0.9669256597960931,1.117124055001919,1.8149944688787567,5.1105800864021065,0.00885555845220153,0.0027494581398892206,8
14,gaussian_score,affine,time_shuffle,0,4,endpoint,vector_correlation,px,0.008827569353701062,76.2044074920824,88.0394446502377,143.02864673451376,402.754921609365,0.008855558018285012,0.0027494851125999973,8
14,gaussian_score,affine,time_shuffle,0,4,endpoint,direction_correlation,nearest_neighbour,0.014611220909566666,1.0355284262374136,1.2256520335388847,0.8180542804578113,0.8259787405812501,0.033798053229665836,0.0019610537042814083,8
14,gaussian_score,affine,time_shuffle,0,4,endpoint,direction_correlation,px,0.014611220909566666,81.6100330906293,96.59101843319547,64.4644911560497,65.08553964418792,0.03380481570269078,0.001961129707278645,8
14,gaussian_score,affine,time_shuffle,0,4,start,vector_correlation,nearest_neighbour,0.007674910700248106,1.017265791074506,1.1994231296981188,1.8763312212310763,6.106871086543025,0.0073686235282302125,0.0038668111394490165,8
14,gaussian_score,affine,time_shuffle,0,4,start,vector_correlation,px,0.007674910700248106,80.1698192957065,94.52306188319865,147.86083875678014,481.2707113257585,0.007368623269212736,0.003866822349187515,8
14,gaussian_score,affine,time_shuffle,0,4,start,direction_correlation,nearest_neighbour,0.014659059097474517,1.1778367895553843,1.599376627212797,0.9107740157006151,0.7852124464888222,0.033469690580238715,0.0024878952525429466,8
14,gaussian_score,affine,time_shuffle,0,4,start,direction_correlation,px,0.014659059097474517,92.82214783281835,126.04186812138948,71.77034128672838,61.86513262803242,0.03348044608777413,0.002488022616790911,8
14,gaussian_score,affine,time_shuffle,0,5,endpoint,vector_correlation,nearest_neighbour,-0.0019222673937059295,,,,2.9128888273093327,0.012390376482361388,0.0017388174995524306,8
14,gaussian_score,affine,time_shuffle,0,5,endpoint,vector_correlation,px,-0.0019222673937059295,,,,229.49942884192689,0.012392869007187479,0.0017388042900681809,8
14,gaussian_score,affine,time_shuffle,0,5,endpoint,direction_correlation,nearest_neighbour,0.000528668789718458,2.486859578766962,2.5299333158420074,34.10783388814376,703407.8080713288,0.0022662975633222465,0.0018070499851376076,8
14,gaussian_score,affine,time_shuffle,0,5,endpoint,direction_correlation,px,0.000528668789718458,195.98353692253062,199.37814031086947,2687.965514599861,109586345.2721414,0.002266294005940447,0.0018070489922064116,8
14,gaussian_score,affine,time_shuffle,0,5,start,vector_correlation,nearest_neighbour,-0.0013538956329266752,,,,2.9538965409569578,0.01341602336773097,0.0009554750472313112,8
14,gaussian_score,affine,time_shuffle,0,5,start,vector_correlation,px,-0.0013538956329266752,,,,232.78833371118137,0.01341600089727943,0.0009554734270759673,8
14,gaussian_score,affine,time_shuffle,0,5,start,direction_correlation,nearest_neighbour,0.0015774977809659345,0.9215901678557199,1.0519086277311351,10.520987038913933,668871.6149119795,0.002663046555926692,0.0016598820638986619,8
14,gaussian_score,affine,time_shuffle,0,5,start,direction_correlation,px,0.0015774977809659345,72.6337856929055,82.90173037888353,829.1340726298972,52711831.38047835,0.00266304655802839,0.0016598820638328024,8
14,gaussian_score,affine,time_shuffle,0,6,endpoint,vector_correlation,nearest_neighbour,0.0031471918715714384,1.51495425009373,1.5377444421511797,7.115834009535934,4.921745364971624,0.009207024970027006,0.004015369639706282,8
14,gaussian_score,affine,time_shuffle,0,6,endpoint,vector_correlation,px,0.0031471918715714384,119.36773185077055,121.16340975892523,560.6568222436196,387.7695628342695,0.009207396471813517,0.00401533560169586,8
14,gaussian_score,affine,time_shuffle,0,6,endpoint,direction_correlation,nearest_neighbour,0.007972664047324043,1.4451053598000227,1.5322666002586147,2.2071071505145268,2.311838233463211,0.012059248361056802,0.0013505696530467612,8
14,gaussian_score,affine,time_shuffle,0,6,endpoint,direction_correlation,px,0.007972664047324043,113.86421924792123,120.73180130007384,173.894555240142,182.13982214658816,0.01206019001617975,0.0013505303517326837,8
14,gaussian_score,affine,time_shuffle,0,6,start,vector_correlation,nearest_neighbour,0.005712877501017849,1.489983766107082,1.5434436716351254,3.872191264047158,4.606384102954273,0.009562136124917459,0.0022549022055389652,8
14,gaussian_score,affine,time_shuffle,0,6,start,vector_correlation,px,0.005712877501017849,117.39811914557129,121.61027959545122,305.0839161075694,362.9226368235973,0.009562556850187594,0.0022548440634203174,8
14,gaussian_score,affine,time_shuffle,0,6,start,direction_correlation,nearest_neighbour,0.008566460685846428,1.4585724308476846,1.588812846002318,2.0150490602127,2.190003064633381,0.012042325124184895,0.0011897811732980669,8
14,gaussian_score,affine,time_shuffle,0,6,start,direction_correlation,px,0.008566460685846428,114.92318802194353,125.18496309003672,158.75903408110108,172.5369581277256,0.01204350231393544,0.001189760459576466,8
14,gaussian_score,affine,time_shuffle,1,0,current,vector_correlation,nearest_neighbour,0.012104158458802104,2.7826352364552425,3.491136240142699,1.9889295983463802,3.224733578359128,0.013977501583669005,0.0007986366315997558,8
14,gaussian_score,affine,time_shuffle,1,0,current,vector_correlation,px,0.012104158458802104,219.66047196042453,275.58281350456764,157.00236047832254,254.55635559519988,0.013977646500975004,0.0007986442198068701,8
14,gaussian_score,affine,time_shuffle,1,0,current,direction_correlation,nearest_neighbour,0.010891052946526503,2.3029412725013985,4.0699835428619675,1.9844124392881028,1.5726755104771002,0.016964111807356637,0.0014001126829212916,8
14,gaussian_score,affine,time_shuffle,1,0,current,direction_correlation,px,0.010891052946526503,181.79477219413658,321.2772674685925,156.64633705893493,124.14211181126957,0.0169647768059159,0.0014001027981667938,8
14,gaussian_score,affine,time_shuffle,1,1,endpoint,vector_correlation,nearest_neighbour,0.011471257964409232,1.4269286445071716,2.006760116351466,0.8324611034270396,0.6188846615301622,0.03710654259583411,0.0012542319296383253,8
14,gaussian_score,affine,time_shuffle,1,1,endpoint,vector_correlation,px,0.011471257964409232,112.57770755837818,158.32351684902275,65.67393571503175,48.82850507288848,0.037107137756816795,0.0012542276955041386,8
14,gaussian_score,affine,time_shuffle,1,1,endpoint,direction_correlation,nearest_neighbour,0.010756310751349751,1.1094123779384846,2.3469428701304214,1.2765911867773734,0.42635479688991873,0.056277633357614563,0.0017519213129361842,8
14,gaussian_score,affine,time_shuffle,1,1,endpoint,direction_correlation,px,0.010756310751349751,87.52860524330744,185.16399965437952,100.71518780006588,33.645821376361596,0.05625739302752448,0.0017519263043327717,8
14,gaussian_score,affine,time_shuffle,1,1,start,vector_correlation,nearest_neighbour,0.012868905053388963,1.1406107713812428,2.2013294882179957,0.8098955241820265,0.428918795479954,0.06731580968617192,0.001563007988808978,8
14,gaussian_score,affine,time_shuffle,1,1,start,vector_correlation,px,0.012868905053388963,89.99178592727432,173.674604843795,63.89479632168781,33.84134526625361,0.06731798968957442,0.0015629848051950063,8
14,gaussian_score,affine,time_shuffle,1,1,start,direction_correlation,nearest_neighbour,0.009941803994124447,1.1687580046077795,2.2423211911749235,1.5353524543145023,1.3872155727719315,0.013893179658193318,0.001691049525273835,8
14,gaussian_score,affine,time_shuffle,1,1,start,direction_correlation,px,0.009941803994124447,92.21238684482702,176.908863942213,121.1296231130455,109.429010375305,0.013895041042225293,0.0016910416102579784,8
14,gaussian_score,affine,time_shuffle,1,2,endpoint,vector_correlation,nearest_neighbour,0.006871605674413114,1.8888542514190712,2.193992436622871,2.1450380075126,3.170942349155722,0.00951336948859025,0.0014466963947712072,8
14,gaussian_score,affine,time_shuffle,1,2,endpoint,vector_correlation,px,0.006871605674413114,148.94112599201014,173.00395202606495,169.13890653758153,250.03493901063428,0.009513509089846698,0.0014467131920552889,8
14,gaussian_score,affine,time_shuffle,1,2,endpoint,direction_correlation,nearest_neighbour,-0.0028471379910873446,,,,1.2796244549537363,0.020371677207876693,6.151871435485349e-05,8
14,gaussian_score,affine,time_shuffle,1,2,endpoint,direction_correlation,px,-0.0028471379910873446,,,,100.894718464577,0.020373669797906606,6.146771894117802e-05,8
14,gaussian_score,affine,time_shuffle,1,2,start,vector_correlation,nearest_neighbour,0.009139757428644084,1.5633691801988616,1.7259411882417022,1.5292492101788522,3.101193159298559,0.012662706658207828,0.0007995021379960873,8
14,gaussian_score,affine,time_shuffle,1,2,start,vector_correlation,px,0.009139757428644084,123.27553507824493,136.09322672047816,120.58093552875599,244.53299059699555,0.012663013736342857,0.0007994693306986795,8
14,gaussian_score,affine,time_shuffle,1,2,start,direction_correlation,nearest_neighbour,-0.0006478741793620971,,,,1.3883424526688926,0.014863282241069085,0.0001728964492842034,8
14,gaussian_score,affine,time_shuffle,1,2,start,direction_correlation,px,-0.0006478741793620971,,,,109.47784193810226,0.014862929398368079,0.00017292227460225827,8
14,gaussian_score,affine,time_shuffle,1,3,endpoint,vector_correlation,nearest_neighbour,0.022101051553931217,1.6597072007736382,4.938620185463567,1.4780609120574633,1.3134976637622546,0.03617048982106657,0.0020948835972078843,8
14,gaussian_score,affine,time_shuffle,1,3,endpoint,vector_correlation,px,0.022101051553931217,130.8447524625042,389.3449662541407,116.52121540573881,103.54674611455489,0.03617318495190558,0.002094970396801508,8
14,gaussian_score,affine,time_shuffle,1,3,endpoint,direction_correlation,nearest_neighbour,0.024072808051631405,1.4577608357624439,,1.7189192483245455,1.4416684900377976,0.034703741633301456,0.0031787712903566193,8
14,gaussian_score,affine,time_shuffle,1,3,endpoint,direction_correlation,px,0.024072808051631405,114.92577762810846,,135.51037457339837,113.65275236643265,0.034705556050444904,0.003178896087437471,8
14,gaussian_score,affine,time_shuffle,1,3,start,vector_correlation,nearest_neighbour,0.020380842955400172,1.5510029694877683,4.940622388788233,1.5272091156507277,1.2811830787752012,0.03440049390698157,0.003417247575639634,8
14,gaussian_score,affine,time_shuffle,1,3,start,vector_correlation,px,0.020380842955400172,122.27607294626837,389.50316000179214,120.39355487268263,100.99656839664073,0.03440412549580784,0.003417321279678723,8
14,gaussian_score,affine,time_shuffle,1,3,start,direction_correlation,nearest_neighbour,0.023001168530192913,1.3707349538273126,,1.7239738219634482,1.5020809494039178,0.03139186865237655,0.003904170050690034,8
14,gaussian_score,affine,time_shuffle,1,3,start,direction_correlation,px,0.023001168530192913,108.06528180365521,,135.90698438677887,118.41624855531153,0.03139337635875412,0.003904300150467068,8
14,gaussian_score,affine,time_shuffle,1,4,endpoint,vector_correlation,nearest_neighbour,0.03136494228620829,1.1328733714468582,3.1128662069596675,0.78144327359931,0.4074807671187767,0.17664327640638128,0.0031649186431675492,8
14,gaussian_score,affine,time_shuffle,1,4,endpoint,vector_correlation,px,0.03136494228620829,89.28042825120077,245.3113939723995,61.5789549928779,32.107520357111696,0.17672642546948394,0.003165016323272014,8
14,gaussian_score,affine,time_shuffle,1,4,endpoint,direction_correlation,nearest_neighbour,0.025822320308732067,1.4118593480868409,3.2021936043380044,0.8627796615092532,0.7599761238389038,0.06450019597396323,0.0014391344808356386,8
14,gaussian_score,affine,time_shuffle,1,4,endpoint,direction_correlation,px,0.025822320308732067,111.26436729703568,252.35023316120223,67.98761211502817,59.88757059006535,0.0645104444977058,0.0014392969914640734,8
14,gaussian_score,affine,time_shuffle,1,4,start,vector_correlation,nearest_neighbour,0.02683474484760615,1.2012445930859517,3.0800069328043516,0.9024176036482582,0.6847505236279527,0.07248083907990265,0.002458615524352766,8
14,gaussian_score,affine,time_shuffle,1,4,start,vector_correlation,px,0.02683474484760615,94.66658564165574,242.72312614597683,71.11268498718536,53.96105918863232,0.07248994897950312,0.0024588654083513503,8
14,gaussian_score,affine,time_shuffle,1,4,start,direction_correlation,nearest_neighbour,0.019890672211033078,2.0218651127750813,3.1890593317164355,1.0975042034971216,1.2330043647940383,0.035118473865323116,0.00024924990130239394,8
14,gaussian_score,affine,time_shuffle,1,4,start,direction_correlation,px,0.019890672211033078,159.33762781235666,251.31631433772463,86.48593371732373,97.16337907389078,0.03512146920333403,0.00024929360534783765,8
14,gaussian_score,affine,time_shuffle,1,5,endpoint,vector_correlation,nearest_neighbour,0.015141250969745192,1.17484496420856,2.9133299961320986,1.271211934836351,1.45260421459158,0.02204424953198569,0.0035095251358690177,8
14,gaussian_score,affine,time_shuffle,1,5,endpoint,vector_correlation,px,0.015141250969745192,92.58643768795704,229.58924631850613,100.17685760365931,114.47313118579555,0.022045108606168276,0.0035095978849645423,8
14,gaussian_score,affine,time_shuffle,1,5,endpoint,direction_correlation,nearest_neighbour,0.011572343581974988,1.1534875174657382,2.7574559287850122,1.1432032619162094,0.5672301698963925,0.0389521197161967,0.0015845834254323244,8
14,gaussian_score,affine,time_shuffle,1,5,endpoint,direction_correlation,px,0.011572343581974988,90.90356857470883,217.30660005304523,90.08901691997525,44.695780927712754,0.03896356385371627,0.0015846533915374287,8
14,gaussian_score,affine,time_shuffle,1,5,start,vector_correlation,nearest_neighbour,0.013035425215250092,2.337133936551978,2.800606330303911,1.5575646504150846,2.0439988553900803,0.018159191707679784,0.003159862903679864,8
14,gaussian_score,affine,time_shuffle,1,5,start,vector_correlation,px,0.013035425215250092,184.18269200407263,220.70582389540064,122.73939600226282,161.06912360924116,0.018160532815739223,0.003159857940603511,8
14,gaussian_score,affine,time_shuffle,1,5,start,direction_correlation,nearest_neighbour,0.011827403594330975,1.2042047683456616,2.459168346065312,1.0145544023772126,0.7233208169440192,0.03003660376873665,0.0015094109928825337,8
14,gaussian_score,affine,time_shuffle,1,5,start,direction_correlation,px,0.011827403594330975,94.9013223723191,193.79992716074892,79.94823251013516,56.99332579318832,0.030046280782291487,0.00150951234285463,8
14,gaussian_score,affine,time_shuffle,1,6,endpoint,vector_correlation,nearest_neighbour,0.014912230777980547,2.7464396760630847,5.094892232666319,2.1273110098038637,2.346018371574393,0.02112658963635452,0.0032906565529491182,8
14,gaussian_score,affine,time_shuffle,1,6,endpoint,vector_correlation,px,0.014912230777980547,216.39861258363902,401.4417430041791,167.60810333146816,184.83840590337718,0.02112779653475035,0.0032906304265885268,8
14,gaussian_score,affine,time_shuffle,1,6,endpoint,direction_correlation,nearest_neighbour,0.00843444416455438,1.1016083424524667,5.285197101556706,2.630556220185052,3.6804917257729852,0.009771595107494186,0.0036449359876302187,8
14,gaussian_score,affine,time_shuffle,1,6,endpoint,direction_correlation,px,0.00843444416455438,86.80193839406675,416.43644606863614,207.26124284792922,289.988293151899,0.009771804899992732,0.003644943647102901,8
14,gaussian_score,affine,time_shuffle,1,6,start,vector_correlation,nearest_neighbour,0.01643029426716329,2.490997384892803,5.000299632460535,1.916740078405624,2.517855229771042,0.020858561824415124,0.003967126188835658,8
14,gaussian_score,affine,time_shuffle,1,6,start,vector_correlation,px,0.01643029426716329,196.27125356418657,393.9887281034088,151.01478964423038,198.37258848871213,0.020859876549304046,0.003967146588653401,8
14,gaussian_score,affine,time_shuffle,1,6,start,direction_correlation,nearest_neighbour,0.008604295241493509,1.2525227439104676,5.303619840882498,2.653574474721288,3.398656134534979,0.010562368722151947,0.0027943457165996374,8
14,gaussian_score,affine,time_shuffle,1,6,start,direction_correlation,px,0.008604295241493509,98.68861681140169,417.8885263848717,209.0722256100551,267.77632982079456,0.010562733948084763,0.0027943429788134465,8
14,gaussian_score,affine,wrong_movie,0,0,current,vector_correlation,nearest_neighbour,-0.00234993294973715,,,,1.928577292167069,0.01229189487312848,0.0029354225920111975,8
14,gaussian_score,affine,wrong_movie,0,0,current,vector_correlation,px,-0.00234993294973715,,,,152.23427223173962,0.012292464827249197,0.0029353855094437025,8
14,gaussian_score,affine,wrong_movie,0,0,current,direction_correlation,nearest_neighbour,-0.0020005143837616085,,,,,,,8
14,gaussian_score,affine,wrong_movie,0,0,current,direction_correlation,px,-0.0020005143837616085,,,,,,,8
14,gaussian_score,affine,wrong_movie,0,1,endpoint,vector_correlation,nearest_neighbour,-3.174358626025814e-05,,,,,,,8
14,gaussian_score,affine,wrong_movie,0,1,endpoint,vector_correlation,px,-3.174358626025814e-05,,,,,,,8
14,gaussian_score,affine,wrong_movie,0,1,endpoint,direction_correlation,nearest_neighbour,-0.0064804679082552125,,,,,,,8
14,gaussian_score,affine,wrong_movie,0,1,endpoint,direction_correlation,px,-0.0064804679082552125,,,,,,,8
14,gaussian_score,affine,wrong_movie,0,1,start,vector_correlation,nearest_neighbour,0.0009626944422283434,0.7385394052068751,0.7523048672124077,4.69877544778564,13.991642684455707,0.0019748340379294625,0.0011482903893354824,8
14,gaussian_score,affine,wrong_movie,0,1,start,vector_correlation,px,0.0009626944422283434,58.271437519931794,59.357426942551285,370.70131750498615,1103.8206425068565,0.0019748594075616114,0.001148284553054653,8
14,gaussian_score,affine,wrong_movie,0,1,start,direction_correlation,nearest_neighbour,-0.004299499612316356,,,,,,,8
14,gaussian_score,affine,wrong_movie,0,1,start,direction_correlation,px,-0.004299499612316356,,,,,,,8
14,gaussian_score,affine,wrong_movie,0,2,endpoint,vector_correlation,nearest_neighbour,0.004021470429426074,2.9016500629448467,3.1535631931588637,3.062622448383412,6.036410941206722,0.005498196947274717,0.0018062364790695671,8
14,gaussian_score,affine,wrong_movie,0,2,endpoint,vector_correlation,px,0.004021470429426074,228.8038002598663,248.6658544521087,241.49298194194216,475.9714858056735,0.005498288325574137,0.0018062226119563288,8
14,gaussian_score,affine,wrong_movie,0,2,endpoint,direction_correlation,nearest_neighbour,0.006268078601404483,0.9668088528000587,1.113480160491871,1.2519293783241592,2.57097912840935,0.00979025955818531,0.003079997887772843,8
14,gaussian_score,affine,wrong_movie,0,2,endpoint,direction_correlation,px,0.006268078601404483,76.23958041819814,87.80456297265731,98.71747858677448,202.65502201021854,0.009792201638235352,0.0030799428371174322,8
14,gaussian_score,affine,wrong_movie,0,2,start,vector_correlation,nearest_neighbour,0.005947818050426659,1.1146208034890863,3.213052177335267,1.953307648393088,4.611388714313741,0.005944339294629418,0.0022797974099091753,8
14,gaussian_score,affine,wrong_movie,0,2,start,vector_correlation,px,0.005947818050426659,87.89420733266053,253.3554916203651,154.02162661986836,363.60634187137333,0.005944468561147067,0.0022797844679435008,8
14,gaussian_score,affine,wrong_movie,0,2,start,direction_correlation,nearest_neighbour,0.0068426789626843815,0.957789074860971,1.10044587670614,1.1417754368827087,,,,8
14,gaussian_score,affine,wrong_movie,0,2,start,direction_correlation,px,0.0068426789626843815,75.52845752615256,86.77655340091614,90.03095687092014,,,,8
14,gaussian_score,affine,wrong_movie,0,3,endpoint,vector_correlation,nearest_neighbour,0.007591471586489267,2.2028758738346195,2.6438063081086622,1.544530750447833,1.5479142651337368,0.013161627304681952,0.0013795951199863947,8
14,gaussian_score,affine,wrong_movie,0,3,endpoint,vector_correlation,px,0.007591471586489267,173.66856104207304,208.43153593854902,121.76182215526336,122.02549004542844,0.013162605247434603,0.0013795321791599305,8
14,gaussian_score,affine,wrong_movie,0,3,endpoint,direction_correlation,nearest_neighbour,0.010819598797151612,2.298834736662872,3.1347685890254287,2.058408714341091,1.9137310530544516,0.016342923549841053,0.0023197164473440003,8
14,gaussian_score,affine,wrong_movie,0,3,endpoint,direction_correlation,px,0.010819598797151612,181.23433713171906,247.13343263570513,162.27546555114253,150.86291889270504,0.01634397994116059,0.002319650663066589,8
14,gaussian_score,affine,wrong_movie,0,3,start,vector_correlation,nearest_neighbour,0.004333150279917623,2.297242181014562,2.615728813802925,2.887802126512635,2.255727918785009,0.009422818605857556,0.002438635587086147,8
14,gaussian_score,affine,wrong_movie,0,3,start,vector_correlation,px,0.004333150279917623,181.10818371071136,206.2168907031449,227.65433410465627,177.81824744622924,0.009423536922001397,0.0024385943375524414,8
14,gaussian_score,affine,wrong_movie,0,3,start,direction_correlation,nearest_neighbour,0.009429046344791742,2.316472339702891,2.8725023106715732,2.3992749161587175,2.22318654738168,0.01410124600393744,0.002179874304159032,8
14,gaussian_score,affine,wrong_movie,0,3,start,direction_correlation,px,0.009429046344791742,182.62430580597058,226.4579440187998,189.14630583237272,175.25624064028747,0.014102153177793187,0.002179829338442466,8
14,gaussian_score,affine,wrong_movie,0,4,endpoint,vector_correlation,nearest_neighbour,-0.004949422063282945,,,,1.7617224959732807,0.010733545377103335,0.0003246911238723091,8
14,gaussian_score,affine,wrong_movie,0,4,endpoint,vector_correlation,px,-0.004949422063282945,,,,138.83274053368467,0.010733787989699976,0.0003247282030315509,8
14,gaussian_score,affine,wrong_movie,0,4,endpoint,direction_correlation,nearest_neighbour,-0.003935463448723484,,,,,,,8
14,gaussian_score,affine,wrong_movie,0,4,endpoint,direction_correlation,px,-0.003935463448723484,,,,,,,8
14,gaussian_score,affine,wrong_movie,0,4,start,vector_correlation,nearest_neighbour,-0.007491040190993302,,,,1.2173528972306638,0.023363231676654803,0.000583090020507793,8
14,gaussian_score,affine,wrong_movie,0,4,start,vector_correlation,px,-0.007491040190993302,,,,95.93556199846255,0.023363192510731077,0.0005831408405358792,8
14,gaussian_score,affine,wrong_movie,0,4,start,direction_correlation,nearest_neighbour,-0.007140452381723345,,,,,,,8
14,gaussian_score,affine,wrong_movie,0,4,start,direction_correlation,px,-0.007140452381723345,,,,,,,8
14,gaussian_score,affine,wrong_movie,0,5,endpoint,vector_correlation,nearest_neighbour,0.002231242755083319,0.7883642866819609,0.8375760213206087,1.4216040314863805,,,,8
14,gaussian_score,affine,wrong_movie,0,5,endpoint,vector_correlation,px,0.002231242755083319,62.13352808183315,66.01118767429273,112.03033796575502,,,,8
14,gaussian_score,affine,wrong_movie,0,5,endpoint,direction_correlation,nearest_neighbour,0.0023184900815572448,0.7623945436106055,0.7964924926983435,1.5308504232982294,0.5911063598381506,0.00762606708644599,0.0010761358480264925,8
14,gaussian_score,affine,wrong_movie,0,5,endpoint,direction_correlation,px,0.0023184900815572448,60.087231114782796,62.77399353708172,120.63963838462436,46.58155953827471,0.007627282720166571,0.001076135848215155,8
14,gaussian_score,affine,wrong_movie,0,5,start,vector_correlation,nearest_neighbour,-3.092447827434854e-05,,,,,,,8
14,gaussian_score,affine,wrong_movie,0,5,start,vector_correlation,px,-3.092447827434854e-05,,,,,,,8
14,gaussian_score,affine,wrong_movie,0,5,start,direction_correlation,nearest_neighbour,0.0014789049016426922,0.7351044371528754,0.7568925455957292,2.2794890714605613,,,,8
14,gaussian_score,affine,wrong_movie,0,5,start,direction_correlation,px,0.0014789049016426922,57.9403556952553,59.65706637858588,179.63705941571368,,,,8
14,gaussian_score,affine,wrong_movie,0,6,endpoint,vector_correlation,nearest_neighbour,-0.010085746914220118,,,,,,,8
14,gaussian_score,affine,wrong_movie,0,6,endpoint,vector_correlation,px,-0.010085746914220118,,,,,,,8
14,gaussian_score,affine,wrong_movie,0,6,endpoint,direction_correlation,nearest_neighbour,0.0027680511412577023,0.7797530830403551,0.8276796076473485,2.769787026162124,5.081165873441291,0.0036361035946982823,0.0008592913215726771,8
14,gaussian_score,affine,wrong_movie,0,6,endpoint,direction_correlation,px,0.0027680511412577023,61.44729822077419,65.22278347581192,218.23614471679545,400.3320866843524,0.0036362490359018273,0.0008592720095199314,8
14,gaussian_score,affine,wrong_movie,0,6,start,vector_correlation,nearest_neighbour,-0.0042176700733959705,,,,,,,8
14,gaussian_score,affine,wrong_movie,0,6,start,vector_correlation,px,-0.0042176700733959705,,,,,,,8
14,gaussian_score,affine,wrong_movie,0,6,start,direction_correlation,nearest_neighbour,0.005535283126129957,0.8141184834843306,0.8838305392357841,1.289396846865235,2.752896526335821,0.0072507956048569674,0.0004904775037893851,8
14,gaussian_score,affine,wrong_movie,0,6,start,direction_correlation,px,0.005535283126129957,64.15629325799028,69.64738785283451,101.58945016574343,216.87318128612975,0.00725166709238276,0.0004904432365977162,8
14,gaussian_score,affine,wrong_movie,1,0,current,vector_correlation,nearest_neighbour,-0.009445373240566431,,,,0.9582860249095676,0.0218600710782525,0.0007382023856733052,8
14,gaussian_score,affine,wrong_movie,1,0,current,vector_correlation,px,-0.009445373240566431,,,,75.64728396267463,0.021859904593373107,0.0007382109754837282,8
14,gaussian_score,affine,wrong_movie,1,0,current,direction_correlation,nearest_neighbour,-0.00920844009352164,,,,2.0473111603403895,0.014399710657119905,0.0012453091750292914,8
14,gaussian_score,affine,wrong_movie,1,0,current,direction_correlation,px,-0.00920844009352164,,,,161.60475204345678,0.014400298692444672,0.0012453284610401208,8
14,gaussian_score,affine,wrong_movie,1,1,endpoint,vector_correlation,nearest_neighbour,0.0003828105911908101,2.228580318178888,2.2429137303529907,38.159922618768974,4.371003533677531,0.008204024250943024,0.0050438024580227465,8
14,gaussian_score,affine,wrong_movie,1,1,endpoint,vector_correlation,px,0.0003828105911908101,175.82517220012951,176.9560810975602,3010.5569181060496,344.8386900302747,0.008204163256753064,0.005043791345118808,8
14,gaussian_score,affine,wrong_movie,1,1,endpoint,direction_correlation,nearest_neighbour,-0.00790089953944589,,,,0.38555626726930753,0.2960777526243465,0.0009418573106496015,8
14,gaussian_score,affine,wrong_movie,1,1,endpoint,direction_correlation,px,-0.00790089953944589,,,,30.419546754968874,0.2960498671380227,0.0009418571966974371,8
14,gaussian_score,affine,wrong_movie,1,1,start,vector_correlation,nearest_neighbour,0.00017406769060109568,2.0241800477832026,2.0379783519744263,66.85517824861255,6.043751706565874,0.006125022566463408,0.00557628160073849,8
14,gaussian_score,affine,wrong_movie,1,1,start,vector_correlation,px,0.00017406769060109568,159.69745463591238,160.78614546000662,5274.3073368163305,476.8191921301576,0.006125048761741666,0.0055762853165522855,8
14,gaussian_score,affine,wrong_movie,1,1,start,direction_correlation,nearest_neighbour,-0.008787001059831672,,,,0.6641063604154304,0.06351086696934974,0.0010811972649731243,8
14,gaussian_score,affine,wrong_movie,1,1,start,direction_correlation,px,-0.008787001059831672,,,,52.397303678257316,0.06350825550230153,0.001081195905914806,8
14,gaussian_score,affine,wrong_movie,1,2,endpoint,vector_correlation,nearest_neighbour,-0.009325164693252452,,,,8.73022320490726,0.0025376547013957586,0.0012308446702180896,8
14,gaussian_score,affine,wrong_movie,1,2,endpoint,vector_correlation,px,-0.009325164693252452,,,,688.3780721851818,0.0025376877477929576,0.001230840400498738,8
14,gaussian_score,affine,wrong_movie,1,2,endpoint,direction_correlation,nearest_neighbour,-0.004062609056323459,,,,2.209467946769886,0.006216328564273645,0.0004443986168921206,8
14,gaussian_score,affine,wrong_movie,1,2,endpoint,direction_correlation,px,-0.004062609056323459,,,,174.21257456627615,0.0062166232012956036,0.0004444123185008638,8
14,gaussian_score,affine,wrong_movie,1,2,start,vector_correlation,nearest_neighbour,-0.00733648968037332,,,,1.8640964742776844,0.013293738703795436,0.0004895847210325394,8
14,gaussian_score,affine,wrong_movie,1,2,start,vector_correlation,px,-0.00733648968037332,,,,146.9926144958838,0.013292896074743196,0.0004895767806325171,8
14,gaussian_score,affine,wrong_movie,1,2,start,direction_correlation,nearest_neighbour,-0.001381319543429314,,,,1.5831574753294702,0.010953872654028196,0.0004918762878572842,8
14,gaussian_score,affine,wrong_movie,1,2,start,direction_correlation,px,-0.001381319543429314,,,,124.77570817877402,0.010954936359548478,0.000491871897044335,8
14,gaussian_score,affine,wrong_movie,1,3,endpoint,vector_correlation,nearest_neighbour,-0.005824630618029101,,,,2.7465458674190626,0.00925748337401576,0.0001518251842300342,8
14,gaussian_score,affine,wrong_movie,1,3,endpoint,vector_correlation,px,-0.005824630618029101,,,,216.538362678737,0.00925711887016924,0.00015182372402920135,8
14,gaussian_score,affine,wrong_movie,1,3,endpoint,direction_correlation,nearest_neighbour,-0.006653767257230603,,,,,,,8
14,gaussian_score,affine,wrong_movie,1,3,endpoint,direction_correlation,px,-0.006653767257230603,,,,,,,8
14,gaussian_score,affine,wrong_movie,1,3,start,vector_correlation,nearest_neighbour,-0.008385990905266833,,,,,,,8
14,gaussian_score,affine,wrong_movie,1,3,start,vector_correlation,px,-0.008385990905266833,,,,,,,8
14,gaussian_score,affine,wrong_movie,1,3,start,direction_correlation,nearest_neighbour,-0.006924750478743887,,,,,,,8
14,gaussian_score,affine,wrong_movie,1,3,start,direction_correlation,px,-0.006924750478743887,,,,,,,8
14,gaussian_score,affine,wrong_movie,1,4,endpoint,vector_correlation,nearest_neighbour,0.0004157009774951876,3.1836870584414845,3.215378221886363,11.941061148068288,167.0791312169277,0.0012584655112678502,0.0010653684837795977,8
14,gaussian_score,affine,wrong_movie,1,4,endpoint,vector_correlation,px,0.0004157009774951876,250.89195043575708,253.3891574488505,941.0048841575341,626.5861841475427,0.001564517542266697,0.001096455672128028,8
14,gaussian_score,affine,wrong_movie,1,4,endpoint,direction_correlation,nearest_neighbour,-0.012254526515641493,,,,,,,8
14,gaussian_score,affine,wrong_movie,1,4,endpoint,direction_correlation,px,-0.012254526515641493,,,,,,,8
14,gaussian_score,affine,wrong_movie,1,4,start,vector_correlation,nearest_neighbour,-0.003240763319807991,,,,1.2948313788400265,0.013048164807837959,0.001378338037403593,8
14,gaussian_score,affine,wrong_movie,1,4,start,vector_correlation,px,-0.003240763319807991,,,,102.04415112405249,0.013047772813662655,0.0013783417690651626,8
14,gaussian_score,affine,wrong_movie,1,4,start,direction_correlation,nearest_neighbour,-0.015233891939859362,,,,17.340991406575583,0.0024445220887924367,0.0008633022051714773,8
14,gaussian_score,affine,wrong_movie,1,4,start,direction_correlation,px,-0.015233891939859362,,,,1366.6340978804533,0.002444510086901145,0.0008633036624045953,8
14,gaussian_score,affine,wrong_movie,1,5,endpoint,vector_correlation,nearest_neighbour,0.01370989345173947,0.9679252004835129,1.121637204418835,0.5395750352118893,1.02594465526325,0.027218600635594097,0.0003485998236203131,8
14,gaussian_score,affine,wrong_movie,1,5,endpoint,vector_correlation,px,0.01370989345173947,76.28210676831957,88.39390959162205,42.51857018351036,80.84913576724296,0.027221156949017715,0.00034860146221389783,8
14,gaussian_score,affine,wrong_movie,1,5,endpoint,direction_correlation,nearest_neighbour,0.012017529344775901,1.0940733508376785,1.3177509398245721,0.6504707771979741,0.24811383995244285,0.20488539656148638,0.0025251530425991404,8
14,gaussian_score,affine,wrong_movie,1,5,endpoint,direction_correlation,px,0.012017529344775901,86.22200400794479,103.84751338095728,51.25691303099278,19.55037476878771,0.20502785188432998,0.002525156847826443,8
14,gaussian_score,affine,wrong_movie,1,5,start,vector_correlation,nearest_neighbour,0.013459715466257322,0.9558731413580708,1.1061434932540726,0.43528568928032,0.4357077746656321,0.06674814054908239,0.0004344302468328373,8
14,gaussian_score,affine,wrong_movie,1,5,start,vector_correlation,px,0.013459715466257322,75.33498148611483,87.17495920443409,34.299135086616346,34.33461734472691,0.0667736078700219,0.0004344302493150011,8
14,gaussian_score,affine,wrong_movie,1,5,start,direction_correlation,nearest_neighbour,0.010798670737255918,1.1496585060023168,1.426900523285599,0.5892705895445782,0.3948596059506836,0.06290855166790996,0.0013358079704093894,8
14,gaussian_score,affine,wrong_movie,1,5,start,direction_correlation,px,0.010798670737255918,90.60355822513884,112.45013067533098,46.432453173530064,31.110330271116606,0.0629543518997604,0.0013358454505266618,8
14,gaussian_score,affine,wrong_movie,1,6,endpoint,vector_correlation,nearest_neighbour,0.0017419826491079137,1.7432625203363308,3.1990314560829898,5.367937797674629,3.208618428677899,0.005647833556140432,0.00294265948625874,8
14,gaussian_score,affine,wrong_movie,1,6,endpoint,vector_correlation,px,0.0017419826491079137,137.35652791226042,252.05641263056913,422.91848109350315,252.7865275486989,0.00564825697291564,0.002942634380489221,8
14,gaussian_score,affine,wrong_movie,1,6,endpoint,direction_correlation,nearest_neighbour,0.004809347964339372,1.2876784863780784,1.379914475663326,0.7272064956441372,0.7676784743725826,0.011902455612868013,0.00016811474273627753,8
14,gaussian_score,affine,wrong_movie,1,6,endpoint,direction_correlation,px,0.004809347964339372,101.46028873074752,108.72771885502203,57.29152166195438,60.47924578914703,0.011902705218039406,0.00016812649478003733,8
14,gaussian_score,affine,wrong_movie,1,6,start,vector_correlation,nearest_neighbour,-0.001275449387020664,,,,0.8240617215004697,0.06423106469031502,0.00016445074313349516,8
14,gaussian_score,affine,wrong_movie,1,6,start,vector_correlation,px,-0.001275449387020664,,,,64.93026193560242,0.06422940269934953,0.0001644526432979832,8
14,gaussian_score,affine,wrong_movie,1,6,start,direction_correlation,nearest_neighbour,0.002305484782907622,1.4289050178479443,1.460032379385177,1.9282907487503045,2.7509242363929802,0.00465051424199866,0.0014833313216217623,8
14,gaussian_score,affine,wrong_movie,1,6,start,direction_correlation,px,0.002305484782907622,112.58566231078777,115.038218855383,151.91089456099678,216.6962863186934,0.004651203959499044,0.0014832796608216928,8
14,gaussian_score,none,real,0,0,current,vector_correlation,nearest_neighbour,0.3783575714435284,,,5.981039639082938,19.482893291755776,0.31988970213983847,0.03350665868636748,8
14,gaussian_score,none,real,0,0,current,vector_correlation,px,0.3783575714435284,,,472.1373585891833,1537.9688466121802,0.31988957919871286,0.03350690759159257,8
14,gaussian_score,none,real,0,0,current,direction_correlation,nearest_neighbour,0.38021370560447865,,,6.358469782370971,22.74861647380452,0.32922222990252115,0.030110338777989732,8
14,gaussian_score,none,real,0,0,current,direction_correlation,px,0.38021370560447865,,,501.9313982787909,1795.7621419117945,0.32922214371087866,0.03011057631811332,8
14,gaussian_score,none,real,0,1,endpoint,vector_correlation,nearest_neighbour,-0.0910210336294075,,,,,,,8
14,gaussian_score,none,real,0,1,endpoint,vector_correlation,px,-0.0910210336294075,,,,,,,8
14,gaussian_score,none,real,0,1,endpoint,direction_correlation,nearest_neighbour,-0.10499594588595051,,,,,,,8
14,gaussian_score,none,real,0,1,endpoint,direction_correlation,px,-0.10499594588595051,,,,,,,8
14,gaussian_score,none,real,0,1,start,vector_correlation,nearest_neighbour,-0.08641462461008292,,,,,,,8
14,gaussian_score,none,real,0,1,start,vector_correlation,px,-0.08641462461008292,,,,,,,8
14,gaussian_score,none,real,0,1,start,direction_correlation,nearest_neighbour,-0.10354399355298162,,,,,,,8
14,gaussian_score,none,real,0,1,start,direction_correlation,px,-0.10354399355298162,,,,,,,8
14,gaussian_score,none,real,0,2,endpoint,vector_correlation,nearest_neighbour,0.026988243463989526,1.9547836010317414,2.6206626171109026,1.226466477329792,1.3135277261335514,0.054933636125647216,0.007109887814607004,8
14,gaussian_score,none,real,0,2,endpoint,vector_correlation,px,0.026988243463989526,154.14023428849714,206.64938587204875,96.70604692631876,103.56391549235468,0.054940440025711364,0.007109816589314754,8
14,gaussian_score,none,real,0,2,endpoint,direction_correlation,nearest_neighbour,0.023326013981745632,1.8474911856656528,2.4943655722609295,1.1486068978438815,1.8650611334657659,0.038316415564497955,0.005602592705673033,8
14,gaussian_score,none,real,0,2,endpoint,direction_correlation,px,0.023326013981745632,145.67928495171256,196.69101204883702,90.56670354041313,147.05819031342273,0.038318278653497684,0.0056026718282171,8
14,gaussian_score,none,real,0,2,start,vector_correlation,nearest_neighbour,0.02898736288998205,1.9389653194118388,2.5508243024330044,1.0795541304459353,1.1862002372505556,0.05879845520033202,0.005217295842386139,8
14,gaussian_score,none,real,0,2,start,vector_correlation,px,0.02898736288998205,152.8915653428569,201.14232880135881,85.12066785211933,93.52310383117353,0.058807470985854704,0.005217107701794768,8
14,gaussian_score,none,real,0,2,start,direction_correlation,nearest_neighbour,0.02408097214175823,1.8686593749676554,2.4678355377865984,1.0806460456651859,1.7288152312429959,0.039256607815954955,0.003973773792706024,8
14,gaussian_score,none,real,0,2,start,direction_correlation,px,0.02408097214175823,147.34725417456403,194.59815333472415,85.2065181677073,136.31085622123044,0.0392594541942056,0.003973841935895665,8
14,gaussian_score,none,real,0,3,endpoint,vector_correlation,nearest_neighbour,0.06814790950186318,,,4.533149461617525,6.807689366431335,0.06548590438213978,0.009016466891769387,8
14,gaussian_score,none,real,0,3,endpoint,vector_correlation,px,0.06814790950186318,,,357.3765143963448,536.6999684525283,0.0654858947286448,0.009016650604879412,8
14,gaussian_score,none,real,0,3,endpoint,direction_correlation,nearest_neighbour,0.05296929875599945,,,5.461354661137532,8.40208606133733,0.05570562001515346,0.007584848905294655,8
14,gaussian_score,none,real,0,3,endpoint,direction_correlation,px,0.05296929875599945,,,430.5529798093512,662.3975463681244,0.05570561325431891,0.007584972283581366,8
14,gaussian_score,none,real,0,3,start,vector_correlation,nearest_neighbour,0.07120252711307276,,,4.319111632766801,6.5918612990344085,0.06612247405652334,0.009619765063971017,8
14,gaussian_score,none,real,0,3,start,vector_correlation,px,0.07120252711307276,,,340.50097498619255,519.6468888376904,0.06612407224844795,0.00962001814437468,8
14,gaussian_score,none,real,0,3,start,direction_correlation,nearest_neighbour,0.05646144094345992,,,5.107122458918916,8.153938518956547,0.05623889271695832,0.007544750224606061,8
14,gaussian_score,none,real,0,3,start,direction_correlation,px,0.05646144094345992,,,402.6249672108587,642.8356491640124,0.05623884535911668,0.007544921385644576,8
14,gaussian_score,none,real,0,4,endpoint,vector_correlation,nearest_neighbour,0.0029576584008065565,0.9154961844054454,1.035763822887405,0.27536085684542655,,,,8
14,gaussian_score,none,real,0,4,endpoint,vector_correlation,px,0.0029576584008065565,72.15196903933693,81.62858141197279,21.697342160022625,,,,8
14,gaussian_score,none,real,0,4,endpoint,direction_correlation,nearest_neighbour,0.010650056257044209,1.02514187030795,1.2092207439938778,0.27536085684542655,,,,8
14,gaussian_score,none,real,0,4,endpoint,direction_correlation,px,0.010650056257044209,80.79161372468329,95.2962980598181,21.697342160022625,,,,8
14,gaussian_score,none,real,0,4,start,vector_correlation,nearest_neighbour,0.005621347682202082,0.9219473549182913,1.0486315839637759,0.2779856108156278,,,,8
14,gaussian_score,none,real,0,4,start,vector_correlation,px,0.005621347682202082,72.65912196367387,82.64131365157742,21.904112884045357,,,,8
14,gaussian_score,none,real,0,4,start,direction_correlation,nearest_neighbour,0.014764843306181288,0.970318789866218,1.1251540673292408,0.2779856108156278,,,,8
14,gaussian_score,none,real,0,4,start,direction_correlation,px,0.014764843306181288,76.47059036433642,88.67096788039406,21.904112884045357,,,,8
14,gaussian_score,none,real,0,5,endpoint,vector_correlation,nearest_neighbour,0.01716824029648384,,,9.149066087832356,35.91417308043687,0.019531947629144116,0.002086061483325728,8
14,gaussian_score,none,real,0,5,endpoint,vector_correlation,px,0.01716824029648384,,,721.0051089159605,2830.239517428956,0.019531984848643897,0.0020860480594328975,8
14,gaussian_score,none,real,0,5,endpoint,direction_correlation,nearest_neighbour,0.021814197289883222,,,6.934881260500965,18.706944961691292,0.02171267698197451,0.002279685620226836,8
14,gaussian_score,none,real,0,5,endpoint,direction_correlation,px,0.021814197289883222,,,546.5119059769293,1474.2293494108517,0.021712706371863393,0.002279679124293399,8
14,gaussian_score,none,real,0,5,start,vector_correlation,nearest_neighbour,0.017298093144359133,,,8.993087725375663,41.1779474633644,0.019008297284933393,0.002150892624843355,8
14,gaussian_score,none,real,0,5,start,vector_correlation,px,0.017298093144359133,,,708.7110058058687,3245.030244656069,0.019008347368408274,0.0021508778588969434,8
14,gaussian_score,none,real,0,5,start,direction_correlation,nearest_neighbour,0.02078992517764241,,,7.2883834696907215,18.8945634338864,0.02163407145792036,0.0024572103909086805,8
14,gaussian_score,none,real,0,5,start,direction_correlation,px,0.02078992517764241,,,574.367592793197,1489.006526769471,0.021634135700737737,0.002457193978363621,8
14,gaussian_score,none,real,0,6,endpoint,vector_correlation,nearest_neighbour,-0.005784557290289105,,,,,,,8
14,gaussian_score,none,real,0,6,endpoint,vector_correlation,px,-0.005784557290289105,,,,,,,8
14,gaussian_score,none,real,0,6,endpoint,direction_correlation,nearest_neighbour,-0.014949940883901999,,,,,,,8
14,gaussian_score,none,real,0,6,endpoint,direction_correlation,px,-0.014949940883901999,,,,,,,8
14,gaussian_score,none,real,0,6,start,vector_correlation,nearest_neighbour,-0.004813675823385818,,,,,,,8
14,gaussian_score,none,real,0,6,start,vector_correlation,px,-0.004813675823385818,,,,,,,8
14,gaussian_score,none,real,0,6,start,direction_correlation,nearest_neighbour,-0.012633283002271576,,,,,,,8
14,gaussian_score,none,real,0,6,start,direction_correlation,px,-0.012633283002271576,,,,,,,8
14,gaussian_score,translation,real,0,0,current,vector_correlation,nearest_neighbour,0.19535684516747032,1.8915209914171536,,1.755645620642895,1.2497780613449065,0.3297115098177161,0.012318557386005563,8
14,gaussian_score,translation,real,0,0,current,vector_correlation,px,0.19535684516747032,149.31535859888047,,138.587262516029,98.65384053356769,0.3297266971886483,0.012318821424677018,8
14,gaussian_score,translation,real,0,0,current,direction_correlation,nearest_neighbour,0.2024591827382182,1.9902669533451212,,2.0939349236087743,1.4560529242809481,0.31077050999141226,0.016599388920540293,8
14,gaussian_score,translation,real,0,0,current,direction_correlation,px,0.2024591827382182,157.11082004251102,,165.29163132736397,114.93678173004193,0.31078239794615,0.016599561109626224,8
14,gaussian_score,translation,real,0,1,endpoint,vector_correlation,nearest_neighbour,0.03206039789721994,1.105548675699863,1.380815493783254,0.3367009313852744,,,,8
14,gaussian_score,translation,real,0,1,endpoint,vector_correlation,px,0.03206039789721994,87.22379759122656,108.9397770043333,26.562395127036634,,,,8
14,gaussian_score,translation,real,0,1,endpoint,direction_correlation,nearest_neighbour,0.031027231328989477,1.0141035436077137,1.1887161116929996,0.27113416044870653,,,,8
14,gaussian_score,translation,real,0,1,endpoint,direction_correlation,px,0.031027231328989477,80.0096868016803,93.78488054458035,21.3897867229994,,,,8
14,gaussian_score,translation,real,0,1,start,vector_correlation,nearest_neighbour,0.03931994032818679,1.060605285069309,1.2691839950091672,0.2757014411432286,,,,8
14,gaussian_score,translation,real,0,1,start,vector_correlation,px,0.03931994032818679,83.67996640015875,100.135150329085,21.750715804135407,,,,8
14,gaussian_score,translation,real,0,1,start,direction_correlation,nearest_neighbour,0.032830661790812746,1.0317291780061861,1.2161242584732275,0.2710352634779335,,,,8
14,gaussian_score,translation,real,0,1,start,direction_correlation,px,0.032830661790812746,81.40186292463605,95.94922115277191,21.382604461486306,,,,8
14,gaussian_score,translation,real,0,2,endpoint,vector_correlation,nearest_neighbour,0.03517280083101991,2.011351262729305,3.0233069890316164,1.5338305961270189,1.460362745542699,0.06584291684985769,0.006057849840313209,8
14,gaussian_score,translation,real,0,2,endpoint,vector_correlation,px,0.03517280083101991,158.60109126604198,238.39582294143196,120.94271520284586,115.14982862937245,0.06584658290350669,0.006057827464031925,8
14,gaussian_score,translation,real,0,2,endpoint,direction_correlation,nearest_neighbour,0.03231408240609117,2.2753201072061144,3.1758957869252846,1.5702913243721541,1.6919999219287616,0.055996820238644475,0.004600146583431768,8
14,gaussian_score,translation,real,0,2,endpoint,direction_correlation,px,0.03231408240609117,179.41735317968477,250.42666456655232,123.81804630924061,133.4143057524798,0.0559996444916463,0.004599976344886037,8
14,gaussian_score,translation,real,0,2,start,vector_correlation,nearest_neighbour,0.038812983100626204,1.7452333784150869,3.0218382337836136,1.3197953868529266,1.2325082814054096,0.07524990484239394,0.004804309641287907,8
14,gaussian_score,translation,real,0,2,start,vector_correlation,px,0.038812983100626204,137.61428405207369,238.27928425080933,104.06443931009511,97.18110787258426,0.07525644154366061,0.0048042960120081,8
14,gaussian_score,translation,real,0,2,start,direction_correlation,nearest_neighbour,0.03517454116601471,2.208864650967868,3.1775630284185383,1.4199702398657315,1.5391391737464155,0.06077345444001229,0.003443122281075679,8
14,gaussian_score,translation,real,0,2,start,direction_correlation,px,0.03517454116601471,174.17576670151846,250.55736006939316,111.96357700762323,121.35912032254417,0.060777554832929126,0.003442873365182387,8
14,gaussian_score,translation,real,0,3,endpoint,vector_correlation,nearest_neighbour,0.05368211538449296,2.0460733376769173,9.96441801572739,1.3576249808317482,1.2715113688452864,0.0984296408310601,0.0027465212856306203,8
14,gaussian_score,translation,real,0,3,endpoint,vector_correlation,px,0.05368211538449296,161.30562922012038,785.5694390572868,107.026219334948,100.23621107461204,0.09843793184226586,0.002746411109160456,8
14,gaussian_score,translation,real,0,3,endpoint,direction_correlation,nearest_neighbour,0.05297591776422101,2.2853500396606674,,1.698488260177941,1.4267140511064722,0.09142793775532694,0.0035287624415787566,8
14,gaussian_score,translation,real,0,3,endpoint,direction_correlation,px,0.05297591776422101,180.17115031240462,,133.89926294310857,112.47168774929997,0.09143452742117777,0.003528668647567722,8
14,gaussian_score,translation,real,0,3,start,vector_correlation,nearest_neighbour,0.05428992805377496,1.7629837643682995,9.802858570135106,1.3331578164256936,1.223987052971244,0.10167385961926205,0.0037795937295312,8
14,gaussian_score,translation,real,0,3,start,vector_correlation,px,0.05428992805377496,138.98682882415184,772.8327064866819,105.09536355838735,96.48729253149003,0.10168583999087749,0.0037794437657394796,8
14,gaussian_score,translation,real,0,3,start,direction_correlation,nearest_neighbour,0.05581611490496689,2.2192327770327114,3.460452091383731,1.6202072037150939,1.5504161782304258,0.08876219521755559,0.001815710351822186,8
14,gaussian_score,translation,real,0,3,start,direction_correlation,px,0.05581611490496689,174.95785583605542,272.80510602520485,127.7261737990043,122.22152669324265,0.08876956140265013,0.001815665949784781,8
14,gaussian_score,translation,real,0,4,endpoint,vector_correlation,nearest_neighbour,0.019545857303006883,1.632857946454782,3.311803404215804,1.3039889082786962,1.3725272324611493,0.03178134194857904,0.0023897852975074308,8
14,gaussian_score,translation,real,0,4,endpoint,vector_correlation,px,0.019545857303006883,128.67956057663883,260.98728940038677,102.75649462580438,108.15644851964352,0.03178429187860176,0.002389898953198625,8
14,gaussian_score,translation,real,0,4,endpoint,direction_correlation,nearest_neighbour,0.029087184310866456,1.251404315550658,3.253051601565455,0.8033637752473131,0.6802825961661706,0.08047468825204358,0.0023052236435466846,8
14,gaussian_score,translation,real,0,4,endpoint,direction_correlation,px,0.029087184310866456,98.62019600262938,256.3577524045135,63.30550201512031,53.60838292116666,0.08048759247397233,0.0023054237171716003,8
14,gaussian_score,translation,real,0,4,start,vector_correlation,nearest_neighbour,0.022908865246420416,1.538769540567451,3.2610440783645043,1.0993608744527144,1.0480816648382802,0.04260137235980188,0.002225817277183758,8
14,gaussian_score,translation,real,0,4,start,vector_correlation,px,0.022908865246420416,121.26554307897395,256.98861940440025,86.63227558166076,82.59056560270012,0.04260577360689895,0.002226014554830604,8
14,gaussian_score,translation,real,0,4,start,direction_correlation,nearest_neighbour,0.034692027196708365,1.124791115855606,3.112425803952773,0.6834333947660343,0.45937151120000524,0.15745917572623075,0.003919965176069496,8
14,gaussian_score,translation,real,0,4,start,direction_correlation,px,0.034692027196708365,88.64236881000838,245.27769132309865,53.85546327890288,36.19576288837424,0.15752339410218869,0.003920196952621228,8
14,gaussian_score,translation,real,0,5,endpoint,vector_correlation,nearest_neighbour,0.00666207745659854,4.678657177025825,8.986135198901549,4.73141304104869,3.5658570238147584,0.012867647457523597,0.00305044551701508,8
14,gaussian_score,translation,real,0,5,endpoint,vector_correlation,px,0.00666207745659854,368.7092722048461,708.1718723317573,372.85619993662357,281.000646397707,0.012868057374197401,0.0030503918783245155,8
14,gaussian_score,translation,real,0,5,endpoint,direction_correlation,nearest_neighbour,0.0064058024015364165,5.04182405345231,,6.765241501408755,4.064304938426404,0.015909632607455548,0.004095117185844216,8
14,gaussian_score,translation,real,0,5,endpoint,direction_correlation,px,0.0064058024015364165,397.3309383176431,,533.1332652330462,320.28202384944143,0.01591006038879699,0.004095048974126419,8
14,gaussian_score,translation,real,0,5,start,vector_correlation,nearest_neighbour,0.006912439350440116,4.752027747818369,8.100472184006021,4.424798441486445,3.4725911337087405,0.01307764843628543,0.0030297574140468954,8
14,gaussian_score,translation,real,0,5,start,vector_correlation,px,0.006912439350440116,374.4922990628015,638.3759811795184,348.68877746917946,273.6457838138807,0.01307827518477499,0.0030296805773449937,8
14,gaussian_score,translation,real,0,5,start,direction_correlation,nearest_neighbour,0.008510044532685118,4.980895727096996,6.800962171647144,5.104049493883202,4.385228985245513,0.016056099678560008,0.0036121120324593818,8
14,gaussian_score,translation,real,0,5,start,direction_correlation,px,0.008510044532685118,392.5297640691186,535.9644825487992,402.2180290804433,345.5649928387442,0.016056680477418823,0.0036120243888271707,8
14,gaussian_score,translation,real,0,6,endpoint,vector_correlation,nearest_neighbour,0.016654357495886275,2.429460846866522,,2.7662895881884006,2.4057113403440247,0.025086123951785447,0.0030743800307510686,8
14,gaussian_score,translation,real,0,6,endpoint,vector_correlation,px,0.016654357495886275,191.42440394383343,,217.95511509119194,189.53877775593668,0.025087754171250348,0.0030743184801414855,8
14,gaussian_score,translation,real,0,6,endpoint,direction_correlation,nearest_neighbour,0.02016357077841372,2.452706081753652,,2.814418628928339,2.715879429542286,0.02755579407584071,0.0038951736120156903,8
14,gaussian_score,translation,real,0,6,endpoint,direction_correlation,px,0.02016357077841372,193.2559754311352,,221.74793584120243,213.98016439416622,0.027557098331472123,0.0038951317988615065,8
14,gaussian_score,translation,real,0,6,start,vector_correlation,nearest_neighbour,0.018883783436764775,2.398014298543478,,2.386337556160592,2.0625461473268083,0.02785462228148956,0.0018184264289300713,8
14,gaussian_score,translation,real,0,6,start,vector_correlation,px,0.018883783436764775,188.94473418568157,,188.01378229852173,162.49561577000364,0.027857410028654456,0.0018183240972596978,8
14,gaussian_score,translation,real,0,6,start,direction_correlation,nearest_neighbour,0.023202979847320646,2.4086987179160935,,2.408595299712601,2.459597430439765,0.029375079937376487,0.003975493984853475,8
14,gaussian_score,translation,real,0,6,start,direction_correlation,px,0.023202979847320646,189.78660348315205,,189.76998980542206,193.78681387426838,0.029376674650947822,0.003975523646263024,8
14,raw,affine,real,0,0,current,vector_correlation,nearest_neighbour,0.13043416821010154,1.5740845030708692,8.227987178346634,0.9554373304599854,0.8546167150753193,0.29524674611247576,0.004106774911891703,8
14,raw,affine,real,0,0,current,vector_correlation,px,0.13043416821010154,124.25717161277879,649.5107962224648,75.41950173473327,67.46025734992752,0.2952701406989952,0.004107126418694913,8
14,raw,affine,real,0,0,current,direction_correlation,nearest_neighbour,0.1777398003928716,1.8847045616737328,,1.5313522396917765,1.1485060467203068,0.31515654872552623,0.01030689730295661,8
14,raw,affine,real,0,0,current,direction_correlation,px,0.1777398003928716,148.7772382118735,,120.88171263898121,90.65963935627038,0.31517262917573996,0.010307138502495048,8
14,raw,affine,real,0,1,endpoint,vector_correlation,nearest_neighbour,0.029643387072113867,1.2517649950611291,1.6341626312595545,0.462197180067088,,,,8
14,raw,affine,real,0,1,endpoint,vector_correlation,px,0.029643387072113867,98.75880993118261,128.92668481123792,36.46288193360371,,,,8
14,raw,affine,real,0,1,endpoint,direction_correlation,nearest_neighbour,0.04154722922832024,1.1632076342739976,1.6239467015129496,0.3959468214254589,,,,8
14,raw,affine,real,0,1,endpoint,direction_correlation,px,0.04154722922832024,91.77251555627369,128.12073591423763,31.23634481754378,,,,8
14,raw,affine,real,0,1,start,vector_correlation,nearest_neighbour,0.03679681688731318,1.0959490738887288,1.5060860711184167,0.32408720758414494,,,,8
14,raw,affine,real,0,1,start,vector_correlation,px,0.03679681688731318,86.46832038332036,118.82341091624346,25.567833523879383,,,,8
14,raw,affine,real,0,1,start,direction_correlation,nearest_neighbour,0.04249769579839859,1.1699282745975519,1.667163828980577,0.4010331772781163,,,,8
14,raw,affine,real,0,1,start,direction_correlation,px,0.04249769579839859,92.30471217542554,131.53019324235132,31.638044786118904,,,,8
14,raw,affine,real,0,2,endpoint,vector_correlation,nearest_neighbour,0.02135579527520995,1.83420929727744,2.5720443595624403,1.268146850340117,1.210146177890477,0.04492465892409832,0.004432931874638887,8
14,raw,affine,real,0,2,endpoint,vector_correlation,px,0.02135579527520995,144.6318913930341,202.8160864114785,99.99293397095892,95.41994760936358,0.044927812795903375,0.004432899715599199,8
14,raw,affine,real,0,2,endpoint,direction_correlation,nearest_neighbour,0.03521631677130962,2.2065236748739907,3.0951807581541946,1.3736025430981857,1.6198390844617714,0.06217109724736412,0.0064668522992898415,8
14,raw,affine,real,0,2,endpoint,direction_correlation,px,0.03521631677130962,173.9921502282224,244.06269983705292,108.30843810590287,127.72390053821631,0.06217452098619904,0.006466656644348583,8
14,raw,affine,real,0,2,start,vector_correlation,nearest_neighbour,0.021725554679473253,1.700024714133199,2.587642682331948,1.124995890515272,1.0606854984637175,0.047895324216541815,0.003978096957129162,8
14,raw,affine,real,0,2,start,vector_correlation,px,0.021725554679473253,134.04988987807923,204.04526317976942,88.70368101711502,83.62413142297267,0.04790495421280193,0.003978064201838268,8
14,raw,affine,real,0,2,start,direction_correlation,nearest_neighbour,0.03716224034837397,2.142537680019093,3.111413026589406,1.292126462015998,1.4949649413310968,0.06659210024106833,0.005736868740875416,8
14,raw,affine,real,0,2,start,direction_correlation,px,0.03716224034837397,168.94523649959106,245.34178255162132,101.8822756993532,117.86880974770025,0.06659967436702666,0.0057366142895921785,8
14,raw,affine,real,0,3,endpoint,vector_correlation,nearest_neighbour,0.04457847736284045,1.6602099158239385,3.451552395174282,0.9916554326617968,1.0387529448872883,0.09025233247785698,0.0023936978868666784,8
14,raw,affine,real,0,3,endpoint,vector_correlation,px,0.04457847736284045,130.88438035198942,272.1050742820077,78.17459881693767,81.8868122303294,0.0902620401998592,0.0023938730472757527,8
14,raw,affine,real,0,3,endpoint,direction_correlation,nearest_neighbour,0.042486381956080004,2.3996180761184958,3.33348801839178,1.6811593934569617,1.826618261431552,0.06865236101219295,0.003444827126438957,8
14,raw,affine,real,0,3,endpoint,direction_correlation,px,0.042486381956080004,189.18049403077245,262.79821815180094,132.53211579638378,143.98829262309306,0.06865902773610816,0.0034446004423146267,8
14,raw,affine,real,0,3,start,vector_correlation,nearest_neighbour,0.04637673604750855,1.5462183644836291,3.362092187418817,0.9539946355281692,0.914170031257993,0.10300587824439078,0.005475975701538702,8
14,raw,affine,real,0,3,start,vector_correlation,px,0.04637673604750855,121.89889554092215,265.0515485726031,75.2036195201544,72.06304556733733,0.10302377052241021,0.005476030796617329,8
14,raw,affine,real,0,3,start,direction_correlation,nearest_neighbour,0.04612932567141972,2.340674801684995,3.2977460123901294,1.5613378874408586,1.6932966092305168,0.07388954065453812,0.0023169267993286757,8
14,raw,affine,real,0,3,start,direction_correlation,px,0.04612932567141972,184.53244852935904,259.9792401946073,123.0842250537568,133.4857455821906,0.07389497326069985,0.002316582166828166,8
14,raw,affine,real,0,4,endpoint,vector_correlation,nearest_neighbour,0.012716812965802871,1.546104271410701,3.8453354965251343,1.4037272008326538,1.2161507256468012,0.022839254937233044,0.0026103326570546897,8
14,raw,affine,real,0,4,endpoint,vector_correlation,px,0.012716812965802871,121.84317324311752,303.032837516693,110.6156460232041,95.83277349792628,0.022841869969410195,0.0026103730912444625,8
14,raw,affine,real,0,4,endpoint,direction_correlation,nearest_neighbour,0.01930573105617338,1.1743651821071044,2.990774803018176,0.8136501687327629,0.7083925049593879,0.04991255163369665,0.002601984548980574,8
14,raw,affine,real,0,4,endpoint,direction_correlation,px,0.01930573105617338,92.54981818210007,235.6908096511134,64.11656026133085,55.81881483115618,0.049925192017612155,0.002602134252891012,8
14,raw,affine,real,0,4,start,vector_correlation,nearest_neighbour,0.013360353254432569,1.602307632156912,3.9100665774440984,1.322327848527627,1.1956380495056078,0.023240432629073337,0.0011491274719950873,8
14,raw,affine,real,0,4,start,vector_correlation,px,0.013360353254432569,126.27285484404688,308.13561206871094,104.20304447150978,94.21874335858348,0.023242464971653387,0.001149188960313457,8
14,raw,affine,real,0,4,start,direction_correlation,nearest_neighbour,0.02337516208132873,1.1082490246224648,2.910701067006047,0.6836310416356353,0.45309027416819614,0.10798731464814199,0.0034788753917438867,8
14,raw,affine,real,0,4,start,direction_correlation,px,0.02337516208132873,87.33892064718519,229.3820425816939,53.87119492996423,35.702510829940714,0.10802340675668447,0.00347905027545757,8
14,raw,affine,real,0,5,endpoint,vector_correlation,nearest_neighbour,0.005008898458181614,3.6835923422012797,9.971510793090431,3.1494229927234616,2.7798157557040595,0.007425274946348164,0.000651467476394329,8
14,raw,affine,real,0,5,endpoint,vector_correlation,px,0.005008898458181614,290.2868848352237,785.8274077875104,248.18969891893926,219.0593740716717,0.007425524710279369,0.0006514382182536023,8
14,raw,affine,real,0,5,endpoint,direction_correlation,nearest_neighbour,0.013235520257156706,4.651845052270905,6.976789462176387,3.969854092116207,3.804775171671924,0.022061286439632823,0.0033110273118790333,8
14,raw,affine,real,0,5,endpoint,direction_correlation,px,0.013235520257156706,366.5961728768975,549.8193403202417,312.8423108996903,299.83061843857814,0.022061837401154603,0.003310935037662088,8
14,raw,affine,real,0,5,start,vector_correlation,nearest_neighbour,0.0031198913940965827,2.507876806820385,,5.00508738786485,3.2814560269634288,0.006805732750253127,0.0016678070343103576,8
14,raw,affine,real,0,5,start,vector_correlation,px,0.0031198913940965827,197.63852254601272,,394.41997825445367,258.5826122736481,0.006806101353290221,0.0016677677999553393,8
14,raw,affine,real,0,5,start,direction_correlation,nearest_neighbour,0.015123586205000346,4.574841976386642,6.8559865576398815,3.5075209606835522,3.6105976249265463,0.022900018744171816,0.002631927443053429,8
14,raw,affine,real,0,5,start,direction_correlation,px,0.015123586205000346,360.52799456773596,540.3008010040419,276.40449104691174,284.52391068593477,0.022900906018613172,0.0026317871541809193,8
14,raw,affine,real,0,6,endpoint,vector_correlation,nearest_neighbour,0.010614176572521008,2.3924359541143687,2.957482514010856,2.205148607623925,2.598863111277936,0.016784123399104952,0.0033357645019043967,8
14,raw,affine,real,0,6,endpoint,vector_correlation,px,0.010614176572521008,188.50708612732063,233.02578888044965,173.74017295307846,204.75402715984333,0.016785262302113343,0.003335681252086872,8
14,raw,affine,real,0,6,endpoint,direction_correlation,nearest_neighbour,0.022793361685230627,2.3893556752712226,,2.0371507932810924,2.0706538754728068,0.032415105189097286,0.004303152114196506,8
14,raw,affine,real,0,6,endpoint,direction_correlation,px,0.022793361685230627,188.26438043174733,,160.50542450560204,163.14248641599687,0.032417243119411104,0.004303139284794794,8
14,raw,affine,real,0,6,start,vector_correlation,nearest_neighbour,0.014957892804296448,2.247360276998203,3.1101514726075856,1.4208815391586722,1.5799908419170408,0.022946844948134124,0.0007154175082098457,8
14,raw,affine,real,0,6,start,vector_correlation,px,0.014957892804296448,177.07408489195467,245.0531206974111,111.94336869108103,124.47509231691666,0.02295009968573589,0.0007154882918184219,8
14,raw,affine,real,0,6,start,direction_correlation,nearest_neighbour,0.02398861096698591,2.3875895772448357,,1.907133020941033,1.959308000602591,0.0332036940506376,0.0037285866456608125,8
14,raw,affine,real,0,6,start,direction_correlation,px,0.02398861096698591,188.12332756638443,,150.2580511653564,154.36688213600843,0.033206433618334134,0.0037286221731317793,8
14,raw,none,real,0,0,current,vector_correlation,nearest_neighbour,0.2897721633743132,,,5.716212466112038,17.51507112543565,0.2410367710432221,0.02795392021598985,8
14,raw,none,real,0,0,current,vector_correlation,px,0.2897721633743132,,,451.23209540884625,1382.6307508103343,0.24103664823318932,0.027954133954760648,8
14,raw,none,real,0,0,current,direction_correlation,nearest_neighbour,0.3807087483161059,,,6.309288453953839,22.369299241419615,0.3283778099411536,0.0305448858416122,8
14,raw,none,real,0,0,current,direction_correlation,px,0.3807087483161059,,,498.049062831918,1765.8207526116719,0.32837767713389343,0.03054512519981848,8
14,raw,none,real,0,1,endpoint,vector_correlation,nearest_neighbour,-0.06851527873629967,,,,,,,8
14,raw,none,real,0,1,endpoint,vector_correlation,px,-0.06851527873629967,,,,,,,8
14,raw,none,real,0,1,endpoint,direction_correlation,nearest_neighbour,-0.10302331693361852,,,,,,,8
14,raw,none,real,0,1,endpoint,direction_correlation,px,-0.10302331693361852,,,,,,,8
14,raw,none,real,0,1,start,vector_correlation,nearest_neighbour,-0.06330379489232871,,,,,,,8
14,raw,none,real,0,1,start,vector_correlation,px,-0.06330379489232871,,,,,,,8
14,raw,none,real,0,1,start,direction_correlation,nearest_neighbour,-0.10222963698158158,,,,,,,8
14,raw,none,real,0,1,start,direction_correlation,px,-0.10222963698158158,,,,,,,8
14,raw,none,real,0,2,endpoint,vector_correlation,nearest_neighbour,0.013913550783160342,1.80496601182572,2.2976285510947756,1.3434966572683573,2.296893984212154,0.023289001235137413,0.005922559410051106,8
14,raw,none,real,0,2,endpoint,vector_correlation,px,0.013913550783160342,142.32580148160935,181.17656992282951,105.93316111320179,181.10996098361124,0.023289769993026878,0.005922604147767567,8
14,raw,none,real,0,2,endpoint,direction_correlation,nearest_neighbour,0.022689968413209617,1.8349190089052725,2.507788679612527,1.168809158168234,1.8970437382387826,0.03747063010857505,0.006017925000081751,8
14,raw,none,real,0,2,endpoint,direction_correlation,px,0.022689968413209617,144.6878583885233,197.74954196315178,92.15956403887499,149.5857782351156,0.03747160981046912,0.006018001996920135,8
14,raw,none,real,0,2,start,vector_correlation,nearest_neighbour,0.0137693919701419,1.9475947124427844,2.322251550409014,1.2500810988596114,2.5111616450063527,0.020405876906859164,0.0029504133777223367,8
14,raw,none,real,0,2,start,vector_correlation,px,0.0137693919701419,153.57207736122604,183.11743241527236,98.56624378636477,197.99767490645513,0.020406815136694522,0.0029504444976375236,8
14,raw,none,real,0,2,start,direction_correlation,nearest_neighbour,0.023305721982817326,1.8778287920782863,2.485367932265546,1.1108402825476558,1.8130388219778402,0.03769437773517435,0.004359613900533796,8
14,raw,none,real,0,2,start,direction_correlation,px,0.023305721982817326,148.07035237195143,195.9807540704801,87.58721453429327,142.95162094143137,0.03769697357659637,0.004359678622936629,8
14,raw,none,real,0,3,endpoint,vector_correlation,nearest_neighbour,0.05915537465511029,3.0836848945398283,,3.6760976866670037,4.3816921481339985,0.058772011687071066,0.008460319272491553,8
14,raw,none,real,0,3,endpoint,vector_correlation,px,0.05915537465511029,243.10657366153077,,289.80911777493,345.40221909315824,0.058774825962992806,0.008460531469165294,8
14,raw,none,real,0,3,endpoint,direction_correlation,nearest_neighbour,0.0527646505574819,,,5.368320683527152,7.91806975996409,0.05612821147785549,0.007616558006860021,8
14,raw,none,real,0,3,endpoint,direction_correlation,px,0.0527646505574819,,,423.21835567152584,624.2382510836711,0.056128230090601666,0.007616683714784038,8
14,raw,none,real,0,3,start,vector_correlation,nearest_neighbour,0.06302023740800748,2.9783153980977786,,3.4152072368627473,3.86744164837773,0.06196353932127428,0.010029651312834228,8
14,raw,none,real,0,3,start,vector_correlation,px,0.06302023740800748,234.79902427126638,,269.2397633717308,304.78530889739034,0.06197394411201891,0.010029941101272548,8
14,raw,none,real,0,3,start,direction_correlation,nearest_neighbour,0.056212960803336307,,,5.023083273678691,7.680713430141437,0.056700895064052195,0.0075161510723833055,8
14,raw,none,real,0,3,start,direction_correlation,px,0.056212960803336307,,,395.99946913749255,605.5266359052581,0.05670088562046428,0.007516324831506168,8
14,raw,none,real,0,4,endpoint,vector_correlation,nearest_neighbour,0.0007027821550326575,0.7995166561732032,0.8522869107503044,0.27536085684542655,,,,8
14,raw,none,real,0,4,endpoint,vector_correlation,px,0.0007027821550326575,63.01324272782793,67.17132925671172,21.697342160022625,,,,8
14,raw,none,real,0,4,endpoint,direction_correlation,nearest_neighbour,0.012669858779028818,1.0483636738368878,1.2459570962681532,0.27536085684542655,,,,8
14,raw,none,real,0,4,endpoint,direction_correlation,px,0.012669858779028818,82.62139963729403,98.19097675212592,21.697342160022625,,,,8
14,raw,none,real,0,4,start,vector_correlation,nearest_neighbour,0.0005965056027750741,0.7561335288840834,0.7863179735007763,0.2779856108156278,,,,8
14,raw,none,real,0,4,start,vector_correlation,px,0.0005965056027750741,59.59368036569974,61.9720893786208,21.904112884045357,,,,8
14,raw,none,real,0,4,start,direction_correlation,nearest_neighbour,0.016804148952351734,0.9898826864856669,1.1561036960768085,0.2779856108156278,,,,8
14,raw,none,real,0,4,start,direction_correlation,px,0.016804148952351734,78.01214425537009,91.1096702283931,21.904112884045357,,,,8
14,raw,none,real,0,5,endpoint,vector_correlation,nearest_neighbour,0.012882514218522458,,,9.63964734916196,69.0403564237729,0.014310629882943272,0.0011315804631040558,8
14,raw,none,real,0,5,endpoint,vector_correlation,px,0.012882514218522458,,,759.6671202346794,5440.757829586961,0.014310646259275297,0.001131575205508414,8
14,raw,none,real,0,5,endpoint,direction_correlation,nearest_neighbour,0.021841137468272594,,,7.011741181162518,17.78442652104099,0.022264149781829248,0.0022256675450500417,8
14,raw,none,real,0,5,endpoint,direction_correlation,px,0.021841137468272594,,,552.5688028408613,1401.5290352158854,0.022264180788210512,0.0022256612121256294,8
14,raw,none,real,0,5,start,vector_correlation,nearest_neighbour,0.011840078772745358,,,10.36757576034028,99.07171805877074,0.013851800610735742,0.0016000506546256386,8
14,raw,none,real,0,5,start,vector_correlation,px,0.011840078772745358,,,817.0308100819448,7807.0741272428295,0.01385183564829249,0.001600044734353821,8
14,raw,none,real,0,5,start,direction_correlation,nearest_neighbour,0.020997834994788238,,,7.298190740486162,18.099192397150727,0.022120279768432016,0.0023734613399062168,8
14,raw,none,real,0,5,start,direction_correlation,px,0.020997834994788238,,,575.1402630138728,1426.3269032216654,0.022120346678624905,0.002373444202994476,8
14,raw,none,real,0,6,endpoint,vector_correlation,nearest_neighbour,-0.006731189389291272,,,,,,,8
14,raw,none,real,0,6,endpoint,vector_correlation,px,-0.006731189389291272,,,,,,,8
14,raw,none,real,0,6,endpoint,direction_correlation,nearest_neighbour,-0.015598133098649016,,,,,,,8
14,raw,none,real,0,6,endpoint,direction_correlation,px,-0.015598133098649016,,,,,,,8
14,raw,none,real,0,6,start,vector_correlation,nearest_neighbour,-0.003942312750284557,,,,,,,8
14,raw,none,real,0,6,start,vector_correlation,px,-0.003942312750284557,,,,,,,8
14,raw,none,real,0,6,start,direction_correlation,nearest_neighbour,-0.013250493574555898,,,,,,,8
14,raw,none,real,0,6,start,direction_correlation,px,-0.013250493574555898,,,,,,,8
14,raw,translation,real,0,0,current,vector_correlation,nearest_neighbour,0.1501214725003941,1.78812893052195,,1.6102237182155656,1.1522522998947697,0.26806345150302874,0.008355577967293804,8
14,raw,translation,real,0,0,current,vector_correlation,px,0.1501214725003941,141.15311268472342,,127.10776788473663,90.9552634160099,0.2680772948982681,0.008355856130077003,8
14,raw,translation,real,0,0,current,direction_correlation,nearest_neighbour,0.19868360736721055,2.011498984672084,,2.0598762128332972,1.4542687494742366,0.3036038308049118,0.01616457877187432,8
14,raw,translation,real,0,0,current,direction_correlation,px,0.19868360736721055,158.78697447300846,,162.60306994696242,114.79598852567813,0.303615367361397,0.01616474920222608,8
14,raw,translation,real,0,1,endpoint,vector_correlation,nearest_neighbour,0.02181099890972028,1.0954480548086047,1.3651769117891623,0.32447834141479204,,,,8
14,raw,translation,real,0,1,endpoint,vector_correlation,px,0.02181099890972028,86.42695913208021,107.70602753449425,25.59814645812502,,,,8
14,raw,translation,real,0,1,endpoint,direction_correlation,nearest_neighbour,0.03080348099672923,1.0632883469942294,1.2763635249895107,0.28085305247094927,,,,8
14,raw,translation,real,0,1,endpoint,direction_correlation,px,0.03080348099672923,83.88987826375634,100.69941600666654,22.156516910167202,,,,8
14,raw,translation,real,0,1,start,vector_correlation,nearest_neighbour,0.028871996678266038,1.014834561990944,1.1893973694656133,0.2710352634779335,,,,8
14,raw,translation,real,0,1,start,vector_correlation,px,0.028871996678266038,80.06900723956014,93.84067450536347,21.382604461486306,,,,8
14,raw,translation,real,0,1,start,direction_correlation,nearest_neighbour,0.03196838399887303,1.080371570046586,1.3236699203635087,0.30391489319748055,,,,8
14,raw,translation,real,0,1,start,direction_correlation,px,0.03196838399887303,85.23937475137699,104.43332782114219,23.976454398210112,,,,8
14,raw,translation,real,0,2,endpoint,vector_correlation,nearest_neighbour,0.019914611656660235,1.7592749538708135,2.621541574887031,1.3811010670122377,1.2285369114108065,0.04234126928189734,0.004790547523195212,8
14,raw,translation,real,0,2,endpoint,vector_correlation,px,0.019914611656660235,138.7227754271201,206.71868717034678,108.89946132532232,96.87010358697968,0.04234416181712987,0.00479053416955433,8
14,raw,translation,real,0,2,endpoint,direction_correlation,nearest_neighbour,0.02889509874602786,2.3622377018807743,3.2797736978638024,1.7250929102639536,1.8845079872072157,0.050231759519816836,0.0051081016715775205,8
14,raw,translation,real,0,2,endpoint,direction_correlation,px,0.02889509874602786,186.27156894608564,258.61690337897517,136.02410849624866,148.5831285207631,0.050236278901623126,0.005107951061983576,8
14,raw,translation,real,0,2,start,vector_correlation,nearest_neighbour,0.020373609381744828,1.7052016879339904,2.6086838517318744,1.2391789874468493,1.089585141406411,0.044427815641280656,0.0039410864681544465,8
14,raw,translation,real,0,2,start,vector_correlation,px,0.020373609381744828,134.45805887726496,205.70424801779484,97.70730869431242,85.90250372317205,0.044436579256820194,0.0039410581255570195,8
14,raw,translation,real,0,2,start,direction_correlation,nearest_neighbour,0.03095744181263917,2.328279249911404,3.277812691828867,1.587690550097821,1.7702395206276147,0.05277286018821388,0.004154676020925884,8
14,raw,translation,real,0,2,start,direction_correlation,px,0.03095744181263917,183.59277545965386,258.461515416171,125.18814703322893,139.58162096960262,0.05277586569228141,0.004154453987008917,8
14,raw,translation,real,0,3,endpoint,vector_correlation,nearest_neighbour,0.047732762992541596,1.6428645234222843,,1.0569749601417733,0.9909309572874901,0.09956846928197363,0.002096452984687009,8
14,raw,translation,real,0,3,endpoint,vector_correlation,px,0.047732762992541596,129.5170823314514,,83.3243516507264,78.1161048737427,0.0995806965246517,0.0020966201905508355,8
14,raw,translation,real,0,3,endpoint,direction_correlation,nearest_neighbour,0.0539137763042994,2.192700824610383,3.5039694632063316,1.5594052497849555,1.5056756203439032,0.0869828956972893,0.001540837430139433,8
14,raw,translation,real,0,3,endpoint,direction_correlation,px,0.0539137763042994,172.86631993726255,276.2370413006474,122.93459025770093,118.69145694475004,0.08699151939487382,0.0015407947933494157,8
14,raw,translation,real,0,3,start,vector_correlation,nearest_neighbour,0.049412653880430556,1.538663912236921,3.451570704156609,1.0164013269519039,0.9084185472365824,0.10953357199183851,0.005038303459084054,8
14,raw,translation,real,0,3,start,vector_correlation,px,0.049412653880430556,121.30336702921421,272.10500015534905,80.12376301197138,71.60877095292764,0.10955408123662898,0.005038392033944978,8
14,raw,translation,real,0,3,start,direction_correlation,nearest_neighbour,0.05569619223138227,2.1413746396992703,3.424099027261173,1.531812220681521,1.4577701690248526,0.09058808013657654,0.001586690385466616,8
14,raw,translation,real,0,3,start,direction_correlation,px,0.05569619223138227,168.81945395284066,269.9394508152027,120.75746420325054,114.91146075150611,0.09060007957009555,0.0015867644356103287,8
14,raw,translation,real,0,4,endpoint,vector_correlation,nearest_neighbour,0.013016965212215787,1.5545676124544472,3.871237000000686,1.4692611101281419,1.2740561817733123,0.022450941092592082,0.002427828244810306,8
14,raw,translation,real,0,4,endpoint,vector_correlation,px,0.013016965212215787,122.51010380809171,305.07416236932227,115.78038233297455,100.39629132448259,0.02245328784954208,0.0024278770756498624,8
14,raw,translation,real,0,4,endpoint,direction_correlation,nearest_neighbour,0.029094339722615888,1.217677595395954,3.26599099028734,0.859432870069465,0.6582989654215775,0.0829213937064417,0.0026378846538498584,8
14,raw,translation,real,0,4,endpoint,direction_correlation,px,0.029094339722615888,95.96266437117194,257.37735309912466,67.72442031553749,51.87657243085365,0.082934022412813,0.0026380789197100515,8
14,raw,translation,real,0,4,start,vector_correlation,nearest_neighbour,0.012900317357276427,1.676563479838964,3.8747614912300614,1.4508826523679976,1.365792844059218,0.02088804469154017,0.0011382312223395363,8
14,raw,translation,real,0,4,start,vector_correlation,px,0.012900317357276427,132.12481184216162,305.35317805877173,114.3338722891393,107.62800293426115,0.02088953744911746,0.0011382862554261543,8
14,raw,translation,real,0,4,start,direction_correlation,nearest_neighbour,0.03262884297603476,1.129245011869451,3.1201267767544634,0.7834164818809065,0.5218546771039989,0.12204737584869377,0.004108925756061524,8
14,raw,translation,real,0,4,start,direction_correlation,px,0.03262884297603476,88.99331733851247,245.8845180339701,61.73486657121466,41.11937692231178,0.12208988912307107,0.004109177767343226,8
14,raw,translation,real,0,5,endpoint,vector_correlation,nearest_neighbour,0.0009196469763658437,9.02891809006502,9.866755559514338,17.091883863229967,4.79646570017259,0.004864431555685991,0.0019291942952742224,8
14,raw,translation,real,0,5,endpoint,vector_correlation,px,0.0009196469763658437,711.5435088338562,777.5718514259383,1346.9311189559223,377.97245488466297,0.004864578097134305,0.0019291778830868318,8
14,raw,translation,real,0,5,endpoint,direction_correlation,nearest_neighbour,0.003772234705191551,4.894247335955769,5.545431920667616,9.814116989874604,5.41956955511482,0.013047779142930843,0.004955109702808051,8
14,raw,translation,real,0,5,endpoint,direction_correlation,px,0.003772234705191551,385.70022029685026,437.0187203406947,773.3965044316266,427.0714155420216,0.013048144876041789,0.004955063926749373,8
14,raw,translation,real,0,5,start,vector_correlation,nearest_neighbour,-0.00020521774835069806,,,,1.251818974919858,0.021750692345779792,0.0009363522700436798,8
14,raw,translation,real,0,5,start,vector_correlation,px,-0.00020521774835069806,,,,98.66028269983322,0.021748538898710406,0.0009363288302388777,8
14,raw,translation,real,0,5,start,direction_correlation,nearest_neighbour,0.00441811943520125,4.931739667706394,5.638135217409944,8.482280270966074,5.462366771746086,0.013012934306720235,0.004585866578974438,8
14,raw,translation,real,0,5,start,direction_correlation,px,0.00441811943520125,388.65569350712434,444.32533218049116,668.4334587366423,430.43106169118334,0.01301347461818145,0.004585798556367824,8
14,raw,translation,real,0,6,endpoint,vector_correlation,nearest_neighbour,0.014352371794904284,2.368369456093548,3.464825152516018,2.45368806863633,2.68892527684444,0.020088167964166116,0.0027391645552441697,8
14,raw,translation,real,0,6,endpoint,vector_correlation,px,0.014352371794904284,186.61080451140353,272.9971784587212,193.32482849536768,211.85463860715296,0.020089229149427387,0.002739119371217948,8
14,raw,translation,real,0,6,endpoint,direction_correlation,nearest_neighbour,0.022503564447776056,2.4824075005883417,,3.0352539866515573,2.9849052536074554,0.028647191176496636,0.0037458157839869383,8
14,raw,translation,real,0,6,endpoint,direction_correlation,px,0.022503564447776056,195.5962517128838,,239.14869414825026,235.17811413789045,0.028648291261045074,0.0037458140093361426,8
14,raw,translation,real,0,6,start,vector_correlation,nearest_neighbour,0.018205171463171858,2.1867641936490574,3.4166310505526285,1.8689236890760612,1.7059042995956428,0.0263380187475115,0.0013962595425380587,8
14,raw,translation,real,0,6,start,vector_correlation,px,0.018205171463171858,172.29947053627365,269.1998698677168,147.2466172961736,134.39317830265526,0.02634165634228671,0.0013963944174203516,8
14,raw,translation,real,0,6,start,direction_correlation,nearest_neighbour,0.02443009489796997,2.441287770488979,,2.7731193571081314,2.8248286365967967,0.029395659986694345,0.0036846977091139423,8
14,raw,translation,real,0,6,start,direction_correlation,px,0.02443009489796997,192.35442882189545,,218.4920061192065,222.457234225278,0.029404523753560778,0.0036847576385081893,8
15,gaussian_score,affine,real,0,0,current,vector_correlation,nearest_neighbour,0.16024540338354434,1.5328670347591715,9.229977685389276,0.9765586924243558,0.7910359260417998,0.39231550574802637,0.004082277962957335,8
15,gaussian_score,affine,real,0,0,current,vector_correlation,px,0.16024540338354434,117.48450139584628,707.4366749507177,74.87943829793292,60.6654099889152,0.39182984312116526,0.004083508221246976,8
15,gaussian_score,affine,real,0,0,current,direction_correlation,nearest_neighbour,0.18832949167195523,1.490232877934618,,1.0946195058232993,0.7659419950535783,0.4709807108579963,0.005842936135137917,8
15,gaussian_score,affine,real,0,0,current,direction_correlation,px,0.18832949167195523,114.2153581650523,,83.92716222040089,58.74203504488052,0.4703697408702574,0.005841560038628715,8
15,gaussian_score,affine,real,0,1,endpoint,vector_correlation,nearest_neighbour,0.04484129410355348,1.3916914454922884,1.9041300118239133,0.5639350271715745,0.5793478718205622,0.15332159500833342,0.003896530720307926,8
15,gaussian_score,affine,real,0,1,endpoint,vector_correlation,px,0.04484129410355348,106.79263534656431,146.1282049242407,43.30470549116168,44.4898953755038,0.15304658556687764,0.00389763581385031,8
15,gaussian_score,affine,real,0,1,endpoint,direction_correlation,nearest_neighbour,0.04425890723752796,1.424038806659416,1.920697253243176,0.6001716574443715,0.6256577115908409,0.1383765559602514,0.0035098576805077174,8
15,gaussian_score,affine,real,0,1,endpoint,direction_correlation,px,0.04425890723752796,109.27591689625487,147.39959781374966,46.086361629816324,48.045314129959394,0.13814989835794492,0.0035109831467648213,8
15,gaussian_score,affine,real,0,1,start,vector_correlation,nearest_neighbour,0.04955106913962261,1.2938000483631735,1.71817482609389,0.4895032511131976,,,,8
15,gaussian_score,affine,real,0,1,start,vector_correlation,px,0.04955106913962261,99.28134182112939,131.85870650460902,37.58835159014824,,,,8
15,gaussian_score,affine,real,0,1,start,direction_correlation,nearest_neighbour,0.05049584127408932,1.2996063661051822,1.7995082690487232,0.49901546169643846,0.49313383642978476,0.2122124622866446,0.003683181942241119,8
15,gaussian_score,affine,real,0,1,start,direction_correlation,px,0.05049584127408932,99.72706701611163,138.1012701506087,38.31841582588575,37.86777228944429,0.2118121890005861,0.0036842619863464853,8
15,gaussian_score,affine,real,0,2,endpoint,vector_correlation,nearest_neighbour,0.06444421951899136,2.166228936828448,4.957171658290497,1.599181385410764,1.4596333044767607,0.1101517538296294,0.00433683521936745,8
15,gaussian_score,affine,real,0,2,endpoint,vector_correlation,px,0.06444421951899136,166.53163417463173,381.08989662880333,122.96906782719458,112.24967228365088,0.1101016569888851,0.004339011621111973,8
15,gaussian_score,affine,real,0,2,endpoint,direction_correlation,nearest_neighbour,0.05851299704953398,2.2186938117556427,4.806498555140674,1.7895973972290409,1.6201760472011812,0.09548935183876026,0.004318937853206511,8
15,gaussian_score,affine,real,0,2,endpoint,direction_correlation,px,0.05851299704953398,170.56470224954114,369.5059983483846,137.6082226376176,124.59429010201542,0.09545097846783875,0.00432052409992807,8
15,gaussian_score,affine,real,0,2,start,vector_correlation,nearest_neighbour,0.06479440803349698,2.17711992730245,,1.5716560877922685,1.4149835332870446,0.11327733906456781,0.00415169885256566,8
15,gaussian_score,affine,real,0,2,start,vector_correlation,px,0.06479440803349698,167.3710220397184,,120.85052420153892,108.80936175573014,0.11323451081097348,0.0041542014517997996,8
15,gaussian_score,affine,real,0,2,start,direction_correlation,nearest_neighbour,0.05645598185149987,2.2689872406081073,4.821363109686492,1.8461293364775202,1.6606025171073922,0.09315437469164718,0.004863460127002594,8
15,gaussian_score,affine,real,0,2,start,direction_correlation,px,0.05645598185149987,174.4326540567165,370.65118348999175,141.95272372914906,127.7001514110693,0.09312271815184178,0.004865292327649581,8
15,gaussian_score,affine,real,0,3,endpoint,vector_correlation,nearest_neighbour,0.026884698702415475,2.5935523224372856,4.076535095244552,1.979840242749113,2.090169880905159,0.04599923208895656,0.005922896255213542,8
15,gaussian_score,affine,real,0,3,endpoint,vector_correlation,px,0.026884698702415475,199.63479007422092,313.7863462005418,152.4279733501916,160.9214198083926,0.045989093460484735,0.005924221137073647,8
15,gaussian_score,affine,real,0,3,endpoint,direction_correlation,nearest_neighbour,0.020132862449510253,2.753931401358497,4.072546866959794,2.36482945572169,2.1291806894523417,0.04003683694259681,0.0070785596759399775,8
15,gaussian_score,affine,real,0,3,endpoint,direction_correlation,px,0.020132862449510253,211.97919856564187,313.4793272976138,182.07088975710806,163.94111651684238,0.04002547508849758,0.007079593250686742,8
15,gaussian_score,affine,real,0,3,start,vector_correlation,nearest_neighbour,0.027959754437001754,2.5112736187256823,4.012070420524125,1.931464776584501,2.0243729909438932,0.048560193877678945,0.006641980699260382,8
15,gaussian_score,affine,real,0,3,start,vector_correlation,px,0.027959754437001754,193.30293426814666,308.82299845491144,148.69536267532177,155.8446860382465,0.04855283948584799,0.006643086659417207,8
15,gaussian_score,affine,real,0,3,start,direction_correlation,nearest_neighbour,0.02243043791615464,2.614336232572303,4.136791695453076,2.1570299619760918,2.106165869489731,0.04188593652462991,0.007042633968342195,8
15,gaussian_score,affine,real,0,3,start,direction_correlation,px,0.02243043791615464,201.2354883764608,318.4242829101794,166.06167516920138,162.14116378745823,0.04187973932703113,0.00704361599439233,8
15,gaussian_score,affine,real,0,4,endpoint,vector_correlation,nearest_neighbour,0.02060995975543209,2.4420292303472824,3.5077557484985125,1.8258026544358534,2.3391881696004333,0.03442653010024596,0.005697325727452405,8
15,gaussian_score,affine,real,0,4,endpoint,vector_correlation,px,0.02060995975543209,188.20106285155913,270.32683681016937,140.73326690373455,180.3269673659858,0.034419556699119315,0.005697945888457825,8
15,gaussian_score,affine,real,0,4,endpoint,direction_correlation,nearest_neighbour,0.018953002442884892,2.5171747651754384,4.069217885638907,2.247501106700359,2.201527601454614,0.03488052718135227,0.005979774664095138,8
15,gaussian_score,affine,real,0,4,endpoint,direction_correlation,px,0.018953002442884892,193.99198320344453,313.6021228742008,173.2336478384875,169.7015643360578,0.03487410880373936,0.005980501655325735,8
15,gaussian_score,affine,real,0,4,start,vector_correlation,nearest_neighbour,0.01757456815997041,2.485026314549474,3.3134486227848905,2.21807462949476,2.9372317904014342,0.03080768532760386,0.0073754111286548334,8
15,gaussian_score,affine,real,0,4,start,vector_correlation,px,0.01757456815997041,191.5145735211834,255.35255614600226,170.952912343382,226.4066462576759,0.030804679878065313,0.007375740018622841,8
15,gaussian_score,affine,real,0,4,start,direction_correlation,nearest_neighbour,0.017080888624474846,2.6765660771948085,3.609007069478212,2.4135321600531334,2.2392474214272404,0.03424157779984057,0.0073007147742136244,8
15,gaussian_score,affine,real,0,4,start,direction_correlation,px,0.017080888624474846,206.2748134121462,278.12951451505074,186.0157910246213,172.5638626945034,0.034241594817963954,0.0073011858883184465,8
15,gaussian_score,affine,real,0,5,endpoint,vector_correlation,nearest_neighbour,0.034330784058137595,3.0560573756977742,,2.241219767476641,2.203053346573646,0.04534343266732877,0.0013635940264047847,8
15,gaussian_score,affine,real,0,5,endpoint,vector_correlation,px,0.034330784058137595,235.82267015167528,,172.95453898220848,170.0078678532796,0.04534215771206716,0.001363324634142648,8
15,gaussian_score,affine,real,0,5,endpoint,direction_correlation,nearest_neighbour,0.02205458509264476,4.014235822442202,10.022703419988137,3.2217559695550535,3.5196610215001143,0.028383107005891712,0.0037391634165400305,8
15,gaussian_score,affine,real,0,5,endpoint,direction_correlation,px,0.02205458509264476,309.76343994196606,773.4138751824858,248.61924276082775,271.6073854138357,0.028382664568849834,0.0037391906659129,8
15,gaussian_score,affine,real,0,5,start,vector_correlation,nearest_neighbour,0.034702488115855246,3.065413848859457,,2.19773925031302,2.073178121053961,0.04609879804240103,0.002648036262578321,8
15,gaussian_score,affine,real,0,5,start,vector_correlation,px,0.034702488115855246,236.5459777140743,,169.5935668303165,159.98144759604097,0.04609901499671917,0.002648015132564062,8
15,gaussian_score,affine,real,0,5,start,direction_correlation,nearest_neighbour,0.023896935966756162,1.7523001018643298,10.039640996718372,2.971686081431929,3.266758228824927,0.02941787072834078,0.0044161360902322455,8
15,gaussian_score,affine,real,0,5,start,direction_correlation,px,0.023896935966756162,135.22111282113454,774.7217350308565,229.3156521560536,252.08706981665713,0.02941790179202094,0.004416181103687678,8
15,gaussian_score,affine,real,0,6,endpoint,vector_correlation,nearest_neighbour,-5.107655754566879e-05,,,,2.810714891855626,0.006997038870861168,0.002990161991838475,8
15,gaussian_score,affine,real,0,6,endpoint,vector_correlation,px,-5.107655754566879e-05,,,,216.94455979798929,0.006997508252596245,0.0029901458922159557,8
15,gaussian_score,affine,real,0,6,endpoint,direction_correlation,nearest_neighbour,1.686883270210146e-05,3.935961946177726,3.937213551249018,1443.3938827864752,11.84027493625643,0.008437274912038087,0.0056747318004354095,8
15,gaussian_score,affine,real,0,6,endpoint,direction_correlation,px,1.686883270210146e-05,303.8177506212624,303.91437633521565,111415.81793064573,914.0960337171381,0.0084370826561753,0.005674748532239977,8
15,gaussian_score,affine,real,0,6,start,vector_correlation,nearest_neighbour,0.0019676081412123,0.9295701516072645,1.074029094669744,2.888195633701633,238044.33298811907,0.003024152307075916,0.0012107227946230189,8
15,gaussian_score,affine,real,0,6,start,vector_correlation,px,0.0019676081412123,71.75926274864095,82.91032262227361,222.93878530646992,18932106.35352329,0.0030241519596150407,0.0012107227281582837,8
15,gaussian_score,affine,real,0,6,start,direction_correlation,nearest_neighbour,0.0024947266956281892,3.599646986838482,3.8159370332051,8.774685782931458,7.611816930129711,0.008546387453591365,0.003926762043662432,8
15,gaussian_score,affine,real,0,6,start,direction_correlation,px,0.0024947266956281892,277.8534914728987,294.55120330693273,677.3104950112661,587.5885910666475,0.008546335673091278,0.003926786033787953,8
15,gaussian_score,affine,spatial_shuffle,0,0,current,vector_correlation,nearest_neighbour,-0.0111508870691681,,,,12.070329120655188,0.001713072161573074,0.0014017130511478815,8
15,gaussian_score,affine,spatial_shuffle,0,0,current,vector_correlation,px,-0.0111508870691681,,,,925.2108545323662,0.0017130354660437636,0.00140171556828127,8
15,gaussian_score,affine,spatial_shuffle,0,0,current,direction_correlation,nearest_neighbour,-0.0022846617401648703,,,,34.78030615801058,0.004927856414085483,0.0014339615669250764,8
15,gaussian_score,affine,spatial_shuffle,0,0,current,direction_correlation,px,-0.0022846617401648703,,,,2665.7990026613843,0.004927847774091483,0.0014339623722688765,8
15,gaussian_score,affine,spatial_shuffle,0,1,endpoint,vector_correlation,nearest_neighbour,-0.001389917347623372,,,,2.774374497876752,0.011822913472594631,0.00158095793595432,8
15,gaussian_score,affine,spatial_shuffle,0,1,endpoint,vector_correlation,px,-0.001389917347623372,,,,212.9750799536178,0.011820414585174107,0.001581117250284484,8
15,gaussian_score,affine,spatial_shuffle,0,1,endpoint,direction_correlation,nearest_neighbour,-0.004067287964598563,,,,,,,8
15,gaussian_score,affine,spatial_shuffle,0,1,endpoint,direction_correlation,px,-0.004067287964598563,,,,,,,8
15,gaussian_score,affine,spatial_shuffle,0,1,start,vector_correlation,nearest_neighbour,-0.0003635834590028985,,,,2.642825963655689,0.013451547708614977,0.001857966441553749,8
15,gaussian_score,affine,spatial_shuffle,0,1,start,vector_correlation,px,-0.0003635834590028985,,,,202.8382470343919,0.013450337979016654,0.0018581259496799453,8
15,gaussian_score,affine,spatial_shuffle,0,1,start,direction_correlation,nearest_neighbour,-0.0028297151560914787,,,,,,,8
15,gaussian_score,affine,spatial_shuffle,0,1,start,direction_correlation,px,-0.0028297151560914787,,,,,,,8
15,gaussian_score,affine,spatial_shuffle,0,2,endpoint,vector_correlation,nearest_neighbour,-0.003719687955567955,,,,447762.96350389806,0.003240800498166924,0.0011854724961133062,8
15,gaussian_score,affine,spatial_shuffle,0,2,endpoint,vector_correlation,px,-0.003719687955567955,,,,39202576.42143788,0.0032407983616862153,0.0011854724846537532,8
15,gaussian_score,affine,spatial_shuffle,0,2,endpoint,direction_correlation,nearest_neighbour,-0.007158813758585542,,,,0.5700991572135652,0.12870444022364816,0.001978509863324998,8
15,gaussian_score,affine,spatial_shuffle,0,2,endpoint,direction_correlation,px,-0.007158813758585542,,,,43.8452518423838,0.12856501425137024,0.0019784321690894165,8
15,gaussian_score,affine,spatial_shuffle,0,2,start,vector_correlation,nearest_neighbour,-0.004260187262299725,,,,14.524274903588292,0.0028752029886539676,0.0015272188140672788,8
15,gaussian_score,affine,spatial_shuffle,0,2,start,vector_correlation,px,-0.004260187262299725,,,,1116.602209711606,0.002875185656999495,0.0015272209686185416,8
15,gaussian_score,affine,spatial_shuffle,0,2,start,direction_correlation,nearest_neighbour,-0.008437630173790251,,,,1.5469683411004884,0.032237059769884883,0.001538014988147947,8
15,gaussian_score,affine,spatial_shuffle,0,2,start,direction_correlation,px,-0.008437630173790251,,,,118.92089464312387,0.032238609724253624,0.0015378193934496992,8
15,gaussian_score,affine,spatial_shuffle,0,3,endpoint,vector_correlation,nearest_neighbour,-0.00242561156335527,,,,0.31360225242465367,2.1693010105723323,0.0002942296472795566,8
15,gaussian_score,affine,spatial_shuffle,0,3,endpoint,vector_correlation,px,-0.00242561156335527,,,,24.136264425792774,2.1704804494444847,0.00029423354412829887,8
15,gaussian_score,affine,spatial_shuffle,0,3,endpoint,direction_correlation,nearest_neighbour,0.0124407135209244,1.013570790661792,1.1960228852248602,0.7689484345568183,0.7477308594664421,0.03113288604872074,0.002162874872862037,8
15,gaussian_score,affine,spatial_shuffle,0,3,endpoint,direction_correlation,px,0.0124407135209244,78.00484834680569,92.05760974957283,59.20092023502306,57.583303816440335,0.031103563161097657,0.0021626430953235274,8
15,gaussian_score,affine,spatial_shuffle,0,3,start,vector_correlation,nearest_neighbour,-0.00484563034270973,,,,2.3925753561408047,0.006144081611278339,0.0018093678046928567,8
15,gaussian_score,affine,spatial_shuffle,0,3,start,vector_correlation,px,-0.00484563034270973,,,,184.17811248684174,0.0061438293573291,0.0018093878977493373,8
15,gaussian_score,affine,spatial_shuffle,0,3,start,direction_correlation,nearest_neighbour,0.007875898069725317,1.1748435214106256,3.0853304593284,1.1489865412275193,0.5811076577938908,0.02517166570841774,0.0017759605731898999,8
15,gaussian_score,affine,spatial_shuffle,0,3,start,direction_correlation,px,0.007875898069725317,90.43019338478298,237.48694777463868,88.45360288516586,44.76428997288295,0.025136350565619248,0.001775841931656922,8
15,gaussian_score,affine,spatial_shuffle,0,4,endpoint,vector_correlation,nearest_neighbour,0.002761969126311387,1.1177058907673763,1.2969249848204836,1.028751879709287,0.2984674949978615,0.028362913944100787,0.000395071239822471,8
15,gaussian_score,affine,spatial_shuffle,0,4,endpoint,vector_correlation,px,0.002761969126311387,86.1340860020209,99.9512136345121,79.29443553161433,23.012246323924085,0.028310510310134072,0.0003950712372586319,8
15,gaussian_score,affine,spatial_shuffle,0,4,endpoint,direction_correlation,nearest_neighbour,0.002893145415742917,1.2972371009363997,1.3462810137623258,2.9453935710731978,13.163579537951268,0.0023652491478319796,0.0005708583468848445,8
15,gaussian_score,affine,spatial_shuffle,0,4,endpoint,direction_correlation,px,0.002893145415742917,99.97526951283268,103.75525503470324,227.01205010736885,1014.4699116169161,0.0023652421217170735,0.0005708539783338074,8
15,gaussian_score,affine,spatial_shuffle,0,4,start,vector_correlation,nearest_neighbour,0.004875065392805505,0.8955655074668124,1.0139927471140746,0.5213898870496562,0.7376810406736038,0.012456732072253682,0.00021151726731468833,8
15,gaussian_score,affine,spatial_shuffle,0,4,start,vector_correlation,px,0.004875065392805505,69.01432625776454,78.14366058193973,40.187499960694424,56.85397485474141,0.012454127957874648,0.00021151713160479712,8
15,gaussian_score,affine,spatial_shuffle,0,4,start,direction_correlation,nearest_neighbour,0.00494215788107386,0.9523834274957579,1.1038773731326303,1.1909430628641986,4.662197694579652,0.0056598910855691345,0.00029395781845705557,8
15,gaussian_score,affine,spatial_shuffle,0,4,start,direction_correlation,px,0.00494215788107386,73.39431340509212,85.072698225399,91.7890260068685,359.31445439847784,0.0056597357141540145,0.00029393079476689496,8
15,gaussian_score,affine,spatial_shuffle,0,5,endpoint,vector_correlation,nearest_neighbour,0.006241725250703333,1.3763167338348337,1.4729390407289946,2.0583984584725243,3.276514391523082,0.007592026912840284,0.00044641693449344935,8
15,gaussian_score,affine,spatial_shuffle,0,5,endpoint,vector_correlation,px,0.006241725250703333,106.20905626595047,113.66513502373948,158.84603062276508,252.84622643491917,0.007591872931442237,0.0004464046366898799,8
15,gaussian_score,affine,spatial_shuffle,0,5,endpoint,direction_correlation,nearest_neighbour,0.0027101967424188623,0.818842338192306,0.8928654246170922,4.910754617209362,12.325374195549694,0.0030472682082998814,0.00044633763504922365,8
15,gaussian_score,affine,spatial_shuffle,0,5,endpoint,direction_correlation,px,0.0027101967424188623,63.1827179348593,68.89612762936136,378.94646010435554,951.1200718605289,0.003047257327918119,0.0004463420994011567,8
15,gaussian_score,affine,spatial_shuffle,0,5,start,vector_correlation,nearest_neighbour,0.005756647365424358,1.409972209247498,1.4725373410015465,2.3965895622999005,3.296205803413439,0.008269437840619231,0.0007296798764839934,8
15,gaussian_score,affine,spatial_shuffle,0,5,start,vector_correlation,px,0.005756647365424358,108.80640594497366,113.63405701167004,184.93748951563458,254.36372706240974,0.008269410403068876,0.000729702937237467,8
15,gaussian_score,affine,spatial_shuffle,0,5,start,direction_correlation,nearest_neighbour,0.0019448973540045998,0.9287878317469656,1.0689938013892741,6.533214867186315,25.110929648194517,0.0019867900720911065,0.0006708646721412797,8
15,gaussian_score,affine,spatial_shuffle,0,5,start,direction_correlation,px,0.0019448973540045998,71.67306763113851,82.49337451078249,504.1436011256385,1937.7642064791162,0.001986782194201335,0.0006708661128185495,8
15,gaussian_score,affine,spatial_shuffle,0,6,endpoint,vector_correlation,nearest_neighbour,0.02015982828797725,1.0428091753302384,1.2496788920354491,1.2049638899864143,1.6465672244113296,0.03269406299244264,0.002892602840615009,8
15,gaussian_score,affine,spatial_shuffle,0,6,endpoint,vector_correlation,px,0.02015982828797725,80.4983428119301,96.46818451608405,93.01346412484587,127.10082599292049,0.032694145495082684,0.002892656472193084,8
15,gaussian_score,affine,spatial_shuffle,0,6,endpoint,direction_correlation,nearest_neighbour,0.011333522940554178,1.0777159223900754,3.1407579793357914,1.8060628983032012,3.197101016440844,0.011945617252892886,0.005498239835447346,8
15,gaussian_score,affine,spatial_shuffle,0,6,endpoint,direction_correlation,px,0.011333522940554178,83.19305924423863,242.4352141128548,139.41365191094224,246.78106679073798,0.011945906434524497,0.0054982129464366,8
15,gaussian_score,affine,spatial_shuffle,0,6,start,vector_correlation,nearest_neighbour,0.01726681372453481,2.322976965820228,6.034157053731178,1.4460924487940414,1.509876450109083,0.02621827532487076,0.0022211281004516294,8
15,gaussian_score,affine,spatial_shuffle,0,6,start,vector_correlation,px,0.01726681372453481,179.3188130331264,465.785098917985,111.62486772831919,116.54671727272442,0.02621965408076273,0.0022211057963100363,8
15,gaussian_score,affine,spatial_shuffle,0,6,start,direction_correlation,nearest_neighbour,0.011303550332131975,2.329773946573325,3.1678693847730917,1.8058234396135644,2.3716823917806704,0.01432788007005087,0.0031282538240924953,8
15,gaussian_score,affine,spatial_shuffle,0,6,start,direction_correlation,px,0.011303550332131975,179.84351315606665,244.52872746912402,139.39432738128332,183.07012746796036,0.014328379118316411,0.003128218113851441,8
15,gaussian_score,affine,spatial_shuffle,1,0,current,vector_correlation,nearest_neighbour,-0.0012669629122661094,,,,13.255185026183414,0.001335401546358301,0.00044506683083688826,8
15,gaussian_score,affine,spatial_shuffle,1,0,current,vector_correlation,px,-0.0012669629122661094,,,,1015.9390007391672,0.0013354112790681751,0.00044506641155502724,8
15,gaussian_score,affine,spatial_shuffle,1,0,current,direction_correlation,nearest_neighbour,-0.005782284352006793,,,,1341777.462957156,0.0033480403261388013,0.0006205753929352778,8
15,gaussian_score,affine,spatial_shuffle,1,0,current,direction_correlation,px,-0.005782284352006793,,,,104424072.16407584,0.003348040226064242,0.0006205753354435511,8
15,gaussian_score,affine,spatial_shuffle,1,1,endpoint,vector_correlation,nearest_neighbour,0.004413512449313072,1.584281921089152,1.8591500300709587,2.008893675377013,0.9313398040913812,0.009577882885678589,0.0012026839070622992,8
15,gaussian_score,affine,spatial_shuffle,1,1,endpoint,vector_correlation,px,0.004413512449313072,121.57765512684355,142.67637926879652,154.1963872301526,71.52742225794674,0.00956628659047447,0.0012026896572752972,8
15,gaussian_score,affine,spatial_shuffle,1,1,endpoint,direction_correlation,nearest_neighbour,-0.004849918026617005,,,,,,,8
15,gaussian_score,affine,spatial_shuffle,1,1,endpoint,direction_correlation,px,-0.004849918026617005,,,,,,,8
15,gaussian_score,affine,spatial_shuffle,1,1,start,vector_correlation,nearest_neighbour,0.005087924276550951,1.489789413905941,1.8576825038815574,1.7389670108078146,0.7399224844137925,0.01329285359904208,0.0011431892145543404,8
15,gaussian_score,affine,spatial_shuffle,1,1,start,vector_correlation,px,0.005087924276550951,114.3265739376855,142.56535150224732,133.47645087767336,56.82452492834111,0.013276692670960391,0.001143199184972734,8
15,gaussian_score,affine,spatial_shuffle,1,1,start,direction_correlation,nearest_neighbour,-0.004750402123338971,,,,,,,8
15,gaussian_score,affine,spatial_shuffle,1,1,start,direction_correlation,px,-0.004750402123338971,,,,,,,8
15,gaussian_score,affine,spatial_shuffle,1,2,endpoint,vector_correlation,nearest_neighbour,0.002493767065522156,1.6160092901245973,1.6509383648073785,5.288867764023761,3.1843376201924602,0.006949045189408974,0.002784768552883378,8
15,gaussian_score,affine,spatial_shuffle,1,2,endpoint,vector_correlation,px,0.002493767065522156,124.232211908131,126.91799343702492,406.6739458711108,244.90388644467183,0.006947003504356051,0.0027848821792229193,8
15,gaussian_score,affine,spatial_shuffle,1,2,endpoint,direction_correlation,nearest_neighbour,0.007112660514645669,1.553280138253057,1.639756801008015,2.0151229157023103,1.9735544464391956,0.013293797102091566,0.002384659380797114,8
15,gaussian_score,affine,spatial_shuffle,1,2,endpoint,direction_correlation,px,0.007112660514645669,119.40881481130445,126.05821579363709,154.958677753071,151.7755247558201,0.013288720016463978,0.002384910091281038,8
15,gaussian_score,affine,spatial_shuffle,1,2,start,vector_correlation,nearest_neighbour,0.005726197422369362,1.520665270426425,1.6003356072847243,2.2170918133498088,1.7860593877467272,0.011085723478239783,0.001874299757559859,8
15,gaussian_score,affine,spatial_shuffle,1,2,start,vector_correlation,px,0.005726197422369362,116.90543655236337,123.03130828335493,170.4802137321389,137.3573587063883,0.01108140891894232,0.001874545655498485,8
15,gaussian_score,affine,spatial_shuffle,1,2,start,direction_correlation,nearest_neighbour,0.00887685022300348,1.4905371570175427,1.5865498217496619,1.4745609137722475,1.6164497314004314,0.016428783699561442,0.0018047847536764965,8
15,gaussian_score,affine,spatial_shuffle,1,2,start,direction_correlation,px,0.00887685022300348,114.5888785269111,121.97131585419083,113.39342533518908,124.30648530564768,0.016422533095530184,0.0018051870651594076,8
15,gaussian_score,affine,spatial_shuffle,1,3,endpoint,vector_correlation,nearest_neighbour,-0.0053757418787561346,,,,449957.20799672406,0.003931655473409799,0.001194364038810639,8
15,gaussian_score,affine,spatial_shuffle,1,3,endpoint,vector_correlation,px,-0.0053757418787561346,,,,35162261.300275005,0.003931655204201564,0.0011943640251473747,8
15,gaussian_score,affine,spatial_shuffle,1,3,endpoint,direction_correlation,nearest_neighbour,-0.009746804759230747,,,,570129.6390575727,0.0011029469754356847,0.0006951407148783959,8
15,gaussian_score,affine,spatial_shuffle,1,3,endpoint,direction_correlation,px,-0.009746804759230747,,,,27006050.038067766,0.0011029517200640113,0.0006951431271698231,8
15,gaussian_score,affine,spatial_shuffle,1,3,start,vector_correlation,nearest_neighbour,-0.007033211616868467,,,,476787.68854071194,0.004002618743853292,0.0011680976994502678,8
15,gaussian_score,affine,spatial_shuffle,1,3,start,vector_correlation,px,-0.007033211616868467,,,,36143401.21243608,0.004002619013447335,0.0011680977261209645,8
15,gaussian_score,affine,spatial_shuffle,1,3,start,direction_correlation,nearest_neighbour,-0.007621072912946843,,,,298226.9181193687,0.0012271460605020185,0.0005315024758076721,8
15,gaussian_score,affine,spatial_shuffle,1,3,start,direction_correlation,px,-0.007621072912946843,,,,22955721.482510775,0.0012271460613589823,0.0005315024760080431,8
15,gaussian_score,affine,spatial_shuffle,1,4,endpoint,vector_correlation,nearest_neighbour,0.0052214312828290236,0.8932406450943233,1.008511824043519,2.0925906588467282,7.549551134986203,0.005151124911490773,0.0013557642142932147,8
15,gaussian_score,affine,spatial_shuffle,1,4,endpoint,vector_correlation,px,0.0052214312828290236,68.82750987795082,77.71507475425832,161.28101896931864,581.8142676023766,0.005151071304707399,0.0013557386620570335,8
15,gaussian_score,affine,spatial_shuffle,1,4,endpoint,direction_correlation,nearest_neighbour,0.0037782142571262806,0.8546003449035215,0.9473837691952322,1.4283267363841186,6.090331480938273,0.004403821593282005,0.0002788315070480025,8
15,gaussian_score,affine,spatial_shuffle,1,4,endpoint,direction_correlation,px,0.0037782142571262806,65.84829011186248,73.0020184796619,110.08922608506325,469.38039809799074,0.004403635402176175,0.0002788507855603645,8
15,gaussian_score,affine,spatial_shuffle,1,4,start,vector_correlation,nearest_neighbour,0.003916986314923984,0.8565995341419526,0.9523494849536549,2.695220286107173,9.387236782690245,0.004444320369563035,0.0009738376029716671,8
15,gaussian_score,affine,spatial_shuffle,1,4,start,vector_correlation,px,0.003916986314923984,66.01051228043048,73.39169683802874,207.71930691455674,723.4418760469274,0.004444298972624577,0.0009738292385115042,8
15,gaussian_score,affine,spatial_shuffle,1,4,start,direction_correlation,nearest_neighbour,0.0020391475376736043,0.8288540546963852,0.9084567827498455,2.0940530666118096,8.61812087316948,0.0026629324005235013,0.0006214802258016426,8
15,gaussian_score,affine,spatial_shuffle,1,4,start,direction_correlation,px,0.0020391475376736043,63.87166518243538,70.00809054944544,161.39261103816796,664.1771326917092,0.002662896489947767,0.00062148124265144,8
15,gaussian_score,affine,spatial_shuffle,1,5,endpoint,vector_correlation,nearest_neighbour,0.008986966952931587,1.009407036315857,1.1943343382001343,0.8529448168260068,0.5709621541218035,0.030042354975967467,0.0020478581256205275,8
15,gaussian_score,affine,spatial_shuffle,1,5,endpoint,vector_correlation,px,0.008986966952931587,77.89129395181914,92.16475227940865,65.82547832910343,44.07221326113541,0.03002681714398426,0.002047835660587554,8
15,gaussian_score,affine,spatial_shuffle,1,5,endpoint,direction_correlation,nearest_neighbour,0.0076715861580915565,1.4127685615717613,4.026932016714742,0.9545981795719202,0.7793247297425928,0.018365483191469023,0.0007619452951330801,8
15,gaussian_score,affine,spatial_shuffle,1,5,endpoint,direction_correlation,px,0.0076715861580915565,109.02194396453962,310.7433032780831,73.6694082864397,60.20366355321245,0.01834042803777189,0.0007618934221354251,8
15,gaussian_score,affine,spatial_shuffle,1,5,start,vector_correlation,nearest_neighbour,0.00991750598312153,0.9988935099675496,1.1798993513535143,0.6582760198965942,0.25922919975686387,0.1408689141874432,0.001644686867641132,8
15,gaussian_score,affine,spatial_shuffle,1,5,start,vector_correlation,px,0.00991750598312153,77.08342893235509,91.05244006505433,50.79986658822761,20.005683145970874,0.1408320329253094,0.0016446868068003154,8
15,gaussian_score,affine,spatial_shuffle,1,5,start,direction_correlation,nearest_neighbour,0.010127499094658361,1.086529492843591,3.7712536948566533,0.6531552660209498,0.2700093536893214,0.12911915188334808,0.0012244613663743816,8
15,gaussian_score,affine,spatial_shuffle,1,5,start,direction_correlation,px,0.010127499094658361,83.84668038903092,291.0107846313558,50.4030742486686,20.839077651545296,0.1290644479622595,0.001224450456762862,8
15,gaussian_score,affine,spatial_shuffle,1,6,endpoint,vector_correlation,nearest_neighbour,-0.004568559786810682,,,,0.6892558846515142,0.08713902549465771,0.0008087620432264093,8
15,gaussian_score,affine,spatial_shuffle,1,6,endpoint,vector_correlation,px,-0.004568559786810682,,,,53.205020619974185,0.08713985386086832,0.0008087618022408304,8
15,gaussian_score,affine,spatial_shuffle,1,6,endpoint,direction_correlation,nearest_neighbour,0.007335904282134729,1.0972228407657956,2.2649693691818604,1.4159940783214018,0.3916202196784243,0.041903876560513975,0.0015929837077629664,8
15,gaussian_score,affine,spatial_shuffle,1,6,endpoint,direction_correlation,px,0.007335904282134729,84.69894615488792,174.83839595713982,109.30510950110018,30.247373125977827,0.04185936698073331,0.0015929661809540425,8
15,gaussian_score,affine,spatial_shuffle,1,6,start,vector_correlation,nearest_neighbour,-0.003406357666345131,,,,0.5650710129830061,0.16739412430589037,0.0008352658800734973,8
15,gaussian_score,affine,spatial_shuffle,1,6,start,vector_correlation,px,-0.003406357666345131,,,,43.621986712598165,0.16736269050755967,0.0008352466919998668,8
15,gaussian_score,affine,spatial_shuffle,1,6,start,direction_correlation,nearest_neighbour,0.009494138519885276,0.9825434371310351,1.157831598454687,1.3251481697878649,3.1163825321813707,0.010640180898072064,0.0011278079396222548,8
15,gaussian_score,affine,spatial_shuffle,1,6,start,direction_correlation,px,0.009494138519885276,75.84837115588658,89.37919687439974,102.29094268885957,240.5591527046843,0.010640316425059212,0.0011278239600515895,8
15,gaussian_score,affine,time_shuffle,0,0,current,vector_correlation,nearest_neighbour,0.0032666107748121407,1.6340545095576187,2.10342600636994,2.050822602800717,5.566095023401666,0.0033545373756940712,0.0013488004555315786,8
15,gaussian_score,affine,time_shuffle,0,0,current,vector_correlation,px,0.0032666107748121407,125.24345273713254,161.22266186673485,157.2327299988609,426.52515077883544,0.0033546180071277873,0.0013487536233845244,8
15,gaussian_score,affine,time_shuffle,0,0,current,direction_correlation,nearest_neighbour,0.002222650887069414,2.54958339164241,2.7964059448249245,5.734496936671903,6.668115850609114,0.004926105578033137,0.0022200255422360256,8
15,gaussian_score,affine,time_shuffle,0,0,current,direction_correlation,px,0.002222650887069414,195.4182383632815,214.33604944551163,439.62501529554413,511.3320883124661,0.0049252923344792095,0.0022200936639409697,8
15,gaussian_score,affine,time_shuffle,0,1,endpoint,vector_correlation,nearest_neighbour,0.0031692666790974055,3.5178296075636304,4.476558066796477,6.552038112385234,3.8099806032208767,0.010238125055185924,0.0034990812555253095,8
15,gaussian_score,affine,time_shuffle,0,1,endpoint,vector_correlation,px,0.0031692666790974055,269.96505053179266,343.53890535493485,502.9382290416969,292.49226932359414,0.010235703264644142,0.0034993421402360046,8
15,gaussian_score,affine,time_shuffle,0,1,endpoint,direction_correlation,nearest_neighbour,0.007805247448745579,3.3774366862176644,4.658484695366749,3.704044466208379,4.586619669297765,0.010171401649505326,0.0014521811214091964,8
15,gaussian_score,affine,time_shuffle,0,1,endpoint,direction_correlation,px,0.007805247448745579,259.1912027629389,357.50015158300107,284.30032226212796,352.0715988276722,0.01016999169099877,0.0014522820879203544,8
15,gaussian_score,affine,time_shuffle,0,1,start,vector_correlation,nearest_neighbour,0.003250893300921866,3.9747586645394333,4.588130721025368,6.738748445191063,3.65843552571742,0.01103546963120912,0.003990793284034894,8
15,gaussian_score,affine,time_shuffle,0,1,start,vector_correlation,px,0.003250893300921866,305.0275683904219,352.1010167573876,517.2528210719136,280.857925755781,0.01103287979834688,0.0039910643880169345,8
15,gaussian_score,affine,time_shuffle,0,1,start,direction_correlation,nearest_neighbour,0.010216743474236928,3.08207906796061,4.7030424776576645,2.739618304813683,3.2275809186986115,0.011945317345605921,0.0010555753510331555,8
15,gaussian_score,affine,time_shuffle,0,1,start,direction_correlation,px,0.010216743474236928,236.5219110939198,360.9199588421934,210.27252866552266,247.73346609264078,0.011943650527690948,0.0010554745069766124,8
15,gaussian_score,affine,time_shuffle,0,2,endpoint,vector_correlation,nearest_neighbour,0.00830601891592023,1.043027283944311,1.241366363332931,0.884972512767975,1.4039252576688181,0.013405792839609076,0.0006430210067714916,8
15,gaussian_score,affine,time_shuffle,0,2,endpoint,vector_correlation,px,0.00830601891592023,80.16638386264584,95.42421599593176,68.0471700724608,107.96450684169854,0.013399380203215853,0.0006428046974979486,8
15,gaussian_score,affine,time_shuffle,0,2,endpoint,direction_correlation,nearest_neighbour,0.0036152779131781295,2.89260245327419,3.123247430727316,2.1228764940473823,45.74979482588665,0.0034308095186502342,0.00022657498437774886,8
15,gaussian_score,affine,time_shuffle,0,2,endpoint,direction_correlation,px,0.0036152779131781295,222.3693845011163,240.09955870803634,163.22720991484238,3515.6114008270265,0.0034308478589370963,0.00022656850685638186,8
15,gaussian_score,affine,time_shuffle,0,2,start,vector_correlation,nearest_neighbour,0.010627392399110263,1.1528488647393078,1.4983068750470594,0.9007070929164626,1.6045497197399983,0.013503560037460678,0.0025273943516321644,8
15,gaussian_score,affine,time_shuffle,0,2,start,vector_correlation,px,0.010627392399110263,88.61992444861575,115.18629405082744,69.25809988871988,123.31042795970605,0.013504699535368756,0.002527018349840961,8
15,gaussian_score,affine,time_shuffle,0,2,start,direction_correlation,nearest_neighbour,0.007003368916617643,1.3668207341232965,1.687189356941924,1.2154152585058147,9.066149366879976,0.006179605804620404,0.001412616884655008,8
15,gaussian_score,affine,time_shuffle,0,2,start,direction_correlation,px,0.007003368916617643,105.07629244339552,129.709514385357,93.4552865849715,696.635844315547,0.00617997124645001,0.0014125466478055538,8
15,gaussian_score,affine,time_shuffle,0,3,endpoint,vector_correlation,nearest_neighbour,0.011192820194153146,1.5044370191822944,3.8788905916657073,1.3381994902866494,1.0107490055431685,0.022137737723425362,0.0018258083960558122,8
15,gaussian_score,affine,time_shuffle,0,3,endpoint,vector_correlation,px,0.011192820194153146,115.80376365999292,298.57142009151585,103.02846722805,77.86084120942925,0.02211646722491083,0.0018256828742992158,8
15,gaussian_score,affine,time_shuffle,0,3,endpoint,direction_correlation,nearest_neighbour,0.010978741916552194,1.950275519837618,4.419798820735838,1.5646795435247718,1.212277539246316,0.01853607226697094,0.000995636480923874,8
15,gaussian_score,affine,time_shuffle,0,3,endpoint,direction_correlation,px,0.010978741916552194,150.1236556729419,340.2112258439841,120.45982518519587,93.37317151075877,0.01852282110431417,0.0009953946816145328,8
15,gaussian_score,affine,time_shuffle,0,3,start,vector_correlation,nearest_neighbour,0.010312339354258432,1.5645733310022643,4.221962339829889,1.5173998543068772,1.1029403396954054,0.019912716170156244,0.0018580188503279293,8
15,gaussian_score,affine,time_shuffle,0,3,start,vector_correlation,px,0.010312339354258432,120.43424823734468,324.9808834930879,116.81977888087495,84.92573479460235,0.01990391341448844,0.0018580390784865277,8
15,gaussian_score,affine,time_shuffle,0,3,start,direction_correlation,nearest_neighbour,0.00936735128082877,2.0757221062563493,4.615775711960723,1.9361932520702618,1.5414264739135284,0.01482175124790916,0.001539308738757509,8
15,gaussian_score,affine,time_shuffle,0,3,start,direction_correlation,px,0.00936735128082877,159.77892577066137,355.2973969369281,149.0556294288371,118.67687789394704,0.014818001518452998,0.0015393200342227267,8
15,gaussian_score,affine,time_shuffle,0,4,endpoint,vector_correlation,nearest_neighbour,0.017374488281121002,1.0889775803399409,2.4169900894856893,1.0716239743093405,0.4881629655418893,0.06986028360018384,0.0027281586124240998,8
15,gaussian_score,affine,time_shuffle,0,4,endpoint,vector_correlation,px,0.017374488281121002,83.91909414509661,186.2714782030406,82.59801933959291,37.640771304758225,0.06977405532841792,0.0027279481511792757,8
15,gaussian_score,affine,time_shuffle,0,4,endpoint,direction_correlation,nearest_neighbour,0.017814878991052916,1.1570110676266654,,1.3491648438781365,0.6406607119591428,0.0505918412291867,0.002220817350238411,8
15,gaussian_score,affine,time_shuffle,0,4,endpoint,direction_correlation,px,0.017814878991052916,89.16456866469616,,103.98853416307561,49.395294294982605,0.050549039161743366,0.002220564159394629,8
15,gaussian_score,affine,time_shuffle,0,4,start,vector_correlation,nearest_neighbour,0.015959165045142814,1.11413234714361,2.46990549357597,1.1155775781095512,0.8331824152604795,0.033614494323249054,0.002708331154520232,8
15,gaussian_score,affine,time_shuffle,0,4,start,vector_correlation,px,0.015959165045142814,85.86323498460078,190.3492887263903,85.98076171539789,64.21549731913623,0.03360954040412943,0.002708116910369034,8
15,gaussian_score,affine,time_shuffle,0,4,start,direction_correlation,nearest_neighbour,0.01566740371107193,1.711648226080745,,1.5210191838855318,1.13504295455202,0.026896543648739533,0.0012814082090568408,8
15,gaussian_score,affine,time_shuffle,0,4,start,direction_correlation,px,0.01566740371107193,131.9142589094005,,117.22787956071224,87.48467421502079,0.026892636403452512,0.0012811658136456026,8
15,gaussian_score,affine,time_shuffle,0,5,endpoint,vector_correlation,nearest_neighbour,0.0231703030776929,1.1586156510349208,3.908456946370896,1.147065705012383,1.4189371276049478,0.035148444701276614,0.006640464092184394,8
15,gaussian_score,affine,time_shuffle,0,5,endpoint,vector_correlation,px,0.0231703030776929,89.40783543925532,301.5996673835929,88.52007180288795,109.4989647985955,0.03514661516054503,0.006640419698232944,8
15,gaussian_score,affine,time_shuffle,0,5,endpoint,direction_correlation,nearest_neighbour,0.02462699661003194,1.0870893483130653,4.2961577098149535,0.9322892455048626,0.9950947963898393,0.04417490688830533,0.0065239711666824785,8
15,gaussian_score,affine,time_shuffle,0,5,endpoint,direction_correlation,px,0.02462699661003194,83.88713789581836,331.5215286381153,71.94605831849128,76.7926606896853,0.044170767036487445,0.006523754336219912,8
15,gaussian_score,affine,time_shuffle,0,5,start,vector_correlation,nearest_neighbour,0.023768453991072247,1.0929639615338818,3.426713030781748,1.071457991615902,1.4999311969783804,0.03272895277170491,0.0076750110270653775,8
15,gaussian_score,affine,time_shuffle,0,5,start,vector_correlation,px,0.023768453991072247,84.34325643364608,264.4223188814133,82.6823818271249,115.74294842177862,0.032729902155411134,0.007674886761840143,8
15,gaussian_score,affine,time_shuffle,0,5,start,direction_correlation,nearest_neighbour,0.02517592405271122,1.043792648381343,1.2509287424826372,0.8555108540840136,1.3301394236008952,0.0443240038346392,0.003357051767777785,8
15,gaussian_score,affine,time_shuffle,0,5,start,direction_correlation,px,0.02517592405271122,80.54849149358752,96.53408832476902,66.01854280517115,102.63356965992385,0.04432685270207865,0.0033571109096755176,8
15,gaussian_score,affine,time_shuffle,0,6,endpoint,vector_correlation,nearest_neighbour,0.00975993837263326,4.14895368870832,4.96371100751166,2.378726959908842,4.9119762236066835,0.009681627671255143,0.002116828737326288,8
15,gaussian_score,affine,time_shuffle,0,6,endpoint,vector_correlation,px,0.00975993837263326,320.26101987625657,383.1614582283963,183.6175006334584,379.14442628474785,0.00968181818222881,0.0021167962246961356,8
15,gaussian_score,affine,time_shuffle,0,6,endpoint,direction_correlation,nearest_neighbour,0.01407726908002417,4.044526559379143,6.474425919778032,2.22477883137004,3.0841903893471616,0.014577070876277777,0.0022468177986841977,8
15,gaussian_score,affine,time_shuffle,0,6,endpoint,direction_correlation,px,0.01407726908002417,312.1990951054448,499.7700769018006,171.73404864956396,238.06566063873265,0.014577413136640181,0.0022467415691313016,8
15,gaussian_score,affine,time_shuffle,0,6,start,vector_correlation,nearest_neighbour,0.00810902317607012,4.184534869201363,5.444298084082715,2.7577825871180788,3.5708660201373132,0.010219076284448047,0.0013234209226195674,8
15,gaussian_score,affine,time_shuffle,0,6,start,vector_correlation,px,0.00810902317607012,323.0071611815807,420.2559023976959,212.87323331145865,275.63317614656074,0.0102193281621675,0.001323383829435938,8
15,gaussian_score,affine,time_shuffle,0,6,start,direction_correlation,nearest_neighbour,0.013999150628382513,3.8335263329372533,6.7547918185705065,2.241541116282943,2.912765212110224,0.015307625356791603,0.0015547763484536346,8
15,gaussian_score,affine,time_shuffle,0,6,start,direction_correlation,px,0.013999150628382513,295.9091070256833,521.4084318093637,173.02489851644094,224.83462196411668,0.015308078795816958,0.001554738835625603,8
15,gaussian_score,affine,time_shuffle,1,0,current,vector_correlation,nearest_neighbour,0.003994215450598606,1.0138247254683517,1.194754162865605,1.8559265964988645,4.923156805318784,0.005352151660228286,0.0010732288649997854,8
15,gaussian_score,affine,time_shuffle,1,0,current,vector_correlation,px,0.003994215450598606,77.6789661539046,91.5567653456371,142.2749846131981,377.45551689920285,0.005351331589319763,0.0010733206811316231,8
15,gaussian_score,affine,time_shuffle,1,0,current,direction_correlation,nearest_neighbour,0.0030386009472081984,0.8868415730627409,0.9938697735950912,2.8041535328673866,4.444874619975393,0.0049430625144037555,0.0012394227059995954,8
15,gaussian_score,affine,time_shuffle,1,0,current,direction_correlation,px,0.0030386009472081984,67.93899948419681,76.14836494847577,214.95448726717206,340.7939294709712,0.004942082258362655,0.001239539642690888,8
15,gaussian_score,affine,time_shuffle,1,1,endpoint,vector_correlation,nearest_neighbour,0.005336021892934123,1.1266921203112799,9.530867325894365,2.0321595568022564,1.8001365914909955,0.0058525210318632675,0.0012272128549136831,8
15,gaussian_score,affine,time_shuffle,1,1,endpoint,vector_correlation,px,0.005336021892934123,86.44483018826455,731.4077080545231,155.97129302271603,138.10971823262926,0.0058527398524774645,0.0012270691379570001,8
15,gaussian_score,affine,time_shuffle,1,1,endpoint,direction_correlation,nearest_neighbour,0.011839258438779811,1.1095070802504476,,1.6861230243064542,0.36792542876213996,0.0790465561629772,0.0022042189075967495,8
15,gaussian_score,affine,time_shuffle,1,1,endpoint,direction_correlation,px,0.011839258438779811,85.12503461279849,,129.41470340190884,28.26090818355631,0.07878696431203398,0.0022041510562929166,8
15,gaussian_score,affine,time_shuffle,1,1,start,vector_correlation,nearest_neighbour,0.007203934893562273,1.0135396703439283,1.1944317327349145,1.6579471162947268,1.591582386715653,0.010631062615800425,0.0007021510684700125,8
15,gaussian_score,affine,time_shuffle,1,1,start,vector_correlation,px,0.007203934893562273,77.75972497157372,91.65126053055891,127.24777400275731,122.20002291107983,0.010625346191306177,0.0007019337114935732,8
15,gaussian_score,affine,time_shuffle,1,1,start,direction_correlation,nearest_neighbour,0.015613439608126632,1.0119207168293627,1.1918705859853673,1.2942123624649482,0.9881042321136775,0.030675369097513405,0.0020261889325581903,8
15,gaussian_score,affine,time_shuffle,1,1,start,direction_correlation,px,0.015613439608126632,77.63539806624317,91.45457826228882,99.33393539159482,75.8604821600748,0.030651770400727578,0.0020257731083001313,8
15,gaussian_score,affine,time_shuffle,1,2,endpoint,vector_correlation,nearest_neighbour,0.009823969922338461,2.789247049063226,3.2657921915871757,2.5664628880774956,2.298253236050293,0.01970588818357667,0.00495272950967176,8
15,gaussian_score,affine,time_shuffle,1,2,endpoint,vector_correlation,px,0.009823969922338461,214.42423285670452,251.05728026883943,197.35402880906474,176.75065101329912,0.01969933817161461,0.004953037038485032,8
15,gaussian_score,affine,time_shuffle,1,2,endpoint,direction_correlation,nearest_neighbour,0.005240825597328734,3.2489822201675858,5.538783619431907,3.7734819710023837,2.401613599962823,0.012849583147774488,0.0037926888875706413,8
15,gaussian_score,affine,time_shuffle,1,2,endpoint,direction_correlation,px,0.005240825597328734,249.76506170430017,425.8014987044405,290.15818028268075,184.69015272896547,0.012845591900457441,0.003792911118944864,8
15,gaussian_score,affine,time_shuffle,1,2,start,vector_correlation,nearest_neighbour,0.00903528470186386,1.747091522716967,3.285123781091232,2.684727894456199,2.1122905714135602,0.020680036629492707,0.006620808326995032,8
15,gaussian_score,affine,time_shuffle,1,2,start,vector_correlation,px,0.00903528470186386,134.3154065958941,252.5440564542256,206.45183198577396,162.45546024552343,0.02067262922455414,0.006621124164971164,8
15,gaussian_score,affine,time_shuffle,1,2,start,direction_correlation,nearest_neighbour,0.0071787267384347195,1.7492206900441176,3.482220953634415,2.7582186374703515,2.5148578622504405,0.01394767174890617,0.004069012743812254,8
15,gaussian_score,affine,time_shuffle,1,2,start,direction_correlation,px,0.0071787267384347195,134.47911879361132,267.6953441444823,212.09226160763114,193.40168387110887,0.013944036070636722,0.004069177956474297,8
15,gaussian_score,affine,time_shuffle,1,3,endpoint,vector_correlation,nearest_neighbour,0.004180837837782696,2.3839973417547435,2.5316588867016536,6.044818705950014,4.717297210205516,0.011346352756939631,0.0038645100535374117,8
15,gaussian_score,affine,time_shuffle,1,3,endpoint,vector_correlation,px,0.004180837837782696,183.50584357614508,194.87088261823624,465.3741827402739,363.1764960797223,0.011345154357086341,0.00386466961485829,8
15,gaussian_score,affine,time_shuffle,1,3,endpoint,direction_correlation,nearest_neighbour,-0.00039461324950571235,,,,1.4619932345449322,0.03247314803447591,0.0023913596485051333,8
15,gaussian_score,affine,time_shuffle,1,3,endpoint,direction_correlation,px,-0.00039461324950571235,,,,112.53653581282039,0.03247296324144074,0.0023912567736046257,8
15,gaussian_score,affine,time_shuffle,1,3,start,vector_correlation,nearest_neighbour,0.004799375145717884,2.359616660814236,5.61690771817267,5.212800110295498,2.9571303391629327,0.01319677769156783,0.0056828187876412336,8
15,gaussian_score,affine,time_shuffle,1,3,start,vector_correlation,px,0.004799375145717884,181.63003450733117,432.35972262548415,401.3131381867862,227.67915633548134,0.013194498887529616,0.00568296494328206,8
15,gaussian_score,affine,time_shuffle,1,3,start,direction_correlation,nearest_neighbour,-5.813992311084096e-05,,,,0.2536573672975431,2.968163512262767,0.0030372303418875666,8
15,gaussian_score,affine,time_shuffle,1,3,start,direction_correlation,px,-5.813992311084096e-05,,,,19.531730597795914,2.963184467601861,0.0030372190714779116,8
15,gaussian_score,affine,time_shuffle,1,4,endpoint,vector_correlation,nearest_neighbour,-0.001885746041215641,,,,0.6235643311133167,0.22529350699294187,0.0011500659045359009,8
15,gaussian_score,affine,time_shuffle,1,4,endpoint,vector_correlation,px,-0.001885746041215641,,,,48.0580605304353,0.22528558429435927,0.0011500518750713316,8
15,gaussian_score,affine,time_shuffle,1,4,endpoint,direction_correlation,nearest_neighbour,-0.002726573692723826,,,,4.4328279718922925,0.00815469559530558,0.000778096512417724,8
15,gaussian_score,affine,time_shuffle,1,4,endpoint,direction_correlation,px,-0.002726573692723826,,,,341.6218572006552,0.008154741934475272,0.000778120294609201,8
15,gaussian_score,affine,time_shuffle,1,4,start,vector_correlation,nearest_neighbour,-0.003423071157474805,,,,0.40035867953255205,1.4747143470472748,0.0008098352299366871,8
15,gaussian_score,affine,time_shuffle,1,4,start,vector_correlation,px,-0.003423071157474805,,,,30.857827370837203,1.474077285273598,0.000809820245106954,8
15,gaussian_score,affine,time_shuffle,1,4,start,direction_correlation,nearest_neighbour,-0.004572854760183341,,,,3.275728398779028,0.01017639645168135,0.0016401913281979968,8
15,gaussian_score,affine,time_shuffle,1,4,start,direction_correlation,px,-0.004572854760183341,,,,252.44161352495078,0.010176664405493797,0.0016402071963377933,8
15,gaussian_score,affine,time_shuffle,1,5,endpoint,vector_correlation,nearest_neighbour,0.0016603240422606116,0.9212541075477277,1.0548784582466433,4.764039033754639,7.5413281855752095,0.003158674652928338,0.0014298839729156836,8
15,gaussian_score,affine,time_shuffle,1,5,endpoint,vector_correlation,px,0.0016603240422606116,71.08728425500198,81.40096742573088,367.62229000971166,581.9883172111656,0.0031585744110827203,0.0014298983460130847,8
15,gaussian_score,affine,time_shuffle,1,5,endpoint,direction_correlation,nearest_neighbour,0.004423154196606308,0.9417654748856561,1.0873269636012861,2.923909121040133,7.1017446644501705,0.005095601468805655,0.0016320596911522803,8
15,gaussian_score,affine,time_shuffle,1,5,endpoint,direction_correlation,px,0.004423154196606308,72.67043689907726,83.90547803207656,225.63536388768466,548.013212143437,0.005095595927566371,0.0016320528833678387,8
15,gaussian_score,affine,time_shuffle,1,5,start,vector_correlation,nearest_neighbour,0.003741515594309637,1.0329317059566583,1.2337469845521372,2.6329708415018445,6.5256434141418,0.005675469375979669,0.0015038292799454342,8
15,gaussian_score,affine,time_shuffle,1,5,start,vector_correlation,px,0.003741515594309637,79.71030514291327,95.20809704198655,203.1802423650412,503.5652241612171,0.005675440621654744,0.001503844666322726,8
15,gaussian_score,affine,time_shuffle,1,5,start,direction_correlation,nearest_neighbour,0.006094976159799026,0.9474215689376528,1.098471939586866,2.7582171085817087,7.202235915198834,0.00902491629427327,0.0017544191259008524,8
15,gaussian_score,affine,time_shuffle,1,5,start,direction_correlation,px,0.006094976159799026,73.1111144934244,84.76833115030529,212.84635003968236,555.769281350747,0.00902491144952563,0.0017544267420811657,8
15,gaussian_score,affine,time_shuffle,1,6,endpoint,vector_correlation,nearest_neighbour,3.026969412661249e-05,2.185755033647925,2.18659403105002,423.7515624643996,18.334685351759394,0.0053301082452528676,0.004050211882359679,8
15,gaussian_score,affine,time_shuffle,1,6,endpoint,vector_correlation,px,3.026969412661249e-05,168.72359842018673,168.7883632031425,32710.243818599454,1415.651942813893,0.005329970303337717,0.00405021973670174,8
15,gaussian_score,affine,time_shuffle,1,6,endpoint,direction_correlation,nearest_neighbour,0.002742770258260399,2.5081020151395452,4.916463021014748,6.534039219048355,6.040164899062994,0.006618268257467365,0.002695172749886615,8
15,gaussian_score,affine,time_shuffle,1,6,endpoint,direction_correlation,px,0.002742770258260399,193.60655066845516,379.5138456285161,504.3757939142583,466.2427737298848,0.006618302016379192,0.0026951720495435876,8
15,gaussian_score,affine,time_shuffle,1,6,start,vector_correlation,nearest_neighbour,0.004392152637279594,2.0008599031475662,2.1217598949748058,3.5206987326305668,11.556108500207442,0.006894182734560746,0.0021736063874978617,8
15,gaussian_score,affine,time_shuffle,1,6,start,vector_correlation,px,0.004392152637279594,154.4526454618136,163.78564828756438,271.76578035141495,892.0198443198108,0.0068942050077401415,0.002173612531057079,8
15,gaussian_score,affine,time_shuffle,1,6,start,direction_correlation,nearest_neighbour,0.007186870538738968,2.3052289363549057,4.789020285261452,2.585421565067309,4.294382167750896,0.008122697797685704,0.0017338350033385941,8
15,gaussian_score,affine,time_shuffle,1,6,start,direction_correlation,px,0.007186870538738968,177.9487351146096,369.6737713876682,199.57061717181423,331.4674250275075,0.008122994826891028,0.0017337914619714508,8
15,gaussian_score,affine,wrong_movie,0,0,current,vector_correlation,nearest_neighbour,-0.019588818501647405,,,,350916.1432724698,0.0009615736532679054,0.00024569021665301976,8
15,gaussian_score,affine,wrong_movie,0,0,current,vector_correlation,px,-0.019588818501647405,,,,24206747.01495367,0.000961574523350967,0.0002456910296158569,8
15,gaussian_score,affine,wrong_movie,0,0,current,direction_correlation,nearest_neighbour,-0.022926117927177827,,,,115584.15308519197,0.0017265883175515495,0.0010179529418204729,8
15,gaussian_score,affine,wrong_movie,0,0,current,direction_correlation,px,-0.022926117927177827,,,,16057695.99212571,0.0017265603209758516,0.001017952937556896,8
15,gaussian_score,affine,wrong_movie,0,1,endpoint,vector_correlation,nearest_neighbour,-0.0010060972079873188,,,,5.291152501894278,0.006886222447451851,0.000614260110503816,8
15,gaussian_score,affine,wrong_movie,0,1,endpoint,vector_correlation,px,-0.0010060972079873188,,,,406.0668640603911,0.006886008815715324,0.0006142818674668177,8
15,gaussian_score,affine,wrong_movie,0,1,endpoint,direction_correlation,nearest_neighbour,0.000974346715652501,1.3913039263710851,1.4069824092128633,19.953955935106766,11.974269849139443,0.003570292160416812,0.0014932319333884837,8
15,gaussian_score,affine,wrong_movie,0,1,endpoint,direction_correlation,px,0.000974346715652501,106.76288580752575,107.96651064007293,1531.3784291266215,919.1023040740675,0.0035700411468118547,0.0014932711500880407,8
15,gaussian_score,affine,wrong_movie,0,1,start,vector_correlation,nearest_neighbour,-0.0037470005561990967,,,,3.7428836868553677,0.0090369486630801,0.0008663132743091466,8
15,gaussian_score,affine,wrong_movie,0,1,start,vector_correlation,px,-0.0037470005561990967,,,,287.24236331660677,0.009036666441343554,0.0008663151366667149,8
15,gaussian_score,affine,wrong_movie,0,1,start,direction_correlation,nearest_neighbour,-0.0020201348704449646,,,,5.569177767002551,0.0057778050969046505,0.0007373651835388213,8
15,gaussian_score,affine,wrong_movie,0,1,start,direction_correlation,px,-0.0020201348704449646,,,,427.39833812282455,0.005777673717790775,0.0007373839854373143,8
15,gaussian_score,affine,wrong_movie,0,2,endpoint,vector_correlation,nearest_neighbour,0.003957973234373146,0.8509556998797909,0.9375135912913666,1.3899902561829092,1.5436312862170378,0.006157124976555107,0.0005204795532282268,8
15,gaussian_score,affine,wrong_movie,0,2,endpoint,vector_correlation,px,0.003957973234373146,65.39069771816881,72.04942468735725,106.8695483962068,118.69075670288541,0.0061548124518384165,0.0005204508859912079,8
15,gaussian_score,affine,wrong_movie,0,2,endpoint,direction_correlation,nearest_neighbour,-0.0013502190714395558,,,,939326.6227510216,0.0025736318441634655,0.000901173485303908,8
15,gaussian_score,affine,wrong_movie,0,2,endpoint,direction_correlation,px,-0.0013502190714395558,,,,37771336.753483854,0.0025736390593921864,0.0009011784385465249,8
15,gaussian_score,affine,wrong_movie,0,2,start,vector_correlation,nearest_neighbour,0.0007139658753947714,0.8283765962209884,0.9029206007297216,5.541218718080281,47.42100742596238,0.0009001168693557096,0.0005012634151368533,8
15,gaussian_score,affine,wrong_movie,0,2,start,vector_correlation,px,0.0007139658753947714,63.659344055448855,69.3937682201561,426.00004884412624,3645.9258450978564,0.0009001078726500497,0.0005012636512177602,8
15,gaussian_score,affine,wrong_movie,0,2,start,direction_correlation,nearest_neighbour,-0.005169155699705265,,,,491199.6938371759,0.0025899051624961905,0.00034819197278882657,8
15,gaussian_score,affine,wrong_movie,0,2,start,direction_correlation,px,-0.005169155699705265,,,,22212192.918387838,0.0025899190529462247,0.00034819861466069385,8
15,gaussian_score,affine,wrong_movie,0,3,endpoint,vector_correlation,nearest_neighbour,0.0015704184206188087,2.1388194669558716,2.2102705678928434,8.10955550581641,3.639527056108711,0.006327808726138241,0.002394652755010822,8
15,gaussian_score,affine,wrong_movie,0,3,endpoint,vector_correlation,px,0.0015704184206188087,164.6352830632644,170.1346468417014,624.3452726668762,280.21701775779763,0.006326755481843399,0.0023947584409506366,8
15,gaussian_score,affine,wrong_movie,0,3,endpoint,direction_correlation,nearest_neighbour,0.004482750498789504,1.7468886316810894,1.8991238077334316,2.760450165620899,2.4610888669649946,0.0097635589492282,0.003301890841147981,8
15,gaussian_score,affine,wrong_movie,0,3,endpoint,direction_correlation,px,0.004482750498789504,134.46932924213536,146.1866712309675,212.54323405978496,189.50921776905722,0.00976090152390819,0.003302014202021157,8
15,gaussian_score,affine,wrong_movie,0,3,start,vector_correlation,nearest_neighbour,0.001871151994971939,2.0811983657497004,2.171381209245552,7.237369737967941,3.7459357679984038,0.006502788792800818,0.0024529101716516248,8
15,gaussian_score,affine,wrong_movie,0,3,start,vector_correlation,px,0.001871151994971939,160.20042854251193,167.1417209617299,557.168166600517,288.3850282974746,0.006502090199953119,0.002452989757623624,8
15,gaussian_score,affine,wrong_movie,0,3,start,direction_correlation,nearest_neighbour,0.0034787398685858484,1.8717186799072514,1.9739235336645304,4.083904196929309,2.7073916285872346,0.009486832349577172,0.003243517211224906,8
15,gaussian_score,affine,wrong_movie,0,3,start,direction_correlation,px,0.0034787398685858484,144.07696537642482,151.9435811216394,314.41163860244905,208.44470713898923,0.009485225454365111,0.003243640200459688,8
15,gaussian_score,affine,wrong_movie,0,4,endpoint,vector_correlation,nearest_neighbour,-0.006458619792885375,,,,,,,8
15,gaussian_score,affine,wrong_movie,0,4,endpoint,vector_correlation,px,-0.006458619792885375,,,,,,,8
15,gaussian_score,affine,wrong_movie,0,4,endpoint,direction_correlation,nearest_neighbour,-0.006869312106882103,,,,,,,8
15,gaussian_score,affine,wrong_movie,0,4,endpoint,direction_correlation,px,-0.006869312106882103,,,,,,,8
15,gaussian_score,affine,wrong_movie,0,4,start,vector_correlation,nearest_neighbour,-0.003575936075077281,,,,,,,8
15,gaussian_score,affine,wrong_movie,0,4,start,vector_correlation,px,-0.003575936075077281,,,,,,,8
15,gaussian_score,affine,wrong_movie,0,4,start,direction_correlation,nearest_neighbour,-0.002983174250924591,,,,,,,8
15,gaussian_score,affine,wrong_movie,0,4,start,direction_correlation,px,-0.002983174250924591,,,,,,,8
15,gaussian_score,affine,wrong_movie,0,5,endpoint,vector_correlation,nearest_neighbour,0.0031866958415176527,0.8665463252138386,0.9683320209099533,1.1857577464906845,,,,8
15,gaussian_score,affine,wrong_movie,0,5,endpoint,vector_correlation,px,0.0031866958415176527,66.86471006838323,74.72095341947231,91.50896223930448,,,,8
15,gaussian_score,affine,wrong_movie,0,5,endpoint,direction_correlation,nearest_neighbour,-0.0018959224684451416,,,,12.159275989408512,0.0017661893524059374,0.0010805773991937131,8
15,gaussian_score,affine,wrong_movie,0,5,endpoint,direction_correlation,px,-0.0018959224684451416,,,,938.4298149227133,0.0017660569901289053,0.001080585368366669,8
15,gaussian_score,affine,wrong_movie,0,5,start,vector_correlation,nearest_neighbour,0.004873939086801592,0.8989224179088141,1.0217474123563057,1.5058594520164341,,,,8
15,gaussian_score,affine,wrong_movie,0,5,start,vector_correlation,px,0.004873939086801592,69.36822323941405,78.84716437011599,116.2066609073712,,,,8
15,gaussian_score,affine,wrong_movie,0,5,start,direction_correlation,nearest_neighbour,6.390305814109583e-05,1.268850679288432,1.2704943481821223,141.26412658244382,289432.784011835,0.0009222019047829656,0.001072042985567522,8
15,gaussian_score,affine,wrong_movie,0,5,start,direction_correlation,px,6.390305814109583e-05,97.91718561504719,98.04401440395014,10901.062196324308,43313771.49265246,0.0009221957488058045,0.001072042790671636,8
15,gaussian_score,affine,wrong_movie,0,6,endpoint,vector_correlation,nearest_neighbour,0.0018171873393668905,0.7474183230069533,0.7823774442377349,7.686071908100622,69.53560882115872,0.0026028443918775443,0.001182540491614246,8
15,gaussian_score,affine,wrong_movie,0,6,endpoint,vector_correlation,px,0.0018171873393668905,57.694883573958634,60.393643165569024,593.2987420317643,5365.818639080465,0.0026028923551204815,0.0011825382106455662,8
15,gaussian_score,affine,wrong_movie,0,6,endpoint,direction_correlation,nearest_neighbour,0.0028474188612884034,0.8401347375694399,0.9290526524200288,3.5712999416798703,7.557210169756872,0.003590797270567208,0.0011655710652859386,8
15,gaussian_score,affine,wrong_movie,0,6,endpoint,direction_correlation,px,0.0028474188612884034,64.85236649375001,71.71661442449403,275.67487078071383,583.3303473099926,0.0035908514178685015,0.0011655517259162211,8
15,gaussian_score,affine,wrong_movie,0,6,start,vector_correlation,nearest_neighbour,8.768006481185432e-05,0.684377702893139,0.6861403521037454,160.44241888919979,701833.0264096189,0.0020258643385681952,0.0013555333822604335,8
15,gaussian_score,affine,wrong_movie,0,6,start,vector_correlation,px,8.768006481185432e-05,52.83239246833383,52.96845470489042,12384.604520068084,86667924.44783036,0.0020258608264172224,0.0013555320669943786,8
15,gaussian_score,affine,wrong_movie,0,6,start,direction_correlation,nearest_neighbour,0.00032301192390086136,0.7186271306946811,0.7403221491093875,31.201751419432036,491055.1844478169,0.0012125159803003894,0.001081478993670163,8
15,gaussian_score,affine,wrong_movie,0,6,start,direction_correlation,px,0.00032301192390086136,55.476170776247045,57.15085040613553,2408.465518597064,36231728.771319844,0.0012125160733398967,0.001081479108642664,8
15,gaussian_score,affine,wrong_movie,1,0,current,vector_correlation,nearest_neighbour,-0.008690849154184933,,,,63.177864000898424,0.0015021818973791731,0.00012451363187015218,8
15,gaussian_score,affine,wrong_movie,1,0,current,vector_correlation,px,-0.008690849154184933,,,,4842.28592059484,0.0015021833793633377,0.00012451365680363996,8
15,gaussian_score,affine,wrong_movie,1,0,current,direction_correlation,nearest_neighbour,-0.01035267970542805,,,,,,,8
15,gaussian_score,affine,wrong_movie,1,0,current,direction_correlation,px,-0.01035267970542805,,,,,,,8
15,gaussian_score,affine,wrong_movie,1,1,endpoint,vector_correlation,nearest_neighbour,0.017763393557331118,1.0251653739192441,1.2129032474188812,0.7528080287341771,0.7032497846377967,0.0481698185270645,0.0013253202098372314,8
15,gaussian_score,affine,wrong_movie,1,1,endpoint,vector_correlation,px,0.017763393557331118,78.6476676442521,93.06576698618818,57.78733718701588,53.99231083287431,0.048109620398739464,0.0013252598289836496,8
15,gaussian_score,affine,wrong_movie,1,1,endpoint,direction_correlation,nearest_neighbour,0.008835418442340977,0.9146084918282537,1.0380048351668356,1.5421040098517753,1.8636919606735305,0.012318923175201026,0.0012121641477226967,8
15,gaussian_score,affine,wrong_movie,1,1,endpoint,direction_correlation,px,0.008835418442340977,70.15699882389978,79.63372668664915,118.35852643734206,143.06156712588515,0.01231403888819507,0.001212016698076301,8
15,gaussian_score,affine,wrong_movie,1,1,start,vector_correlation,nearest_neighbour,0.017546703724654358,0.9887809660880484,1.1552640393098461,0.7881236727254305,0.38873774446041354,0.10692824493406368,0.001163740405648,8
15,gaussian_score,affine,wrong_movie,1,1,start,vector_correlation,px,0.017546703724654358,75.8583899101073,88.64339275136507,60.496702205613516,29.849876755869666,0.10668105441343796,0.0011637131368657078,8
15,gaussian_score,affine,wrong_movie,1,1,start,direction_correlation,nearest_neighbour,0.007525061254121076,0.8904662192207978,0.9997323998241014,1.7716469679008313,2.3649551311650012,0.009541686625135309,0.0010114848598769496,8
15,gaussian_score,affine,wrong_movie,1,1,start,direction_correlation,px,0.007525061254121076,68.30834717176383,76.6994010034378,135.97318989810253,181.5200418207862,0.009539441967879078,0.0010113788639791188,8
15,gaussian_score,affine,wrong_movie,1,2,endpoint,vector_correlation,nearest_neighbour,-0.0023497034996964373,,,,1.429946621187744,0.022732119516488715,0.002335042724818145,8
15,gaussian_score,affine,wrong_movie,1,2,endpoint,vector_correlation,px,-0.0023497034996964373,,,,109.94101467282968,0.02272844566606094,0.0023351519016796183,8
15,gaussian_score,affine,wrong_movie,1,2,endpoint,direction_correlation,nearest_neighbour,-0.003026235731737875,,,,3.51700073112966,0.007074062979310158,0.0010792620319553575,8
15,gaussian_score,affine,wrong_movie,1,2,endpoint,direction_correlation,px,-0.003026235731737875,,,,270.3965402579029,0.007073640135885512,0.0010792802335473763,8
15,gaussian_score,affine,wrong_movie,1,2,start,vector_correlation,nearest_neighbour,-0.0023054387394328057,,,,1.1412090911406219,0.03356686732809202,0.0019503926668890154,8
15,gaussian_score,affine,wrong_movie,1,2,start,vector_correlation,px,-0.0023054387394328057,,,,87.74027499529888,0.033561766716802346,0.0019505028712319657,8
15,gaussian_score,affine,wrong_movie,1,2,start,direction_correlation,nearest_neighbour,-8.281568878443015e-05,,,,3.8453320661862334,0.0067800001628624176,0.0011811076450597023,8
15,gaussian_score,affine,wrong_movie,1,2,start,direction_correlation,px,-8.281568878443015e-05,,,,295.617925395609,0.0067799798409778145,0.0011811129975957172,8
15,gaussian_score,affine,wrong_movie,1,3,endpoint,vector_correlation,nearest_neighbour,0.0016742981452382943,1.4219400921827776,1.4382035183897401,6.036589597920949,672687.7795257686,0.005076612179658281,0.0024090791590442692,8
15,gaussian_score,affine,wrong_movie,1,3,endpoint,vector_correlation,px,0.0016742981452382943,109.45259203706819,110.70466062645691,464.7201355919518,51778438.74144584,0.005076612171421556,0.00240907916039063,8
15,gaussian_score,affine,wrong_movie,1,3,endpoint,direction_correlation,nearest_neighbour,0.0021659875379415926,1.372443834393533,1.3929091466433665,3.388167685010626,336345.0361274511,0.003933356470617495,0.0012636373723818033,8
15,gaussian_score,affine,wrong_movie,1,3,endpoint,direction_correlation,px,0.0021659875379415926,105.6420352157958,107.21759342314814,260.84298332753923,25889292.303218994,0.003933356474408489,0.0012636373744179068,8
15,gaussian_score,affine,wrong_movie,1,3,start,vector_correlation,nearest_neighbour,0.00014137276952673312,1.4180334444555949,1.4201428015674353,65.45860957388705,14.689162631548685,0.0034072586048879195,0.0026738287186351376,8
15,gaussian_score,affine,wrong_movie,1,3,start,vector_correlation,px,0.00014137276952673312,109.15369590423806,109.31607294608017,5038.691317689952,1130.9082303655036,0.0034071195590490867,0.0026738463181514107,8
15,gaussian_score,affine,wrong_movie,1,3,start,direction_correlation,nearest_neighbour,0.003126246545510329,1.284462281759361,1.3331235005532707,1.681581735744113,186399.4128497067,0.0029061925688129444,0.0009640016472506309,8
15,gaussian_score,affine,wrong_movie,1,3,start,direction_correlation,px,0.003126246545510329,98.87146813337854,102.6173794898926,129.4489019544371,25507769.813603446,0.0029061839448496383,0.0009639987603053991,8
15,gaussian_score,affine,wrong_movie,1,4,endpoint,vector_correlation,nearest_neighbour,0.006857277824320779,0.94905088600725,1.0968023251725343,0.5657186350784014,,,,8
15,gaussian_score,affine,wrong_movie,1,4,endpoint,vector_correlation,px,0.006857277824320779,73.13055545619201,84.52239262763295,43.60725779783204,,,,8
15,gaussian_score,affine,wrong_movie,1,4,endpoint,direction_correlation,nearest_neighbour,0.006549242569939097,1.0477473503371837,1.2529378327928489,0.8745191037715789,3.7405769107945375,0.007896605184491281,0.00014433922139918702,8
15,gaussian_score,affine,wrong_movie,1,4,endpoint,direction_correlation,px,0.006549242569939097,80.74018726347195,96.56065289460174,67.40478404097789,288.28493052055234,0.00789604395688055,0.0001443541803291694,8
15,gaussian_score,affine,wrong_movie,1,4,start,vector_correlation,nearest_neighbour,0.007630570145534218,1.0310095525591185,1.2282620715342616,0.5419722549605395,,,,8
15,gaussian_score,affine,wrong_movie,1,4,start,vector_correlation,px,0.007630570145534218,79.45545427484323,94.66128189839895,41.77358405022159,,,,8
15,gaussian_score,affine,wrong_movie,1,4,start,direction_correlation,nearest_neighbour,0.008928410531731983,1.0805292724105273,1.3079898404168406,0.8847577865477813,0.2104421379657315,0.23934595837382733,0.0008686970096937593,8
15,gaussian_score,affine,wrong_movie,1,4,start,direction_correlation,px,0.008928410531731983,83.27283682559371,100.80638126712971,68.19069023434002,16.22256374520048,0.23900496912219224,0.0008686970094520139,8
15,gaussian_score,affine,wrong_movie,1,5,endpoint,vector_correlation,nearest_neighbour,-0.008114097907170012,,,,1.0209591934673192,0.053298310687529056,0.0009238570272737433,8
15,gaussian_score,affine,wrong_movie,1,5,endpoint,vector_correlation,px,-0.008114097907170012,,,,78.80432632591568,0.05328010580935087,0.0009238014833111388,8
15,gaussian_score,affine,wrong_movie,1,5,endpoint,direction_correlation,nearest_neighbour,-0.01278295045104179,,,,1.5306158630720617,0.02352137041693913,0.000813549583463558,8
15,gaussian_score,affine,wrong_movie,1,5,endpoint,direction_correlation,px,-0.01278295045104179,,,,118.10794669516646,0.02352288123882723,0.0008135668510391962,8
15,gaussian_score,affine,wrong_movie,1,5,start,vector_correlation,nearest_neighbour,-0.008341131616082681,,,,0.936354440152804,0.03982979241365154,0.002128680016269974,8
15,gaussian_score,affine,wrong_movie,1,5,start,vector_correlation,px,-0.008341131616082681,,,,72.26410762074437,0.039824110390395476,0.0021287160931209317,8
15,gaussian_score,affine,wrong_movie,1,5,start,direction_correlation,nearest_neighbour,-0.010553507597820371,,,,3.6866669754112276,0.010706528076879477,0.0026185017855025316,8
15,gaussian_score,affine,wrong_movie,1,5,start,direction_correlation,px,-0.010553507597820371,,,,284.4775002431012,0.010706807068845919,0.0026185105426930785,8
15,gaussian_score,affine,wrong_movie,1,6,endpoint,vector_correlation,nearest_neighbour,-8.872799249319369e-05,,,,,,,8
15,gaussian_score,affine,wrong_movie,1,6,endpoint,vector_correlation,px,-8.872799249319369e-05,,,,,,,8
15,gaussian_score,affine,wrong_movie,1,6,endpoint,direction_correlation,nearest_neighbour,-0.006429598767678089,,,,,,,8
15,gaussian_score,affine,wrong_movie,1,6,endpoint,direction_correlation,px,-0.006429598767678089,,,,,,,8
15,gaussian_score,affine,wrong_movie,1,6,start,vector_correlation,nearest_neighbour,0.002459358237455429,0.7537273693379647,0.7958499090486169,3.4425331143665545,,,,8
15,gaussian_score,affine,wrong_movie,1,6,start,vector_correlation,px,0.002459358237455429,58.18562478714041,61.437143539702504,265.73778630064965,,,,8
15,gaussian_score,affine,wrong_movie,1,6,start,direction_correlation,nearest_neighbour,-0.005410294643737072,,,,7.425231336801671,0.003779359725414258,0.000989392363248883,8
15,gaussian_score,affine,wrong_movie,1,6,start,direction_correlation,px,-0.005410294643737072,,,,573.1675502522979,0.003779354091561835,0.0009894026361078822,8
15,gaussian_score,none,real,0,0,current,vector_correlation,nearest_neighbour,0.29161270812012274,,,5.406979960198752,14.293142981692736,0.24260869862695175,0.030431896707065066,8
15,gaussian_score,none,real,0,0,current,vector_correlation,px,0.29161270812012274,,,414.45803138131697,1095.455170173077,0.24260979032245195,0.030429259238969688,8
15,gaussian_score,none,real,0,0,current,direction_correlation,nearest_neighbour,0.3192067416352901,,,5.259469118687913,14.34244119513909,0.2579900827248605,0.03533383688189479,8
15,gaussian_score,none,real,0,0,current,direction_correlation,px,0.3192067416352901,,,403.15081044198564,1099.2207165435543,0.2579919192918056,0.0353310092970667,8
15,gaussian_score,none,real,0,1,endpoint,vector_correlation,nearest_neighbour,-0.030297123116109922,,,,,,,8
15,gaussian_score,none,real,0,1,endpoint,vector_correlation,px,-0.030297123116109922,,,,,,,8
15,gaussian_score,none,real,0,1,endpoint,direction_correlation,nearest_neighbour,-0.04473725903620953,,,,,,,8
15,gaussian_score,none,real,0,1,endpoint,direction_correlation,px,-0.04473725903620953,,,,,,,8
15,gaussian_score,none,real,0,1,start,vector_correlation,nearest_neighbour,-0.026841867683233173,,,,,,,8
15,gaussian_score,none,real,0,1,start,vector_correlation,px,-0.026841867683233173,,,,,,,8
15,gaussian_score,none,real,0,1,start,direction_correlation,nearest_neighbour,-0.04144681574210268,,,,,,,8
15,gaussian_score,none,real,0,1,start,direction_correlation,px,-0.04144681574210268,,,,,,,8
15,gaussian_score,none,real,0,2,endpoint,vector_correlation,nearest_neighbour,0.044170613508917794,1.9563811963489721,2.527705571658068,0.9531559611826271,1.4749047583378614,0.07091490225433293,0.000273961883668163,8
15,gaussian_score,none,real,0,2,endpoint,vector_correlation,px,0.044170613508917794,150.40026582782636,194.31898481217914,73.30322760694932,113.44291912101804,0.07087650682373291,0.0002728402039984319,8
15,gaussian_score,none,real,0,2,endpoint,direction_correlation,nearest_neighbour,0.033072924258337084,1.945459043862074,2.4133664755732527,0.997420216764202,1.6310228573306744,0.051215160256033634,0.0004958534289444262,8
15,gaussian_score,none,real,0,2,endpoint,direction_correlation,px,0.033072924258337084,149.5606605764019,185.52953551350862,76.70726903868584,125.45154726435798,0.05118985159571704,0.0004966550959661891,8
15,gaussian_score,none,real,0,2,start,vector_correlation,nearest_neighbour,0.04443449193749709,1.9390776597658113,2.571935642667722,0.9700674627034093,1.0832271744228361,0.08915374871425268,0.005103880841701569,8
15,gaussian_score,none,real,0,2,start,vector_correlation,px,0.04443449193749709,149.07325281855145,197.71973541955552,74.60208434881244,83.3078602543716,0.08910020024018402,0.0051058961218489,8
15,gaussian_score,none,real,0,2,start,direction_correlation,nearest_neighbour,0.031170439561442588,1.9751170147087878,2.46647141430196,1.0761304181834916,1.9070884068205813,0.04645095747483147,0.002098075211482036,8
15,gaussian_score,none,real,0,2,start,direction_correlation,px,0.031170439561442588,151.84351629507796,189.61281459071407,82.75836104048564,146.68612923657207,0.04643275861711378,0.002098793550688918,8
15,gaussian_score,none,real,0,3,endpoint,vector_correlation,nearest_neighbour,0.024196028973289794,4.165020550697916,,4.387415250772738,3.841907549344643,0.035668995804521764,0.004236672011237814,8
15,gaussian_score,none,real,0,3,endpoint,vector_correlation,px,0.024196028973289794,320.5980694818289,,337.74714291085763,295.7729140532877,0.03566518765869245,0.004237162873702107,8
15,gaussian_score,none,real,0,3,endpoint,direction_correlation,nearest_neighbour,0.014133335114072061,6.729334983014586,,6.101339713880952,4.411888899898329,0.02594533930208356,0.005005705213958585,8
15,gaussian_score,none,real,0,3,endpoint,direction_correlation,px,0.014133335114072061,517.9853494673721,,469.68774903283156,339.66092765456006,0.02594253865649855,0.0050060652096930456,8
15,gaussian_score,none,real,0,3,start,vector_correlation,nearest_neighbour,0.02477970768637837,3.988418895016964,,4.286126106930669,3.6394509244306406,0.03746112637126036,0.00475862822631348,8
15,gaussian_score,none,real,0,3,start,vector_correlation,px,0.02477970768637837,307.00225837408203,,329.9411634039801,280.17749270127126,0.03745798619133132,0.004759062394118561,8
15,gaussian_score,none,real,0,3,start,direction_correlation,nearest_neighbour,0.016646640404305968,4.914633893590371,,5.154958631095939,4.048242118269561,0.027455537950491073,0.00430594640258266,8
15,gaussian_score,none,real,0,3,start,direction_correlation,px,0.016646640404305968,378.3040765530962,,396.823425882326,311.6502568761816,0.02745328257204914,0.004306278495386529,8
15,gaussian_score,none,real,0,4,endpoint,vector_correlation,nearest_neighbour,0.03169559343899132,3.9331527466309404,,4.185092913190753,3.990782089419358,0.04018119800439187,0.004595755558575531,8
15,gaussian_score,none,real,0,4,endpoint,vector_correlation,px,0.03169559343899132,303.1146821904079,,322.5518005130152,307.5872751136817,0.04017879580227951,0.004595891606916815,8
15,gaussian_score,none,real,0,4,endpoint,direction_correlation,nearest_neighbour,0.024408126559430515,4.757456077835757,,5.511015722710078,5.664051932246911,0.032300198635799096,0.004608660869218269,8
15,gaussian_score,none,real,0,4,endpoint,direction_correlation,px,0.024408126559430515,366.64919481055256,,424.738036389612,436.5451744699478,0.03229894312429649,0.004608800942224919,8
15,gaussian_score,none,real,0,4,start,vector_correlation,nearest_neighbour,0.028340888720650863,3.9918541922968322,,4.676766322575952,4.254399729410416,0.03856772606542357,0.005440530009830452,8
15,gaussian_score,none,real,0,4,start,vector_correlation,px,0.028340888720650863,307.638102168121,,360.4324653071732,327.89273038483583,0.03856653690365323,0.0054406965624896,8
15,gaussian_score,none,real,0,4,start,direction_correlation,nearest_neighbour,0.020239812577506622,,,6.638470964956284,5.981282603923777,0.03128115231919176,0.006061637732022097,8
15,gaussian_score,none,real,0,4,start,direction_correlation,px,0.020239812577506622,,,511.6156818533187,460.9840374847336,0.031280420876396285,0.006061771833891592,8
15,gaussian_score,none,real,0,5,endpoint,vector_correlation,nearest_neighbour,0.01435398004132404,1.295424862494964,1.5167135254596207,0.5096231208331798,,,,8
15,gaussian_score,none,real,0,5,endpoint,vector_correlation,px,0.01435398004132404,99.96685213149864,117.04309210450657,39.33309804321421,,,,8
15,gaussian_score,none,real,0,5,endpoint,direction_correlation,nearest_neighbour,0.00872678375190879,1.3127479380682952,1.4298386606080633,0.862165484951767,1.3944005125982182,0.013581339163097337,0.0007764126286926127,8
15,gaussian_score,none,real,0,5,endpoint,direction_correlation,px,0.00872678375190879,101.3036264225883,110.33919674921327,66.53630733116287,107.60990566697185,0.013580201835010384,0.0007762484562636599,8
15,gaussian_score,none,real,0,5,start,vector_correlation,nearest_neighbour,0.017699065094394947,1.1329579490927082,1.3896737245011084,0.3845809963521651,,,,8
15,gaussian_score,none,real,0,5,start,vector_correlation,px,0.017699065094394947,87.42976708530507,107.24013414483656,29.67925666900897,,,,8
15,gaussian_score,none,real,0,5,start,direction_correlation,nearest_neighbour,0.010348419988501377,1.3142483170579848,1.4091948990519003,0.8826185954760913,1.4547935999734443,0.015888966235612124,0.0007436546596088647,8
15,gaussian_score,none,real,0,5,start,direction_correlation,px,0.010348419988501377,101.42015840930647,108.74642713106044,68.11009117251895,112.26599279514454,0.015888756487456586,0.000743573469670985,8
15,gaussian_score,none,real,0,6,endpoint,vector_correlation,nearest_neighbour,0.023379699521638393,,,9.067529760577479,30.061773749159553,0.027406653419903254,0.0026439065610033554,8
15,gaussian_score,none,real,0,6,endpoint,vector_correlation,px,0.023379699521638393,,,699.9270185754567,2320.4929161606087,0.027406674632927,0.0026439110842568113,8
15,gaussian_score,none,real,0,6,endpoint,direction_correlation,nearest_neighbour,0.02532881150070422,,,8.359053097447312,16.77240885409804,0.031212047106598105,0.0036567915603373134,8
15,gaussian_score,none,real,0,6,endpoint,direction_correlation,px,0.02532881150070422,,,645.2394613800425,1294.6761527166257,0.031212092003896092,0.0036567964914559397,8
15,gaussian_score,none,real,0,6,start,vector_correlation,nearest_neighbour,0.025758166335908758,,,8.16907310189958,31.10551639106404,0.027021170968299757,0.00189125628883278,8
15,gaussian_score,none,real,0,6,start,vector_correlation,px,0.025758166335908758,,,630.5709191044562,2401.051001645459,0.027021211981491586,0.0018912693073947868,8
15,gaussian_score,none,real,0,6,start,direction_correlation,nearest_neighbour,0.028916347885897135,,,7.314553836690921,16.140226050321314,0.03150828605093514,0.0025039902346297663,8
15,gaussian_score,none,real,0,6,start,direction_correlation,px,0.028916347885897135,,,564.6103899550696,1245.8641505228413,0.0315084259655572,0.002503983347616568,8
15,gaussian_score,translation,real,0,0,current,vector_correlation,nearest_neighbour,0.18772669410382425,1.6712944985408695,,1.8452983932349332,1.1521623346011807,0.33600069285646766,0.014148115465052668,8
15,gaussian_score,translation,real,0,0,current,vector_correlation,px,0.18772669410382425,128.09897673401676,,141.4659265363133,88.35650721272235,0.33572911331499145,0.014144167812774196,8
15,gaussian_score,translation,real,0,0,current,direction_correlation,nearest_neighbour,0.21024429577638917,1.6778821637345829,,1.9136502820926844,1.1457008891306408,0.3754683710531397,0.01726432342961075,8
15,gaussian_score,translation,real,0,0,current,direction_correlation,px,0.21024429577638917,128.60411211556985,,146.7042601412579,87.86115803709248,0.3751629043447489,0.017259949988732853,8
15,gaussian_score,translation,real,0,1,endpoint,vector_correlation,nearest_neighbour,0.028110986487203813,1.2473306965930693,1.565126751390946,0.46579736689928486,,,,8
15,gaussian_score,translation,real,0,1,endpoint,vector_correlation,px,0.028110986487203813,95.70976402860623,120.10712777077946,35.770179513740516,,,,8
15,gaussian_score,translation,real,0,1,endpoint,direction_correlation,nearest_neighbour,0.024491467309851925,1.1923712979249006,1.5140283847894396,0.4272533601436207,,,,8
15,gaussian_score,translation,real,0,1,endpoint,direction_correlation,px,0.024491467309851925,91.48893178522698,116.18434623860938,32.81057959372734,,,,8
15,gaussian_score,translation,real,0,1,start,vector_correlation,nearest_neighbour,0.033210105283649684,1.1803307461336494,1.4784994050415161,0.41708553275617966,,,,8
15,gaussian_score,translation,real,0,1,start,vector_correlation,px,0.033210105283649684,90.56838075021312,113.45989015873226,32.02805244873081,,,,8
15,gaussian_score,translation,real,0,1,start,direction_correlation,nearest_neighbour,0.028732963901078913,1.1804633645125167,1.4570983585588302,0.4171949021697292,,,,8
15,gaussian_score,translation,real,0,1,start,direction_correlation,px,0.028732963901078913,90.57856512702578,111.81702698104135,32.03644993307654,,,,8
15,gaussian_score,translation,real,0,2,endpoint,vector_correlation,nearest_neighbour,0.0678712738070777,2.262087236572833,,1.9815856964513126,1.6221652747769477,0.1096324485520284,0.004425277587343266,8
15,gaussian_score,translation,real,0,2,endpoint,vector_correlation,px,0.0678712738070777,173.90043185023208,,152.3664565634314,124.74367314834778,0.10959059802292345,0.004426881161946487,8
15,gaussian_score,translation,real,0,2,endpoint,direction_correlation,nearest_neighbour,0.061593532896237244,2.3296170814962025,,2.1942702289413143,1.817314758010379,0.09356382671054417,0.003901687895546947,8
15,gaussian_score,translation,real,0,2,endpoint,direction_correlation,px,0.061593532896237244,179.0915709131188,,168.71679017988123,139.74742559113025,0.09353339602785485,0.0039024567095266283,8
15,gaussian_score,translation,real,0,2,start,vector_correlation,nearest_neighbour,0.06898242791893298,2.275843122064717,,1.9441699804481292,1.5991003400910373,0.11181279826782764,0.004266803503379232,8
15,gaussian_score,translation,real,0,2,start,vector_correlation,px,0.06898242791893298,174.959650115017,,149.48705369843987,122.96693743103644,0.11177596387661466,0.004268636799234533,8
15,gaussian_score,translation,real,0,2,start,direction_correlation,nearest_neighbour,0.05959867774510108,2.419297161317413,,2.2758031831460044,1.8802575593723625,0.09115917558027246,0.004094807542335341,8
15,gaussian_score,translation,real,0,2,start,direction_correlation,px,0.05959867774510108,185.98663675589177,,174.98288082761286,144.58264374071828,0.09113534257206138,0.0040960133612163285,8
15,gaussian_score,translation,real,0,3,endpoint,vector_correlation,nearest_neighbour,0.02818642434173027,2.5481778855577977,4.32567309568676,1.8667140983765522,2.0475228358752195,0.04533645696326891,0.004169481851649333,8
15,gaussian_score,translation,real,0,3,endpoint,vector_correlation,px,0.02818642434173027,196.14231095739197,332.96530741140344,143.7176610915524,157.64756653807797,0.04532481794186207,0.004170764575442228,8
15,gaussian_score,translation,real,0,3,endpoint,direction_correlation,nearest_neighbour,0.025927860970196122,2.4781971667304634,9.156079999309965,2.0039865103500496,1.8001303479950057,0.046470171086877024,0.0045647790828613755,8
15,gaussian_score,translation,real,0,3,endpoint,direction_correlation,px,0.025927860970196122,190.7561042245226,704.7746605626044,154.2883411775533,138.58987687870894,0.046458651265205576,0.004565839611293001,8
15,gaussian_score,translation,real,0,3,start,vector_correlation,nearest_neighbour,0.02790485295960331,2.5168735923893757,4.311946793487886,1.9092915342174797,2.0398914809419164,0.04654055251289541,0.005241126906848452,8
15,gaussian_score,translation,real,0,3,start,vector_correlation,px,0.02790485295960331,193.7339592085102,331.9080604050821,146.9878880762487,157.05045482534538,0.04653167653240995,0.005242190121375066,8
15,gaussian_score,translation,real,0,3,start,direction_correlation,nearest_neighbour,0.028296541818065284,2.407796534953458,8.512883097901007,1.8340789014821377,1.7468907743198834,0.048969248299528874,0.003720500288046027,8
15,gaussian_score,translation,real,0,3,start,direction_correlation,px,0.028296541818065284,185.33839612199728,655.2659386925873,141.1987035306535,134.48205990154304,0.04896102275416086,0.003721501947040125,8
15,gaussian_score,translation,real,0,4,endpoint,vector_correlation,nearest_neighbour,0.01684513287649174,2.2810146896530235,2.9908231316460117,1.6920647641118598,1.9487534124472043,0.03045286292841332,0.005496516676902496,8
15,gaussian_score,translation,real,0,4,endpoint,vector_correlation,px,0.01684513287649174,175.79284215304202,230.49168093625914,130.42777948164715,150.22955517454344,0.030445365974604878,0.005497084828900034,8
15,gaussian_score,translation,real,0,4,endpoint,direction_correlation,nearest_neighbour,0.010632953011915686,2.544864378300144,3.5131092528087384,2.6435848191216658,3.0767377213665412,0.021569540725338756,0.007073187068871286,8
15,gaussian_score,translation,real,0,4,endpoint,direction_correlation,px,0.010632953011915686,196.1258160755084,270.73938125352055,203.7684441529552,237.20618978755846,0.02156521174645262,0.007073519743151909,8
15,gaussian_score,translation,real,0,4,start,vector_correlation,nearest_neighbour,0.01339926369205568,2.3949854990108945,2.8672326576994847,2.2513612933090554,2.6270652153330856,0.025807215728573685,0.007209553543042139,8
15,gaussian_score,translation,real,0,4,start,vector_correlation,px,0.01339926369205568,184.5755856552646,220.96745250352322,173.5200228476261,202.5001404349082,0.025804288580534067,0.007209844870445876,8
15,gaussian_score,translation,real,0,4,start,direction_correlation,nearest_neighbour,0.008406307975687114,2.7520504419062224,3.2357848125442255,3.5882853015810774,4.645238131485597,0.01895015473271015,0.007835783694338854,8
15,gaussian_score,translation,real,0,4,start,direction_correlation,px,0.008406307975687114,212.0915880394096,249.36783490483384,276.55665127258,358.10058683911984,0.018948306164856956,0.007835937392764631,8
15,gaussian_score,translation,real,0,5,endpoint,vector_correlation,nearest_neighbour,0.04353017330484399,3.299024843267965,,2.7315158465120692,2.7780895824580356,0.05147078810417388,0.002489009471529195,8
15,gaussian_score,translation,real,0,5,endpoint,vector_correlation,px,0.04353017330484399,254.56957117412463,,210.788413940275,214.3791379648624,0.05147015989224862,0.0024886757423396907,8
15,gaussian_score,translation,real,0,5,endpoint,direction_correlation,nearest_neighbour,0.029542826220638703,4.714646005789762,,4.0350287379144465,4.342146053495081,0.03664965202765271,0.0032068726769377835,8
15,gaussian_score,translation,real,0,5,endpoint,direction_correlation,px,0.029542826220638703,363.8195014807882,,311.37591065256333,335.075545730433,0.03664925820190235,0.0032069234729556976,8
15,gaussian_score,translation,real,0,5,start,vector_correlation,nearest_neighbour,0.04292741726219178,3.298685541445472,,2.741279171083425,2.7120066978266566,0.05093314297762413,0.0034916885717472183,8
15,gaussian_score,translation,real,0,5,start,vector_correlation,px,0.04292741726219178,254.54425064846748,,211.5363392801889,209.2766985751249,0.0509335029407047,0.0034916577937420842,8
15,gaussian_score,translation,real,0,5,start,direction_correlation,nearest_neighbour,0.02893685040452645,4.667339953380073,,4.108056777276998,4.310444137404297,0.0362596748295853,0.0041204729949326805,8
15,gaussian_score,translation,real,0,5,start,direction_correlation,px,0.02893685040452645,360.16787472629335,,317.0048795114112,332.6252924949937,0.03625969357108974,0.004120547700880738,8
15,gaussian_score,translation,real,0,6,endpoint,vector_correlation,nearest_neighbour,-0.0007553294234927545,,,,1.7424637325935821,0.010921826744355712,0.0016000128598848533,8
15,gaussian_score,translation,real,0,6,endpoint,vector_correlation,px,-0.0007553294234927545,,,,134.4956733889574,0.010922620170376611,0.0016000071684679786,8
15,gaussian_score,translation,real,0,6,endpoint,direction_correlation,nearest_neighbour,-0.0007038098973307241,,,,1.4257873092016242,0.031429527187365774,0.0015333719065970728,8
15,gaussian_score,translation,real,0,6,endpoint,direction_correlation,px,-0.0007038098973307241,,,,110.05337325957771,0.031431918142318126,0.0015334014569016732,8
15,gaussian_score,translation,real,0,6,start,vector_correlation,nearest_neighbour,0.0028527041880161714,0.9897794715418307,1.1692788363426705,2.3424516484198445,6.622842066439852,0.004137999421960944,0.000728424682099801,8
15,gaussian_score,translation,real,0,6,start,vector_correlation,px,0.0028527041880161714,76.40693437981624,90.26283088397028,180.810985986064,511.22131592994094,0.004138038953042318,0.0007284298247396217,8
15,gaussian_score,translation,real,0,6,start,direction_correlation,nearest_neighbour,0.0017896797052642547,3.4972697917619042,3.7473612733480506,9.638255086989515,6.354203422832793,0.00719520778977284,0.0035207722740661627,8
15,gaussian_score,translation,real,0,6,start,direction_correlation,px,0.0017896797052642547,269.9506163750161,289.2571165187131,743.9663223730134,490.50626744940826,0.00719516400362593,0.00352079585877221,8
15,raw,affine,real,0,0,current,vector_correlation,nearest_neighbour,0.0992957860764532,1.6057010321856586,3.26524717481427,0.9093675054844415,0.8456600735464016,0.233918036099725,0.005010159907367404,8
15,raw,affine,real,0,0,current,vector_correlation,px,0.0992957860764532,123.0693372972177,250.27056880825518,69.73194921520025,64.85347474758467,0.233650441949385,0.005012903993839245,8
15,raw,affine,real,0,0,current,direction_correlation,nearest_neighbour,0.1853593700252156,1.5193299947716552,,1.2063123895233376,0.8023625319975161,0.4447308216784069,0.007202711411395729,8
15,raw,affine,real,0,0,current,direction_correlation,px,0.1853593700252156,116.44649511317739,,92.48844691969238,61.53488159270914,0.4441826793617156,0.00720142231177283,8
15,raw,affine,real,0,1,endpoint,vector_correlation,nearest_neighbour,0.03143006225239009,1.3441090037020484,2.105471833733705,0.569993884145387,0.5717705778085983,0.10817334197185681,0.0011931135520227296,8
15,raw,affine,real,0,1,endpoint,vector_correlation,px,0.03143006225239009,103.13976860493331,161.5794532195213,43.768672923913556,43.90804272923821,0.10797697052860827,0.0011938759094365704,8
15,raw,affine,real,0,1,endpoint,direction_correlation,nearest_neighbour,0.04305966614154298,1.385320462979006,1.949283531269431,0.584651092165784,0.5974492365658737,0.14110858799336592,0.002345879650217253,8
15,raw,affine,real,0,1,endpoint,direction_correlation,px,0.04305966614154298,106.303540015205,149.59334810085832,44.89428231284382,45.877938669902306,0.1408716355697433,0.002346949376349067,8
15,raw,affine,real,0,1,start,vector_correlation,nearest_neighbour,0.03271962559904191,1.2943629174966658,1.7635687252185708,0.4884220020112666,,,,8
15,raw,affine,real,0,1,start,vector_correlation,px,0.03271962559904191,99.32455078168285,135.34339429424995,37.50533228783489,,,,8
15,raw,affine,real,0,1,start,direction_correlation,nearest_neighbour,0.04916356281100384,1.247682517682643,1.8134860753480961,0.47787002136580636,0.45981465648798686,0.22828548249025313,0.0027460645458042823,8
15,raw,affine,real,0,1,start,direction_correlation,px,0.04916356281100384,95.74063384449877,139.17387668539428,36.69474074189882,35.309107367557715,0.22782490759759946,0.002747048687488194,8
15,raw,affine,real,0,2,endpoint,vector_correlation,nearest_neighbour,0.04989763440263606,2.1688008596626074,4.793033446231162,1.4435391126833594,1.3757434021759418,0.08281120344550585,0.0024688454645995636,8
15,raw,affine,real,0,2,endpoint,vector_correlation,px,0.04989763440263606,166.72934244874796,368.4707873606116,111.00023250819278,105.79642604970348,0.08277307405914289,0.002469064274357083,8
15,raw,affine,real,0,2,endpoint,direction_correlation,nearest_neighbour,0.05557961824434711,2.28272504939822,4.836737308116267,1.906903282228944,1.7367987279376178,0.08930627241966424,0.004631720208946349,8
15,raw,affine,real,0,2,endpoint,direction_correlation,px,0.05557961824434711,175.48689715978497,371.8307838029436,146.62712144948998,133.56171488312114,0.08927306574261379,0.004633314615179307,8
15,raw,affine,real,0,2,start,vector_correlation,nearest_neighbour,0.050149545486712965,2.151366348371782,4.945611386186961,1.385820818132561,1.3339326534508549,0.0861422088413321,0.0015693800487910792,8
15,raw,affine,real,0,2,start,vector_correlation,px,0.050149545486712965,165.39140283692308,380.20367342393524,106.56155537541642,102.57847824241229,0.08610713043913384,0.0015708055342562974,8
15,raw,affine,real,0,2,start,direction_correlation,nearest_neighbour,0.0553601685116341,2.335170848378451,4.869022485997378,1.890676704200158,1.7211386590910767,0.08922350835104269,0.00424065343124598,8
15,raw,affine,real,0,2,start,direction_correlation,px,0.0553601685116341,179.520037880346,374.3153446783044,145.37674185043784,132.3537254888714,0.08919503353148217,0.00424240269114482,8
15,raw,affine,real,0,3,endpoint,vector_correlation,nearest_neighbour,0.020039209773130926,2.616144805160619,3.9169991921791008,1.9145966839364532,2.308896069748251,0.030127846559054924,0.005149651005637079,8
15,raw,affine,real,0,3,endpoint,vector_correlation,px,0.020039209773130926,201.3737378063575,301.50506879122975,147.3992231341133,177.76682269503908,0.030121395766340982,0.005150147572110201,8
15,raw,affine,real,0,3,endpoint,direction_correlation,nearest_neighbour,0.018245665066939493,2.8098761512156254,3.8282087239150493,2.465690627748495,2.1870132861722684,0.03730765680472274,0.007100365577721089,8
15,raw,affine,real,0,3,endpoint,direction_correlation,px,0.018245665066939493,216.28527670146923,294.66986523453465,189.83623722892938,168.37524627217303,0.03729970420706281,0.0071013310779221555,8
15,raw,affine,real,0,3,start,vector_correlation,nearest_neighbour,0.021016814430349147,2.495519418502738,3.8193445066203378,1.9075388652349858,2.1718698129794896,0.03385122166469037,0.006185005545707448,8
15,raw,affine,real,0,3,start,vector_correlation,px,0.021016814430349147,192.09034763482106,293.9865856428562,146.85018235605108,167.20864450410593,0.03384543525291364,0.006185517908487272,8
15,raw,affine,real,0,3,start,direction_correlation,nearest_neighbour,0.020817056392602326,2.71369692100893,3.8749943739059245,2.218726887696939,2.1440763548216926,0.03938145594323969,0.006946961808702504,8
15,raw,affine,real,0,3,start,direction_correlation,px,0.020817056392602326,208.88307672896232,298.2706198303772,170.8113064041194,165.06247388770092,0.039375309323800706,0.006947879927719242,8
15,raw,affine,real,0,4,endpoint,vector_correlation,nearest_neighbour,0.014061154352867901,2.427923898312872,4.361306702860669,2.146814703219581,1.9523054709178413,0.027939031269981818,0.005369787252715828,8
15,raw,affine,real,0,4,endpoint,vector_correlation,px,0.014061154352867901,187.1140674028613,336.1153409353906,165.47699916686753,150.46876549299003,0.027935790402881796,0.005370338561516599,8
15,raw,affine,real,0,4,endpoint,direction_correlation,nearest_neighbour,0.01871995622190224,2.470768580650307,4.2771100197256136,2.2162046706611123,2.1866891745777406,0.03371779748824891,0.0054709406323895145,8
15,raw,affine,real,0,4,endpoint,direction_correlation,px,0.01871995622190224,190.41579575552126,329.6257453888098,170.82163063487957,168.55759653778483,0.03371161592729169,0.005471622455595147,8
15,raw,affine,real,0,4,start,vector_correlation,nearest_neighbour,0.01093416855224555,2.459495436361748,4.310182510541183,2.7681608748814335,2.2794951554535388,0.02423210203815205,0.006398536824299767,8
15,raw,affine,real,0,4,start,vector_correlation,px,0.01093416855224555,189.54703854394882,332.17379414932503,213.34991728865856,175.69775890677994,0.024229556385966116,0.006398848108969122,8
15,raw,affine,real,0,4,start,direction_correlation,nearest_neighbour,0.01574614030716721,2.6178754856577573,3.9832278677425617,2.5426420545816937,2.3162271874047913,0.031786040777105735,0.007016232631266576,8
15,raw,affine,real,0,4,start,direction_correlation,px,0.01574614030716721,201.75215570658057,306.9732136550261,195.96674360529835,178.52623914085882,0.03178307394313864,0.0070166590463880095,8
15,raw,affine,real,0,5,endpoint,vector_correlation,nearest_neighbour,0.026136930663367117,1.8768891396630702,9.541431029358113,1.667989244822376,1.3959946188255268,0.040563147371375785,0.001646613268827575,8
15,raw,affine,real,0,5,endpoint,vector_correlation,px,0.026136930663367117,144.836463218175,736.2767463937901,128.71993363758787,107.73044879228758,0.04056047219642887,0.001646307444705729,8
15,raw,affine,real,0,5,endpoint,direction_correlation,nearest_neighbour,0.02249076913754596,3.731643705314008,,3.211110280081297,3.3506805896812346,0.02853813235872035,0.003047698945958395,8
15,raw,affine,real,0,5,endpoint,direction_correlation,px,0.02249076913754596,287.95362444091495,,247.79781624490045,258.5668366801281,0.028537694852840766,0.003047723581760469,8
15,raw,affine,real,0,5,start,vector_correlation,nearest_neighbour,0.02555107313026426,1.6052583009845405,9.796209519941556,1.6938726618772535,1.2876290291597259,0.04125323417019401,0.0021334159264075107,8
15,raw,affine,real,0,5,start,vector_correlation,px,0.02555107313026426,123.87507251138422,755.9373202947918,130.7121640664612,99.36568818879246,0.041252557724463686,0.00213333378071793,8
15,raw,affine,real,0,5,start,direction_correlation,nearest_neighbour,0.02413060622758278,1.7234583089401039,,2.993510671055315,3.1154641394101996,0.029627968519901217,0.004058707741226515,8
15,raw,affine,real,0,5,start,direction_correlation,px,0.02413060622758278,132.99562222481583,,230.99987674915764,240.41199310021693,0.029628009261429576,0.004058751099121183,8
15,raw,affine,real,0,6,endpoint,vector_correlation,nearest_neighbour,-0.0004042938154381005,,,,,,,8
15,raw,affine,real,0,6,endpoint,vector_correlation,px,-0.0004042938154381005,,,,,,,8
15,raw,affine,real,0,6,endpoint,direction_correlation,nearest_neighbour,0.004897214187157183,3.8945763833578457,4.205171713846108,5.205522414649945,6.543976089837598,0.010379258567024825,0.0038965836796391886,8
15,raw,affine,real,0,6,endpoint,direction_correlation,px,0.004897214187157183,300.62272557178653,324.6011323770588,401.8194883305666,505.1493609734744,0.010379202180238621,0.003896604440768471,8
15,raw,affine,real,0,6,start,vector_correlation,nearest_neighbour,0.0004015600929545815,0.7023724729556539,0.7146076591881132,9.14865511603913,158531.87548464042,0.001042581664208797,0.0005832525748180386,8
15,raw,affine,real,0,6,start,vector_correlation,px,0.0004015600929545815,54.221442908032586,55.16590014516045,706.1906179872407,11557751.13799746,0.0010425820055209472,0.000583252808589132,8
15,raw,affine,real,0,6,start,direction_correlation,nearest_neighbour,0.006085981571221453,3.685482096943717,4.123786270372063,3.862099729112405,5.466290871396986,0.010254715055296612,0.0023909095746273874,8
15,raw,affine,real,0,6,start,direction_correlation,px,0.006085981571221453,284.48000969625883,318.3173355765059,298.1143504342062,421.94429443456437,0.010254819068769459,0.002390933698375812,8
15,raw,none,real,0,0,current,vector_correlation,nearest_neighbour,0.1998397019813861,,,5.734223026461066,15.36691895038759,0.17218752308429736,0.019612663719822787,8
15,raw,none,real,0,0,current,vector_correlation,px,0.1998397019813861,,,439.54157115900466,1177.7646253583412,0.17218787892298704,0.019610975838128084,8
15,raw,none,real,0,0,current,direction_correlation,nearest_neighbour,0.3223305613503581,,,5.299600753782109,14.52833154948789,0.26142018870493955,0.035252332958481666,8
15,raw,none,real,0,0,current,direction_correlation,px,0.3223305613503581,,,406.2268620362063,1113.4693104083178,0.2614219496002619,0.03524950363307401,8
15,raw,none,real,0,1,endpoint,vector_correlation,nearest_neighbour,-0.021500569010582435,,,,,,,8
15,raw,none,real,0,1,endpoint,vector_correlation,px,-0.021500569010582435,,,,,,,8
15,raw,none,real,0,1,endpoint,direction_correlation,nearest_neighbour,-0.047433445944726434,,,,,,,8
15,raw,none,real,0,1,endpoint,direction_correlation,px,-0.047433445944726434,,,,,,,8
15,raw,none,real,0,1,start,vector_correlation,nearest_neighbour,-0.021286275024823567,,,,,,,8
15,raw,none,real,0,1,start,vector_correlation,px,-0.021286275024823567,,,,,,,8
15,raw,none,real,0,1,start,direction_correlation,nearest_neighbour,-0.04400095831315027,,,,,,,8
15,raw,none,real,0,1,start,direction_correlation,px,-0.04400095831315027,,,,,,,8
15,raw,none,real,0,2,endpoint,vector_correlation,nearest_neighbour,0.039201685984474176,1.9850157387468348,2.889356475039645,0.8909220272529301,0.9866288753635105,0.07911242878504195,0.004101603457398407,8
15,raw,none,real,0,2,endpoint,vector_correlation,px,0.039201685984474176,152.60145393596002,222.1198591908067,68.51514143215621,75.87943706057797,0.07905500245955392,0.004101703655821142,8
15,raw,none,real,0,2,endpoint,direction_correlation,nearest_neighbour,0.035079963927453536,1.9505522636601142,2.4587599732321053,0.9856330381109505,1.5841193779096054,0.05493221418910014,0.00040676992577191575,8
15,raw,none,real,0,2,endpoint,direction_correlation,px,0.035079963927453536,149.95218542411146,189.01901426420505,75.80085565245162,121.84386180797021,0.05490429240503745,0.0004076332538674719,8
15,raw,none,real,0,2,start,vector_correlation,nearest_neighbour,0.039543590827742475,1.8985214692804209,2.863971744425555,0.9245415882698786,1.0127194478501,0.08004376942710398,0.002559619157870988,8
15,raw,none,real,0,2,start,vector_correlation,px,0.039543590827742475,145.95579043814817,220.16918477786416,71.09960077570805,77.88531804484053,0.079992996167786,0.0025607639931646627,8
15,raw,none,real,0,2,start,direction_correlation,nearest_neighbour,0.033221874672535026,1.9889284352960144,2.519977615921725,1.057286343001793,1.8425224836793643,0.04980574461180786,0.0017672079281672859,8
15,raw,none,real,0,2,start,direction_correlation,px,0.033221874672535026,152.9051688710544,193.725714956146,81.30912243340998,141.71888731227293,0.04978579199909273,0.001767985323795912,8
15,raw,none,real,0,3,endpoint,vector_correlation,nearest_neighbour,0.016328916088004748,4.198610030327333,,4.285667970704431,4.171722578849624,0.02301842393014528,0.004524870400476078,8
15,raw,none,real,0,3,endpoint,vector_correlation,px,0.016328916088004748,323.1838304888297,,329.90831815921115,321.1549930274284,0.02301640963237028,0.004525056274697164,8
15,raw,none,real,0,3,endpoint,direction_correlation,nearest_neighbour,0.013747606812625896,,,6.318932868522063,4.497641865907914,0.025867525938911284,0.005099646518559543,8
15,raw,none,real,0,3,endpoint,direction_correlation,px,0.013747606812625896,,,486.4377375204488,346.26213642777395,0.02586478975411095,0.005100008955655624,8
15,raw,none,real,0,3,start,vector_correlation,nearest_neighbour,0.016889466301057678,4.053031416661664,,4.2249510553443566,3.713993873485928,0.026051963933397402,0.005071148313509105,8
15,raw,none,real,0,3,start,vector_correlation,px,0.016889466301057678,311.9762549920314,,325.229039870987,285.9132737087342,0.026049913957744343,0.005071368692877394,8
15,raw,none,real,0,3,start,direction_correlation,nearest_neighbour,0.015959822072442485,4.964040854784772,,5.413224790203516,4.170011911330792,0.027148922924207782,0.004464408852354955,8
15,raw,none,real,0,3,start,direction_correlation,px,0.015959822072442485,382.1075197809501,,416.7040520599442,321.02417398889185,0.027146749398846592,0.004464737550811583,8
15,raw,none,real,0,4,endpoint,vector_correlation,nearest_neighbour,0.027120706915126983,4.884574640596987,,4.612158790165542,4.824457031490351,0.03279651935242664,0.004566656189022173,8
15,raw,none,real,0,4,endpoint,vector_correlation,px,0.027120706915126983,376.44706365842364,,355.4656550998261,371.83538088504724,0.03279509203332155,0.004566720306282286,8
15,raw,none,real,0,4,endpoint,direction_correlation,nearest_neighbour,0.024168836027228628,4.83395472284392,,5.623520874009032,5.929084393763218,0.03178746828415724,0.004482811081279913,8
15,raw,none,real,0,4,endpoint,direction_correlation,px,0.024168836027228628,372.5454516163952,,433.4083658033068,456.9697729594763,0.031786336462904345,0.00448293928608064,8
15,raw,none,real,0,4,start,vector_correlation,nearest_neighbour,0.023581005987806845,,,5.304230206734319,5.44106908381967,0.030548497284391022,0.0051163559945347865,8
15,raw,none,real,0,4,start,vector_correlation,px,0.023581005987806845,,,408.7900401110462,419.3461715382966,0.030547845624611988,0.005116447133084232,8
15,raw,none,real,0,4,start,direction_correlation,nearest_neighbour,0.020224357751871265,,,6.714675657791727,6.226048081585682,0.030899615224690088,0.005875759374090806,8
15,raw,none,real,0,4,start,direction_correlation,px,0.020224357751871265,,,517.4884094485827,479.84683659385064,0.030898951322488058,0.005875884450750224,8
15,raw,none,real,0,5,endpoint,vector_correlation,nearest_neighbour,0.009209224875680783,1.0219137651880326,1.2141196919550465,0.287469688722668,,,,8
15,raw,none,real,0,5,endpoint,vector_correlation,px,0.009209224875680783,78.85661530541338,93.69186817543832,22.18810624834505,,,,8
15,raw,none,real,0,5,endpoint,direction_correlation,nearest_neighbour,0.007317221019489436,1.3314556133907984,1.423251928110145,0.8591093712295047,1.3496015883898371,0.01210820330237183,0.00011197662008562715,8
15,raw,none,real,0,5,endpoint,direction_correlation,px,0.007317221019489436,102.74724648366302,109.83091664455003,66.3014605479834,104.15514795363842,0.012106912926962888,0.00011183118536932691,8
15,raw,none,real,0,5,start,vector_correlation,nearest_neighbour,0.011523729489868765,0.955734279606456,1.1116224542358568,0.2898073829308121,,,,8
15,raw,none,real,0,5,start,vector_correlation,px,0.011523729489868765,73.75264267277089,85.78321378683172,22.365701170199117,,,,8
15,raw,none,real,0,5,start,direction_correlation,nearest_neighbour,0.009103496328846578,1.3230076581129555,1.402646493675543,0.8723643228908504,1.3874997519175185,0.014767532424829538,0.00018666092043259546,8
15,raw,none,real,0,5,start,direction_correlation,px,0.009103496328846578,102.0960467356321,108.24113903665337,67.31913402765616,107.07380775034267,0.014767232632683478,0.00018658595269876538,8
15,raw,none,real,0,6,endpoint,vector_correlation,nearest_neighbour,0.018782656183251947,,,8.84598082113591,60.257889104659235,0.019632085813439247,0.0016256267959381824,8
15,raw,none,real,0,6,endpoint,vector_correlation,px,0.018782656183251947,,,682.826481585095,4651.266694321909,0.019632117085402575,0.001625619361493401,8
15,raw,none,real,0,6,endpoint,direction_correlation,nearest_neighbour,0.026840176378167477,,,8.060379434971459,17.15775956895698,0.03169703064403119,0.0033656758401118332,8
15,raw,none,real,0,6,endpoint,direction_correlation,px,0.026840176378167477,,,622.1847448006541,1324.4192120188445,0.03169708701141072,0.0033656737796442884,8
15,raw,none,real,0,6,start,vector_correlation,nearest_neighbour,0.0199081510699265,,,8.25319999720106,73.54816397127303,0.019091983909011827,0.002030259443975201,8
15,raw,none,real,0,6,start,vector_correlation,px,0.0199081510699265,,,637.0652245742386,5677.157386737557,0.019092007138609916,0.0020302581497132284,8
15,raw,none,real,0,6,start,direction_correlation,nearest_neighbour,0.03059647423093976,,,7.0623140899087735,16.503740614215364,0.03198326964754251,0.002357318068173265,8
15,raw,none,real,0,6,start,direction_correlation,px,0.03059647423093976,,,545.1399869192172,1273.9224654930747,0.03198341571075908,0.002357304046744772,8
15,raw,translation,real,0,0,current,vector_correlation,nearest_neighbour,0.11946887900738978,1.754064564840957,,1.9587949806505836,1.2758162276202547,0.20644077934797353,0.009269496894321187,8
15,raw,translation,real,0,0,current,vector_correlation,px,0.11946887900738978,134.44570016215465,,150.16784033953587,97.83442308177518,0.20629699353398034,0.009268207529646907,8
15,raw,translation,real,0,0,current,direction_correlation,nearest_neighbour,0.20461749879472646,1.6855215261255068,,1.9989181977727632,1.2188272344844466,0.3512348418645524,0.017719852290144063,8
15,raw,translation,real,0,0,current,direction_correlation,px,0.20461749879472646,129.1898905549241,,153.240268289431,93.46867023622298,0.3509672642688169,0.017715353611720157,8
15,raw,translation,real,0,1,endpoint,vector_correlation,nearest_neighbour,0.02103629089651871,1.1315146949044752,1.5258283497804175,0.3730496577132397,,,,8
15,raw,translation,real,0,1,endpoint,vector_correlation,px,0.02103629089651871,86.81519956697556,117.0902202973214,28.648550607111947,,,,8
15,raw,translation,real,0,1,endpoint,direction_correlation,nearest_neighbour,0.020406408835525656,1.152969595845823,1.4400619196385758,0.3938308461960179,,,,8
15,raw,translation,real,0,1,endpoint,direction_correlation,px,0.020406408835525656,88.46291660657624,110.50599871418659,30.24423328123795,,,,8
15,raw,translation,real,0,1,start,vector_correlation,nearest_neighbour,0.02248459542664199,1.1318108719670728,1.4406838397472326,0.37253459775546854,,,,8
15,raw,translation,real,0,1,start,vector_correlation,px,0.02248459542664199,86.84231588924843,110.55695735982422,28.607390609972498,,,,8
15,raw,translation,real,0,1,start,direction_correlation,nearest_neighbour,0.02558867709578916,1.1138763057215226,1.3747335696909395,0.353405495000236,,,,8
15,raw,translation,real,0,1,start,direction_correlation,px,0.02558867709578916,85.46503785149497,105.49424837865774,27.138640474796524,,,,8
15,raw,translation,real,0,2,endpoint,vector_correlation,nearest_neighbour,0.05198599528852053,2.2835373275581974,,1.8168955947965915,1.5663663465560056,0.08115073108899208,0.002903710082375975,8
15,raw,translation,real,0,2,endpoint,vector_correlation,px,0.05198599528852053,175.5493384239545,,139.70262966504185,120.44913332807612,0.08112088230417569,0.0029039190103329576,8
15,raw,translation,real,0,2,endpoint,direction_correlation,nearest_neighbour,0.06002352360975385,2.4517697858048906,,2.494619177796893,2.0928428515954627,0.08813645721888357,0.004552674478246246,8
15,raw,translation,real,0,2,endpoint,direction_correlation,px,0.06002352360975385,188.48166614721336,,191.80781294615716,160.92926305184204,0.08811316484058025,0.0045535205742486245,8
15,raw,translation,real,0,2,start,vector_correlation,nearest_neighbour,0.05276365141360258,2.289094068795076,,1.7749979987954783,1.5189277799473708,0.08454260395417308,0.002406639090543744,8
15,raw,translation,real,0,2,start,vector_correlation,px,0.05276365141360258,175.97822033678133,,136.47964399334543,116.80035259512876,0.08451447889680401,0.0024073437160946876,8
15,raw,translation,real,0,2,start,direction_correlation,nearest_neighbour,0.05960793811477953,2.527200519712344,,2.5094241438640084,2.110495322024598,0.08747035337173065,0.004279699387848393,8
15,raw,translation,real,0,2,start,direction_correlation,px,0.05960793811477953,194.28092318884816,,192.942934111042,162.28252571180744,0.08745125565027748,0.004280715162078536,8
15,raw,translation,real,0,3,endpoint,vector_correlation,nearest_neighbour,0.021090432654553865,2.5284487458612617,4.12691791887025,1.7664570824255121,2.245432391931228,0.029220184667024342,0.00459105976798801,8
15,raw,translation,real,0,3,endpoint,vector_correlation,px,0.021090432654553865,194.6238082970595,317.6648802591592,135.99359864887398,172.8741059939563,0.02921457512625534,0.004591297178336842,8
15,raw,translation,real,0,3,endpoint,direction_correlation,nearest_neighbour,0.025256186745816166,2.4609945967232267,4.886904567194037,2.0850881829550176,1.9548582321920234,0.04468434096132669,0.005295652560724322,8
15,raw,translation,real,0,3,endpoint,direction_correlation,px,0.025256186745816166,189.4320771745087,376.16962230213693,160.53224614732392,150.51750239698953,0.04467129104400083,0.005296727852524194,8
15,raw,translation,real,0,3,start,vector_correlation,nearest_neighbour,0.020689675850016267,2.4864063289652467,4.06295948813271,1.8778996024286692,2.1982881014464324,0.0317177141637495,0.005185781462913425,8
15,raw,translation,real,0,3,start,vector_correlation,px,0.020689675850016267,191.3889213227847,312.7405370949848,144.56799035653614,169.24063551663355,0.031712649344848694,0.005186191339332968,8
15,raw,translation,real,0,3,start,direction_correlation,nearest_neighbour,0.027739197198749715,2.4155863058362175,4.8733166568853505,1.889536166949928,1.8624014406708436,0.04762706239366252,0.0045000490414412436,8
15,raw,translation,real,0,3,start,direction_correlation,px,0.027739197198749715,185.93796778640632,375.12339592954964,145.46835846379275,143.37508542889395,0.04761943778137313,0.0045010474937267845,8
15,raw,translation,real,0,4,endpoint,vector_correlation,nearest_neighbour,0.013022199529776594,2.30223910797665,3.3231214341387596,1.8628471005019651,2.0614820070423,0.02473312077863461,0.005652014248655805,8
15,raw,translation,real,0,4,endpoint,vector_correlation,px,0.013022199529776594,177.42845385383418,256.09879924315334,143.59256751323298,158.9227057616173,0.024727025318311082,0.005652453402889079,8
15,raw,translation,real,0,4,endpoint,direction_correlation,nearest_neighbour,0.010296307719915637,2.456575550535355,3.3376016120307384,2.5771372985763326,2.696508134168262,0.022165554620836695,0.007680879070137145,8
15,raw,translation,real,0,4,endpoint,direction_correlation,px,0.010296307719915637,189.32204205298186,257.21465095110136,198.64976275700616,207.89046117557302,0.022160574708768744,0.007681235001183238,8
15,raw,translation,real,0,4,start,vector_correlation,nearest_neighbour,0.00997029604593897,2.3813632963898583,3.4999192573073197,2.4202795768458887,2.6402726495055804,0.020638528922868788,0.006585158402534522,8
15,raw,translation,real,0,4,start,vector_correlation,px,0.00997029604593897,183.5257917575854,269.7218584480957,186.53975989783646,203.52081922215686,0.020636045683138315,0.006585391887208901,8
15,raw,translation,real,0,4,start,direction_correlation,nearest_neighbour,0.007536862946930995,2.5951326363747977,3.09355513156879,3.8246713902756992,4.185428993709238,0.01895760562820641,0.008580568204946808,8
15,raw,translation,real,0,4,start,direction_correlation,px,0.007536862946930995,199.99960696133303,238.40771087511425,294.77708577602425,322.65362920028934,0.01895556204075724,0.00858073345259007,8
15,raw,translation,real,0,5,endpoint,vector_correlation,nearest_neighbour,0.03124561069822104,2.3092743711358383,,1.998275264077345,1.7198846030616628,0.04310517418620891,0.002171733575380381,8
15,raw,translation,real,0,5,endpoint,vector_correlation,px,0.03124561069822104,178.20098597367206,,154.206931359533,132.72419020459176,0.04310318891097384,0.0021714175055515205,8
15,raw,translation,real,0,5,endpoint,direction_correlation,nearest_neighbour,0.03236856287643007,4.969841289138857,,3.8679767124112674,4.343545851337794,0.03814600863270619,0.0023546483994922236,8
15,raw,translation,real,0,5,endpoint,direction_correlation,px,0.03236856287643007,383.5148917950813,,298.4852077362193,335.18222007391194,0.03814567464027469,0.0023546674370554625,8
15,raw,translation,real,0,5,start,vector_correlation,nearest_neighbour,0.029729819427424517,1.6713377657956896,,2.073010599627013,1.6891483911401202,0.041426092937318866,0.0026799316076680586,8
15,raw,translation,real,0,5,start,vector_correlation,px,0.029729819427424517,128.97389656623213,,159.96884053277446,130.34811073559453,0.041426091571273506,0.002679872200487809,8
15,raw,translation,real,0,5,start,direction_correlation,nearest_neighbour,0.03212431970157211,4.851417643730275,,3.8754611261155048,4.277499544474173,0.0378813717149296,0.003407639917698942,8
15,raw,translation,real,0,5,start,direction_correlation,px,0.03212431970157211,374.374405955769,,299.05676206925693,330.0821743753145,0.03788144167787734,0.0034077142894794158,8
15,raw,translation,real,0,6,endpoint,vector_correlation,nearest_neighbour,0.0003704861247537871,0.7781754252633037,0.8310344635780794,44.64293816423889,807507.5883233737,0.00241588068614055,0.0016959000531709654,8
15,raw,translation,real,0,6,endpoint,vector_correlation,px,0.0003704861247537871,60.0692574655821,64.14984735551602,3446.061386760538,63290790.23037223,0.00241588058732159,0.0016959000418634315,8
15,raw,translation,real,0,6,endpoint,direction_correlation,nearest_neighbour,0.002311965498883029,3.400002891097679,3.6165338421509388,6.764387922839994,5.07510068348201,0.007295818317881491,0.0032457463539075923,8
15,raw,translation,real,0,6,endpoint,direction_correlation,px,0.002311965498883029,262.44367734896946,279.15744097864655,522.1438751188073,391.7708151224332,0.007295708202398346,0.0032457765955272895,8
15,raw,translation,real,0,6,start,vector_correlation,nearest_neighbour,0.002516183042185649,0.7932806648340027,0.8584223012032685,6.529312506694179,43.73591862930642,0.002874939215801232,0.0005368775541430566,8
15,raw,translation,real,0,6,start,vector_correlation,px,0.002516183042185649,61.23881870456402,66.26722519862176,504.00031719085825,3375.812384269244,0.0028749557919119937,0.000536874561365388,8
15,raw,translation,real,0,6,start,direction_correlation,nearest_neighbour,0.004271902714484226,3.2800255572993198,3.5631952086342236,3.3098511422918775,4.001019749779781,0.0074012215866268325,0.002015600043601232,8
15,raw,translation,real,0,6,start,direction_correlation,px,0.004271902714484226,253.18452053306117,275.03939392880216,255.48366003030083,308.8442695720245,0.007401271617289472,0.0020156399561666533,8
16,gaussian_score,affine,real,0,0,current,vector_correlation,nearest_neighbour,0.1851479282998396,1.5335820476363136,,1.0839840272465768,0.9434087393200883,0.3681295906293921,0.006544340541113283,8
16,gaussian_score,affine,real,0,0,current,vector_correlation,px,0.1851479282998396,118.41522237827333,,83.72679088215439,72.88152086872864,0.3678253429153937,0.006534852473358179,8
16,gaussian_score,affine,real,0,0,current,direction_correlation,nearest_neighbour,0.18426458734104506,1.6301219754351803,,1.4848302513569216,1.1379621421980768,0.31999172982898827,0.009383929852490628,8
16,gaussian_score,affine,real,0,0,current,direction_correlation,px,0.18426458734104506,125.86472399081799,,114.67635500866686,87.90175357710903,0.3198020978202648,0.009375346467364922,8
16,gaussian_score,affine,real,0,1,endpoint,vector_correlation,nearest_neighbour,0.02245598979162952,1.111566944715117,1.4209244649476014,0.3819055978380811,,,,8
16,gaussian_score,affine,real,0,1,endpoint,vector_correlation,px,0.02245598979162952,86.02670214761349,109.97383186755661,29.582302530827363,,,,8
16,gaussian_score,affine,real,0,1,endpoint,direction_correlation,nearest_neighbour,0.016192098038588853,0.9495906852313323,1.1151474022047458,0.3002429598197921,,,,8
16,gaussian_score,affine,real,0,1,endpoint,direction_correlation,px,0.016192098038588853,73.47813047361186,86.30408617646754,23.26032415441856,,,,8
16,gaussian_score,affine,real,0,1,start,vector_correlation,nearest_neighbour,0.022959902939230874,1.0240365441599713,1.2318506402029867,0.2998044905013614,,,,8
16,gaussian_score,affine,real,0,1,start,vector_correlation,px,0.022959902939230874,79.24344776806542,95.34089142026275,23.223092102099006,,,,8
16,gaussian_score,affine,real,0,1,start,direction_correlation,nearest_neighbour,0.016244916433455176,0.9087662264485233,1.0494956825900492,0.2998044905013614,,,,8
16,gaussian_score,affine,real,0,1,start,direction_correlation,px,0.016244916433455176,70.31451811669646,81.21553269452221,23.223092102099006,,,,8
16,gaussian_score,affine,real,0,2,endpoint,vector_correlation,nearest_neighbour,0.03535019118024855,2.0954946845183717,3.3382536336108743,1.4804159575183575,1.6181525741108513,0.06329725387564314,0.008322710374757526,8
16,gaussian_score,affine,real,0,2,endpoint,vector_correlation,px,0.03535019118024855,162.58497236314602,259.01574327050906,114.8938131284567,125.60657715064744,0.06327122528030274,0.008325266936749988,8
16,gaussian_score,affine,real,0,2,endpoint,direction_correlation,nearest_neighbour,0.03485851067491639,2.1656523518305977,3.943228505338236,1.5459640402909658,1.532356630367657,0.06528007224837133,0.008494387302579278,8
16,gaussian_score,affine,real,0,2,endpoint,direction_correlation,px,0.03485851067491639,168.02793427434415,305.9567844145643,119.97984203498903,118.93753638996459,0.06525488988727184,0.0084971487358297,8
16,gaussian_score,affine,real,0,2,start,vector_correlation,nearest_neighbour,0.036573347100387496,1.9805417038722517,3.172187138093382,1.3808195219343589,1.4953271313437033,0.0658207321028296,0.007520028482608571,8
16,gaussian_score,affine,real,0,2,start,vector_correlation,px,0.036573347100387496,153.66810311095648,246.1298125895379,107.16006192405754,116.06221696806082,0.0657984031165339,0.007522179379895718,8
16,gaussian_score,affine,real,0,2,start,direction_correlation,nearest_neighbour,0.040096699377030275,2.0506649316719887,3.3943248654344287,1.2776197525540907,1.4693098469481942,0.06919688246955079,0.005724440846505891,8
16,gaussian_score,affine,real,0,2,start,direction_correlation,px,0.040096699377030275,159.10874442833443,263.36675345729225,99.15093500758937,114.03082023850743,0.06917884002261779,0.005726967071651485,8
16,gaussian_score,affine,real,0,3,endpoint,vector_correlation,nearest_neighbour,0.02833179865635497,3.07486733549259,9.492684292963103,2.559537179464667,2.2493070548361698,0.04852773258905931,0.006042877767735014,8
16,gaussian_score,affine,real,0,3,endpoint,vector_correlation,px,0.02833179865635497,239.24268988828612,738.5958965245007,199.16799841007543,175.02241999401397,0.048523513258279555,0.006043985388572429,8
16,gaussian_score,affine,real,0,3,endpoint,direction_correlation,nearest_neighbour,0.04113326951280667,1.7451613697920856,4.744212346109622,1.4144748216806298,1.3776715563721218,0.0711193587878067,0.004231079707097658,8
16,gaussian_score,affine,real,0,3,endpoint,direction_correlation,px,0.04113326951280667,135.78291350489445,369.12976893909035,110.0728348623631,107.2119661405032,0.07110316142284769,0.004232713194632264,8
16,gaussian_score,affine,real,0,3,start,vector_correlation,nearest_neighbour,0.030741121494945702,2.9492383148265495,9.930040195904406,2.338642231859611,2.1900917459507956,0.04956505748322522,0.004268699651400362,8
16,gaussian_score,affine,real,0,3,start,vector_correlation,px,0.030741121494945702,229.46773817188867,772.6250776852987,181.9738542381489,170.40932291945057,0.049562528811163756,0.004269604805678307,8
16,gaussian_score,affine,real,0,3,start,direction_correlation,nearest_neighbour,0.043106849531251275,1.975905514406988,4.721090628175685,1.35298471979763,1.3363564516589281,0.0734652316303654,0.002088914673897904,8
16,gaussian_score,affine,real,0,3,start,direction_correlation,px,0.043106849531251275,153.7353991117939,367.3298788559534,105.2835173948903,103.99310805695251,0.07345237507453943,0.0020905323977428447,8
16,gaussian_score,affine,real,0,4,endpoint,vector_correlation,nearest_neighbour,0.03500861959743585,2.1511751995606336,3.9766197506110825,1.2883532283084331,1.3698431907024216,0.0613185377048806,0.0035075001354904754,8
16,gaussian_score,affine,real,0,4,endpoint,vector_correlation,px,0.03500861959743585,167.75922251461586,310.12016924964684,100.48498112908776,106.84400703373711,0.06130858067689219,0.003508714561690533,8
16,gaussian_score,affine,real,0,4,endpoint,direction_correlation,nearest_neighbour,0.030835697067336063,2.061362926282519,3.2960816193595903,1.192080902097509,1.4026861634778078,0.05019198747827406,0.0008326292199455116,8
16,gaussian_score,affine,real,0,4,endpoint,direction_correlation,px,0.030835697067336063,160.75529474259798,257.0468765272427,92.97744404580423,109.40705644035782,0.050183982730044714,0.0008337484866239188,8
16,gaussian_score,affine,real,0,4,start,vector_correlation,nearest_neighbour,0.035698605877260585,2.1507668728381786,3.650940429532504,1.2422812179029776,1.3357562677111203,0.06263450501050251,0.003181922333658947,8
16,gaussian_score,affine,real,0,4,start,vector_correlation,px,0.035698605877260585,167.72866916500146,284.71854809727876,96.89151965573306,104.1840840084021,0.06262477465204033,0.0031829246413016214,8
16,gaussian_score,affine,real,0,4,start,direction_correlation,nearest_neighbour,0.03446242543551261,1.7872842745776056,3.255224709962122,1.0824408344321368,1.2094650181302167,0.05926775843617486,0.0009894659970482206,8
16,gaussian_score,affine,real,0,4,start,direction_correlation,px,0.03446242543551261,139.3813142552277,253.85920867559415,84.42610037311469,94.33605135471603,0.05925706309606373,0.0009889021844859786,8
16,gaussian_score,affine,real,0,5,endpoint,vector_correlation,nearest_neighbour,0.005489227192740783,3.403211878504541,3.6675092113638015,5.195307627243591,5.571430895776064,0.011577603529851925,0.004044016951684123,8
16,gaussian_score,affine,real,0,5,endpoint,vector_correlation,px,0.005489227192740783,265.90154012549567,286.5516965367692,405.93920810616225,435.3613983147429,0.01157708937146191,0.004044097372048345,8
16,gaussian_score,affine,real,0,5,endpoint,direction_correlation,nearest_neighbour,0.007395667430935899,3.5309584015102464,4.139099324995808,5.11724224403736,4.293940491742794,0.016162859819404234,0.004482216220455623,8
16,gaussian_score,affine,real,0,5,endpoint,direction_correlation,px,0.007395667430935899,275.8823737923648,323.39913179406534,399.83781493861807,335.5258620283829,0.016162138050392953,0.004482335921682716,8
16,gaussian_score,affine,real,0,5,start,vector_correlation,nearest_neighbour,0.005682101708479408,3.336188766210873,3.51955237584793,5.051032439989285,7.711959647620869,0.012795563045844234,0.0035934534753595793,8
16,gaussian_score,affine,real,0,5,start,vector_correlation,px,0.005682101708479408,260.66550523035943,274.99128165111847,394.67637285631974,602.6219472434673,0.012795174772498898,0.003593570508098728,8
16,gaussian_score,affine,real,0,5,start,direction_correlation,nearest_neighbour,0.0075363057357246445,3.4136003442350438,3.952556850766093,4.976732986209638,4.149018739899194,0.016241880366723124,0.004358009049486519,8
16,gaussian_score,affine,real,0,5,start,direction_correlation,px,0.0075363057357246445,266.7134934944839,308.8237032638709,388.86692228406923,324.2109308436949,0.016240897895818562,0.004358174045801795,8
16,gaussian_score,affine,real,0,6,endpoint,vector_correlation,nearest_neighbour,0.0018095464415107518,3.8229079426131256,4.157380143028953,5.399744672442511,4.573803349872241,0.004154755697736407,0.0015420822802293377,8
16,gaussian_score,affine,real,0,6,endpoint,vector_correlation,px,0.0018095464415107518,299.30576617748454,325.49318200441354,422.78272163153997,358.1379109821885,0.004154520245363253,0.0015421127691583355,8
16,gaussian_score,affine,real,0,6,endpoint,direction_correlation,nearest_neighbour,-0.006505205878148899,,,,,,,8
16,gaussian_score,affine,real,0,6,endpoint,direction_correlation,px,-0.006505205878148899,,,,,,,8
16,gaussian_score,affine,real,0,6,start,vector_correlation,nearest_neighbour,0.0008901566462908958,3.763193539776287,4.001429485573147,11.3905273146476,5.204643487015243,0.0038955185829496496,0.0021874810727738688,8
16,gaussian_score,affine,real,0,6,start,vector_correlation,px,0.0008901566462908958,294.62875362723935,313.281520262249,891.8434022585315,407.54833581484274,0.0038952574252669584,0.002187508631454835,8
16,gaussian_score,affine,real,0,6,start,direction_correlation,nearest_neighbour,-0.004510658264083724,,,,,,,8
16,gaussian_score,affine,real,0,6,start,direction_correlation,px,-0.004510658264083724,,,,,,,8
16,gaussian_score,affine,spatial_shuffle,0,0,current,vector_correlation,nearest_neighbour,0.009319280900582863,1.0186051094575765,1.2239115763710986,0.3134411395653369,,,,8
16,gaussian_score,affine,spatial_shuffle,0,0,current,vector_correlation,px,0.009319280900582863,78.64303199007131,94.51378834192579,24.22861700025667,,,,8
16,gaussian_score,affine,spatial_shuffle,0,0,current,direction_correlation,nearest_neighbour,0.008051721067460748,1.107481411141398,1.3390024096534678,2.7571320183412293,8.989361112339278,0.005187786319630688,0.0019922591705790436,8
16,gaussian_score,affine,spatial_shuffle,0,0,current,direction_correlation,px,0.008051721067460748,85.51341532812748,103.40048847520343,212.90822144405354,693.8480099355658,0.0051883163630377874,0.0019921607819465936,8
16,gaussian_score,affine,spatial_shuffle,0,1,endpoint,vector_correlation,nearest_neighbour,-0.002209892230090642,,,,2.05140572170486,0.013689373793301981,0.001637703367727174,8
16,gaussian_score,affine,spatial_shuffle,0,1,endpoint,vector_correlation,px,-0.002209892230090642,,,,158.73402684310818,0.013691384117419865,0.001637843160449954,8
16,gaussian_score,affine,spatial_shuffle,0,1,endpoint,direction_correlation,nearest_neighbour,-0.0013368125559278256,,,,2.4511643540277066,0.01608367323027385,0.000446868272752363,8
16,gaussian_score,affine,spatial_shuffle,0,1,endpoint,direction_correlation,px,-0.0013368125559278256,,,,189.65985352981411,0.01608615261151379,0.0004465708259697106,8
16,gaussian_score,affine,spatial_shuffle,0,1,start,vector_correlation,nearest_neighbour,-0.0024875981367677106,,,,5.575641334992876,0.0065254366680976275,0.001413911724889229,8
16,gaussian_score,affine,spatial_shuffle,0,1,start,vector_correlation,px,-0.0024875981367677106,,,,431.4971718238308,0.006525388946366336,0.0014139459022805727,8
16,gaussian_score,affine,spatial_shuffle,0,1,start,direction_correlation,nearest_neighbour,0.0005600214230759399,2.398644976231385,2.41373702288751,22.291928804068924,25.921497283753734,0.004507679135322016,0.0031486357244385633,8
16,gaussian_score,affine,spatial_shuffle,0,1,start,direction_correlation,px,0.0005600214230759399,185.61662195946846,186.78441819310726,1725.0960185547046,2007.5059695509192,0.004507387664505198,0.0031486567274953223,8
16,gaussian_score,affine,spatial_shuffle,0,2,endpoint,vector_correlation,nearest_neighbour,-0.00026172228254122917,,,,17.879488323183356,0.0009630487251521951,0.0003996006055756852,8
16,gaussian_score,affine,spatial_shuffle,0,2,endpoint,vector_correlation,px,-0.00026172228254122917,,,,1387.401933489374,0.0009630228788367794,0.00039960283304327844,8
16,gaussian_score,affine,spatial_shuffle,0,2,endpoint,direction_correlation,nearest_neighbour,0.0012377191922728203,1.5222407352565295,1.5512645010865864,6.536043828374772,7.164781372190118,0.0029759821480397296,0.0011371814933634748,8
16,gaussian_score,affine,spatial_shuffle,0,2,endpoint,direction_correlation,px,0.0012377191922728203,118.11564613891417,120.36677003741104,507.2017346523499,556.026779722996,0.0029757418914697423,0.001137235539987515,8
16,gaussian_score,affine,spatial_shuffle,0,2,start,vector_correlation,nearest_neighbour,0.0004761737339618492,0.7132083320719292,0.7400199277862053,14.377045312112791,22.76799161089501,0.0010154217217559235,0.0005149231827999223,8
16,gaussian_score,affine,spatial_shuffle,0,2,start,vector_correlation,px,0.0004761737339618492,55.32088281550843,57.40256637199455,1115.55495537091,1766.5622797031874,0.0010154175194466116,0.000514926574815735,8
16,gaussian_score,affine,spatial_shuffle,0,2,start,direction_correlation,nearest_neighbour,0.00119825793319265,2.7561920574277368,2.9642695687384153,5.940440269895213,10.210798065340027,0.0016653712968164945,0.0007710798736672823,8
16,gaussian_score,affine,spatial_shuffle,0,2,start,direction_correlation,px,0.00119825793319265,213.85036734383397,229.99629537372297,460.95877083755056,792.3700204858615,0.001665304718750166,0.0007710915928190322,8
16,gaussian_score,affine,spatial_shuffle,0,3,endpoint,vector_correlation,nearest_neighbour,-0.005213536899583152,,,,5.703743936910389,0.0043289803225791245,0.0012576257231507165,8
16,gaussian_score,affine,spatial_shuffle,0,3,endpoint,vector_correlation,px,-0.005213536899583152,,,,443.7971250538183,0.004328929507160294,0.0012576276353718596,8
16,gaussian_score,affine,spatial_shuffle,0,3,endpoint,direction_correlation,nearest_neighbour,0.00046107783697504066,0.7990674398722216,0.8760762158181888,10.54636609328508,237432.15392562057,0.0016425004723162851,0.001049149322961072,8
16,gaussian_score,affine,spatial_shuffle,0,3,endpoint,direction_correlation,px,0.00046107783697504066,62.161884354518165,68.157073709663,820.5784309531184,18473457.37746997,0.001642500472840143,0.00104914932369095,8
16,gaussian_score,affine,spatial_shuffle,0,3,start,vector_correlation,nearest_neighbour,-0.004206727616607227,,,,2.2487180492984833,0.00836250913721962,0.0006636407090232947,8
16,gaussian_score,affine,spatial_shuffle,0,3,start,vector_correlation,px,-0.004206727616607227,,,,174.96688576118825,0.008362296569994623,0.000663644333982589,8
16,gaussian_score,affine,spatial_shuffle,0,3,start,direction_correlation,nearest_neighbour,0.002706033212159975,0.8043017931524041,0.8836792275336625,2.189718849298846,7.596455888188965,0.003914156902886113,0.001167961479199804,8
16,gaussian_score,affine,spatial_shuffle,0,3,start,direction_correlation,px,0.002706033212159975,62.57271034914612,68.75181851007076,170.37422532362766,591.1199020139685,0.003914011597944746,0.0011679742321686526,8
16,gaussian_score,affine,spatial_shuffle,0,4,endpoint,vector_correlation,nearest_neighbour,0.0038886654923923616,0.8443489413004639,0.947066968506129,1.2807385044149004,4.124682959918302,0.004999139380948548,0.0004404900756428899,8
16,gaussian_score,affine,spatial_shuffle,0,4,endpoint,vector_correlation,px,0.0038886654923923616,65.8421715864532,73.85652758903568,99.884453802658,321.6856318350656,0.0049989287545114235,0.000440523097908154,8
16,gaussian_score,affine,spatial_shuffle,0,4,endpoint,direction_correlation,nearest_neighbour,0.006464351768829877,0.9869926471692305,1.172725988572037,1.2243630970758468,3.021987988821587,0.008141546050634552,0.00016123931565332732,8
16,gaussian_score,affine,spatial_shuffle,0,4,endpoint,direction_correlation,px,0.006464351768829877,76.97164390459862,91.4630935560887,95.48947579111136,235.69152765794544,0.008141010649749933,0.00016128341779034908,8
16,gaussian_score,affine,spatial_shuffle,0,4,start,vector_correlation,nearest_neighbour,-0.0001822677253960373,,,,,,,8
16,gaussian_score,affine,spatial_shuffle,0,4,start,vector_correlation,px,-0.0001822677253960373,,,,,,,8
16,gaussian_score,affine,spatial_shuffle,0,4,start,direction_correlation,nearest_neighbour,0.0011937473316886871,4.1397351055545215,4.499173239904852,7.849132235694245,19.339917861014108,0.002996928198258699,0.0016689578864598033,8
16,gaussian_score,affine,spatial_shuffle,0,4,start,direction_correlation,px,0.0011937473316886871,322.8376546741499,350.8687712619969,612.117281867445,1508.6233019427116,0.002996849900090779,0.0016689617041160795,8
16,gaussian_score,affine,spatial_shuffle,0,5,endpoint,vector_correlation,nearest_neighbour,0.01342232755349431,1.4440829273699705,1.6226012500451499,1.211935006907686,1.1703986040583214,0.02476850746382785,0.00118166244860397,8
16,gaussian_score,affine,spatial_shuffle,0,5,endpoint,vector_correlation,px,0.01342232755349431,112.83536622095598,126.7802659391905,94.70726530351541,91.47081272547908,0.024761448560864492,0.001182014107482034,8
16,gaussian_score,affine,spatial_shuffle,0,5,endpoint,direction_correlation,nearest_neighbour,0.019647663284978065,1.455380337881771,1.5832457538995808,1.1879042764894465,3.2688541889755642,0.02492924271521978,0.000589727325851288,8
16,gaussian_score,affine,spatial_shuffle,0,5,endpoint,direction_correlation,px,0.019647663284978065,113.71785970566924,123.7060243773879,92.83092658748953,255.42808766849092,0.0249281168432903,0.0005902022984776812,8
16,gaussian_score,affine,spatial_shuffle,0,5,start,vector_correlation,nearest_neighbour,0.014011700728233014,1.3274122631847622,1.644516559793908,1.0988422765796244,0.8152863377260517,0.03144175135058278,0.0010773349970526478,8
16,gaussian_score,affine,spatial_shuffle,0,5,start,vector_correlation,px,0.014011700728233014,103.72023031235678,128.49285339017112,85.86948818346735,63.725986902424864,0.031424536848682245,0.0010771527520873527,8
16,gaussian_score,affine,spatial_shuffle,0,5,start,direction_correlation,nearest_neighbour,0.020320533335350496,1.3781797852566746,1.5953601941110926,1.034280511995566,0.9948045812293463,0.039946695972207076,0.0011994803728589969,8
16,gaussian_score,affine,spatial_shuffle,0,5,start,direction_correlation,px,0.020320533335350496,107.68625884722788,124.65269060474998,80.82641542606127,77.75407735305086,0.03993036049623093,0.0011995197591714271,8
16,gaussian_score,affine,spatial_shuffle,0,6,endpoint,vector_correlation,nearest_neighbour,-0.0013751972103380533,,,,3.429850148069877,0.018885211864439304,1.933330850923687e-05,8
16,gaussian_score,affine,spatial_shuffle,0,6,endpoint,vector_correlation,px,-0.0013751972103380533,,,,268.53530462940466,0.01888518615781699,1.9327974781312502e-05,8
16,gaussian_score,affine,spatial_shuffle,0,6,endpoint,direction_correlation,nearest_neighbour,-0.003690175025802828,,,,1.0710121056365158,0.07089341362598514,0.0012265603789858893,8
16,gaussian_score,affine,spatial_shuffle,0,6,endpoint,direction_correlation,px,-0.003690175025802828,,,,83.8449235209127,0.07090521515928658,0.0012265657994363311,8
16,gaussian_score,affine,spatial_shuffle,0,6,start,vector_correlation,nearest_neighbour,-0.007228097604245161,,,,4.386794869807059,0.013236923897160953,0.0004175469376804713,8
16,gaussian_score,affine,spatial_shuffle,0,6,start,vector_correlation,px,-0.007228097604245161,,,,343.4563150448814,0.013236954069681976,0.0004175433193568049,8
16,gaussian_score,affine,spatial_shuffle,0,6,start,direction_correlation,nearest_neighbour,-0.005493666443099469,,,,6.2834563348137555,0.0062596417673604415,0.00359977107104258,8
16,gaussian_score,affine,spatial_shuffle,0,6,start,direction_correlation,px,-0.005493666443099469,,,,491.7635175802687,0.006260589615945489,0.0035997662140601562,8
16,gaussian_score,affine,spatial_shuffle,1,0,current,vector_correlation,nearest_neighbour,-0.000999529177005914,,,,1.7893973054734207,0.013953772729536747,0.0006439280152939342,8
16,gaussian_score,affine,spatial_shuffle,1,0,current,vector_correlation,px,-0.000999529177005914,,,,138.1606172330684,0.013953088666794521,0.0006440052568774017,8
16,gaussian_score,affine,spatial_shuffle,1,0,current,direction_correlation,nearest_neighbour,0.0010973966996709371,,,43.80068949386949,770.8757159612538,0.004897857758427203,0.0021278031065451986,8
16,gaussian_score,affine,spatial_shuffle,1,0,current,direction_correlation,px,0.0010973966996709371,,,3381.8608971809786,59737.96386676798,0.0048977648435468025,0.002127803828096004,8
16,gaussian_score,affine,spatial_shuffle,1,1,endpoint,vector_correlation,nearest_neighbour,-0.002267504448230292,,,,5.76743375583021,0.002000635994116643,0.00026192363642835485,8
16,gaussian_score,affine,spatial_shuffle,1,1,endpoint,vector_correlation,px,-0.002267504448230292,,,,446.3386015335295,0.002000597326495703,0.00026191725972886273,8
16,gaussian_score,affine,spatial_shuffle,1,1,endpoint,direction_correlation,nearest_neighbour,0.0077218129727454074,1.0089597262554224,1.209067842214026,0.8009310258837937,0.8987661502284445,0.015838758519392728,0.0009813130018332923,8
16,gaussian_score,affine,spatial_shuffle,1,1,endpoint,direction_correlation,px,0.0077218129727454074,78.07754935685949,93.58025971490022,62.00611584576149,69.58854176178514,0.015825241159604868,0.0009811386825976786,8
16,gaussian_score,affine,spatial_shuffle,1,1,start,vector_correlation,nearest_neighbour,-0.004858741233796157,,,,15.765078797316987,0.0014647959262361985,0.00016141367459060528,8
16,gaussian_score,affine,spatial_shuffle,1,1,start,vector_correlation,px,-0.004858741233796157,,,,1220.0749483410284,0.001464783301177179,0.00016141178933636708,8
16,gaussian_score,affine,spatial_shuffle,1,1,start,direction_correlation,nearest_neighbour,0.004989783334883328,0.9505139805574071,1.1155396571544118,1.3317739104226152,1.9914400011144353,0.007521127712085412,0.0009348840064249943,8
16,gaussian_score,affine,spatial_shuffle,1,1,start,direction_correlation,px,0.004989783334883328,73.54833205025389,86.33135101175955,103.0741944075748,154.14565620833787,0.007519046215448589,0.0009350114410601438,8
16,gaussian_score,affine,spatial_shuffle,1,2,endpoint,vector_correlation,nearest_neighbour,-0.012244524095124346,,,,180239.0053279926,0.0011627700063024816,0.0007599091720713873,8
16,gaussian_score,affine,spatial_shuffle,1,2,endpoint,vector_correlation,px,-0.012244524095124346,,,,23075800.76897557,0.0011627572512539375,0.000759909137231448,8
16,gaussian_score,affine,spatial_shuffle,1,2,endpoint,direction_correlation,nearest_neighbour,-0.0005471473587411796,,,,,,,8
16,gaussian_score,affine,spatial_shuffle,1,2,endpoint,direction_correlation,px,-0.0005471473587411796,,,,,,,8
16,gaussian_score,affine,spatial_shuffle,1,2,start,vector_correlation,nearest_neighbour,-0.010439261305513817,,,,1.577048780423765,0.01378191070687724,0.0007767371286679693,8
16,gaussian_score,affine,spatial_shuffle,1,2,start,vector_correlation,px,-0.010439261305513817,,,,122.36331312327455,0.013781738284489621,0.0007767377530497056,8
16,gaussian_score,affine,spatial_shuffle,1,2,start,direction_correlation,nearest_neighbour,3.2037381661859796e-05,0.673329114215243,0.6769319340487602,49.93003350459283,331724.57804753527,0.0003468184235584931,0.00030067417274049423,8
16,gaussian_score,affine,spatial_shuffle,1,2,start,direction_correlation,px,3.2037381661859796e-05,52.224613837620296,52.50434097077342,3874.069698857744,25738419.845877767,0.0003468184229251181,0.00030067417289613194,8
16,gaussian_score,affine,spatial_shuffle,1,3,endpoint,vector_correlation,nearest_neighbour,0.006642919466037511,1.792229563761946,2.1679730703093263,1.7907922730908499,2.156687714470753,0.009836526523025713,0.0011302187170954977,8
16,gaussian_score,affine,spatial_shuffle,1,3,endpoint,vector_correlation,px,0.006642919466037511,139.444701478255,168.67853606749668,139.35411381463817,167.8549457325023,0.009834556771963123,0.0011303938416259917,8
16,gaussian_score,affine,spatial_shuffle,1,3,endpoint,direction_correlation,nearest_neighbour,0.00012334316635366743,2.2213082259524146,2.227969830950932,126.53219471047073,23.921997857013874,0.0033410767008135423,0.0020992643031919806,8
16,gaussian_score,affine,spatial_shuffle,1,3,endpoint,direction_correlation,px,0.00012334316635366743,172.82815167147226,173.34644208829135,9845.303812154763,1861.949156664688,0.003340928953505853,0.002099278349554104,8
16,gaussian_score,affine,spatial_shuffle,1,3,start,vector_correlation,nearest_neighbour,0.00606859669968691,2.1667915587771405,2.306020190174709,2.133783932855162,3.4747946621387977,0.007960215155888704,0.002014363232961267,8
16,gaussian_score,affine,spatial_shuffle,1,3,start,vector_correlation,px,0.00606859669968691,168.58748528050745,179.4203129892683,166.0269051483484,270.3583409341176,0.007960211815337079,0.002014320309607907,8
16,gaussian_score,affine,spatial_shuffle,1,3,start,direction_correlation,nearest_neighbour,-0.0006663558418549222,,,,8.29684878590742,0.005145204203909361,0.0015490300548160487,8
16,gaussian_score,affine,spatial_shuffle,1,3,start,direction_correlation,px,-0.0006663558418549222,,,,645.4993208421591,0.005145371224236852,0.0015490044665744274,8
16,gaussian_score,affine,spatial_shuffle,1,4,endpoint,vector_correlation,nearest_neighbour,-0.002243535172311648,,,,5.884896640471004,0.0038864003038145984,0.0015859476006241096,8
16,gaussian_score,affine,spatial_shuffle,1,4,endpoint,vector_correlation,px,-0.002243535172311648,,,,458.64072240552537,0.003887418039955726,0.0015859748653699968,8
16,gaussian_score,affine,spatial_shuffle,1,4,endpoint,direction_correlation,nearest_neighbour,0.007680063632080664,1.2446968267896348,1.9678565191118604,0.8535389213243334,0.5495209766385317,0.025905197386873757,0.0003185974284393759,8
16,gaussian_score,affine,spatial_shuffle,1,4,endpoint,direction_correlation,px,0.007680063632080664,97.07846541408992,153.46328332656165,66.57633516598575,42.87054024977977,0.02588613517869731,0.0003186201486434432,8
16,gaussian_score,affine,spatial_shuffle,1,4,start,vector_correlation,nearest_neighbour,0.000537376762152577,1.798238167463803,1.8355137610688592,18.489778767055217,288328.9236836129,0.001440138633248188,0.0009267796732699784,8
16,gaussian_score,affine,spatial_shuffle,1,4,start,vector_correlation,px,0.000537376762152577,140.2355886848005,143.14264527142012,1441.995715389538,37100935.77045256,0.0014401338268541662,0.0009267777650192314,8
16,gaussian_score,affine,spatial_shuffle,1,4,start,direction_correlation,nearest_neighbour,0.011964552796251896,1.0159233958765446,1.217794466961366,0.5635265512469405,0.8952498932043246,0.025260006924337948,0.00043685517689715794,8
16,gaussian_score,affine,spatial_shuffle,1,4,start,direction_correlation,px,0.011964552796251896,79.22815303281189,94.97802090274192,43.95735959816875,69.80860749907549,0.02525818292516039,0.00043685494871894675,8
16,gaussian_score,affine,spatial_shuffle,1,5,endpoint,vector_correlation,nearest_neighbour,0.0007128113055464762,0.9272411616088161,1.0772691714208391,3.469032951599214,10.08312450243956,0.0012836045573421254,0.000597330773792557,8
16,gaussian_score,affine,spatial_shuffle,1,5,endpoint,vector_correlation,px,0.0007128113055464762,72.44428387812945,84.17165363286898,271.0564441142594,787.9055076206021,0.0012835624291917499,0.0005973361084147559,8
16,gaussian_score,affine,spatial_shuffle,1,5,endpoint,direction_correlation,nearest_neighbour,0.002088430643138857,1.2363279056085488,1.4002983656278631,3.0145251747338024,10.739443951569543,0.002683113270724648,0.0018936061775735584,8
16,gaussian_score,affine,spatial_shuffle,1,5,endpoint,direction_correlation,px,0.002088430643138857,96.60493586381554,109.41514966530588,235.54544563682342,839.1021683544755,0.00268311419917909,0.001893603564164322,8
16,gaussian_score,affine,spatial_shuffle,1,5,start,vector_correlation,nearest_neighbour,0.0006711004501887899,0.8496383480468535,0.9538106976261107,2.9171143520932192,,,,8
16,gaussian_score,affine,spatial_shuffle,1,5,start,vector_correlation,px,0.0006711004501887899,66.37655212112571,74.51944761156636,227.929639494122,,,,8
16,gaussian_score,affine,spatial_shuffle,1,5,start,direction_correlation,nearest_neighbour,0.0006156492165516998,1.4135390144365978,1.43790611594138,8.599866896853575,12.729859414414012,0.0021128845214418274,0.001639325417554547,8
16,gaussian_score,affine,spatial_shuffle,1,5,start,direction_correlation,px,0.0006156492165516998,110.44857038372514,112.35216181257556,671.9549285676853,993.2732800309724,0.0021133427297367322,0.0016393330117014282,8
16,gaussian_score,affine,spatial_shuffle,1,6,endpoint,vector_correlation,nearest_neighbour,-0.00042084422376392815,,,,2.532980904596178,0.007252482164191963,0.00016333442842345487,8
16,gaussian_score,affine,spatial_shuffle,1,6,endpoint,vector_correlation,px,-0.00042084422376392815,,,,198.35434015638532,0.007251426405627144,0.0001633355417307714,8
16,gaussian_score,affine,spatial_shuffle,1,6,endpoint,direction_correlation,nearest_neighbour,0.00840894925370925,0.9586854804992493,1.1262062148492813,1.8543228588968137,4.7486671509422,0.014191244054738433,0.003794505470232824,8
16,gaussian_score,affine,spatial_shuffle,1,6,endpoint,direction_correlation,px,0.00840894925370925,75.05315505147811,88.174601687447,145.18994766094093,371.8175108068704,0.014190472950440073,0.003794635563504507,8
16,gaussian_score,affine,spatial_shuffle,1,6,start,vector_correlation,nearest_neighbour,0.0007380388529554113,0.699319292758085,0.7149953080089053,6.1054319151073155,8.048381506977876,0.0015275480099122545,0.0004955154705263536,8
16,gaussian_score,affine,spatial_shuffle,1,6,start,vector_correlation,px,0.0007380388529554113,54.73724827173157,55.9650631231314,478.02418717439105,630.1780801443579,0.0015274933746036116,0.0004955246450058114,8
16,gaussian_score,affine,spatial_shuffle,1,6,start,direction_correlation,nearest_neighbour,0.011264813609827645,0.983595863504864,1.1647142212389998,1.2703230030550596,3.8103001802013092,0.015409226555567881,0.001855893100694168,8
16,gaussian_score,affine,spatial_shuffle,1,6,start,direction_correlation,px,0.011264813609827645,77.00304668307498,91.18903756972473,99.46826606770881,298.3438520418627,0.015408286364639298,0.0018560453789784415,8
16,gaussian_score,affine,time_shuffle,0,0,current,vector_correlation,nearest_neighbour,0.007012635333701801,3.0960027384361184,6.163957478492094,2.8410919188329435,4.687329320736825,0.006868137184664827,0.0016123591869901968,8
16,gaussian_score,affine,time_shuffle,0,0,current,vector_correlation,px,0.007012635333701801,239.03876860493176,475.92059652588927,219.38994468380983,361.84274305052116,0.006868517527452042,0.0016122104844686965,8
16,gaussian_score,affine,time_shuffle,0,0,current,direction_correlation,nearest_neighbour,0.011533794529872398,2.936192435287917,3.483579108409086,2.3056025141630765,4.797925073591735,0.011856855102978828,0.001475521747195744,8
16,gaussian_score,affine,time_shuffle,0,0,current,direction_correlation,px,0.011533794529872398,226.69786639881875,268.96826617181296,178.04339810423792,370.39835807533535,0.011857159465951173,0.0014751571822408831,8
16,gaussian_score,affine,time_shuffle,0,1,endpoint,vector_correlation,nearest_neighbour,0.0229583829066179,1.4372175159861478,5.2554830093502725,0.7204764231687795,0.666319809164217,0.06377118971401909,0.0021204409559322027,8
16,gaussian_score,affine,time_shuffle,0,1,endpoint,vector_correlation,px,0.0229583829066179,111.23405568191018,406.70391563450823,55.789514193159,51.600425932307004,0.06368737351398963,0.002121933793856443,8
16,gaussian_score,affine,time_shuffle,0,1,endpoint,direction_correlation,nearest_neighbour,0.01880544210261488,1.169405700110434,2.516848298377772,0.6742271086963368,0.4870320125944331,0.07324032666718723,0.0011914377800122048,8
16,gaussian_score,affine,time_shuffle,0,1,endpoint,direction_correlation,px,0.01880544210261488,90.5075672443028,194.76404133466332,52.20376123787043,37.72805621117968,0.07307766968149677,0.0011906004222488908,8
16,gaussian_score,affine,time_shuffle,0,1,start,vector_correlation,nearest_neighbour,0.02168768113289124,1.4836997153828257,1.6783176818355274,0.8700334649066511,1.192133013861381,0.04024191962646296,0.0020245936253744912,8
16,gaussian_score,affine,time_shuffle,0,1,start,vector_correlation,px,0.02168768113289124,114.82623062406732,129.88079757564796,67.36264340381469,92.28276826397135,0.040224372326782644,0.00202666817544314,8
16,gaussian_score,affine,time_shuffle,0,1,start,direction_correlation,nearest_neighbour,0.019451848784701502,1.242899187799523,4.757694063285276,0.6831433976794289,0.5105289802150337,0.07208184632200085,0.0010063126191857381,8
16,gaussian_score,affine,time_shuffle,0,1,start,direction_correlation,px,0.019451848784701502,96.19672062415395,368.1790812679418,52.89291320650788,39.53585981016031,0.07196218120361453,0.0010067941837543807,8
16,gaussian_score,affine,time_shuffle,0,2,endpoint,vector_correlation,nearest_neighbour,0.006032802334425348,0.8942839827033463,1.0269233420726702,1.2768308733360847,,,,8
16,gaussian_score,affine,time_shuffle,0,2,endpoint,vector_correlation,px,0.006032802334425348,69.3762290728516,79.67610348050059,99.07261828610666,,,,8
16,gaussian_score,affine,time_shuffle,0,2,endpoint,direction_correlation,nearest_neighbour,0.010149325744303026,1.047412500418981,3.3930318038263785,0.9084287714550203,1.0490871100786958,0.016731263668190343,0.003305304457128384,8
16,gaussian_score,affine,time_shuffle,0,2,endpoint,direction_correlation,px,0.010149325744303026,81.26715276397776,263.2665704942349,70.49707403325864,81.39731117283578,0.016729514182117135,0.0033047263048424026,8
16,gaussian_score,affine,time_shuffle,0,2,start,vector_correlation,nearest_neighbour,0.008595761510965697,0.9054519012273025,1.0441447762354281,0.7101473904173164,1.2412110122311735,0.015214157795838996,0.001454037922851522,8
16,gaussian_score,affine,time_shuffle,0,2,start,vector_correlation,px,0.008595761510965697,70.24689770159216,81.01517424816385,55.1109353267579,96.32106647708314,0.015209747107566183,0.0014541695791608872,8
16,gaussian_score,affine,time_shuffle,0,2,start,direction_correlation,nearest_neighbour,0.011562852287998419,0.9504781742573962,1.1153752913661752,0.8567919322082723,1.516967702149962,0.018262220187152713,0.0008088335800850495,8
16,gaussian_score,affine,time_shuffle,0,2,start,direction_correlation,px,0.011562852287998419,73.74279004516846,86.54559450542436,66.48974604577431,117.72004324733041,0.018257973420100975,0.0008090102591745675,8
16,gaussian_score,affine,time_shuffle,0,3,endpoint,vector_correlation,nearest_neighbour,-0.005883956358445008,,,,4.297675880813765,0.00536042491833341,0.0024098571496475388,8
16,gaussian_score,affine,time_shuffle,0,3,endpoint,vector_correlation,px,-0.005883956358445008,,,,334.4209892232247,0.0053601177098995915,0.002409888405582026,8
16,gaussian_score,affine,time_shuffle,0,3,endpoint,direction_correlation,nearest_neighbour,-0.003713532878573336,,,,3.871819393436148,0.012179470663982464,0.0014868341427681946,8
16,gaussian_score,affine,time_shuffle,0,3,endpoint,direction_correlation,px,-0.003713532878573336,,,,301.24709723110675,0.012179731647469846,0.0014868797516582857,8
16,gaussian_score,affine,time_shuffle,0,3,start,vector_correlation,nearest_neighbour,-0.010389340062884353,,,,2.270625457966106,0.01071058695822687,0.0030584010578121406,8
16,gaussian_score,affine,time_shuffle,0,3,start,vector_correlation,px,-0.010389340062884353,,,,176.6942537279843,0.0107096548822917,0.0030584886934109075,8
16,gaussian_score,affine,time_shuffle,0,3,start,direction_correlation,nearest_neighbour,-0.00798602111168274,,,,3.857081368100944,0.010789346096039256,0.0032706271417881614,8
16,gaussian_score,affine,time_shuffle,0,3,start,direction_correlation,px,-0.00798602111168274,,,,300.20811499229944,0.010787256848289333,0.003270706357978539,8
16,gaussian_score,affine,time_shuffle,0,4,endpoint,vector_correlation,nearest_neighbour,0.005831554047667662,0.8399870032211625,0.9401664840678677,2.4297800059793238,1.3488662440151136,0.009620133009228208,0.0016550329512628737,8
16,gaussian_score,affine,time_shuffle,0,4,endpoint,vector_correlation,px,0.005831554047667662,65.5018406282004,73.31813194045321,189.4978062891326,105.20623947456535,0.009618377826286764,0.00165503886926139,8
16,gaussian_score,affine,time_shuffle,0,4,endpoint,direction_correlation,nearest_neighbour,0.0107440251286775,0.9987083950376083,1.1912600288033648,0.554493153676374,0.7691580041646686,0.02557515721635602,0.0005287885371136243,8
16,gaussian_score,affine,time_shuffle,0,4,endpoint,direction_correlation,px,0.0107440251286775,77.88574025952256,92.90917269741252,43.25400401227264,59.97574604469994,0.025573201685728172,0.0005287843579629488,8
16,gaussian_score,affine,time_shuffle,0,4,start,vector_correlation,nearest_neighbour,0.005114101158633466,0.8189529225069554,0.906191766149651,3.0644901902283834,7.892994553091469,0.004986622519882269,0.001735212067114408,8
16,gaussian_score,affine,time_shuffle,0,4,start,vector_correlation,px,0.005114101158633466,63.86062705111686,70.66695275749119,238.99465493947082,615.5480164766586,0.0049865794508466505,0.0017352058840220442,8
16,gaussian_score,affine,time_shuffle,0,4,start,direction_correlation,nearest_neighbour,0.010762427216346779,0.9419733080091457,1.1008071504842012,0.7559727354345106,1.2069220379447183,0.018764218909408194,0.00032927737428833996,8
16,gaussian_score,affine,time_shuffle,0,4,start,direction_correlation,px,0.010762427216346779,73.45860860714296,85.8507360120859,58.963336831054335,94.13097961513441,0.018761137375141203,0.0003292928236725871,8
16,gaussian_score,affine,time_shuffle,0,5,endpoint,vector_correlation,nearest_neighbour,0.0036194105570835724,1.5593583506245505,1.6130895260792142,1.868717611752916,4.0245394796095075,0.00728075941448987,0.0021193917311727196,8
16,gaussian_score,affine,time_shuffle,0,5,endpoint,vector_correlation,px,0.0036194105570835724,121.8400677730038,126.0372607682656,146.03341229093624,314.51895510787085,0.007280116272930978,0.00211951592441248,8
16,gaussian_score,affine,time_shuffle,0,5,endpoint,direction_correlation,nearest_neighbour,-0.0016470020532578366,,,,,,,8
16,gaussian_score,affine,time_shuffle,0,5,endpoint,direction_correlation,px,-0.0016470020532578366,,,,,,,8
16,gaussian_score,affine,time_shuffle,0,5,start,vector_correlation,nearest_neighbour,0.00199433004236444,1.5928815437552162,1.6267391162841316,3.103385462686905,2.9287451492203473,0.0054614892562996,0.002628503879922093,8
16,gaussian_score,affine,time_shuffle,0,5,start,vector_correlation,px,0.00199433004236444,124.45905503542971,127.10405509237435,242.51699303748364,228.90942520166786,0.005460482205287145,0.002628597046836286,8
16,gaussian_score,affine,time_shuffle,0,5,start,direction_correlation,nearest_neighbour,-0.004321359202058877,,,,,,,8
16,gaussian_score,affine,time_shuffle,0,5,start,direction_correlation,px,-0.004321359202058877,,,,,,,8
16,gaussian_score,affine,time_shuffle,0,6,endpoint,vector_correlation,nearest_neighbour,-0.003935058219169649,,,,4.227605369197332,0.009046655827334419,0.0019665404213435544,8
16,gaussian_score,affine,time_shuffle,0,6,endpoint,vector_correlation,px,-0.003935058219169649,,,,330.8905016501811,0.0090483810788466,0.0019665648490775167,8
16,gaussian_score,affine,time_shuffle,0,6,endpoint,direction_correlation,nearest_neighbour,-0.0031684347887236393,,,,0.25335876647169764,161.4832367832794,0.0012592186847880233,8
16,gaussian_score,affine,time_shuffle,0,6,endpoint,direction_correlation,px,-0.0031684347887236393,,,,23.941286174941457,29.051918474498496,0.0012612238738969079,8
16,gaussian_score,affine,time_shuffle,0,6,start,vector_correlation,nearest_neighbour,-0.003994699800058992,,,,8.355128291310677,0.004666410983877729,0.0029689097872114124,8
16,gaussian_score,affine,time_shuffle,0,6,start,vector_correlation,px,-0.003994699800058992,,,,654.1828168356227,0.00466630878196045,0.0029689201662982277,8
16,gaussian_score,affine,time_shuffle,0,6,start,direction_correlation,nearest_neighbour,-0.0038804561656487382,,,,0.36620613422366904,6.954096061557393,0.0013309384803095188,8
16,gaussian_score,affine,time_shuffle,0,6,start,direction_correlation,px,-0.0038804561656487382,,,,28.668040528461358,6.961012896061966,0.0013309384927026502,8
16,gaussian_score,affine,time_shuffle,1,0,current,vector_correlation,nearest_neighbour,0.007296582752672041,1.5297007677743173,1.6798833688166488,2.421372721002337,3.122563117467089,0.009636865383855026,0.0014429808942070404,8
16,gaussian_score,affine,time_shuffle,1,0,current,vector_correlation,px,0.007296582752672041,118.11572349475523,129.70456092347072,187.00283246311974,241.14117374136907,0.009635443591193763,0.001443091696843849,8
16,gaussian_score,affine,time_shuffle,1,0,current,direction_correlation,nearest_neighbour,0.012528619389202664,1.2210328291136046,3.1834591422050504,0.7864105093146423,0.5183000043684649,0.04512223459105384,0.0012179772176413688,8
16,gaussian_score,affine,time_shuffle,1,0,current,direction_correlation,px,0.012528619389202664,94.29125323619286,245.79234396865422,60.751996662219675,40.05573803926309,0.04502748527740041,0.0012178974033006415,8
16,gaussian_score,affine,time_shuffle,1,1,endpoint,vector_correlation,nearest_neighbour,-0.00490334975409745,,,,1.9878331141125671,0.016496879288080506,0.0021331131463595337,8
16,gaussian_score,affine,time_shuffle,1,1,endpoint,vector_correlation,px,-0.00490334975409745,,,,153.8317072045465,0.016496917686713252,0.002133013939602653,8
16,gaussian_score,affine,time_shuffle,1,1,endpoint,direction_correlation,nearest_neighbour,-0.0019029491579305282,,,,4.669069148797725,0.013000668815395952,0.002857053683687003,8
16,gaussian_score,affine,time_shuffle,1,1,endpoint,direction_correlation,px,-0.0019029491579305282,,,,361.3007113098863,0.013001363383371165,0.002856930278096786,8
16,gaussian_score,affine,time_shuffle,1,1,start,vector_correlation,nearest_neighbour,-0.007674039322550826,,,,9.002237242964688,0.005903614777493264,0.00332040129451108,8
16,gaussian_score,affine,time_shuffle,1,1,start,vector_correlation,px,-0.007674039322550826,,,,691.5790900122333,0.005914327541059638,0.003320356603687139,8
16,gaussian_score,affine,time_shuffle,1,1,start,direction_correlation,nearest_neighbour,-0.004021588809700251,,,,4.977978492411092,0.01292976746162904,0.0031372341461217376,8
16,gaussian_score,affine,time_shuffle,1,1,start,direction_correlation,px,-0.004021588809700251,,,,385.20148088060404,0.012930421607065052,0.0031370757425391673,8
16,gaussian_score,affine,time_shuffle,1,2,endpoint,vector_correlation,nearest_neighbour,0.011120975775481521,1.5602221146405297,1.7191502288626088,1.6016357744846967,1.5406673026038986,0.019205840163242026,0.001992861090780168,8
16,gaussian_score,affine,time_shuffle,1,2,endpoint,vector_correlation,px,0.011120975775481521,121.06153508143916,133.3882220511176,124.30443503242594,119.57684467464149,0.019199359922495936,0.0019934631900038386,8
16,gaussian_score,affine,time_shuffle,1,2,endpoint,direction_correlation,nearest_neighbour,0.010649696428455669,1.6000197813857862,1.6817421939673036,1.9782639298173539,1.944617457635012,0.021525646661476956,0.004815513679614906,8
16,gaussian_score,affine,time_shuffle,1,2,endpoint,direction_correlation,px,0.010649696428455669,124.14829781371982,130.4868025095701,153.53670449245354,150.88596770744513,0.02152266097169407,0.004816368538526197,8
16,gaussian_score,affine,time_shuffle,1,2,start,vector_correlation,nearest_neighbour,0.012982124791906875,1.5036196723910533,1.6727968819672419,1.4302102514995214,1.430732906222258,0.022211216655783322,0.0014196035956098264,8
16,gaussian_score,affine,time_shuffle,1,2,start,vector_correlation,px,0.012982124791906875,116.67105501101763,129.79308191314567,110.99454819240867,111.04022407515905,0.022204927217548322,0.0014201628034639802,8
16,gaussian_score,affine,time_shuffle,1,2,start,direction_correlation,nearest_neighbour,0.013860609445994213,1.5509575484990235,1.6793893503548556,1.4670156135355055,1.6525266401346872,0.024497051732809482,0.0028885228249972365,8
16,gaussian_score,affine,time_shuffle,1,2,start,direction_correlation,px,0.013860609445994213,120.3427604690666,130.3044187991861,113.85298666112907,128.25273539300716,0.024490778902016515,0.0028893097493446684,8
16,gaussian_score,affine,time_shuffle,1,3,endpoint,vector_correlation,nearest_neighbour,0.012226872371808379,2.1733050986485556,3.837986326073057,1.2319171227768513,1.3384465182189884,0.02096869133497075,0.0011461865366048983,8
16,gaussian_score,affine,time_shuffle,1,3,endpoint,vector_correlation,px,0.012226872371808379,169.0933819178654,298.620619198619,95.86499426567268,104.15699222048512,0.020964341524611702,0.001146394357140088,8
16,gaussian_score,affine,time_shuffle,1,3,endpoint,direction_correlation,nearest_neighbour,0.00991224647303883,2.366153434581645,4.6705390299213105,1.9200248893936174,2.0236155656106587,0.016487803144238953,0.002411518116723481,8
16,gaussian_score,affine,time_shuffle,1,3,endpoint,direction_correlation,px,0.00991224647303883,184.0974904526527,363.3975975291488,149.40411183722517,157.4772660323519,0.016485281924141178,0.002411815912195738,8
16,gaussian_score,affine,time_shuffle,1,3,start,vector_correlation,nearest_neighbour,0.01036027500781312,2.293320219953792,3.282844729678693,1.5720716722337515,1.8584654463614765,0.01730147462362155,0.0026993699991814013,8
16,gaussian_score,affine,time_shuffle,1,3,start,vector_correlation,px,0.01036027500781312,178.43217866712064,255.4252719541972,122.33234782983948,144.63802722204636,0.017297967084972093,0.0026998356859745925,8
16,gaussian_score,affine,time_shuffle,1,3,start,direction_correlation,nearest_neighbour,0.0046129130319952655,3.060008587953976,4.987631252669089,4.277542992931425,2.724893217011521,0.013614849506240884,0.005301789436479569,8
16,gaussian_score,affine,time_shuffle,1,3,start,direction_correlation,px,0.0046129130319952655,238.08664649850186,388.06828662009895,332.83896175713636,212.07247853738755,0.013612411931162782,0.005302083475427261,8
16,gaussian_score,affine,time_shuffle,1,4,endpoint,vector_correlation,nearest_neighbour,0.005114823093744668,4.228088195927937,4.6879180660055315,5.551336463608129,5.206235488055373,0.01158512617176844,0.004604021137465096,8
16,gaussian_score,affine,time_shuffle,1,4,endpoint,vector_correlation,px,0.005114823093744668,329.73137512441303,365.59201059339244,432.92947393883225,406.063887358474,0.011584539356187824,0.004604098392208302,8
16,gaussian_score,affine,time_shuffle,1,4,endpoint,direction_correlation,nearest_neighbour,0.011569686447644632,2.4994322510228613,4.090705153824066,2.1709180698020774,2.4087115954225085,0.0177729517451355,0.0038665187784236578,8
16,gaussian_score,affine,time_shuffle,1,4,endpoint,direction_correlation,px,0.011569686447644632,194.91772931450697,319.017318658975,169.30694577056448,187.85753442260992,0.017772049317631555,0.00386654361822194,8
16,gaussian_score,affine,time_shuffle,1,4,start,vector_correlation,nearest_neighbour,0.005155490948111506,4.281483570137266,4.637090358864902,5.732009521961638,5.620360664519384,0.011304446917480011,0.003876905764485545,8
16,gaussian_score,affine,time_shuffle,1,4,start,vector_correlation,px,0.005155490948111506,333.89204027530184,361.62436581797425,447.0258177037596,438.36659522950623,0.011303879313159616,0.0038769931428247837,8
16,gaussian_score,affine,time_shuffle,1,4,start,direction_correlation,nearest_neighbour,0.01030111086623719,2.860564857759444,4.203729840373163,2.422336813203654,2.481950740616503,0.016385887295780385,0.0020971386262318694,8
16,gaussian_score,affine,time_shuffle,1,4,start,direction_correlation,px,0.01030111086623719,223.0826600859972,327.8283434778074,188.9185956016192,193.58021395089673,0.016384494041898488,0.002097345912935175,8
16,gaussian_score,affine,time_shuffle,1,5,endpoint,vector_correlation,nearest_neighbour,0.007997759902826217,2.3861054552720433,2.544398178068578,2.951337984274364,2.956812958158027,0.013770227825049884,0.004206635999085681,8
16,gaussian_score,affine,time_shuffle,1,5,endpoint,vector_correlation,px,0.007997759902826217,186.43450004266577,198.80278611751007,230.60954627277823,231.049004369203,0.013769298825237778,0.004206701497266442,8
16,gaussian_score,affine,time_shuffle,1,5,endpoint,direction_correlation,nearest_neighbour,0.014603221105406551,2.2872189098484794,4.70058875060859,1.6956061366505577,1.6840386413390482,0.023694464899868595,0.0024359395316846284,8
16,gaussian_score,affine,time_shuffle,1,5,endpoint,direction_correlation,px,0.014603221105406551,178.70790148945815,367.27080055866526,132.49518786839752,131.59508994316914,0.023691550399786394,0.002436077586165542,8
16,gaussian_score,affine,time_shuffle,1,5,start,vector_correlation,nearest_neighbour,0.008915297939605465,2.362705002286483,2.4715756176564927,3.1416415598588157,4.575407770044566,0.01525664879042897,0.005703048366735269,8
16,gaussian_score,affine,time_shuffle,1,5,start,vector_correlation,px,0.008915297939605465,184.60793533493342,193.1147220500997,245.48103151545175,357.51199035484166,0.015256138233235019,0.005703107507871874,8
16,gaussian_score,affine,time_shuffle,1,5,start,direction_correlation,nearest_neighbour,0.016149614842940453,2.273232838455084,4.869491243262244,1.716480491150695,1.6998663011386468,0.026113971527965428,0.0033918425861732943,8
16,gaussian_score,affine,time_shuffle,1,5,start,direction_correlation,px,0.016149614842940453,177.61687891377363,380.4675641521126,134.12838307168946,132.83410835112096,0.026110311813001084,0.0033919559255445753,8
16,gaussian_score,affine,time_shuffle,1,6,endpoint,vector_correlation,nearest_neighbour,0.010205913284474106,1.247473037848491,4.027115378305116,1.7527008202971779,1.7020444092074616,0.014370988614361405,0.00250458039695116,8
16,gaussian_score,affine,time_shuffle,1,6,endpoint,vector_correlation,px,0.010205913284474106,97.67310438247955,315.29413539552,137.23662075137074,133.2679619860809,0.014369740606706568,0.0025044899189639504,8
16,gaussian_score,affine,time_shuffle,1,6,endpoint,direction_correlation,nearest_neighbour,0.00885273237131781,1.0143114971668865,1.2142052775134085,2.6412683482549637,4.219834029851542,0.01284237803020326,0.0029275248832219725,8
16,gaussian_score,affine,time_shuffle,1,6,endpoint,direction_correlation,px,0.00885273237131781,79.41019068714346,95.06733057406916,206.8031098765818,330.4142726125541,0.012841547275396749,0.002927611108594531,8
16,gaussian_score,affine,time_shuffle,1,6,start,vector_correlation,nearest_neighbour,0.009450361907794629,1.139851129611288,2.5334656285802417,1.9663827143373744,3.811106373240036,0.009835167949486336,0.002930086072201876,8
16,gaussian_score,affine,time_shuffle,1,6,start,vector_correlation,px,0.009450361907794629,89.24165026091092,198.3580453073135,153.96561035196635,298.37800260908534,0.009835109140068144,0.002930038685982406,8
16,gaussian_score,affine,time_shuffle,1,6,start,direction_correlation,nearest_neighbour,0.0054739327545574685,1.0739919081982534,2.4399347822739483,4.460541646384019,8.665358049662943,0.006922457163045185,0.004009730574699705,8
16,gaussian_score,affine,time_shuffle,1,6,start,direction_correlation,px,0.0054739327545574685,84.0832647363547,191.03469025674576,349.2417863112761,678.4516377538686,0.0069223832500429966,0.004009731347883692,8
16,gaussian_score,affine,wrong_movie,0,0,current,vector_correlation,nearest_neighbour,0.004817000036112292,5.221823009586748,7.831873380172923,5.929392884560458,4.199492481484049,0.010103812909408835,0.0032963701534849577,8
16,gaussian_score,affine,wrong_movie,0,0,current,vector_correlation,px,0.004817000036112292,403.1676605584899,604.7062788933897,457.86286373976714,324.35158634697734,0.010101837317654041,0.003296667511994206,8
16,gaussian_score,affine,wrong_movie,0,0,current,direction_correlation,nearest_neighbour,0.004025960773146945,5.94476762954287,8.054248429552853,6.444568525518466,4.489777978178437,0.008630076894667526,0.0021212856318796065,8
16,gaussian_score,affine,wrong_movie,0,0,current,direction_correlation,px,0.004025960773146945,458.994451085276,621.8746858194161,497.6317039748096,346.75744010758,0.008628658993739874,0.0021215601885203666,8
16,gaussian_score,affine,wrong_movie,0,1,endpoint,vector_correlation,nearest_neighbour,0.00926888762676496,0.8889015809763753,1.0191386529126398,1.5881974846479638,1.8821963881960355,0.013586600373085766,0.0016518985632088452,8
16,gaussian_score,affine,wrong_movie,0,1,endpoint,vector_correlation,px,0.00926888762676496,68.77644408449925,78.86612782588684,122.92266898339486,145.69179074128854,0.013582453519620305,0.0016520262872502898,8
16,gaussian_score,affine,wrong_movie,0,1,endpoint,direction_correlation,nearest_neighbour,-0.004154847384268279,,,,508.56798480033945,0.002960047607269855,0.0013670118061040004,8
16,gaussian_score,affine,wrong_movie,0,1,endpoint,direction_correlation,px,-0.004154847384268279,,,,39644.24815404631,0.002959911679371829,0.0013670120301010416,8
16,gaussian_score,affine,wrong_movie,0,1,start,vector_correlation,nearest_neighbour,0.006764663083335212,1.0674338969702428,6.0872456975297435,1.5305162426223273,0.2505222273123454,0.09677214020672893,0.0014368238190988131,8
16,gaussian_score,affine,wrong_movie,0,1,start,vector_correlation,px,0.006764663083335212,82.60504091703676,471.0789767978372,118.46605501811523,19.412413209669218,0.09628868500383703,0.001436796482071724,8
16,gaussian_score,affine,wrong_movie,0,1,start,direction_correlation,nearest_neighbour,-0.005924506558398834,,,,10.778052201674722,0.004148109707064669,0.0012281620241658302,8
16,gaussian_score,affine,wrong_movie,0,1,start,direction_correlation,px,-0.005924506558398834,,,,834.2541009838031,0.004147885970064784,0.0012281881715342886,8
16,gaussian_score,affine,wrong_movie,0,2,endpoint,vector_correlation,nearest_neighbour,-0.007439151169791258,,,,,,,8
16,gaussian_score,affine,wrong_movie,0,2,endpoint,vector_correlation,px,-0.007439151169791258,,,,,,,8
16,gaussian_score,affine,wrong_movie,0,2,endpoint,direction_correlation,nearest_neighbour,-0.009973605922398732,,,,,,,8
16,gaussian_score,affine,wrong_movie,0,2,endpoint,direction_correlation,px,-0.009973605922398732,,,,,,,8
16,gaussian_score,affine,wrong_movie,0,2,start,vector_correlation,nearest_neighbour,-0.00865245493256782,,,,,,,8
16,gaussian_score,affine,wrong_movie,0,2,start,vector_correlation,px,-0.00865245493256782,,,,,,,8
16,gaussian_score,affine,wrong_movie,0,2,start,direction_correlation,nearest_neighbour,-0.009685128924947457,,,,,,,8
16,gaussian_score,affine,wrong_movie,0,2,start,direction_correlation,px,-0.009685128924947457,,,,,,,8
16,gaussian_score,affine,wrong_movie,0,3,endpoint,vector_correlation,nearest_neighbour,0.00587568732499602,1.511974108091899,1.6034628394535169,1.2473693214701298,2.1649642312563655,0.009939782106035569,0.0015936810146543485,8
16,gaussian_score,affine,wrong_movie,0,3,endpoint,vector_correlation,px,0.00587568732499602,117.64525500605673,124.76138713879064,97.07653185152024,168.49513641630116,0.009937911174583864,0.0015939641799296276,8
16,gaussian_score,affine,wrong_movie,0,3,endpoint,direction_correlation,nearest_neighbour,0.005046599034171702,1.4557535064453717,1.5373680566153038,2.1597134692937967,3.005263633561186,0.007632447137265267,0.0009834756571808496,8
16,gaussian_score,affine,wrong_movie,0,3,endpoint,direction_correlation,px,0.005046599034171702,113.27233143454978,119.6204347945941,168.0635762339532,233.85331190263898,0.007631857760621478,0.000983576651248134,8
16,gaussian_score,affine,wrong_movie,0,3,start,vector_correlation,nearest_neighbour,0.0062441971663855875,1.549454168548309,1.6834292103968578,1.0182096299109022,4.443260853564727,0.008180346988166238,0.0007698113099812382,8
16,gaussian_score,affine,wrong_movie,0,3,start,vector_correlation,px,0.0062441971663855875,120.5604780183307,130.98097669369338,79.24019382693018,345.7605985400864,0.008180010679204389,0.0007699751760915015,8
16,gaussian_score,affine,wrong_movie,0,3,start,direction_correlation,nearest_neighbour,0.007069292704439664,1.3976284104724754,1.5216278118094126,1.4456571083526013,2.0343125908279025,0.010070640289554698,0.001004811829691279,8
16,gaussian_score,affine,wrong_movie,0,3,start,direction_correlation,px,0.007069292704439664,108.75156130454734,118.39616062356083,112.49728875423787,158.29407557162753,0.01006998624671641,0.0010048106891577314,8
16,gaussian_score,affine,wrong_movie,0,4,endpoint,vector_correlation,nearest_neighbour,-0.004420902221117086,,,,11.545309667911312,0.005970286537306989,0.0009669415501816461,8
16,gaussian_score,affine,wrong_movie,0,4,endpoint,vector_correlation,px,-0.004420902221117086,,,,900.2837913089177,0.0059704500271856465,0.0009669207985611246,8
16,gaussian_score,affine,wrong_movie,0,4,endpoint,direction_correlation,nearest_neighbour,-0.0074145245902885095,,,,12.175070637889283,0.004726215293660834,0.0013153295877370663,8
16,gaussian_score,affine,wrong_movie,0,4,endpoint,direction_correlation,px,-0.0074145245902885095,,,,949.4489313476557,0.004726260938751969,0.0013153286414407277,8
16,gaussian_score,affine,wrong_movie,0,4,start,vector_correlation,nearest_neighbour,-0.00017330183837605104,,,,3.349124737018831,0.01394393607536974,6.294520038621434e-06,8
16,gaussian_score,affine,wrong_movie,0,4,start,vector_correlation,px,-0.00017330183837605104,,,,261.17896697461845,0.013944139127238969,6.312316183858771e-06,8
16,gaussian_score,affine,wrong_movie,0,4,start,direction_correlation,nearest_neighbour,-0.004789175315316005,,,,674402.6426663394,0.002870893282195545,0.0017920020348743161,8
16,gaussian_score,affine,wrong_movie,0,4,start,direction_correlation,px,-0.004789175315316005,,,,53403057.24613309,0.002870893207659067,0.0017920020033961627,8
16,gaussian_score,affine,wrong_movie,0,5,endpoint,vector_correlation,nearest_neighbour,-0.0020683147113599023,,,,941.7436793346594,0.0024551501838500707,0.001392111700739981,8
16,gaussian_score,affine,wrong_movie,0,5,endpoint,vector_correlation,px,-0.0020683147113599023,,,,73664.13981135612,0.0024551408136045546,0.001392111720077497,8
16,gaussian_score,affine,wrong_movie,0,5,endpoint,direction_correlation,nearest_neighbour,0.0023866766506574293,1.3851826661179028,1.544547850925354,2.9804670985844126,12.510275020657637,0.0023144279995016294,0.00048217663304215154,8
16,gaussian_score,affine,wrong_movie,0,5,endpoint,direction_correlation,px,0.0023866766506574293,108.23439179866999,120.68315048861933,232.88810533433423,977.4373264783164,0.002314439128295909,0.0004821663532565699,8
16,gaussian_score,affine,wrong_movie,0,5,start,vector_correlation,nearest_neighbour,-0.0014245026052789333,,,,669157.360864681,0.0018699787250287855,0.0013292473495485724,8
16,gaussian_score,affine,wrong_movie,0,5,start,vector_correlation,px,-0.0014245026052789333,,,,52284151.54343516,0.0018699787231360994,0.001329247349433801,8
16,gaussian_score,affine,wrong_movie,0,5,start,direction_correlation,nearest_neighbour,0.005527604760775088,1.102068349641814,1.4229115231122624,1.2801564412017719,0.2873117118467162,0.0570479163344981,0.0010108691028764276,8
16,gaussian_score,affine,wrong_movie,0,5,start,direction_correlation,px,0.005527604760775088,86.10838239990463,111.18076363117889,100.03407412842506,22.458667384630928,0.056951182106936955,0.0010108686809037538,8
16,gaussian_score,affine,wrong_movie,0,6,endpoint,vector_correlation,nearest_neighbour,-0.007192201039668344,,,,2.6566243424244367,0.012604098701113916,0.0010592404360788888,8
16,gaussian_score,affine,wrong_movie,0,6,endpoint,vector_correlation,px,-0.007192201039668344,,,,208.02215061939742,0.012602749124924336,0.0010592786643513375,8
16,gaussian_score,affine,wrong_movie,0,6,endpoint,direction_correlation,nearest_neighbour,0.00024398259233759817,0.6855343202927044,0.6940874419481957,54.719090853977804,14.687408835006202,0.002689597486820812,0.0031530254254718225,8
16,gaussian_score,affine,wrong_movie,0,6,endpoint,direction_correlation,px,0.00024398259233759817,53.657962473619904,54.3279053902918,4284.086472714721,1150.1329153856473,0.002689483311810961,0.0031530319690261433,8
16,gaussian_score,affine,wrong_movie,0,6,start,vector_correlation,nearest_neighbour,-0.005987253290064324,,,,1.090211441045437,0.052828351497795266,0.00020495829764237826,8
16,gaussian_score,affine,wrong_movie,0,6,start,vector_correlation,px,-0.005987253290064324,,,,85.35710325646644,0.05282787812993162,0.00020503157165336437,8
16,gaussian_score,affine,wrong_movie,0,6,start,direction_correlation,nearest_neighbour,0.00031022244628752915,0.6870990095061754,0.6956631045530389,53.82353064228349,7.051549552531787,0.004933029584995156,0.0029116522379020967,8
16,gaussian_score,affine,wrong_movie,0,6,start,direction_correlation,px,0.00031022244628752915,53.78010163561675,54.450879439739424,4213.989496131998,552.1679814036805,0.0049327011270994935,0.002911690118016071,8
16,gaussian_score,affine,wrong_movie,1,0,current,vector_correlation,nearest_neighbour,0.017443684316088132,2.0074650566933943,2.5250243648018973,1.6617299732122168,1.9069263654285897,0.023078404100986754,0.0014103030004923363,8
16,gaussian_score,affine,wrong_movie,1,0,current,vector_correlation,px,0.017443684316088132,154.99118967140453,194.9467204301583,128.33050113427151,147.25700829830956,0.023074459706957724,0.0014093457826109318,8
16,gaussian_score,affine,wrong_movie,1,0,current,direction_correlation,nearest_neighbour,0.011534911521403257,2.0807607242159016,2.402296972826366,1.8887417875603139,2.1968686812922087,0.015622653842530828,0.0011842991833631398,8
16,gaussian_score,affine,wrong_movie,1,0,current,direction_correlation,px,0.011534911521403257,160.64960843095076,185.47217711078292,145.85775256277827,169.65571891794204,0.01561978998473609,0.0011841511170761806,8
16,gaussian_score,affine,wrong_movie,1,1,endpoint,vector_correlation,nearest_neighbour,-0.007940744771319473,,,,,,,8
16,gaussian_score,affine,wrong_movie,1,1,endpoint,vector_correlation,px,-0.007940744771319473,,,,,,,8
16,gaussian_score,affine,wrong_movie,1,1,endpoint,direction_correlation,nearest_neighbour,-0.010973264232231189,,,,,,,8
16,gaussian_score,affine,wrong_movie,1,1,endpoint,direction_correlation,px,-0.010973264232231189,,,,,,,8
16,gaussian_score,affine,wrong_movie,1,1,start,vector_correlation,nearest_neighbour,-0.005913909645530915,,,,,,,8
16,gaussian_score,affine,wrong_movie,1,1,start,vector_correlation,px,-0.005913909645530915,,,,,,,8
16,gaussian_score,affine,wrong_movie,1,1,start,direction_correlation,nearest_neighbour,-0.008567401165188206,,,,,,,8
16,gaussian_score,affine,wrong_movie,1,1,start,direction_correlation,px,-0.008567401165188206,,,,,,,8
16,gaussian_score,affine,wrong_movie,1,2,endpoint,vector_correlation,nearest_neighbour,-0.00792173921895196,,,,3.753342984301848,0.007056242824716791,0.00011741835322725892,8
16,gaussian_score,affine,wrong_movie,1,2,endpoint,vector_correlation,px,-0.00792173921895196,,,,291.2319523282442,0.007055885851880196,0.00011741502599704066,8
16,gaussian_score,affine,wrong_movie,1,2,endpoint,direction_correlation,nearest_neighbour,-0.007280065695652696,,,,,,,8
16,gaussian_score,affine,wrong_movie,1,2,endpoint,direction_correlation,px,-0.007280065695652696,,,,,,,8
16,gaussian_score,affine,wrong_movie,1,2,start,vector_correlation,nearest_neighbour,-0.00595330271860553,,,,19.393172549399985,0.0015968904442889237,0.0006420245804560714,8
16,gaussian_score,affine,wrong_movie,1,2,start,vector_correlation,px,-0.00595330271860553,,,,1504.7132838838118,0.001596890861095038,0.0006420233037676389,8
16,gaussian_score,affine,wrong_movie,1,2,start,direction_correlation,nearest_neighbour,-0.00685420093907404,,,,,,,8
16,gaussian_score,affine,wrong_movie,1,2,start,direction_correlation,px,-0.00685420093907404,,,,,,,8
16,gaussian_score,affine,wrong_movie,1,3,endpoint,vector_correlation,nearest_neighbour,0.0052880984518264024,0.9076231362367376,1.0478087988648324,1.3125798714840111,3.8791140451533423,0.006325823284645216,7.353404250849339e-05,8
16,gaussian_score,affine,wrong_movie,1,3,endpoint,vector_correlation,px,0.0052880984518264024,70.61302446537408,81.52658051152612,102.14187193829572,301.8372850066876,0.006325427181058301,7.355690204305495e-05,8
16,gaussian_score,affine,wrong_movie,1,3,endpoint,direction_correlation,nearest_neighbour,0.008514662723855796,1.045885478282034,1.2665366034176904,2.132151151891218,3.84940751377543,0.009205796837177841,0.0013224023421454852,8
16,gaussian_score,affine,wrong_movie,1,3,endpoint,direction_correlation,px,0.008514662723855796,81.37684860184591,98.55469957226238,165.91071417034794,299.5277528607253,0.009205225800706858,0.0013223689090530017,8
16,gaussian_score,affine,wrong_movie,1,3,start,vector_correlation,nearest_neighbour,0.007669204835710632,0.9307490959397199,1.0837159151896487,1.057561242805217,1.622002660783361,0.011666055008954044,0.0008316548033250957,8
16,gaussian_score,affine,wrong_movie,1,3,start,vector_correlation,px,0.007669204835710632,72.41595568291683,84.32360334809621,82.29738523417514,126.20995760164185,0.011664616097041685,0.0008316593043625495,8
16,gaussian_score,affine,wrong_movie,1,3,start,direction_correlation,nearest_neighbour,0.010933733787153305,1.077095223052876,1.3397914816216792,1.802656718809595,0.2352190155758693,0.1869978786645224,0.002679444793310729,8
16,gaussian_score,affine,wrong_movie,1,3,start,direction_correlation,px,0.010933733787153305,83.80821792234906,104.25303954884545,140.27157427912056,18.313319439459868,0.18653013136847268,0.0026794408915433794,8
16,gaussian_score,affine,wrong_movie,1,4,endpoint,vector_correlation,nearest_neighbour,-0.0007864653084547165,,,,,,,8
16,gaussian_score,affine,wrong_movie,1,4,endpoint,vector_correlation,px,-0.0007864653084547165,,,,,,,8
16,gaussian_score,affine,wrong_movie,1,4,endpoint,direction_correlation,nearest_neighbour,-0.005425260399652596,,,,,,,8
16,gaussian_score,affine,wrong_movie,1,4,endpoint,direction_correlation,px,-0.005425260399652596,,,,,,,8
16,gaussian_score,affine,wrong_movie,1,4,start,vector_correlation,nearest_neighbour,-0.00021675564911408077,,,,,,,8
16,gaussian_score,affine,wrong_movie,1,4,start,vector_correlation,px,-0.00021675564911408077,,,,,,,8
16,gaussian_score,affine,wrong_movie,1,4,start,direction_correlation,nearest_neighbour,-0.004579188713012871,,,,,,,8
16,gaussian_score,affine,wrong_movie,1,4,start,direction_correlation,px,-0.004579188713012871,,,,,,,8
16,gaussian_score,affine,wrong_movie,1,5,endpoint,vector_correlation,nearest_neighbour,-0.006334525261047354,,,,9.51692733402088,0.003825670836567332,0.0018818902629690543,8
16,gaussian_score,affine,wrong_movie,1,5,endpoint,vector_correlation,px,-0.006334525261047354,,,,743.5427174360389,0.0038257671217037884,0.001881882480243923,8
16,gaussian_score,affine,wrong_movie,1,5,endpoint,direction_correlation,nearest_neighbour,-0.00559175094018384,,,,8.17907226798679,0.004200879804481623,0.0013998719125335464,8
16,gaussian_score,affine,wrong_movie,1,5,endpoint,direction_correlation,px,-0.00559175094018384,,,,639.032401093515,0.004200961125961439,0.0013998650289594702,8
16,gaussian_score,affine,wrong_movie,1,5,start,vector_correlation,nearest_neighbour,-0.00809847737242168,,,,5.47336321751336,0.005722623343810101,0.0015524040992381499,8
16,gaussian_score,affine,wrong_movie,1,5,start,vector_correlation,px,-0.00809847737242168,,,,427.6410042224193,0.0057227294814545205,0.0015524020857250285,8
16,gaussian_score,affine,wrong_movie,1,5,start,direction_correlation,nearest_neighbour,-0.00525849850563486,,,,4.934637140268554,0.005967365524590646,0.000620756358925833,8
16,gaussian_score,affine,wrong_movie,1,5,start,direction_correlation,px,-0.00525849850563486,,,,385.5518634338926,0.0059674668146576584,0.0006207583611020798,8
16,gaussian_score,affine,wrong_movie,1,6,endpoint,vector_correlation,nearest_neighbour,-0.011027784431092529,,,,1.1576140428935866,0.011765680793984306,0.00022232628775829656,8
16,gaussian_score,affine,wrong_movie,1,6,endpoint,vector_correlation,px,-0.011027784431092529,,,,90.64808115135756,0.011762362011405663,0.00022232975775047086,8
16,gaussian_score,affine,wrong_movie,1,6,endpoint,direction_correlation,nearest_neighbour,-0.013423325837384686,,,,6.869314309401912,0.0030958563654568927,3.26181841456692e-05,8
16,gaussian_score,affine,wrong_movie,1,6,endpoint,direction_correlation,px,-0.013423325837384686,,,,537.8234724363094,0.003095853421404518,3.2619766541243905e-05,8
16,gaussian_score,affine,wrong_movie,1,6,start,vector_correlation,nearest_neighbour,-0.013872547167085355,,,,2.873704494565212,0.003842755031486324,0.00023601125802149154,8
16,gaussian_score,affine,wrong_movie,1,6,start,vector_correlation,px,-0.013872547167085355,,,,224.99586800934938,0.0038427363157869125,0.00023601259059598508,8
16,gaussian_score,affine,wrong_movie,1,6,start,direction_correlation,nearest_neighbour,-0.01584880543108268,,,,4.635955075863122,0.004940513459277335,0.0002300116226786429,8
16,gaussian_score,affine,wrong_movie,1,6,start,direction_correlation,px,-0.01584880543108268,,,,362.96559562147337,0.00494051126000482,0.00023001304691637809,8
16,gaussian_score,none,real,0,0,current,vector_correlation,nearest_neighbour,0.2775070486522261,,,4.408784515807858,8.116325230447202,0.23569649661959718,0.03174183396928715,8
16,gaussian_score,none,real,0,0,current,vector_correlation,px,0.2775070486522261,,,340.4343267087445,626.6317861900474,0.23569809170887038,0.03173917084253839,8
16,gaussian_score,none,real,0,0,current,direction_correlation,nearest_neighbour,0.271357177802006,,,4.780150663624916,9.838918884659588,0.2291427423620702,0.028853080161704306,8
16,gaussian_score,none,real,0,0,current,direction_correlation,px,0.271357177802006,,,369.1072900045939,759.6192724750703,0.22914488738109928,0.028850875665191306,8
16,gaussian_score,none,real,0,1,endpoint,vector_correlation,nearest_neighbour,-0.042130900910997617,,,,,,,8
16,gaussian_score,none,real,0,1,endpoint,vector_correlation,px,-0.042130900910997617,,,,,,,8
16,gaussian_score,none,real,0,1,endpoint,direction_correlation,nearest_neighbour,-0.051191139712279794,,,,,,,8
16,gaussian_score,none,real,0,1,endpoint,direction_correlation,px,-0.051191139712279794,,,,,,,8
16,gaussian_score,none,real,0,1,start,vector_correlation,nearest_neighbour,-0.042898242630630835,,,,,,,8
16,gaussian_score,none,real,0,1,start,vector_correlation,px,-0.042898242630630835,,,,,,,8
16,gaussian_score,none,real,0,1,start,direction_correlation,nearest_neighbour,-0.05316495681710852,,,,,,,8
16,gaussian_score,none,real,0,1,start,direction_correlation,px,-0.05316495681710852,,,,,,,8
16,gaussian_score,none,real,0,2,endpoint,vector_correlation,nearest_neighbour,0.03309475826668683,1.9846071240758052,3.0366214502834383,1.3233902937569861,1.4645262425095678,0.06062514888398116,0.008055781648646466,8
16,gaussian_score,none,real,0,2,endpoint,vector_correlation,px,0.03309475826668683,153.98210982456519,235.60885889675495,102.71010202144225,113.67352828797203,0.060601017209072995,0.008058537429880663,8
16,gaussian_score,none,real,0,2,endpoint,direction_correlation,nearest_neighbour,0.025958828075927337,1.9725121010390996,2.8202096219645476,1.3878001984968293,1.4932514422512304,0.04960866265884939,0.008598051262816504,8
16,gaussian_score,none,real,0,2,endpoint,direction_correlation,px,0.025958828075927337,153.04375551168766,218.8151381913151,107.70970406609457,115.89946345584434,0.049589881164021056,0.008600306486820109,8
16,gaussian_score,none,real,0,2,start,vector_correlation,nearest_neighbour,0.034890708007637924,1.8328935289070734,2.977213319063745,1.2338739919477233,1.3521828198679415,0.06451740162773302,0.007287316263888328,8
16,gaussian_score,none,real,0,2,start,vector_correlation,px,0.034890708007637924,142.21254428464113,231.0006752313693,95.75835230100479,104.94242113791323,0.06449787416357905,0.007289666893308251,8
16,gaussian_score,none,real,0,2,start,direction_correlation,nearest_neighbour,0.03057785953173327,1.8859631474282803,2.8369310560667733,1.1647820588386861,1.2859316699968601,0.056987974868896736,0.005431381819619173,8
16,gaussian_score,none,real,0,2,start,direction_correlation,px,0.03057785953173327,146.33004954336295,220.1153695202815,90.39635717865599,99.8076491884192,0.05696700775277369,0.005433435335574358,8
16,gaussian_score,none,real,0,3,endpoint,vector_correlation,nearest_neighbour,0.04235457132140208,4.789479677213133,,4.347038150931605,4.691919361398759,0.04960847930215633,0.004824165514914187,8
16,gaussian_score,none,real,0,3,endpoint,vector_correlation,px,0.04235457132140208,372.6518053368095,,338.24656214668596,365.0845396999951,0.049606650681360526,0.004824488307166996,8
16,gaussian_score,none,real,0,3,endpoint,direction_correlation,nearest_neighbour,0.057087077057383605,2.9319074960136304,,3.241869219464034,2.9093235819910896,0.06814734668665694,0.006329475638551458,8
16,gaussian_score,none,real,0,3,endpoint,direction_correlation,px,0.057087077057383605,228.1186172697127,,252.2554056098274,226.3806675446361,0.06814339160931467,0.0063294857806912895,8
16,gaussian_score,none,real,0,3,start,vector_correlation,nearest_neighbour,0.04188639650708351,4.681966471982734,,4.379586107034224,4.784865692905569,0.048881653472758226,0.0043023169302892515,8
16,gaussian_score,none,real,0,3,start,vector_correlation,px,0.04188639650708351,364.28579240159144,,340.7740186193057,372.3095459817651,0.048880457752216416,0.004302602423752115,8
16,gaussian_score,none,real,0,3,start,direction_correlation,nearest_neighbour,0.05762847212930364,2.809096452114494,,3.2056759376888877,2.913540623627874,0.06801422082448605,0.006180294292925327,8
16,gaussian_score,none,real,0,3,start,direction_correlation,px,0.05762847212930364,218.5634600354023,,249.43482448756782,226.6996919360332,0.06801226446704435,0.006180173769537434,8
16,gaussian_score,none,real,0,4,endpoint,vector_correlation,nearest_neighbour,0.029681908619847704,1.9959342230935466,3.1177511706783747,1.0854183704288505,1.2332896435130067,0.05257452502474926,0.001912033026146121,8
16,gaussian_score,none,real,0,4,endpoint,vector_correlation,px,0.029681908619847704,155.65289732378076,243.13919720683802,84.6588408077684,96.19575784047524,0.05256430934219891,0.0019129413750890536,8
16,gaussian_score,none,real,0,4,endpoint,direction_correlation,nearest_neighbour,0.02189381751481376,1.6723543696511447,2.9900818392925794,0.9907239452858344,1.05217057392507,0.04229265492210842,0.00117750119614007,8
16,gaussian_score,none,real,0,4,endpoint,direction_correlation,px,0.02189381751481376,130.42075527905925,233.18248968383858,77.27504147371587,82.07152887049094,0.04228163315433328,0.0011785466276487033,8
16,gaussian_score,none,real,0,4,start,vector_correlation,nearest_neighbour,0.03184427545864923,1.9377685163987604,3.068450022874822,1.0317103670462942,1.1506687047849695,0.05747879508256238,0.0011296282206741948,8
16,gaussian_score,none,real,0,4,start,vector_correlation,px,0.03184427545864923,151.11730995803822,239.2940579505667,80.46973131028048,89.75060921124887,0.057467472943824066,0.0011298840910112938,8
16,gaussian_score,none,real,0,4,start,direction_correlation,nearest_neighbour,0.026812064619447535,1.4719584810473523,2.989608405719388,0.8477034656084182,0.8214956678237313,0.06000946357996452,0.0009584336083303864,8
16,gaussian_score,none,real,0,4,start,direction_correlation,px,0.026812064619447535,114.79651972387956,233.14579420464986,66.1199497624835,64.07956155035531,0.05998899537274927,0.0009579513038214576,8
16,gaussian_score,none,real,0,5,endpoint,vector_correlation,nearest_neighbour,0.0107558726397211,4.790692999697554,,8.17925603132017,6.826262952142294,0.019513124860249927,0.004665307698445041,8
16,gaussian_score,none,real,0,5,endpoint,vector_correlation,px,0.0107558726397211,374.3110467146813,,639.0906731038533,533.4020660168001,0.019512449991822754,0.004665440681554037,8
16,gaussian_score,none,real,0,5,endpoint,direction_correlation,nearest_neighbour,0.013415042508716868,4.443418049924292,,6.491319299869166,6.52081904470144,0.019327459746155982,0.003967203464242752,8
16,gaussian_score,none,real,0,5,endpoint,direction_correlation,px,0.013415042508716868,347.1769087029666,,507.2043309299428,509.5265220751233,0.019326900850933148,0.003967306921973742,8
16,gaussian_score,none,real,0,5,start,vector_correlation,nearest_neighbour,0.012519433132020103,4.636425906598066,,7.147030305661972,6.144330193658479,0.020933268238679546,0.004625161809869363,8
16,gaussian_score,none,real,0,5,start,vector_correlation,px,0.012519433132020103,362.25720941518995,,558.443508363248,480.12038985283647,0.020932409342035583,0.0046253213150272985,8
16,gaussian_score,none,real,0,5,start,direction_correlation,nearest_neighbour,0.013714740479579851,4.302512918281768,,6.373573644322198,6.157788635959525,0.019897392499595146,0.004257327008437496,8
16,gaussian_score,none,real,0,5,start,direction_correlation,px,0.013714740479579851,336.16721226873614,,498.0094137848605,481.16816139135176,0.019896651176409725,0.004257450484851426,8
16,gaussian_score,none,real,0,6,endpoint,vector_correlation,nearest_neighbour,-0.0006922044568473666,,,,,,,8
16,gaussian_score,none,real,0,6,endpoint,vector_correlation,px,-0.0006922044568473666,,,,,,,8
16,gaussian_score,none,real,0,6,endpoint,direction_correlation,nearest_neighbour,-0.002719844473795218,,,,,,,8
16,gaussian_score,none,real,0,6,endpoint,direction_correlation,px,-0.002719844473795218,,,,,,,8
16,gaussian_score,none,real,0,6,start,vector_correlation,nearest_neighbour,-0.0066248194170253905,,,,,,,8
16,gaussian_score,none,real,0,6,start,vector_correlation,px,-0.0066248194170253905,,,,,,,8
16,gaussian_score,none,real,0,6,start,direction_correlation,nearest_neighbour,-0.004529122500226867,,,,,,,8
16,gaussian_score,none,real,0,6,start,direction_correlation,px,-0.004529122500226867,,,,,,,8
16,gaussian_score,translation,real,0,0,current,vector_correlation,nearest_neighbour,0.20888600893920165,1.7073927415621424,,1.777356093656976,1.3295340604213732,0.3286117002402562,0.013003308363923204,8
16,gaussian_score,translation,real,0,0,current,vector_correlation,px,0.20888600893920165,131.82732112539054,,137.26229977298112,102.6890020351257,0.3284717663984151,0.012993806284307683,8
16,gaussian_score,translation,real,0,0,current,direction_correlation,nearest_neighbour,0.20539014931108335,1.8900096510781315,,2.129983899687546,1.64578123624498,0.2829853376898141,0.016949477361584073,8
16,gaussian_score,translation,real,0,0,current,direction_correlation,px,0.20539014931108335,145.923643211862,,164.48846177720912,127.09586881497042,0.28291817982969736,0.016940530191160676,8
16,gaussian_score,translation,real,0,1,endpoint,vector_correlation,nearest_neighbour,0.0073639943465290516,0.8267540893321991,0.920822768741197,0.3002429598197921,,,,8
16,gaussian_score,translation,real,0,1,endpoint,vector_correlation,px,0.0073639943465290516,63.96177398567262,71.24943187828288,23.26032415441856,,,,8
16,gaussian_score,translation,real,0,1,endpoint,direction_correlation,nearest_neighbour,0.00290401225192972,0.7123681647527409,0.7398669004627826,0.3002429598197921,,,,8
16,gaussian_score,translation,real,0,1,endpoint,direction_correlation,px,0.00290401225192972,55.10010513582511,57.23047817383461,23.26032415441856,,,,8
16,gaussian_score,translation,real,0,1,start,vector_correlation,nearest_neighbour,0.0068091795870081,0.7895763414419668,0.8609400608152433,0.2998044905013614,,,,8
16,gaussian_score,translation,real,0,1,start,vector_correlation,px,0.0068091795870081,61.08197569374271,66.60986563622649,23.223092102099006,,,,8
16,gaussian_score,translation,real,0,1,start,direction_correlation,nearest_neighbour,0.0015321174418180745,0.6906542667732744,0.7044476428941836,0.2998044905013614,,,,8
16,gaussian_score,translation,real,0,1,start,direction_correlation,px,0.0015321174418180745,53.41939383207667,54.487839616591415,23.223092102099006,,,,8
16,gaussian_score,translation,real,0,2,endpoint,vector_correlation,nearest_neighbour,0.040786264700088684,2.289561339660034,,1.9025549948756848,1.6436729305852593,0.07187182710453424,0.006129848259033178,8
16,gaussian_score,translation,real,0,2,endpoint,vector_correlation,px,0.040786264700088684,177.6410232929581,,147.6465351250774,127.5674007914086,0.07185010749753018,0.006132210834811722,8
16,gaussian_score,translation,real,0,2,endpoint,direction_correlation,nearest_neighbour,0.039817236283170285,2.3987533743697735,,2.140312846456833,1.7839798053664018,0.06888325974901292,0.006540433593648359,8
16,gaussian_score,translation,real,0,2,endpoint,direction_correlation,px,0.039817236283170285,186.11234380146885,,166.09602687504406,138.4596699654927,0.06886286422864092,0.006542661080996728,8
16,gaussian_score,translation,real,0,2,start,vector_correlation,nearest_neighbour,0.04201666834665788,2.2198790946765925,,1.7788318537388637,1.5309764932672911,0.07443733968580196,0.005720353643424455,8
16,gaussian_score,translation,real,0,2,start,vector_correlation,px,0.04201666834665788,172.2375406291823,,138.04115718990877,118.81749612046468,0.0744175941850785,0.0057223117029167455,8
16,gaussian_score,translation,real,0,2,start,direction_correlation,nearest_neighbour,0.04463363144773484,2.279258937982093,,1.831373778684813,1.577397246043573,0.07550754991758811,0.004689368152080668,8
16,gaussian_score,translation,real,0,2,start,direction_correlation,px,0.04463363144773484,176.84463643814826,,142.1175388305199,122.41678015774671,0.07548987973501332,0.0046912885728024965,8
16,gaussian_score,translation,real,0,3,endpoint,vector_correlation,nearest_neighbour,0.025574067208326952,2.9287656660216452,7.390081767795266,2.1912813822014976,1.9835696774754334,0.04566290204318309,0.006163568270276535,8
16,gaussian_score,translation,real,0,3,endpoint,vector_correlation,px,0.025574067208326952,227.87414340129317,575.0005826585516,170.5161354916459,154.36352827483816,0.0456548413122002,0.006164633514241059,8
16,gaussian_score,translation,real,0,3,endpoint,direction_correlation,nearest_neighbour,0.03590647882450948,1.7102182399710242,3.405499473197613,1.2413287359324887,1.3577786123782334,0.06293524076839917,0.004894548526606596,8
16,gaussian_score,translation,real,0,3,endpoint,direction_correlation,px,0.03590647882450948,133.06498392780705,264.9700264834433,96.60140917107233,105.67268715678631,0.06291676345354272,0.004896122678896364,8
16,gaussian_score,translation,real,0,3,start,vector_correlation,nearest_neighbour,0.027722132702444065,2.8150897893995857,7.547678948195656,1.9861168325042882,1.940823004007933,0.04638563684451243,0.004097535714013226,8
16,gaussian_score,translation,real,0,3,start,vector_correlation,px,0.027722132702444065,219.02979475835866,587.263357648174,154.5453263191429,151.02650957334862,0.04638042553879474,0.004098439762888675,8
16,gaussian_score,translation,real,0,3,start,direction_correlation,nearest_neighbour,0.03760540487730466,1.8575504421981428,3.4246539472445505,1.176567931927646,1.308534658995452,0.06522080281516639,0.002486498622805625,8
16,gaussian_score,translation,real,0,3,start,direction_correlation,px,0.03760540487730466,144.5266602710359,266.4592850658454,91.5573584466355,101.83209411679468,0.06520717464214655,0.0024881498133359496,8
16,gaussian_score,translation,real,0,4,endpoint,vector_correlation,nearest_neighbour,0.03939625100543042,2.270390693349714,5.23584698727339,1.4864135142936306,1.5019674718580656,0.06527270773301241,0.003133969906501121,8
16,gaussian_score,translation,real,0,4,endpoint,vector_correlation,px,0.03939625100543042,177.05613347486468,408.3233709910292,115.93026286741521,117.14652945708991,0.0652642982508923,0.003134662408218582,8
16,gaussian_score,translation,real,0,4,endpoint,direction_correlation,nearest_neighbour,0.031892238113688076,2.3770623228475216,3.464189883341789,1.4188338221357943,1.6554824932656573,0.04847069082721601,0.0012932628213956363,8
16,gaussian_score,translation,real,0,4,endpoint,direction_correlation,px,0.031892238113688076,185.37482268132254,270.1573455686445,110.65995620866822,129.11716199504593,0.04846601535828855,0.0012933077250311838,8
16,gaussian_score,translation,real,0,4,start,vector_correlation,nearest_neighbour,0.040298436141093984,2.2694645100243442,5.379128974622629,1.4413762810108244,1.4646777241362137,0.06681151160034557,0.0029684009350421773,8
16,gaussian_score,translation,real,0,4,start,vector_correlation,px,0.040298436141093984,176.98568467102487,419.49392826372804,112.4174896334558,114.23014649517329,0.06680618122687147,0.002968889962523412,8
16,gaussian_score,translation,real,0,4,start,direction_correlation,nearest_neighbour,0.035918509054537466,2.282360539662648,3.4025125500395426,1.2733123520005822,1.4469557641409243,0.05562282374053591,0.0016088171438830346,8
16,gaussian_score,translation,real,0,4,start,direction_correlation,px,0.035918509054537466,177.99142285720865,265.34507768785835,99.3106831092431,112.85281397013014,0.05561711469396137,0.001608026390437284,8
16,gaussian_score,translation,real,0,5,endpoint,vector_correlation,nearest_neighbour,0.003761904523320014,3.4493936845152957,3.6731161331317383,6.295426266709002,5.308571917702283,0.009977082601174839,0.0038423938618832613,8
16,gaussian_score,translation,real,0,5,endpoint,vector_correlation,px,0.003761904523320014,269.5097052486034,286.9897902984166,491.9006218282931,414.83016020432547,0.009976527747518393,0.0038424860051051025,8
16,gaussian_score,translation,real,0,5,endpoint,direction_correlation,nearest_neighbour,0.006615188781483356,3.401572189510408,3.8453488846758317,4.0325076557514326,3.750390520830512,0.013275974620664523,0.003275816823048658,8
16,gaussian_score,translation,real,0,5,endpoint,direction_correlation,px,0.006615188781483356,265.7734319124908,300.44710201521644,315.08433961784783,293.0540041575083,0.013275298836408541,0.0032759265780324632,8
16,gaussian_score,translation,real,0,5,start,vector_correlation,nearest_neighbour,0.0040814204734177535,3.3586278153601556,3.503911313072083,5.806805757301419,7.118824054486174,0.011048281448855259,0.0037844385873143827,8
16,gaussian_score,translation,real,0,5,start,vector_correlation,px,0.0040814204734177535,262.41861644933755,273.7692814475156,453.73321760772495,555.5973299610365,0.011050969657121273,0.003784549739997061,8
16,gaussian_score,translation,real,0,5,start,direction_correlation,nearest_neighbour,0.006115536059413165,3.311362368237831,3.549090563531248,4.307852982164971,3.670033665767657,0.0130387250625736,0.003460419085367929,8
16,gaussian_score,translation,real,0,5,start,direction_correlation,px,0.006115536059413165,258.72587594732687,277.29922038668406,336.6059673702889,286.78522591443436,0.013037784994133156,0.003460566878594262,8
16,gaussian_score,translation,real,0,6,endpoint,vector_correlation,nearest_neighbour,0.0005292520199901354,2.505378328546614,2.531758264085358,11.003041479011593,9.916146479397796,0.00284763220721312,0.002137771023493664,8
16,gaussian_score,translation,real,0,6,endpoint,vector_correlation,px,0.0005292520199901354,196.15748665178796,198.22296555393964,861.5059965852837,729.0714992093933,0.002877252065405428,0.0021378918862626794,8
16,gaussian_score,translation,real,0,6,endpoint,direction_correlation,nearest_neighbour,-0.005506764953177849,,,,,,,8
16,gaussian_score,translation,real,0,6,endpoint,direction_correlation,px,-0.005506764953177849,,,,,,,8
16,gaussian_score,translation,real,0,6,start,vector_correlation,nearest_neighbour,0.00011744264569851174,2.504909321156614,2.5093878515150325,51.89559155917375,335337.8670953465,0.0033612905754474742,0.002929084674579579,8
16,gaussian_score,translation,real,0,6,start,vector_correlation,px,0.00011744264569851174,196.12212008632767,196.47278373596512,4063.325815934232,26255493.534116875,0.003361290570372157,0.002929084675182309,8
16,gaussian_score,translation,real,0,6,start,direction_correlation,nearest_neighbour,-0.0033552001306876326,,,,,,,8
16,gaussian_score,translation,real,0,6,start,direction_correlation,px,-0.0033552001306876326,,,,,,,8
16,raw,affine,real,0,0,current,vector_correlation,nearest_neighbour,0.14823887678264178,1.3674700523893977,4.588142717778763,0.8981177040453812,0.787277381386057,0.33874844001123466,0.008400962022763385,8
16,raw,affine,real,0,0,current,vector_correlation,px,0.14823887678264178,105.5971935619162,354.2432474268647,69.37535055440813,60.82853417074006,0.33836224909511087,0.008390360294544126,8
16,raw,affine,real,0,0,current,direction_correlation,nearest_neighbour,0.1913734785582775,1.6430521025259066,,1.6094063510262144,1.217152057651587,0.31716360892545753,0.011195994747687087,8
16,raw,affine,real,0,0,current,direction_correlation,px,0.1913734785582775,126.86247699114602,,124.2951105655704,94.0147399331589,0.31699948849050513,0.01118709186598483,8
16,raw,affine,real,0,1,endpoint,vector_correlation,nearest_neighbour,0.0009015494581784276,1.5973014118302762,1.6165501433522598,3.9571141577193267,,,,8
16,raw,affine,real,0,1,endpoint,vector_correlation,px,0.0009015494581784276,123.61611582276313,125.10495359800319,306.3599300385122,,,,8
16,raw,affine,real,0,1,endpoint,direction_correlation,nearest_neighbour,0.009433638042611067,0.9042696336278968,1.0434505542372885,0.3002429598197921,,,,8
16,raw,affine,real,0,1,endpoint,direction_correlation,px,0.009433638042611067,69.96703282140459,80.74961147513204,23.26032415441856,,,,8
16,raw,affine,real,0,1,start,vector_correlation,nearest_neighbour,0.004365334823154307,1.1450824893637765,1.6109015473021704,0.412652393734987,,,,8
16,raw,affine,real,0,1,start,vector_correlation,px,0.004365334823154307,88.61976207660922,124.66585915321896,31.958987943460848,,,,8
16,raw,affine,real,0,1,start,direction_correlation,nearest_neighbour,0.010209096871834779,0.8621255569810062,0.975711229899646,0.2998044905013614,,,,8
16,raw,affine,real,0,1,start,direction_correlation,px,0.010209096871834779,66.70169510348417,75.50013084157891,23.223092102099006,,,,8
16,raw,affine,real,0,2,endpoint,vector_correlation,nearest_neighbour,0.031374524813206614,1.7873283045452488,3.191721225145298,1.2365348623962844,1.2837691486969738,0.059516355170106734,0.006027272235895317,8
16,raw,affine,real,0,2,endpoint,vector_correlation,px,0.031374524813206614,138.67685322570702,247.6447181228438,95.97058326183567,99.64287316457602,0.059490041698983046,0.006029642846273097,8
16,raw,affine,real,0,2,endpoint,direction_correlation,nearest_neighbour,0.03656224195759247,2.2075823948102093,4.5107284808882016,1.6072530414915243,1.5763321722479104,0.06547363375047459,0.006520025089514594,8
16,raw,affine,real,0,2,endpoint,direction_correlation,px,0.03656224195759247,171.2809447522617,349.98787903410334,124.73390162325289,122.34056548552039,0.06545324933296956,0.006522535588622249,8
16,raw,affine,real,0,2,start,vector_correlation,nearest_neighbour,0.02879947761211072,1.7511386548403802,3.0432414728505726,1.3006460798796768,1.3465072894961974,0.054305236455923014,0.006373694559287257,8
16,raw,affine,real,0,2,start,vector_correlation,px,0.02879947761211072,135.86956735570033,236.12417854642388,100.94005163420736,104.51271071599085,0.054284314321883013,0.006375446222904189,8
16,raw,affine,real,0,2,start,direction_correlation,nearest_neighbour,0.04172035497331876,2.1215352267016363,4.1664028477352915,1.3165651679714807,1.3530558740122622,0.07413482969788042,0.004082949402687176,8
16,raw,affine,real,0,2,start,direction_correlation,px,0.04172035497331876,164.60734834905287,323.27167169736134,102.17153748008607,105.00360029277489,0.07411659136182035,0.004085040669756435,8
16,raw,affine,real,0,3,endpoint,vector_correlation,nearest_neighbour,0.005968809855539621,6.7214863737497215,9.1588651876717,9.34753529515587,4.466084373502995,0.019169633927392703,0.005944549989856686,8
16,raw,affine,real,0,3,endpoint,vector_correlation,px,0.005968809855539621,522.9787533316718,712.6227320053351,727.3223784127014,347.5414819970525,0.019168058689356927,0.005944812949870912,8
16,raw,affine,real,0,3,endpoint,direction_correlation,nearest_neighbour,0.039419409358453714,2.031842158829222,4.62013135426619,1.4531641851480785,1.4690167003269206,0.06712675602240166,0.004368758596489299,8
16,raw,affine,real,0,3,endpoint,direction_correlation,px,0.039419409358453714,158.08719255963422,359.4756152948574,113.08320005499105,114.31687308583649,0.06711384759817252,0.004370392488005361,8
16,raw,affine,real,0,3,start,vector_correlation,nearest_neighbour,0.008081753215054922,5.06616300639669,9.412328117176822,6.698504666501499,4.437321326057335,0.018751500330353086,0.00529533049708845,8
16,raw,affine,real,0,3,start,vector_correlation,px,0.008081753215054922,394.1785440959551,732.3440323613647,521.1942218082755,345.27738195100636,0.018750725721935087,0.0052954539021342105,8
16,raw,affine,real,0,3,start,direction_correlation,nearest_neighbour,0.04172850197728263,2.1463668685852584,4.5999010799187126,1.373419584938275,1.4186936994995976,0.06955669571250353,0.0019781202093948633,8
16,raw,affine,real,0,3,start,direction_correlation,px,0.04172850197728263,166.9983211291938,357.90062853704785,106.87323297219916,110.39920615722093,0.06954577536682989,0.001979722034338656,8
16,raw,affine,real,0,4,endpoint,vector_correlation,nearest_neighbour,0.03466979300451358,1.9276367452562857,3.741634398370859,0.9457716441633427,0.9978363134280666,0.06858923146795244,0.0026478808138249758,8
16,raw,affine,real,0,4,endpoint,vector_correlation,px,0.03466979300451358,150.3267811447381,291.79442617468214,73.76772704691025,77.82717915285247,0.06857573015180948,0.0026479671247261107,8
16,raw,affine,real,0,4,endpoint,direction_correlation,nearest_neighbour,0.03588084555292662,2.1680401166703898,3.369746159608929,1.191062078417053,1.4343618215375102,0.056809614803967484,0.0003284232917388,8
16,raw,affine,real,0,4,endpoint,direction_correlation,px,0.03588084555292662,169.07441760996798,262.79184498691535,92.89745531401013,111.87519620566128,0.05680184637479039,0.0003268844804838465,8
16,raw,affine,real,0,4,start,vector_correlation,nearest_neighbour,0.03113793872998076,2.0292291091424293,3.29137748397229,1.062141003474691,1.2171124082577534,0.05613035861981275,0.0033080162471312144,8
16,raw,affine,real,0,4,start,vector_correlation,px,0.03113793872998076,158.25015729425223,256.67849115330927,82.8429133397903,94.93307001095258,0.056119735299334575,0.003308543492552738,8
16,raw,affine,real,0,4,start,direction_correlation,nearest_neighbour,0.03861058544730908,2.0128349332671953,3.3386034015921044,1.1126271866757753,1.2826987679327095,0.06391263057721312,0.0011096557006933956,8
16,raw,affine,real,0,4,start,direction_correlation,px,0.03861058544730908,156.9716049668163,260.3612846784234,86.77994605070717,100.04645573318956,0.0639026872064411,0.0011082869182129078,8
16,raw,affine,real,0,5,endpoint,vector_correlation,nearest_neighbour,0.002957285999920471,3.515482757785075,3.8635228435332603,7.120224683571475,5.2752893915875365,0.007879318905227067,0.003310466863691762,8
16,raw,affine,real,0,5,endpoint,vector_correlation,px,0.002957285999920471,274.67321680843713,301.8671143373798,556.3394413360068,412.2061521846803,0.007879021392255759,0.003310512454068035,8
16,raw,affine,real,0,5,endpoint,direction_correlation,nearest_neighbour,0.005578676698737515,3.8666467601218577,4.246585640607043,6.3610455330515085,6.2868576396374465,0.013442327057086423,0.00459362695788912,8
16,raw,affine,real,0,5,endpoint,direction_correlation,px,0.005578676698737515,302.1111998491837,331.7975161983254,497.0187813558078,491.2514507859711,0.013441907751270589,0.004593705784241572,8
16,raw,affine,real,0,5,start,vector_correlation,nearest_neighbour,0.0019844903947725994,3.451490413400366,3.5180877267962503,11.213506565895928,6.329342828272463,0.008990959129467742,0.00372177679631594,8
16,raw,affine,real,0,5,start,vector_correlation,px,0.0019844903947725994,269.6737573140275,274.87685199470644,876.1862363883688,494.58228218258625,0.00899058234841933,0.003721860631928484,8
16,raw,affine,real,0,5,start,direction_correlation,nearest_neighbour,0.0058899820519452625,3.644845939965213,4.11532509227187,5.903660366033633,4.562247462153403,0.014419440114607976,0.0042351408614959745,8
16,raw,affine,real,0,5,start,direction_correlation,px,0.0058899820519452625,284.78098235861813,321.54145640618475,461.2912847746338,356.49815792061247,0.014418667807798944,0.004235284896881449,8
16,raw,affine,real,0,6,endpoint,vector_correlation,nearest_neighbour,-0.002289381670797761,,,,0.8607370665284366,0.061956690178244796,0.0002843064230659466,8
16,raw,affine,real,0,6,endpoint,vector_correlation,px,-0.002289381670797761,,,,67.38843635210543,0.06195965317894866,0.000284307585350923,8
16,raw,affine,real,0,6,endpoint,direction_correlation,nearest_neighbour,-0.005271055567084715,,,,,,,8
16,raw,affine,real,0,6,endpoint,direction_correlation,px,-0.005271055567084715,,,,,,,8
16,raw,affine,real,0,6,start,vector_correlation,nearest_neighbour,-0.005914203809307048,,,,0.2816119999113225,4.763632051326621,0.0004357573366641081,8
16,raw,affine,real,0,6,start,vector_correlation,px,-0.005914203809307048,,,,22.049892858140606,4.76161690799407,0.00043575733668276386,8
16,raw,affine,real,0,6,start,direction_correlation,nearest_neighbour,-0.003414189910906554,,,,,,,8
16,raw,affine,real,0,6,start,direction_correlation,px,-0.003414189910906554,,,,,,,8
16,raw,none,real,0,0,current,vector_correlation,nearest_neighbour,0.21690386119551197,4.189208442618639,,3.857474106316169,6.249607850731014,0.18396157311776964,0.02732699307876898,8
16,raw,none,real,0,0,current,vector_correlation,px,0.21690386119551197,323.4448190977003,,297.86725367364085,482.4760684599662,0.18396725173573092,0.0273240639316897,8
16,raw,none,real,0,0,current,direction_correlation,nearest_neighbour,0.27467962461385803,,,4.844405482509356,10.064947394929824,0.2328594767915143,0.028603508275851747,8
16,raw,none,real,0,0,current,direction_correlation,px,0.27467962461385803,,,374.0684561054902,777.0744878588608,0.23286127661715647,0.028601314311909737,8
16,raw,none,real,0,1,endpoint,vector_correlation,nearest_neighbour,-0.04219124537185366,,,,,,,8
16,raw,none,real,0,1,endpoint,vector_correlation,px,-0.04219124537185366,,,,,,,8
16,raw,none,real,0,1,endpoint,direction_correlation,nearest_neighbour,-0.0544708661444937,,,,,,,8
16,raw,none,real,0,1,endpoint,direction_correlation,px,-0.0544708661444937,,,,,,,8
16,raw,none,real,0,1,start,vector_correlation,nearest_neighbour,-0.040563245215562,,,,,,,8
16,raw,none,real,0,1,start,vector_correlation,px,-0.040563245215562,,,,,,,8
16,raw,none,real,0,1,start,direction_correlation,nearest_neighbour,-0.05644244032858092,,,,,,,8
16,raw,none,real,0,1,start,direction_correlation,px,-0.05644244032858092,,,,,,,8
16,raw,none,real,0,2,endpoint,vector_correlation,nearest_neighbour,0.02993472763551554,1.7418086274707876,2.820215508147554,1.1034995942845633,1.1942026544441475,0.05818766549827923,0.00587512988873404,8
16,raw,none,real,0,2,endpoint,vector_correlation,px,0.02993472763551554,135.1456391591249,218.81559496354515,85.64790802928691,92.6971740302517,0.05815706565738103,0.005877691104690636,8
16,raw,none,real,0,2,endpoint,direction_correlation,nearest_neighbour,0.0257474618369423,2.013047397097133,2.848591386003555,1.413689853041337,1.5304113459232902,0.048808937889679646,0.008491828372860442,8
16,raw,none,real,0,2,endpoint,direction_correlation,px,0.0257474618369423,156.18855893739348,221.01758443513341,109.71819139580303,118.78307363730104,0.048791058704866754,0.008494046464866692,8
16,raw,none,real,0,2,start,vector_correlation,nearest_neighbour,0.02841792978477639,1.7108134354642455,2.837872484062287,1.1457882995489725,1.2222735910542917,0.05531799034930085,0.006519802296450631,8
16,raw,none,real,0,2,start,vector_correlation,px,0.02841792978477639,132.74179018752596,220.18842032027013,88.92449213654578,94.8591006751606,0.05529988835175232,0.006521761819450773,8
16,raw,none,real,0,2,start,direction_correlation,nearest_neighbour,0.030637647369806058,1.9272868650988801,2.8595752753377464,1.1767937331858496,1.3087709460345756,0.05639843920362284,0.005181381319522882,8
16,raw,none,real,0,2,start,direction_correlation,px,0.030637647369806058,149.5362271937758,221.87246442371037,91.32805584372124,101.57970037926917,0.05637835770407955,0.005183405419086286,8
16,raw,none,real,0,3,endpoint,vector_correlation,nearest_neighbour,0.015285725193453491,,,8.595479289177812,8.658622386785318,0.02492122646834962,0.004009074607694155,8
16,raw,none,real,0,3,endpoint,vector_correlation,px,0.015285725193453491,,,668.8051053949994,673.7423881744207,0.02492058846335153,0.004009261106569668,8
16,raw,none,real,0,3,endpoint,direction_correlation,nearest_neighbour,0.05789349116154778,2.9880260274551054,,3.3037567508235473,3.0431645777064666,0.06796664111275186,0.006455308910445038,8
16,raw,none,real,0,3,endpoint,direction_correlation,px,0.05789349116154778,232.4853444658113,,257.070708406205,236.77799248934392,0.06796531101367345,0.0064553015344500165,8
16,raw,none,real,0,3,start,vector_correlation,nearest_neighbour,0.014757525297401122,,,8.812433150239723,9.310443715696135,0.02385414849856585,0.004098151974353429,8
16,raw,none,real,0,3,start,vector_correlation,px,0.014757525297401122,,,685.6777537407906,724.4433323016113,0.02385379335259737,0.00409824913508695,8
16,raw,none,real,0,3,start,direction_correlation,nearest_neighbour,0.05857214374968002,2.8741118637777094,,3.2593415961646066,3.041707606169789,0.06791135556479667,0.006302839070767095,8
16,raw,none,real,0,3,start,direction_correlation,px,0.05857214374968002,223.62223489549177,,253.61040085082803,236.62353264870075,0.06791646641220558,0.006302703293100524,8
16,raw,none,real,0,4,endpoint,vector_correlation,nearest_neighbour,0.032458074160245626,1.7747872830782965,2.4873515297754616,0.7531572959698828,0.8757795548786789,0.06803147934098748,0.00259684584141263,8
16,raw,none,real,0,4,endpoint,vector_correlation,px,0.032458074160245626,138.40695600267387,193.97562534628145,58.74626220922566,68.31590728483258,0.06800846637720866,0.0025952568468002105,8
16,raw,none,real,0,4,endpoint,direction_correlation,nearest_neighbour,0.021110917282228702,1.6820389021883015,2.9838831573198936,1.0071831266546463,1.0748942579777145,0.040608974751351355,0.0014861398235683854,8
16,raw,none,real,0,4,endpoint,direction_correlation,px,0.021110917282228702,131.17577661233958,232.69906533470012,78.55882349346292,83.84420221265204,0.040598445696843656,0.0014871767381043509,8
16,raw,none,real,0,4,start,vector_correlation,nearest_neighbour,0.02996407483938835,1.8469005040602284,2.520235350083251,0.8464247219595582,1.1109140101705541,0.053945722494080736,0.0012525793972798251,8
16,raw,none,real,0,4,start,vector_correlation,px,0.02996407483938835,144.03067690316092,196.54285202426325,66.01986748415443,86.64217390991922,0.05393904454462884,0.0012513051364335225,8
16,raw,none,real,0,4,start,direction_correlation,nearest_neighbour,0.02601335225331706,1.492652135016258,2.9882149381961294,0.8529874898287514,0.8314888028545109,0.05792324236491653,0.0009260548505107476,8
16,raw,none,real,0,4,start,direction_correlation,px,0.02601335225331706,116.40988480430336,233.03712817059994,66.5322041914255,64.85902303305248,0.05790365675806233,0.0009259948578438003,8
16,raw,none,real,0,5,endpoint,vector_correlation,nearest_neighbour,0.006611362914843467,5.013831313218194,,9.748024039844097,7.633170222814787,0.013373697032486805,0.0035531626140689137,8
16,raw,none,real,0,5,endpoint,vector_correlation,px,0.006611362914843467,391.74583663754623,,761.6651437455138,596.4513952434952,0.013373281914869103,0.0035532469240358694,8
16,raw,none,real,0,5,endpoint,direction_correlation,nearest_neighbour,0.013445297378862004,4.42241421373967,,6.413822773111053,6.256225697878225,0.019547060718014035,0.004051087368832091,8
16,raw,none,real,0,5,endpoint,direction_correlation,px,0.013445297378862004,345.53578546565547,,501.1496914241328,488.854280616044,0.019546437131060062,0.004051200144203541,8
16,raw,none,real,0,5,start,vector_correlation,nearest_neighbour,0.0074596645663883325,4.897645052923744,,8.831556016149584,6.800986508545538,0.014526682508206335,0.0037974913301975924,8
16,raw,none,real,0,5,start,vector_correlation,px,0.0074596645663883325,382.6673372649649,,690.063835300815,531.4334421291039,0.014526101336679446,0.0037976014551240208,8
16,raw,none,real,0,5,start,direction_correlation,nearest_neighbour,0.013668475898535103,4.293042749985763,,6.3272126725566835,5.937952104455812,0.02006274373990032,0.0043644109218720474,8
16,raw,none,real,0,5,start,direction_correlation,px,0.013668475898535103,335.42726901266496,,494.3875445841224,463.99259380846246,0.020061936575199855,0.004364540266858614,8
16,raw,none,real,0,6,endpoint,vector_correlation,nearest_neighbour,-0.004244427253975099,,,,,,,8
16,raw,none,real,0,6,endpoint,vector_correlation,px,-0.004244427253975099,,,,,,,8
16,raw,none,real,0,6,endpoint,direction_correlation,nearest_neighbour,-0.003289439561294091,,,,,,,8
16,raw,none,real,0,6,endpoint,direction_correlation,px,-0.003289439561294091,,,,,,,8
16,raw,none,real,0,6,start,vector_correlation,nearest_neighbour,-0.011657361115538972,,,,,,,8
16,raw,none,real,0,6,start,vector_correlation,px,-0.011657361115538972,,,,,,,8
16,raw,none,real,0,6,start,direction_correlation,nearest_neighbour,-0.005394102444431568,,,,,,,8
16,raw,none,real,0,6,start,direction_correlation,px,-0.005394102444431568,,,,,,,8
16,raw,translation,real,0,0,current,vector_correlation,nearest_neighbour,0.16780635353124404,1.5783959204863192,,1.5316423074327732,1.1223272449211603,0.2901429751722198,0.010738784358670709,8
16,raw,translation,real,0,0,current,vector_correlation,px,0.16780635353124404,121.87328398731056,,118.29011297603665,86.69297831345472,0.2899738485570003,0.01072926255292023,8
16,raw,translation,real,0,0,current,direction_correlation,nearest_neighbour,0.20906621422160213,1.9496170432757431,,2.1640882590487456,1.7130455871417085,0.2814058446642892,0.017540491558931136,8
16,raw,translation,real,0,0,current,direction_correlation,px,0.20906621422160213,150.52532838124839,,167.12169943530182,132.2862517360127,0.28134811403689,0.01753124129868536,8
16,raw,translation,real,0,1,endpoint,vector_correlation,nearest_neighbour,-0.01053822803906714,,,,,,,8
16,raw,translation,real,0,1,endpoint,vector_correlation,px,-0.01053822803906714,,,,,,,8
16,raw,translation,real,0,1,endpoint,direction_correlation,nearest_neighbour,-0.0018664825840263631,,,,,,,8
16,raw,translation,real,0,1,endpoint,direction_correlation,px,-0.0018664825840263631,,,,,,,8
16,raw,translation,real,0,1,start,vector_correlation,nearest_neighbour,-0.008411527683652654,,,,,,,8
16,raw,translation,real,0,1,start,vector_correlation,px,-0.008411527683652654,,,,,,,8
16,raw,translation,real,0,1,start,direction_correlation,nearest_neighbour,-0.0029452221613342176,,,,,,,8
16,raw,translation,real,0,1,start,direction_correlation,px,-0.0029452221613342176,,,,,,,8
16,raw,translation,real,0,2,endpoint,vector_correlation,nearest_neighbour,0.03661687912315715,2.0217298661613956,,1.5968182459732057,1.3848531011689877,0.06561666405734029,0.004098437720318242,8
16,raw,translation,real,0,2,endpoint,vector_correlation,px,0.03661687912315715,156.8621609857857,,123.92379679787932,107.48490725115752,0.06559163282976523,0.004100530555517465,8
16,raw,translation,real,0,2,endpoint,direction_correlation,nearest_neighbour,0.041018830412145414,2.519936019312213,,2.361069504978828,1.922684911032953,0.06792459981315688,0.005855786748028407,8
16,raw,translation,real,0,2,endpoint,direction_correlation,px,0.041018830412145414,195.51391808392788,,183.22354297599082,149.21337289608547,0.06790933240693389,0.005857881775329649,8
16,raw,translation,real,0,2,start,vector_correlation,nearest_neighbour,0.03428330429867519,1.9792036537167874,,1.6618746628188612,1.3867769162958548,0.06263762511229809,0.004767978762535021,8
16,raw,translation,real,0,2,start,vector_correlation,px,0.03428330429867519,153.56428799592308,,128.96686669509646,107.62325873803128,0.06262077314221785,0.004769569405734876,8
16,raw,translation,real,0,2,start,direction_correlation,nearest_neighbour,0.045853560732818696,2.4318193782695063,,2.0380010987628747,1.7051612462383792,0.07390571298182289,0.004056944322968397,8
16,raw,translation,real,0,2,start,direction_correlation,px,0.045853560732818696,188.68132252446935,,158.1491005896422,132.32999023655884,0.07389065697812451,0.004058630663480157,8
16,raw,translation,real,0,3,endpoint,vector_correlation,nearest_neighbour,0.003240870624254365,6.388598063261482,8.200135283705565,12.317839966620925,4.13345251351507,0.015107267668846918,0.0055247804407543176,8
16,raw,translation,real,0,3,endpoint,vector_correlation,px,0.003240870624254365,497.07695716459347,638.0276919658529,958.4406562807707,321.6647209154657,0.015105736419791817,0.005525009818039388,8
16,raw,translation,real,0,3,endpoint,direction_correlation,nearest_neighbour,0.034126885258658576,1.7095977646051521,3.348887785610388,1.2157683806392108,1.3469578542287446,0.05983982775569473,0.004980420895140921,8
16,raw,translation,real,0,3,endpoint,direction_correlation,px,0.034126885258658576,133.01672241381576,260.56492553988096,94.61253310745795,104.83030225758692,0.059822267906923306,0.004982086826890277,8
16,raw,translation,real,0,3,start,vector_correlation,nearest_neighbour,0.005058989866747955,4.140620361868854,8.39926068727078,7.507890688349678,4.163141486318674,0.014442264592106666,0.004767095099630614,8
16,raw,translation,real,0,3,start,vector_correlation,px,0.005058989866747955,322.1659227028788,653.5214266370753,584.1675567632814,323.94605548387955,0.014441555272413852,0.004767199718999889,8
16,raw,translation,real,0,3,start,direction_correlation,nearest_neighbour,0.03562615558502182,1.9279433185787127,3.3641824333467163,1.160589176351043,1.321724243280434,0.06103908827349143,0.002067687296507023,8
16,raw,translation,real,0,3,start,direction_correlation,px,0.03562615558502182,150.00365084474436,261.75406569658935,90.31385684862214,102.85760166750057,0.061026970174554794,0.0020694418652634668,8
16,raw,translation,real,0,4,endpoint,vector_correlation,nearest_neighbour,0.03829029568085637,2.07631249934742,4.471037041785008,1.1704008151508403,1.1764828825396685,0.06759092474120273,0.0031811771757141254,8
16,raw,translation,real,0,4,endpoint,vector_correlation,px,0.03829029568085637,161.92112348901927,348.6781651566037,91.28512381561387,91.76054710594012,0.0675802322916432,0.0031808204894790792,8
16,raw,translation,real,0,4,endpoint,direction_correlation,nearest_neighbour,0.03255656268800394,2.404094257802815,3.4802823364916597,1.4846099814684801,1.894502382068738,0.04721451140691594,0.0016017217821154576,8
16,raw,translation,real,0,4,endpoint,direction_correlation,px,0.03255656268800394,187.48288334000864,271.41236780148324,115.78933399430694,147.7599624888446,0.04721040071026151,0.0016018706992803609,8
16,raw,translation,real,0,4,start,vector_correlation,nearest_neighbour,0.03460944043836963,2.1491016274628274,4.222362203405489,1.283374788520779,1.319375338698536,0.06007418221933145,0.0034243361852519705,8
16,raw,translation,real,0,4,start,vector_correlation,px,0.03460944043836963,167.59879966948,329.28140560603765,100.09552554625948,102.90524972888049,0.060065494090291736,0.0034246562447097554,8
16,raw,translation,real,0,4,start,direction_correlation,nearest_neighbour,0.035167328612608906,2.3891779738931773,3.4239625118507306,1.3932288204658612,1.7421552162761795,0.05102143076358212,0.001354325618651544,8
16,raw,translation,real,0,4,start,direction_correlation,px,0.035167328612608906,186.3219226752867,267.0177986100463,108.66249650606935,135.87657585464785,0.051017012240613085,0.001353724417200912,8
16,raw,translation,real,0,5,endpoint,vector_correlation,nearest_neighbour,0.0020426875599725823,3.688068495143992,3.9300583787882895,8.870470784851792,135.51914502430873,0.00513948537663338,0.003490797165373572,8
16,raw,translation,real,0,5,endpoint,vector_correlation,px,0.0020426875599725823,288.158084915424,307.0658319456381,693.0989331013269,10627.887096236798,0.005139211762987547,0.003490799203985044,8
16,raw,translation,real,0,5,endpoint,direction_correlation,nearest_neighbour,0.006487916361639549,3.48114105708935,3.964614689718468,4.324635573330855,5.180297263586089,0.011949832969610249,0.0033581298525092273,8
16,raw,translation,real,0,5,endpoint,direction_correlation,px,0.006487916361639549,271.990114144811,309.76587037503646,337.9084816480265,404.7851869071588,0.01194940812109285,0.0033582040298490742,8
16,raw,translation,real,0,5,start,vector_correlation,nearest_neighbour,0.0012495507053241505,3.484268598954367,3.563925829425388,14.465368514576758,11.459822572814549,0.00630062835789491,0.004294528247900378,8
16,raw,translation,real,0,5,start,vector_correlation,px,0.0012495507053241505,272.2346414428589,278.4583608166405,1130.2799611240164,895.8801291941888,0.006300045728352285,0.004294564328220725,8
16,raw,translation,real,0,5,start,direction_correlation,nearest_neighbour,0.005506822374107946,3.4085043052236275,3.7363926333260475,4.989575040478485,4.093667325400936,0.01244262483749757,0.0035998814626391844,8
16,raw,translation,real,0,5,start,direction_correlation,px,0.005506822374107946,266.31535170586227,291.93390258671366,389.87159195249166,319.88760272789085,0.012441820005140205,0.003600014340165191,8
16,raw,translation,real,0,6,endpoint,vector_correlation,nearest_neighbour,-0.004825671505317514,,,,,,,8
16,raw,translation,real,0,6,endpoint,vector_correlation,px,-0.004825671505317514,,,,,,,8
16,raw,translation,real,0,6,endpoint,direction_correlation,nearest_neighbour,-0.005490768557060018,,,,,,,8
16,raw,translation,real,0,6,endpoint,direction_correlation,px,-0.005490768557060018,,,,,,,8
16,raw,translation,real,0,6,start,vector_correlation,nearest_neighbour,-0.007300187324425583,,,,,,,8
16,raw,translation,real,0,6,start,vector_correlation,px,-0.007300187324425583,,,,,,,8
16,raw,translation,real,0,6,start,direction_correlation,nearest_neighbour,-0.0039987911085520005,,,,,,,8
16,raw,translation,real,0,6,start,direction_correlation,px,-0.0039987911085520005,,,,,,,8
