representation,detrend,control,lag,geometry,distance_bin,distance_low_nn,distance_high_nn,mean_distance_nn_mean,mean_distance_nn_ci_low,mean_distance_nn_ci_high,mean_distance_px_mean,mean_distance_px_ci_low,mean_distance_px_ci_high,vector_correlation_mean,vector_correlation_ci_low,vector_correlation_ci_high,direction_correlation_mean,direction_correlation_ci_low,direction_correlation_ci_high,structure_function_mean,structure_function_ci_low,structure_function_ci_high,longitudinal_correlation_mean,longitudinal_correlation_ci_low,longitudinal_correlation_ci_high,transverse_correlation_mean,transverse_correlation_ci_low,transverse_correlation_ci_high,harmonic_c0_mean,harmonic_c0_ci_low,harmonic_c0_ci_high,harmonic_c1_mean,harmonic_c1_ci_low,harmonic_c1_ci_high,harmonic_c2_mean,harmonic_c2_ci_low,harmonic_c2_ci_high,n_movies
gaussian_score,affine,real,0,current,0,0.0,1.0,0.686078138307831,0.6703954763797605,0.7009407698307922,53.382845863427804,51.035427585003745,55.1775405826025,0.16999061281933,0.15925647508376398,0.1809729321645927,0.17683851839529896,0.1666789065038885,0.18709934408539325,0.8053144270347802,0.7850384094166113,0.8237055426415113,0.09219539575858658,0.08462159201164597,0.10098951000664241,0.07779521706074341,0.07355908494577106,0.08195048482644553,0.16998005163332428,0.15896961463241577,0.18141225358180238,0.000809057952188238,-0.0019345406968352802,0.0033133122275829903,-0.011236463446451243,-0.018731478473786225,-0.00477739832416928,7
gaussian_score,affine,real,0,current,1,1.0,1.5,1.2631960026996971,1.2601614943231028,1.2661476977950112,98.25736302053664,95.9527304436962,100.2070007190676,0.0753584503126625,0.06705181499536407,0.08294131751181517,0.08536591757950959,0.07713739214689957,0.09241501210690273,0.9041596614428119,0.8846476217427879,0.9262739930842051,0.029298301791657273,0.024598359949025587,0.033907606917080106,0.04606014852100521,0.04157473162850884,0.05011329956643343,0.07527867873542504,0.06647564687040351,0.08296249431068219,-0.0010953289232064037,-0.004416131899404369,0.002070275552755491,0.0007445602320523637,-0.005137655218253821,0.007190443183033275,7
gaussian_score,affine,real,0,current,2,1.5,2.0,1.7617350122272861,1.759148030660328,1.7644012858855385,137.03676354983955,133.73212426357676,139.58635383182994,0.042929220957181345,0.03628803176037097,0.04929596551673923,0.05220459950832685,0.0453963228718894,0.05965249750340394,0.948684253385168,0.9335551734134157,0.962099263519379,0.011957569329485654,0.00954231145179066,0.013552526363582056,0.030971651627695697,0.026176805730865237,0.03624403093816573,0.04284190966646717,0.03621671479985042,0.04932259992242929,0.0008901168401368383,-0.0020295959956982317,0.0038175340014706106,-0.0017932224615493542,-0.008785760909006415,0.004052981330929118,7
gaussian_score,affine,real,0,current,3,2.0,3.0,2.530956722864286,2.5274961760623915,2.5356324340389933,196.86178658713723,192.18431802907762,200.3515428501064,0.0218834093897513,0.016128999964717755,0.028905881635601118,0.030000413242591912,0.02344652020503097,0.03684881033081221,0.9719629755544704,0.964966659858015,0.9773881595144057,0.0029431309771356697,-0.0005299277355065911,0.007418357743661823,0.01894027841261563,0.016251379622112466,0.02200776497697038,0.022036672575905074,0.016192656450598836,0.02889110561756419,0.0018341443514440492,0.0004819259007109118,0.0032308517875852807,0.003041688955865609,-0.0005813531283352531,0.006459216115333929,7
gaussian_score,affine,real,0,current,4,3.0,4.0,3.5203193067530907,3.517125824637944,3.523744217534354,273.8272814557655,267.2403104238402,278.8547744826953,0.008555719247467558,0.0044162997356566045,0.01269513875927851,0.01724370547756548,0.010190949393795876,0.024433767233972396,0.9935150442921518,0.985071847150745,1.0013695626612957,-0.0017056214684900743,-0.004509472913502425,0.0007711582056863665,0.010261340715957632,0.007212653465082176,0.012824408575398821,0.008641031158197109,0.004495598020657576,0.012834627464881676,-7.792712519057042e-06,-0.0018983148249248317,0.0020404507832979604,0.0021246399047711263,-0.002148720804883851,0.0064610262000364405,7
gaussian_score,affine,real,0,current,5,4.0,6.0,5.0537208469924035,5.047056404228386,5.059730805323894,393.0879970517635,383.9648107925729,400.1251352393004,0.003041797727966718,-0.0005639593874345084,0.005854466177327504,0.010687988605285454,0.0071072517036539894,0.014107825288098489,1.0002134080361782,0.9952618075787599,1.004931112961961,-0.0018358305780653923,-0.003613309858290095,-0.0002575726888781486,0.004877628306032111,0.0025025840798477655,0.007254543760786458,0.0030488746735369636,-0.0005046212537476193,0.0058817163248659,-0.00011204790407902587,-0.0017253177409644663,0.001296850910045643,-0.0003266421686934076,-0.0017104901497497188,0.001216310415549049,7
gaussian_score,affine,real,0,current,6,6.0,8.0,7.0423671886939285,7.035437765808655,7.048949746275969,547.7843470659108,534.846529133661,557.9028163242032,0.0015722997980687423,-0.00228238744405306,0.00452819708647398,0.009335578789574603,0.004843936393027972,0.012958886540182572,0.999227475256936,0.9957557131966588,1.0024620109467517,0.0008949568721377173,-0.0008162087521795274,0.0022741567391406014,0.0006773429259310235,-0.0015174687687291473,0.0023620422237028565,0.0015467671494960652,-0.0025714585214412574,0.004573603332786546,-0.0006634315127918973,-0.0026318095016695333,0.0013696965965933775,-0.0007519212378615596,-0.0032683722851523426,0.0013270293741841593,7
gaussian_score,affine,real,0,current,7,8.0,12.0,10.074385452639659,10.067631675186238,10.081555024240386,783.614285810383,765.4080664468905,797.9665365620865,-0.0033378290354006703,-0.004882751239654616,-0.001632106199076432,0.0021693425813527597,0.0004249846044184225,0.003952601110027462,1.0072882508417418,1.0005368529110465,1.0130965718745661,-0.0021227479138207677,-0.002934244134361747,-0.0013327702922998341,-0.0012150811215799028,-0.002284807913478328,0.00015361251873289222,-0.003377052472422175,-0.004937108175543093,-0.0016294942883021437,-2.0442382067740728e-05,-0.001089328063461612,0.0009722276366770181,0.00012070367123777745,-0.0014097160040504723,0.0015514630833854833,7
gaussian_score,affine,real,1,endpoint,0,0.0,1.0,0.6858916100267098,0.6703221080437043,0.7002731222498291,53.389926901876926,51.15097553227832,55.20485093392069,0.038955423046432895,0.031164390161671874,0.04652890882455727,0.03691138514020157,0.028035387848581946,0.044493750069386426,0.9361826013461638,0.9197246277373304,0.9536395225062902,0.01700458031620593,0.012484892552414573,0.021339239837639915,0.021950842730226964,0.01787800081102161,0.026058079224150075,0.039111922053589106,0.03096257964528534,0.046978203333472725,0.0068586213385493046,0.0009062066954694236,0.012234222597620114,-0.0022195898188571692,-0.00989933811912976,0.005102737110928185,7
gaussian_score,affine,real,1,endpoint,1,1.0,1.5,1.263116575543481,1.260003146341793,1.2662066202946605,98.2907477999109,95.83338080262281,100.1607910041844,0.019355827296918537,0.012559686341792142,0.027056485433575382,0.013652709532924938,0.005796296243338306,0.02143459849266954,0.9614971913200188,0.9420891235870299,0.9823976405178433,0.005526568239263986,0.0017616212174115088,0.009922556669650317,0.013829259057654555,0.009440726872097863,0.017895779984239562,0.01947919943184059,0.012371733247965418,0.02713083502951304,0.001128413505587501,-0.005288354956569686,0.007972537613510135,0.00020187320131303654,-0.007723670051811369,0.007598653693531849,7
gaussian_score,affine,real,1,endpoint,2,1.5,2.0,1.761824766118805,1.7592851979162198,1.7644796083363476,137.09818727001465,133.77963099477262,139.53178234750945,0.0015218899692719084,-0.003978029699739503,0.008046061945094513,-0.00461803896227274,-0.011325330036782702,0.002093636830800492,0.9897375842401314,0.9750288655136992,1.0046770544749106,-0.005513819595753317,-0.008899835473367654,-0.0018398630984241486,0.0070357095650252265,0.004640016258246802,0.01030539554491414,0.0016581068999014519,-0.003618347159814897,0.008165119930763772,0.002687873567830667,-0.0029761173279170797,0.008335432855283783,0.0030770228397368803,-0.002300166520663258,0.008930100223383244,7
gaussian_score,affine,real,1,endpoint,3,2.0,3.0,2.530955494836713,2.527478682249948,2.5357183915434867,196.94004582175984,192.4182635108539,200.37366952483245,-0.008849995022934315,-0.011835904200541892,-0.00512487800836645,-0.013434005538996516,-0.016408616065079352,-0.010223288364477693,1.0028016566300324,0.9934987885894596,1.0108045766650409,-0.009807780904624835,-0.011304239405698985,-0.007617899549971349,0.0009577858816905209,-0.001296116445179088,0.0025745937353959247,-0.008721233751660371,-0.011662026010337412,-0.005145112911130956,0.0015793122485916104,-0.0017795279259255215,0.00514040408646893,2.994839271790842e-05,-0.0024403290067350632,0.0026731503168530278,7
gaussian_score,affine,real,1,endpoint,4,3.0,4.0,3.520303091569531,3.516995693660499,3.5236692234553026,273.93523190601564,267.36444267094714,278.81607768752434,-0.01718065872128412,-0.02041209000804627,-0.01361670251821261,-0.019930338200493114,-0.02392163343361101,-0.01542463617052591,1.0204644933317324,1.0119142354585473,1.0282747743036629,-0.014396834178204532,-0.015832157024974855,-0.01272416432890589,-0.0027838245430795885,-0.005516587034032605,0.00013825692353119866,-0.017180895638697746,-0.020453936739064798,-0.01375743451608045,0.0017110129734250116,-0.0010547172625015367,0.004893647835852598,-0.00154538099933439,-0.005832384815429554,0.0015724075603040597,7
gaussian_score,affine,real,1,endpoint,5,4.0,6.0,5.053554077061141,5.046936947719895,5.059666398909191,393.23220423918866,384.2542547463863,400.1351990334701,-0.013564158293599275,-0.015095786708468261,-0.012452305294851473,-0.016436707867734355,-0.017938768513468616,-0.014714073792567471,1.016776546907362,1.0104329390194227,1.023465269746111,-0.00885674629426956,-0.010130849170982668,-0.007797059410534254,-0.004707411999329713,-0.0057663220622460225,-0.0036213701044117744,-0.013357806266176178,-0.014701917811620958,-0.012345469288579079,0.0021453235087674225,-0.0005179792810044456,0.0044706626324084245,-0.0002541903084674632,-0.002112366646503761,0.001617051108852835,7
gaussian_score,affine,real,1,endpoint,6,6.0,8.0,7.042371056014006,7.034921408488423,7.048590991856109,548.0029812003198,534.7393766016665,557.5220240543551,-0.005915462903178017,-0.007440857945027114,-0.0044210403361072915,-0.009090876698678124,-0.010584401723399667,-0.007214365724177498,1.0069456444964309,1.0021925773008928,1.0113908707796586,-0.0022149923379742877,-0.0030448853745655598,-0.0013346165378717782,-0.0037004705652037293,-0.0049127854039165645,-0.002584376948063257,-0.005864837529793346,-0.0073511960641937995,-0.004365837029677444,0.0004757507607259497,-0.0014978687183467016,0.0022596498852378013,0.0008374538449286203,-0.0009858504008031109,0.002700434090053597,7
gaussian_score,affine,real,1,endpoint,7,8.0,12.0,10.074402921867875,10.067592381822227,10.081370797177215,783.9279973699688,765.6608485993941,797.7851782487004,-0.0014551306296090845,-0.0025034007579977555,-0.00023832783647815604,-0.004046656552794524,-0.005406047955631657,-0.002467623758456471,1.0055935966995355,0.9999611483841955,1.0104669072758554,-0.0005949407399875681,-0.0011448124608871388,6.198292624408474e-05,-0.0008601898896215163,-0.0014992666035442835,-0.0002406865769410868,-0.0013603277538107733,-0.0026459282288966634,-6.557880519405247e-05,0.0007293889854164045,-0.001964441846787364,0.003321587632891611,0.0002548140155329283,-0.0008576348795428867,0.0015373876321986178,7
gaussian_score,affine,real,1,start,0,0.0,1.0,0.6862199461973985,0.6711667346577971,0.7008281161938565,53.418254463624706,51.251543494066375,55.16667592255733,0.04016320430125402,0.031369697043458544,0.047539105584577274,0.037205682212293034,0.028378392127681562,0.045655723234939896,0.9351089720336786,0.9170805381487981,0.9540379755339484,0.01838638476469619,0.014625338058587813,0.022250265916156614,0.02177681953655783,0.016133184319491577,0.027160434288540845,0.04002977502841621,0.031169106554008955,0.04724189013750483,0.00788417925005191,0.002265829861179528,0.012907407641922605,0.0010427771228540684,-0.006053964570979568,0.0058831100206003465,7
gaussian_score,affine,real,1,start,1,1.0,1.5,1.2642742491311856,1.2610584409219605,1.2676435257588548,98.38135569774154,96.07833126942629,100.2052252737267,0.01737041229236899,0.009200199369143498,0.026376230640545513,0.013433514742181041,0.0041176120780017835,0.021514656675800277,0.9647900926933852,0.944640985095819,0.9850354639227208,0.0047533540104300965,0.0009470894343040966,0.009367167629970414,0.012617058281938893,0.008116145729051425,0.01683132017441854,0.017642643645181772,0.009350086169302552,0.02685339133463467,0.0007405303730247988,-0.006169371284349868,0.007543180239534818,-0.0009195386670473475,-0.008070206058580888,0.004723209347880329,7
gaussian_score,affine,real,1,start,2,1.5,2.0,1.7620299265445,1.7594137316800924,1.7644036032480634,137.11327704665422,133.82959572775889,139.58236589425286,0.0013704726143202411,-0.003262624947633724,0.007132394018020098,-0.004025268987959779,-0.00998786600045525,0.0017067258965795644,0.9907814350178156,0.9785659301706361,1.0040462326743542,-0.00601850317122276,-0.009395693419074229,-0.0027194815249525633,0.007388975785543,0.005010824491887716,0.01031307129925217,0.0015568809361663882,-0.003179752745343582,0.0074115292240151814,0.0008650391169456642,-0.0033212082496482036,0.005896069657765707,0.0010403332259975807,-0.00446166115808119,0.006848620217565689,7
gaussian_score,affine,real,1,start,3,2.0,3.0,2.531165368060607,2.5275177772696575,2.5362775114955163,196.95473409203603,192.35937166656058,200.33431225635098,-0.008978160216749326,-0.012152756530071439,-0.004865751571414017,-0.014085607164096306,-0.01723093806565738,-0.01062795478317698,1.002126199490511,0.9916929708909592,1.0106671173517927,-0.010321087789175993,-0.011862606188516188,-0.008166491233981303,0.0013429275724266673,-0.0011455359090541033,0.003365218638647102,-0.008945685504515096,-0.012170087477434477,-0.005046255867178523,0.0005631738651893233,-0.0026882489074608173,0.004366885909954417,0.0007352171116125115,-0.001104322501786071,0.0025042305195741954,7
gaussian_score,affine,real,1,start,4,3.0,4.0,3.5203676075819557,3.5169402232423197,3.523693792322509,273.93979850052494,267.57249157152165,278.9186962887206,-0.017140530452604,-0.020071426974752414,-0.014024895647974475,-0.01967950181761081,-0.023344148026183988,-0.015580789600854603,1.0200034142707284,1.011643103121474,1.028189251936758,-0.014095579092499746,-0.015430573748189617,-0.012545212377605336,-0.0030449513601042513,-0.005549343007136617,-0.00024521181634299863,-0.017120287290246408,-0.020153743414825242,-0.014063596068811935,0.0017102838172919808,-0.0007999171899833214,0.00438686569779236,-0.002465757231266187,-0.006531310762407673,0.00030508361408815895,7
gaussian_score,affine,real,1,start,5,4.0,6.0,5.053595972818958,5.046952183953792,5.059603703494003,393.23644828503967,384.1203809954067,400.2065035801335,-0.01351960140334818,-0.01520556917281969,-0.012197298911214228,-0.016583807819702912,-0.018095669846321702,-0.014789941934907912,1.0163406858534143,1.0100248980104323,1.0229021001406429,-0.008862110458285607,-0.010172246187283546,-0.007830186925630938,-0.0046574909450625744,-0.005684955589011035,-0.0035404919158827206,-0.013327874913979106,-0.014879776086922921,-0.01205676701107673,0.0017796449506002918,-0.0006768052454485658,0.004000932419495169,2.1118703906758307e-05,-0.001612062980403488,0.0016059848513852416,7
gaussian_score,affine,real,1,start,6,6.0,8.0,7.042103517705114,7.035391311313145,7.048515936745146,547.9819812184685,535.1217927742068,557.5299937214652,-0.005686629641688072,-0.007124863592208292,-0.004288808849444399,-0.008777074592684633,-0.01031762331192571,-0.0068371819063492035,1.006686523229374,1.0020529521174633,1.0110065977323655,-0.0020668251674953214,-0.0029321948590049535,-0.0011429696608684366,-0.003619804474192751,-0.004887529999030542,-0.0025672209212194833,-0.005613117763281082,-0.006973709696068059,-0.0042209877272589525,0.0007034607408504615,-0.0009066398212210866,0.002265916434695065,0.0004866559472165374,-0.0013990359871886566,0.002260379759096629,7
gaussian_score,affine,real,1,start,7,8.0,12.0,10.074270412407326,10.06705708367869,10.08136343204706,783.9174251559618,766.2015152964024,797.4561119276462,-0.0015087352240922163,-0.0025646993800901028,-0.00041891615248884926,-0.0040791761490336954,-0.005456010750371078,-0.002597895947786435,1.0056295368450923,0.9999197119339626,1.010792139837071,-0.000608461846750393,-0.0011397425913612258,-5.843192507867949e-07,-0.0009002733773418235,-0.0015115313583680295,-0.0002962116623222956,-0.00141351421174608,-0.0026954628344534634,-0.00016719016387107318,0.0007741958629582717,-0.002060255498890638,0.003377563385181636,0.00037088839444452245,-0.0006664868418485694,0.0016314542319578,7
gaussian_score,affine,real,2,endpoint,0,0.0,1.0,0.68599156835557,0.6704231720467253,0.7004370566398544,53.42181828659513,51.162911493104566,55.196060561339344,0.03784527961192792,0.03218256821000705,0.04712070944979913,0.04088059268414084,0.036751798733477184,0.04703284503810499,0.937374387836775,0.922058965499686,0.9552853110113197,0.02108998087196822,0.015719779033754416,0.02759430383270347,0.0167552987399597,0.012781926902966796,0.02109402942971017,0.037744353229396656,0.03235249613235345,0.046698402319533094,0.021147022663792113,0.01602457478760346,0.026500123760326493,-0.0072922370835772216,-0.01298805634775153,-0.0017490126004968236,7
gaussian_score,affine,real,2,endpoint,1,1.0,1.5,1.264154067064003,1.260717588008381,1.2674267183623624,98.4096136052609,96.13692358672236,100.22021231200627,0.03703449666690246,0.03019462807645763,0.04382753434795491,0.036725661130189435,0.030547402200429653,0.04274419088451348,0.9459263239757858,0.9296008319321453,0.9611008691283389,0.018033929578307212,0.015097981893572069,0.021055806113933727,0.019000567088595245,0.013703411646822653,0.023531320105983036,0.03715725863176428,0.03050033152776674,0.043659758999254394,0.01462937378813498,0.005990785640772851,0.02293458080133471,-0.00027380802891829626,-0.004789555256631684,0.004872833313160233,7
gaussian_score,affine,real,2,endpoint,2,1.5,2.0,1.762045598661495,1.7595495207176404,1.7644440968438453,137.16646821854178,134.01159333238235,139.5296816297949,0.023429718542391575,0.018835684973070664,0.028812079665375967,0.023158544909391787,0.019932990723266996,0.027229286080688902,0.9663141479124174,0.9581738625787479,0.974229383203257,0.010452451810421962,0.007761383347565064,0.013405420514301413,0.012977266731969613,0.00977632999277083,0.016516071478766735,0.02355424770184151,0.01900526689072623,0.028868586894301752,0.008824570350596594,0.005885962495734841,0.012008385397062813,0.0017154084053466409,-0.0037268856816692025,0.007157683508995033,7
gaussian_score,affine,real,2,endpoint,3,2.0,3.0,2.531166376000141,2.527444954009076,2.5361153124299216,197.0299483886975,192.5284538505787,200.28706697428566,0.010046065415442606,0.00708956094849871,0.012919812256969131,0.010479280072865726,0.007122863813030776,0.01359830017436525,0.9834979172026583,0.9740398906254601,0.9934406626719223,0.0010356272675375346,-0.000831244530728401,0.0026597567583108183,0.009010438147905071,0.0070084867792820525,0.010984853737707278,0.010090478555736162,0.007139740091369755,0.013115253195755601,0.00294209840462416,0.0006944872843331875,0.005314863333040843,-0.004172166711007617,-0.007019129880408628,-0.0011180877343344446,7
gaussian_score,affine,real,2,endpoint,4,3.0,4.0,3.520347927928868,3.516975564050245,3.5237417172265375,274.04325525141957,267.6792655826481,278.7758275347098,-0.00033157676900317774,-0.004027486688345913,0.0033801398223808907,0.00247840001209862,-0.0008846926454858887,0.006041540970539764,1.0037988630689263,0.9938008002897378,1.0146164437488079,-0.005123975009358096,-0.007940571592554608,-0.0024897188378321475,0.004792398240354919,0.0028887298857922204,0.006736589519139367,-0.00041851628978932005,-0.004109325948306251,0.003336703590123879,-0.001169899400441039,-0.003522078334968904,0.0013541285604333343,-0.003401398245488322,-0.007149313149323455,0.00042414256372569163,7
gaussian_score,affine,real,2,endpoint,5,4.0,6.0,5.0534245729245635,5.046793756827313,5.059487416833039,393.374146436659,384.3153316827198,400.24172109636976,-0.000827391253995666,-0.0027871860049186624,0.0007852520508928922,-0.000911165137447154,-0.0023934688637052962,0.0005480405559584199,1.0035505133087563,0.9982873775434801,1.0088012515694014,-0.002844441372195627,-0.004607489624421941,-0.0013299944639019738,0.0020170501181999605,0.0015011926310941053,0.0025753721102953456,-0.0008614769387896744,-0.0029090331781958315,0.0008207998928195057,-0.0003093057634152938,-0.002852250623711358,0.0017610902552695686,-0.00025581966240662766,-0.002273327034048083,0.0017341279782705384,7
gaussian_score,affine,real,2,endpoint,6,6.0,8.0,7.042071953289451,7.035311309689098,7.0484290766759425,548.1893317757409,535.6265348504702,557.4607840164891,0.0021440589898461837,0.00018870482705206763,0.004035373161455672,0.0018130896725448524,-0.00010139641026431725,0.0036766057280832143,0.9989286652063745,0.9942284061381956,1.0033744709134365,0.0010864602636409505,0.00014257321996057702,0.0020460987422629465,0.0010575987262052332,-0.00038018474273536783,0.0023763467234305213,0.0021143459590324933,0.0002311002799891501,0.0038750233320685484,-0.001284300913290667,-0.0034844509189940593,0.0015151444961834773,-0.0002582104110501062,-0.002667930803237643,0.0023190573981051454,7
gaussian_score,affine,real,2,endpoint,7,8.0,12.0,10.074308446825452,10.067287614689468,10.081414102430504,784.221447186267,766.2982540706795,797.5401942461119,0.0009004959995303572,0.0001500692762860926,0.0016453623960437803,0.0005852179159365758,-9.523561656944857e-05,0.001275882569722539,1.0032897439434711,0.996920180884551,1.0082663402177274,0.0006506235413419327,-0.0002034345591899674,0.001757429252470778,0.0002498724581884246,-0.00038335841484817224,0.0008833570328540022,0.0008049343873331139,0.00016468444794209432,0.0014787432407598804,-0.0007638622802166843,-0.002022010086388465,0.00031637544823352607,0.0002828843052765177,-0.0012244141320295722,0.0017131633576138398,7
gaussian_score,affine,real,2,start,0,0.0,1.0,0.6852844862844533,0.6706788345427197,0.6990545353468348,53.36863987445923,51.203163851979596,55.03601945278984,0.04049702715947758,0.0349834886189142,0.049092969752083264,0.043607047396052256,0.039907201612025885,0.04832882849072635,0.9346719370559986,0.9193271790447677,0.9520475734693339,0.022548914296061085,0.018396949186937246,0.027828027230458224,0.0179481128634165,0.014726741399875478,0.021833986208985526,0.040356815713944456,0.034937197500577485,0.04866351368278253,0.020609847322291912,0.015422535920763284,0.026810972080170112,-0.008939409542753617,-0.013332425806442087,-0.004053370094860755,7
gaussian_score,affine,real,2,start,1,1.0,1.5,1.2647507699442102,1.2615291188114703,1.267927109015758,98.45681161055965,96.2069899641408,100.25416777465513,0.03576964498094099,0.02883821236097151,0.04321112730801147,0.03504421977301015,0.028872319381017895,0.04210975814334429,0.9485801425151811,0.9332665905844187,0.9650647653526653,0.016796192334504235,0.013082073026969263,0.020778442641088773,0.01897345264643676,0.014951546629998671,0.023008881441206146,0.03609886164303393,0.029519840774686702,0.04296454663930367,0.01328910753450342,0.006152557566791681,0.019725401293998263,0.0010619478957002138,-0.004659244153311241,0.007437856573203504,7
gaussian_score,affine,real,2,start,2,1.5,2.0,1.7615890970876407,1.7593930849905313,1.764096324702653,137.130917184383,133.9585899394248,139.50649620714228,0.02180274076760904,0.0168813035994751,0.027544952580945147,0.022596297600186225,0.0196467443567116,0.025969641476309185,0.966766375576548,0.9591125307732413,0.9744560170232806,0.009478507184992158,0.006509440631786085,0.01263143415701472,0.01232423358261688,0.008884489392062158,0.01616075675387363,0.021965906705402327,0.017221628824494822,0.027600375477040296,0.007696227305261901,0.00434106466003933,0.010914186510859836,-0.0003771629593182814,-0.006170531703495017,0.004607315174789495,7
gaussian_score,affine,real,2,start,3,2.0,3.0,2.531364190957564,2.5278963932400615,2.5358905038938224,197.04430397187622,192.5726985105218,200.2890721839728,0.009921112170957942,0.007220040697755622,0.012665366124742039,0.010758113358589,0.007421163584161873,0.013620869912372581,0.983813391793742,0.9752521165348732,0.9926301518949814,0.00044231465671797185,-0.0012381655031690581,0.0018355056499506366,0.00947879751423997,0.007533877210238704,0.011282355893518264,0.009984037410196442,0.007192346257964306,0.012695400275966346,0.0020311572334244074,-0.000764433049077273,0.005235586307976463,-0.0026667672640540243,-0.004857513191347183,-0.00017496288983623247,7
gaussian_score,affine,real,2,start,4,3.0,4.0,3.52051803901361,3.5172906692871773,3.523659875167408,274.0562104224431,267.46526525108465,278.9270946090435,-0.0003059710364437733,-0.003844636843132909,0.002894137012023789,0.002358797997305225,-0.0009578614028553385,0.005549861672901577,1.0037912746774897,0.9942957129665455,1.0139974630295927,-0.004886591629166335,-0.007131055908684672,-0.002781313900595502,0.004580620592722563,0.0025683085558859276,0.006420632364611794,-0.0003718913295186897,-0.0036881779525418726,0.002732416219056914,-0.0006851764288323808,-0.003087359006314722,0.0019161522813089446,-0.003601950580642916,-0.007862908113436914,0.0005047460656614765,7
gaussian_score,affine,real,2,start,5,4.0,6.0,5.053500634343329,5.046880348331885,5.059411264685281,393.3815897695528,384.4047615330792,400.1579677314409,-0.0005744886467719927,-0.0025873129591093115,0.0011638192411887792,-0.0007363320721270266,-0.002193155639688985,0.0006624666256346123,1.002819748998837,0.9975088748671977,1.008271634461777,-0.0026892952094582333,-0.004475889235735077,-0.0011660941451572928,0.0021148065626862404,0.0015306725965783955,0.0027734118631017593,-0.000614353763772142,-0.0026796791429275963,0.0011113862249175857,-0.0003417760123895688,-0.002725553107772146,0.001653444048660558,-8.24267166029843e-05,-0.001967842644464032,0.0017937809406370223,7
gaussian_score,affine,real,2,start,6,6.0,8.0,7.042302181272963,7.035920974225033,7.048340234008229,548.2076713983562,535.6370738024345,557.6439439413568,0.001939894413180181,4.1137472972079934e-05,0.0037218540592917253,0.0016287088553333564,-0.00040842886324177815,0.003512276255598206,0.9990906647096045,0.994458418291394,1.0035609231951714,0.0009353138269726085,9.756690528253531e-06,0.0019341615314649428,0.0010045805862075733,-0.0003398790722712459,0.00228194742494781,0.001890045596009729,5.475839300725396e-05,0.003612830367393394,-0.0014448706908106758,-0.003724134234587768,0.0016892574538817007,-0.0004992371477942759,-0.002794718760734307,0.001985083950085405,7
gaussian_score,affine,real,2,start,7,8.0,12.0,10.074366995778433,10.067423833359843,10.08155546605393,784.2258017356623,766.2493287220744,797.7763101960577,0.0009437851680145216,0.00021728324794089687,0.0016882165964929485,0.0005839420054803226,-0.00013009735528616786,0.001304418608763522,1.0031241993418623,0.9969499708060909,1.00807896936909,0.0007271532144769428,-0.00011150470673887475,0.0017861872052885599,0.0002166319535375789,-0.0004363554820718987,0.000884107561755702,0.0008449879705681528,0.00022238977388551662,0.0015561051708966578,-0.000772562158798937,-0.0019530020382694936,0.00025413121119754334,0.00019901561870169822,-0.0013365341121569872,0.0014875383384421934,7
gaussian_score,affine,real,3,endpoint,0,0.0,1.0,0.6850503019240232,0.6700054992986769,0.6987373126668618,53.369387723264545,51.17929149166844,55.07100852847812,0.03069617465555393,0.026931796906543216,0.03686513303867043,0.03143597378565381,0.024678280107203607,0.03848355959517476,0.9443394747678031,0.9277291662266418,0.9605111840346788,0.014433727563831766,0.011161109912791959,0.018599897862542975,0.016262447091722164,0.013205983087840673,0.01974795826355299,0.030399042178290047,0.026775749252407433,0.03648813327558146,0.010779473585454738,0.005012844512815737,0.016844362780185626,-0.0021865562549533745,-0.009451625953137985,0.005325325887214795,7
gaussian_score,affine,real,3,endpoint,1,1.0,1.5,1.2646657980482523,1.2616149143710622,1.2677600259978725,98.48481525520516,96.2569669765654,100.18491938787936,0.03125962278321625,0.02616452567082111,0.03681676736894518,0.031166496126395857,0.027182667078019827,0.03560243816665106,0.9534148974065151,0.9373041219756342,0.9693283081034989,0.014281190700034365,0.010812438871892129,0.01736841992327509,0.016978432083181887,0.013715986158129915,0.02029917739402179,0.03137689879043528,0.026057276634737246,0.03689672268204527,0.004363898533914948,0.00029090606821991253,0.009323740133967211,0.0014684680075846594,-0.003034131511668638,0.0064090223842422555,7
gaussian_score,affine,real,3,endpoint,2,1.5,2.0,1.7616620266140657,1.7594403492464619,1.7641936830389429,137.1852260078318,134.06823295256643,139.50405600196802,0.019983787307089215,0.01695139363536102,0.022902908372340405,0.02061704310429619,0.016235622619280347,0.02496301751574101,0.9683845693127944,0.9603694365077243,0.9746097199732248,0.010808740250920174,0.00850961152050176,0.012819391060979908,0.009175047056169042,0.006881121318813484,0.011503526410624151,0.019995000011224704,0.016777530468684722,0.02301814729368675,0.0034233985826298305,-0.0020298418621034534,0.009061322354904483,0.003606603855596751,-0.0027684134837165685,0.009923267497556714,7
gaussian_score,affine,real,3,endpoint,3,2.0,3.0,2.5313615467977866,2.5279533539131607,2.5359361328863734,197.1143375529924,192.69614599314085,200.23922167894327,0.009104496730289735,0.0051755103079322295,0.01271661113406965,0.008259102518575472,0.005321570450193065,0.011265854380062749,0.9848682961065499,0.9752697484474645,0.9944095132102038,0.0010764073958494642,-0.0015532811988174583,0.003762700149819005,0.008028089334440271,0.005868327943302659,0.009933155090683555,0.008990962915446874,0.004857617589858543,0.012806561559766097,0.0010906952117441253,-0.0014567983616949696,0.004521589695788362,3.9425548267802634e-05,-0.0023228211235864367,0.002384501274471145,7
gaussian_score,affine,real,3,endpoint,4,3.0,4.0,3.5205654993657136,3.517317297248904,3.5236820450512014,274.1576139958666,267.85108606056235,278.74646295511087,-0.0002620447117379973,-0.002522685173145315,0.002270915389436387,-7.859991964765398e-05,-0.002141413825274924,0.001792978514221661,1.0040419046652982,0.9959841478034862,1.0123705507812104,-0.003829787138497448,-0.005508982320357998,-0.0021892190737500448,0.0035677424267594507,0.002023224470788111,0.005243573544563798,-0.00015153426870508018,-0.0024969968638522085,0.0024829571403549473,0.0019934821582189765,-0.0013951180147214021,0.0049964998421697885,0.001736247529938109,-0.001108890974650894,0.004290292403087486,7
gaussian_score,affine,real,3,endpoint,5,4.0,6.0,5.05336843697686,5.046722424432263,5.059324317987913,393.5117938218422,384.7303226310477,400.1211498732996,-0.002541163100910016,-0.004206193589767555,-0.000600517644681613,-0.0021681169735644776,-0.00360337804881342,-0.0003755859887087482,1.0052388970418489,0.9993097756169449,1.0112585838497508,-0.002854886630223991,-0.004155299915868023,-0.001550487690663078,0.00031372352931397385,-0.0009764140774889402,0.0018437596365279358,-0.0024392527944997783,-0.0040463617908593616,-0.00043477009975969406,0.0016580776277294008,-0.0006190535808838741,0.004092440349641352,-0.001894390592481922,-0.0036847240157679003,0.00018330266228173622,7
gaussian_score,affine,real,3,endpoint,6,6.0,8.0,7.042288651229225,7.035780558148631,7.048692094788966,548.4016147392858,536.0161564602578,557.6029256354461,-2.7437135451874274e-05,-0.0008842441675522612,0.0009544081821039983,0.0005527329988278105,-0.00046716136727431877,0.0016767050757775018,1.0007699686099938,0.9966187818389958,1.0048355322219462,0.00022298628800844882,-0.0005078445094652175,0.0008691825265896687,-0.00025042342346032296,-0.001235326036485762,0.000764500214224222,-0.0001378792104214175,-0.000989015884226124,0.000814821595453833,-0.0008097693893466494,-0.0019988811850194643,0.0008042194831068596,7.643593199799517e-05,-0.00102090452161455,0.001252015546285557,7
gaussian_score,affine,real,3,endpoint,7,8.0,12.0,10.074432286497025,10.067318531199623,10.081666456661036,784.510871514697,766.9568360131389,797.3574789232825,0.0002547682389940222,-0.0006313817594795865,0.0012667209113465417,0.0009654075235900149,0.00022085056367293401,0.0016214214128469522,1.0040605580355213,0.9981810189275647,1.009207458171964,-0.00018523712182653217,-0.0009152174459014186,0.0006638061526246874,0.00044000536082055436,-0.00025709526222377887,0.0010570853152362246,0.00025790816640497297,-0.0005705093101503251,0.0011687789628723995,-0.00041601516065265973,-0.0016790265534444974,0.0010340325595993487,8.314721276465535e-05,-0.0009588301120033652,0.001114153289839466,7
gaussian_score,affine,real,3,start,0,0.0,1.0,0.6834820987515736,0.6701796521226498,0.6956545780892744,53.246956914172735,51.21590908984071,54.83241527423064,0.03295168487460326,0.02906478546118982,0.03903135495427541,0.03298377392768699,0.025917095289461192,0.04055758446753757,0.9426643768572031,0.9253649471950948,0.9597683466341095,0.017398840773141022,0.014212571072207289,0.021204635121306756,0.01555284410146224,0.012541242888794471,0.018624819311272557,0.032800506718834783,0.029259100805995,0.038676178217861,0.011075251974657295,0.0036458587505985665,0.01877139513662377,-0.0021693154588731953,-0.010379875381194061,0.004908531526204488,7
gaussian_score,affine,real,3,start,1,1.0,1.5,1.265460585968235,1.262895217980751,1.2681924216165574,98.54689768191864,96.29276383699698,100.2646987696029,0.030486413782466668,0.025393852299738857,0.035805393508621004,0.030502403688713098,0.027260809041984135,0.033885372784433966,0.9580813374728471,0.9444831710249002,0.9704307972049723,0.01299915176598694,0.009108917810313042,0.016565024511772584,0.017487262016479734,0.0141234035214394,0.020800541382041866,0.030628234122144184,0.02560246905663221,0.03615430048092676,0.006847375336672512,0.0013086298816711098,0.012910333142746021,0.004060596705056036,-0.004534663420468288,0.011288112996586707,7
gaussian_score,affine,real,3,start,2,1.5,2.0,1.7615165632724765,1.7599738027158913,1.7634190099983158,137.17467678691065,134.0097221235137,139.45269151626204,0.019278677757894734,0.015563624462707159,0.023440103194711587,0.021037995760276516,0.016499351763436764,0.02510490589490889,0.967745708526888,0.9595226395333164,0.9740148862711153,0.010146749935193818,0.008266459569045361,0.012063617635136302,0.009131927822700916,0.006921963880233271,0.011759286065812351,0.01919137886646542,0.01526803010500466,0.023438899363155873,0.00031356680132396474,-0.0034067868473895333,0.0038893022493146586,0.0022187401863792183,-0.004674645752429057,0.008060519387194999,7
gaussian_score,affine,real,3,start,3,2.0,3.0,2.531468931435108,2.528132524683326,2.535728115688062,197.12261492931398,192.76262699269026,200.21123443502853,0.009927400998400995,0.006380571486850879,0.013380323668663565,0.008751260478162678,0.006069213996056521,0.011409622806060714,0.9839922834432063,0.9752936929142005,0.9924580911084024,0.0015077040562429356,-0.0008435889457509331,0.004150329430459396,0.00841969694215806,0.00643183158543287,0.010094574394749973,0.009778282726166836,0.0059966841793263346,0.013393935596515931,0.0007942469731757548,-0.002742987954733113,0.00521735840641204,0.0005843295058105014,-0.0018620921519796035,0.0030157427721524024,7
gaussian_score,affine,real,3,start,4,3.0,4.0,3.5205194775380773,3.51733201577416,3.5236690181236625,274.1532737387426,267.9484719909734,278.73110380148705,-0.0008560015537379923,-0.0031484307322410896,0.0016607843715729367,-0.0006440829610683387,-0.002973760325074548,0.0015094986739086142,1.0038256759999566,0.9955357414499736,1.0115823076872945,-0.00429403299536201,-0.00607865443798754,-0.0025863944608914592,0.0034380314416240193,0.0016644242538080415,0.005217224900382228,-0.0007534799981967176,-0.0032013675195127047,0.0019149941328499753,0.0020939948834599966,-0.0007430315285330938,0.004778104312754485,0.0012047367181925752,-0.0010651575521205732,0.0032260207042990887,7
gaussian_score,affine,real,3,start,5,4.0,6.0,5.053323562934443,5.0467392061274605,5.0591885702039745,393.50863697836564,384.2188085059384,400.2004106843205,-0.002501521167614578,-0.004164633556208145,-0.0005030030516813884,-0.00213887213425945,-0.003679132087480568,-0.00015049662728810424,1.0047039149346635,0.9989717348775365,1.0106108369110016,-0.0026468990350633596,-0.003943799101754701,-0.001397544111757838,0.0001453778674487817,-0.001107371645787412,0.0016002893289314261,-0.0024281898852471346,-0.004021892127720474,-0.00045972290821142585,0.0014067326074959467,-0.0006502408728636672,0.003543968870312255,-0.0018235459910059483,-0.003751267444290033,0.0005172692605747934,7
gaussian_score,affine,real,3,start,6,6.0,8.0,7.042209748274673,7.035753264418108,7.048691303012889,548.3953370094858,535.7788028535,557.3902018898821,4.9658286765162565e-05,-0.000733153655637607,0.0010006087775663347,0.0005759426660200934,-0.0003435365254493452,0.001599895212946663,1.0009521153433543,0.996897996313665,1.0049666597989504,0.00017333558512778834,-0.0006690267408972777,0.0008714459107256801,-0.000123677298362626,-0.0011355346372858178,0.0008571641907827849,-6.605593242993661e-05,-0.0008468498469012456,0.0008290777914599524,-0.0009053086499340753,-0.00200109888993124,0.0006149442499843936,-1.4726664822502047e-05,-0.0011165998273333403,0.00124190968788242,7
gaussian_score,affine,real,3,start,7,8.0,12.0,10.074204734349452,10.067154947039489,10.081406747230208,784.4928752807156,766.4845575956596,797.3382735084566,0.00023368820182281428,-0.0006961089151693217,0.0012098166018221991,0.0009347222176766217,0.00016391392411708297,0.001566183808123708,1.0038488733352013,0.9979093560346274,1.0089181567588061,-0.00020416790644630641,-0.0009394206975205205,0.00066577418982476,0.0004378561082691206,-0.00026980689312838043,0.001074750301959323,0.0002351244781264503,-0.0006431398078034803,0.001158066297028757,-0.00040115486798411284,-0.001725563057852221,0.0010095127251429493,0.00010529325775182814,-0.0008859218152599562,0.0011245825334428837,7
gaussian_score,affine,real,4,endpoint,0,0.0,1.0,0.6833154591718581,0.670470670157753,0.6959410512068896,53.24921605949369,51.25844079024528,54.80554021850184,0.02320389696082455,0.018159972264508162,0.028291385425131134,0.021882446519517797,0.016057655836215965,0.026814787497654875,0.9546654389679812,0.9380299971456733,0.970746935594898,0.010348098687076928,0.007285822863702539,0.013293090481446298,0.012855798273747618,0.009563143955178523,0.016121470421127184,0.02366742414566938,0.01883543984960708,0.02859193927785897,0.009674323081420525,0.0027000810305019196,0.016883053665098128,0.0036526303144688113,-0.00657464527057255,0.014136681443036312,7
gaussian_score,affine,real,4,endpoint,1,1.0,1.5,1.2654648744826347,1.2628983339176327,1.268230566689877,98.5744781033045,96.27205846491832,100.24091931148867,0.02529316627701837,0.01927752660913911,0.031184793625788704,0.0229840139683723,0.017110173888402393,0.027259229269717113,0.9618548175143165,0.9504369903887461,0.9720023990124939,0.01393862263864334,0.010260625968210474,0.017968883450585525,0.011354543638375033,0.007627050926940409,0.014970276657847037,0.025150941139825213,0.019298735176144458,0.030592326104859652,0.003419153764648029,-0.0003753179185638204,0.006968261276046034,-0.00651511255303234,-0.01144568156774511,-0.0016074585471019607,7
gaussian_score,affine,real,4,endpoint,2,1.5,2.0,1.7616518816547995,1.7600191822858011,1.7635583929933567,137.2240746504843,134.11586561543484,139.4829603200435,0.015999862825024604,0.010523676466024692,0.02073996794751311,0.013873824086904681,0.010371741362502667,0.01729953354171403,0.9712972346208476,0.9621918724123394,0.9804025968293556,0.007701475536448482,0.004759414795599524,0.010478331015299892,0.008298387288576126,0.004962597762772201,0.01246170923224819,0.015933282095310145,0.010909521939375944,0.02063106065966761,0.005680688435866159,0.0013963373481662889,0.010582207036021595,-0.0034241099135860413,-0.009049568329491628,0.00218904037363045,7
gaussian_score,affine,real,4,endpoint,3,2.0,3.0,2.5314343905679486,2.5279879940961467,2.535841570005534,197.1753602766863,192.89064043152374,200.19609787354173,0.007841364940864183,0.005899770301906464,0.009792056037415677,0.007808194098846083,0.006335879574588517,0.009361287219120232,0.985764567074581,0.977279578572679,0.9949650532297097,0.001909602120446909,-9.569336939706253e-05,0.003616746748388297,0.005931762820417275,0.004476846839811962,0.007403790073097804,0.008079951485709214,0.0061714252856321,0.010001659557460903,0.0035931299754139237,0.00205704372569941,0.005232439482179654,0.00029409087726182216,-0.0037794637599223154,0.00433595436351423,7
gaussian_score,affine,real,4,endpoint,4,3.0,4.0,3.520585063973057,3.5173573456013405,3.5236706060166094,274.2347352179612,268.11958164811796,278.6818308901043,7.095455874210907e-05,-0.0022543053715992647,0.002452769412987363,-0.0007994769030317376,-0.004068745855261478,0.0019383978191005809,1.0033970861391004,0.9942892440557838,1.0126236947615466,-0.002582896790920964,-0.00443542903797919,-0.0008571618319044391,0.0026538513496630737,0.0014401801003567998,0.004014158617200307,0.0003273981417733039,-0.0022133303344400715,0.0028149079871902442,0.004139013239166133,0.0006896016048801226,0.006933038084053174,-0.0016640120175646926,-0.0034217515447793902,-7.262071447876816e-05,7
gaussian_score,affine,real,4,endpoint,5,4.0,6.0,5.053250343615018,5.046566839035036,5.0591861015914725,393.6129172712397,384.82528998461834,400.036697082428,-0.0028070008981236423,-0.004895068357454207,-0.0011286090385216204,-0.003130193635216602,-0.005636332188347284,-0.0012716984715844674,1.005264957957791,0.9989688047325468,1.0128580693717375,-0.0035727320514710205,-0.0050939946128668425,-0.0019870756735511676,0.0007657311533473784,-0.00019884674582725334,0.001812974560626519,-0.0027077665572817836,-0.004766639162287706,-0.0011048385231867805,0.0006685598156872146,-0.001676522922498663,0.0033176650166198904,-4.8697313642260456e-05,-0.0013361602342517457,0.0011818010787029228,7
gaussian_score,affine,real,4,endpoint,6,6.0,8.0,7.042142814746162,7.035475665149089,7.048692545521659,548.5433969129768,536.289019145129,557.3875190693636,-0.0016667537733713617,-0.00320915097720286,5.384559901126677e-05,-0.0006449890205255669,-0.0027700729551337127,0.0015151853614273258,1.002732368062439,0.9983409849949139,1.00692485482057,-0.0005490512395990533,-0.0017651296125630773,0.0006337080930359258,-0.0011177025337723086,-0.002117860331387596,-0.00029511730882740133,-0.0016742451406691814,-0.0030879229090120136,0.00018134612256400344,0.00012731850633207166,-0.0020015919833730553,0.002440384826255727,-0.001362674852486757,-0.0023823441333063427,-0.000367324554100569,7
gaussian_score,affine,real,4,endpoint,7,8.0,12.0,10.074288470786229,10.067351260318473,10.081476999222383,784.7191250602103,767.7351838897224,797.320574925818,-0.00033846663036073447,-0.0008359010512121794,0.0001324233932270241,-0.0011626908636673532,-0.0014877086928241372,-0.0008193857329396819,1.0045475640811092,0.9987321681823965,1.009334578180791,4.7979380189956146e-05,-0.00032324595423065565,0.0005092894378721271,-0.0003864460105506904,-0.0008799559305751736,0.00013649071304999878,-0.0002626171915671368,-0.0007699493440997617,0.00017843627012944916,0.000335608258125827,-0.0008345656710242349,0.0014232484819968524,-0.00044305795652772574,-0.0012726290399466113,0.0005551607259370269,7
gaussian_score,affine,real,4,start,0,0.0,1.0,0.6818873312172725,0.6700252045436789,0.693435669981328,53.13626561738109,51.279546109467674,54.60600497758294,0.023238662236555314,0.01583138351331786,0.029643798648816992,0.02334170203119038,0.016165924707538148,0.02952887571777325,0.9555702601930334,0.9362375907715351,0.972413660431839,0.011799889901155934,0.007348305466398394,0.015512449658939111,0.011438772335399378,0.006999905102357895,0.01587576592647552,0.02359379974886782,0.01599266161724036,0.030064642235442213,0.009577949417064772,0.0024475771944159623,0.01700219030959486,0.004457076023114981,-0.0031849552037509516,0.013282404843985126,7
gaussian_score,affine,real,4,start,1,1.0,1.5,1.2662500163671775,1.2638240738046307,1.268477519528212,98.63501457434897,96.46148642620525,100.26755486885757,0.025893533958861733,0.018413318446260565,0.03255189618491335,0.02193011415438272,0.014430075120784482,0.027118431012542733,0.9634147032458401,0.9517871578645235,0.9740989448277975,0.013533072199162836,0.00960421102798984,0.017195078312026667,0.012360461759698894,0.00861165238605564,0.015951787957486106,0.025876810054792188,0.01847015190832444,0.03226453306142247,0.0055301119898395895,0.0009920482985306524,0.01048565228487467,-0.006800749232174663,-0.01258051058137469,-0.0015108865208173735,7
gaussian_score,affine,real,4,start,2,1.5,2.0,1.7617464648179577,1.7603938158968757,1.763295360258152,137.23256912977635,134.12541969347222,139.53623694128797,0.016250809908969675,0.011280122117462417,0.02074291667720584,0.014222139004431202,0.010878811118501867,0.017321591828630575,0.9711583933770885,0.9619430394340405,0.9805614945229816,0.008613987834466635,0.005905296314981768,0.011576322766579852,0.00763682207450304,0.004571467072327912,0.011197759828196693,0.015981270967141577,0.011348456395957674,0.0203576011978067,0.0010625313985906642,-0.004208437462775142,0.007145649019094455,-0.0023679059284064286,-0.007951081150704377,0.003977582330457362,7
gaussian_score,affine,real,4,start,3,2.0,3.0,2.531949318550552,2.5291650627813484,2.535399952165674,197.21567690370043,192.789374699961,200.2383039789802,0.007648925699656249,0.006010890385167532,0.009407484426637094,0.007780674171892606,0.006419203042573469,0.009276079127184918,0.9856030238946275,0.9780852962618568,0.9935835685661464,0.0014635668848844107,-0.0001032336786975424,0.0030113538722243544,0.00618535881477184,0.004779296244000101,0.007633887783576866,0.007878774330327264,0.006229216334377084,0.009705622859124298,0.003562832328062533,0.0015034943309000263,0.006156390517582067,-0.00019074158283684882,-0.004750616667115597,0.004457723220146919,7
gaussian_score,affine,real,4,start,4,3.0,4.0,3.520451390986898,3.5175382660470573,3.523387326100817,274.22326034908764,268.0222840307532,278.6305517131987,-0.00023395583285315351,-0.002613586971582189,0.0021520889704925695,-0.0012697760726032713,-0.004613003406125115,0.001723844537337613,1.0029310829369082,0.9941245079238612,1.0121153032910215,-0.0026470486073509026,-0.004590396999082545,-0.0008705450887184018,0.002413092774497749,0.0011601047087983509,0.003733522483863344,3.837193209277833e-05,-0.002488310550642444,0.0025483989285181997,0.0038814968376553395,0.00040821790024978205,0.006916515657764292,-0.0019282012064318673,-0.0040552937682410495,9.868580096984143e-05,7
gaussian_score,affine,real,4,start,5,4.0,6.0,5.052869663066079,5.046593103846011,5.058533515172432,393.5832594681973,384.75871372477604,399.8321746060828,-0.002827798182640217,-0.0048385856296479365,-0.001262880426340617,-0.0029669895554953374,-0.005341595337747031,-0.0011827165171512956,1.0048090441245459,0.9985338205799997,1.0120758026816403,-0.003531822483580021,-0.005022658574901345,-0.0019978446364641985,0.0007040243009398038,-0.00021286509725286986,0.0016706208062096032,-0.0027107307102539496,-0.004681917971259961,-0.001209197882519495,0.0008627455344658204,-0.0012248659679949365,0.003185964545033467,-0.00013489879344755505,-0.0014592431077281739,0.0010416592449737556,7
gaussian_score,affine,real,4,start,6,6.0,8.0,7.042084358140536,7.035653383249968,7.048464522022051,548.5385459882124,536.0021412306446,557.2330465233248,-0.0015998520383263876,-0.0031914835073005425,0.00020701136279986212,-0.000791108487179778,-0.0030774536137810754,0.0015023428784073831,1.0024799434887208,0.9978795189212307,1.00696662118066,-0.00048635461239481215,-0.001722012113758053,0.0006894851512223096,-0.0011134974259315756,-0.00224256238955209,-0.00014852905217469932,-0.001617480407422154,-0.0031656084161693432,0.0003073515727587529,9.089023377593472e-05,-0.002013867706142993,0.0024294165878956764,-0.0011777040324805756,-0.0021397439634066448,-0.0002628421009044838,7
gaussian_score,affine,real,4,start,7,8.0,12.0,10.074142190624869,10.06707025252228,10.081452172512726,784.7065195404006,766.7050000802134,797.2728509691126,-0.00030808258951775535,-0.0007761032659277076,9.715534099509143e-05,-0.001107196846258953,-0.0013873559664393236,-0.0007916910995938136,1.0044639965134332,0.9986463771359638,1.0091561641970188,6.625206678320633e-06,-0.00038237871830026167,0.00044392026435440305,-0.0003147077961960758,-0.0008639772360435228,0.0002566662968927486,-0.00023065456032348849,-0.0007224692870591064,0.00017075754307287902,0.000340724381664886,-0.0006424625919206877,0.0012946092354578984,-0.0005314329053627672,-0.0014521076923730354,0.0005181150256889053,7
gaussian_score,affine,real,5,endpoint,0,0.0,1.0,0.6817412228399989,0.6697724620054445,0.6928649809630845,53.159717318021684,51.197950381621816,54.61291183792046,0.013980766108322102,0.005992731935228013,0.022326897221559148,0.010986469528408744,0.004715091144176464,0.01634974864757831,0.9667593449460536,0.95139462175464,0.9827726833824231,0.005612276082030721,0.0008557612608465919,0.010063568637237915,0.00836849002629138,0.0021581490253121632,0.014539253786566786,0.013438305954695261,0.005780490278172708,0.021683583216521026,0.007163539599138999,-4.6322863020953104e-05,0.01637725133147417,-0.0010134609691653568,-0.009349240619381761,0.007163431798659664,7
gaussian_score,affine,real,5,endpoint,1,1.0,1.5,1.2662564389612576,1.263800027533876,1.2684529814535082,98.69929200117076,96.42766434694961,100.31878436799768,0.016003770981360115,0.012082900464011602,0.02036522052220916,0.0179429531821077,0.012507037118960231,0.02308951998172876,0.9728797747081398,0.9596097205736884,0.9861961893688195,0.008467352439396392,0.005400915606028403,0.01155082850595729,0.007536418541963725,0.0053545872730535755,0.009691553689734485,0.016060067261013118,0.012295167613742511,0.019992393284417376,0.00666028951002131,-0.0001313771531618894,0.013131734336289587,0.0002881436463501286,-0.005276875073724008,0.005823417698014816,7
gaussian_score,affine,real,5,endpoint,2,1.5,2.0,1.7617871075788523,1.7604494691025945,1.7633408918253968,137.3250232367031,134.25968572421758,139.5592108909147,0.01189006371420652,0.009148176805841537,0.014491916352692171,0.013321516701543731,0.00926191958066071,0.016563659683062896,0.9763848110322213,0.9699177510640727,0.9840608424550151,0.007352820184738735,0.005568400694722047,0.009091287544480573,0.004537243529467784,0.002767133549850019,0.005861121547770752,0.01229775493950617,0.009515293272401758,0.014934419117033483,0.0033963473819541607,-0.004004357856766819,0.010172714743267872,-0.00448180519634112,-0.008126005187015384,-0.001041802000130009,7
gaussian_score,affine,real,5,endpoint,3,2.0,3.0,2.5319263186792953,2.5291929649430487,2.535426489890162,197.34231937985706,193.06624010862427,200.28577830988192,0.009681985942254195,0.007096302018071589,0.012497270190704412,0.010651224670395984,0.006653100884155126,0.014937953609256732,0.9844884586141122,0.9773288283588627,0.9932249279018737,0.0048172147547571155,0.0028353687838431154,0.006869132922213215,0.00486477118749708,0.0031099801520948754,0.006178134743484549,0.00991232624229477,0.007349655809907497,0.012790261547141048,0.0035716827296465303,0.0015112909430123388,0.005690589678667218,0.0010521095945162451,-0.0029866470994141386,0.005684185534227648,7
gaussian_score,affine,real,5,endpoint,4,3.0,4.0,3.520530833185392,3.5176811558336754,3.5235436129452475,274.407178561854,268.00027311270867,278.83772359929196,0.0038258167508395946,0.0011364834525460876,0.0065151863569756835,0.00460996782193585,0.0015904958392701514,0.007537884557478636,0.9993887025695528,0.9914666638231536,1.0069033938085041,6.271643959357064e-05,-0.0012543164895842417,0.001448077095783732,0.003763100311246024,0.00182612652354305,0.005642850765740491,0.003935970350998119,0.0010176671958490467,0.006742785601464236,0.0012050964036861586,-0.0008108887147603386,0.0032572839836103257,-0.003341746755938627,-0.005043643675250839,-0.0016943565665931402,7
gaussian_score,affine,real,5,endpoint,5,4.0,6.0,5.052743578431607,5.046427677369588,5.058472833165018,393.82903922204576,385.5707344250306,400.259522386741,-0.00039621705980832586,-0.002667628337192553,0.0018779419758810625,0.00038702241952403145,-0.0028036080863697603,0.0033803641938338316,1.0028033817429836,0.9977305574579027,1.0082313928813031,-0.001686193156442327,-0.0032185022160408955,-2.674112462324664e-05,0.0012899760966340013,0.00015851819635949685,0.0022079372793052427,-0.00032156870196290566,-0.002692579849669302,0.0020068156397716435,0.0008409621117243202,-0.0014923711256038586,0.003343413880058345,-0.00017047293681250048,-0.0030233060999542124,0.0025940928888737625,7
gaussian_score,affine,real,5,endpoint,6,6.0,8.0,7.042001159776575,7.035426640588304,7.0483678225219135,548.8883627893557,537.0469767268972,557.5247332496746,0.0004902806262520506,-0.0006507813132349906,0.0015452502729606083,0.0008619775079984354,-0.0006055001735517532,0.002226489278557601,1.0005003137945734,0.9971644455208286,1.0041534535381813,0.0002351229860141769,-0.0007872636868761428,0.0011771728304292954,0.00025515764023787384,-0.00023166590511102995,0.0008221033407332159,0.00045967116320833897,-0.0008012928242260303,0.0016353216215426437,-5.559927470796129e-05,-0.0017087483884122288,0.0017433898022865373,0.000661841956318945,-0.0008709003008552692,0.00223564276496403,7
gaussian_score,affine,real,5,endpoint,7,8.0,12.0,10.074201624363528,10.067232765843803,10.081713872295222,785.2206170268718,767.899087270366,797.5688030379926,0.00027569962125097245,-0.00016035501287624908,0.0007467485422785541,0.0004944580839695428,-0.00018533222293542912,0.001142752896484339,1.0041322226788914,0.9982837145599396,1.0089185279208572,4.158253962607295e-05,-0.0003600545443726575,0.0004154894528189492,0.0002341170816248996,-2.8371344826941167e-05,0.0005044496753111637,0.00019769947499174897,-0.0002880968131272599,0.000733500490280816,-0.0007279881172118828,-0.0017855340255204493,0.000402447083295301,0.0005396683517427313,-0.0007672700468186911,0.0019193359410740619,7
gaussian_score,affine,real,5,start,0,0.0,1.0,0.6798352167400603,0.6701907606147667,0.689761194679202,53.0092198229227,51.17427520036778,54.392778104130755,0.012931124121713699,0.005837516887024745,0.02137302509558951,0.011406377078407578,0.005389685993259175,0.01688349323184824,0.970234709812262,0.9544004810626733,0.9871899594083205,0.005627392758537032,0.0015523311116229252,0.009249655633486916,0.007303731363176664,0.0017409078265568177,0.013339853512847296,0.01271720285319715,0.005805052593800854,0.020926827647583305,0.008064966590600676,0.0004820462096685246,0.017725278854051684,-0.0004247545281204466,-0.01032566209226799,0.008789091163661313,7
gaussian_score,affine,real,5,start,1,1.0,1.5,1.2668896785477153,1.2649086092446327,1.2685451174439284,98.74601985978336,96.49334386528623,100.30135501568273,0.01800279620475744,0.013780839570638258,0.02235409848194663,0.018336973230672453,0.014010402745281357,0.02294064591921244,0.9720095896931562,0.9597392257280141,0.9833783316820155,0.008901911533359045,0.005824852381019047,0.012105374522908666,0.009100884671398397,0.006392986169319627,0.011561262170429675,0.01791186603014999,0.013864538136840285,0.022435181983267466,0.00646523851385801,-0.0002457722233465828,0.013953262432972985,-0.0025951132014753993,-0.008624099655521458,0.003910356733850381,7
gaussian_score,affine,real,5,start,2,1.5,2.0,1.7621166954960839,1.7608692480923156,1.7634722454544147,137.34907639958337,134.31703342018793,139.61344460736046,0.01243442936887865,0.01056867099114808,0.014234118412099362,0.013251322321509287,0.009561425119893718,0.01654535240281317,0.9753690249537744,0.9678700163342352,0.9839294253248643,0.00826579615703903,0.006997043113407716,0.009825313369275014,0.004168633211839623,0.002864664971222527,0.00583450935850146,0.012697347764057494,0.010808279129238874,0.014335657664197633,0.005789022039225765,-0.0007780272370492552,0.011604008765429054,-0.0035141395486239283,-0.007934715997001747,0.00039682119148243874,7
gaussian_score,affine,real,5,start,3,2.0,3.0,2.5323093142836295,2.529615370262781,2.535326266207877,197.3719928520142,192.86743186855466,200.32401534402268,0.009068363259248128,0.006363777552916071,0.01217738151913529,0.010416715531402939,0.006017313868474503,0.014741573626461795,0.984949027314899,0.9782092023681913,0.9928718252763884,0.004457594007775304,0.0027270961785006266,0.006486101631234017,0.004610769251472824,0.0028868668901032533,0.006148273926851461,0.009209797749075743,0.006517155069522832,0.012314586458897011,0.0023072977864329264,-0.0002972216862895851,0.005194884300757299,0.0011641249889781757,-0.002653258392860308,0.005426245895746717,7
gaussian_score,affine,real,5,start,4,3.0,4.0,3.5204707612110435,3.518093270164524,3.5230528225412248,274.4026069638706,268.01211715160895,278.7512510705046,0.00412317502503131,0.0012931846217432437,0.006915826860337365,0.004889516188202635,0.0018273030079792676,0.008078512320983017,0.9983706316414926,0.9906726305386734,1.0063487863257663,0.0002379277767277172,-0.001196394017032584,0.0016961889451539776,0.003885247248303593,0.002001192250531424,0.005828217749415625,0.004286001266387614,0.001399395338984787,0.007080738769395722,0.0016191676303320673,-3.5006681191267323e-05,0.003324296689428483,-0.0032686538176199646,-0.004819430246898528,-0.001630380058900712,7
gaussian_score,affine,real,5,start,5,4.0,6.0,5.0526872311156685,5.046536972742301,5.058190764168698,393.82494250433535,384.95881976641004,400.26865116712133,-0.0005293635052685159,-0.002715812653614928,0.0016445773906834812,0.0002526904879440743,-0.0029157794670261437,0.003185550866025879,1.0023546991615016,0.9973105009468463,1.007620035691446,-0.0017261176644633124,-0.0032091055362478828,-0.00013002844054780358,0.0011967541591947968,0.0001523908559536873,0.0020679770669400767,-0.0004853354675370456,-0.0026022200415262314,0.0016361300586704923,0.0006678051338171889,-0.0016346714346719938,0.0032478112788551783,-0.00042925921205409225,-0.0030597078255768556,0.0022756071304797392,7
gaussian_score,affine,real,5,start,6,6.0,8.0,7.042276595186701,7.035975689103679,7.048435561979048,548.9093143626937,536.9660191853062,557.5921559758489,0.0006564218580023602,-0.0005589968939509843,0.0018598073610245468,0.0009834224054066335,-0.0005175178922991841,0.0024721003859685593,1.000373954345687,0.9971162108043204,1.003743635557667,0.0003180460607493651,-0.0007168613546631993,0.0013730306833723929,0.000338375797252995,-0.00023880796234974452,0.0010251340481835394,0.0006259933543425576,-0.000732748674759518,0.001960875263038189,-0.00018239864355278903,-0.001673700439286925,0.0015151471290612152,0.0008197541810184593,-0.0007072100215395743,0.002448267263335081,7
gaussian_score,affine,real,5,start,7,8.0,12.0,10.074138024250503,10.067006310750976,10.08134001494018,785.2153983507818,768.1453574140086,797.7512487739361,0.00031635818577774034,-0.00013008072653162403,0.0008134667147022686,0.0005348234364946253,-0.0001640474883477374,0.001197880464687671,1.0039547475475734,0.9982013989143486,1.0088108305365913,4.5076898514308495e-05,-0.00039075913931381587,0.00046693642196283115,0.0002712812872634316,-6.241166125055287e-06,0.0005089592967880966,0.00024366682572715296,-0.0002736383647657468,0.0008229827334323207,-0.0006716480553687445,-0.0016501740189817655,0.0003561691584505877,0.0005439744282216327,-0.000686510283692194,0.0018377983879425406,7
gaussian_score,affine,real,6,endpoint,0,0.0,1.0,0.679694096752626,0.6696611172112374,0.6887923913041368,53.024301565472165,51.23947057037298,54.39287706652815,0.011081354926681846,0.0053976543264838885,0.016956104863994983,0.011381922181340062,0.002979501116778857,0.018861711710464777,0.9724169415435773,0.9542251606381218,0.9900628913750771,0.0071276943058437865,0.003729447996608554,0.010448692998923453,0.00395366062083806,0.0005741918918227264,0.008010761952878887,0.01132006018435977,0.004947864414048637,0.017782036342846547,0.004503593157568251,-0.004974262422867512,0.013942179045551848,-0.0023785235252908794,-0.013146171046789243,0.008509096094493155,7
gaussian_score,affine,real,6,endpoint,1,1.0,1.5,1.2668251000403643,1.264805667816459,1.268643852654439,98.78884698759201,96.70987865422136,100.32680554155877,0.008903752762415994,0.005638518656641603,0.01210373681598899,0.012013346730779218,0.006870268525250933,0.016375483949122815,0.9808181317574366,0.9672223396273412,0.9945426350329867,0.005232973239342027,0.0022969596746848994,0.008049615934289921,0.003670779523073966,0.0013460315197027606,0.006603513730630212,0.009308575325300562,0.005631719165779721,0.01270265455812781,0.008064940714843934,0.0008233921089042808,0.015530423797755162,-0.0029599809147693,-0.006037391605678198,0.0005111807588802582,7
gaussian_score,affine,real,6,endpoint,2,1.5,2.0,1.7621011547446805,1.7607858291468408,1.763416480342521,137.4144795422765,134.4004089089922,139.61871184133992,0.015503955860139333,0.0107971105887402,0.020162161811913742,0.014721860307735372,0.008205509488268344,0.02026268570589049,0.9757455656751173,0.9650428703102581,0.9871737232141581,0.01005268979370772,0.007822582049300662,0.012486624607332183,0.0054512660664316126,0.0018333893647780983,0.009304939873750893,0.01586129570877652,0.011129405004095441,0.020654098357295137,0.006427207785858627,0.0030586919917415353,0.009590659915311899,-0.006015969208047727,-0.010589655706404843,-0.002001006695973295,7
gaussian_score,affine,real,6,endpoint,3,2.0,3.0,2.5321681849734405,2.529417588009458,2.535194578834056,197.45711243158857,193.2303107378692,200.4109282209899,0.006739592037454423,0.003382898458280951,0.010167325632615387,0.007558918510942446,0.004274037315957387,0.01102318235088923,0.9870698006149726,0.977732166750131,0.9966943078341692,0.006020812429306264,0.003091700205431052,0.009080839066937657,0.0007187796081481602,-0.0007359731021541595,0.002171724744557441,0.006767614294608437,0.003385353278145607,0.010136378132848274,0.0015305106962286634,-0.002552701645678965,0.004652087719513344,-0.0013617120684857496,-0.0055057050836605035,0.002109712824359948,7
gaussian_score,affine,real,6,endpoint,4,3.0,4.0,3.5204768458073246,3.518120933833864,3.5229113930467952,274.5361679365722,268.0864061990865,278.8714361673841,0.004428890964716189,0.001778552862658183,0.007209811015235229,0.004546540922721208,0.0010860676265360225,0.007381695160863811,0.9972135003922978,0.9867405506061235,1.0067475887970483,0.001856233895851659,0.00036989028187710146,0.0035797044528281625,0.0025726570688645316,0.000775204222274181,0.004706673838666489,0.00461274393848029,0.0020359989933581737,0.00736865312698066,0.0019883673557409137,0.0006857873912420522,0.003479170674496591,0.0014497343406944586,-0.0017727739298675504,0.005940888103689912,7
gaussian_score,affine,real,6,endpoint,5,4.0,6.0,5.05256684628039,5.046379518074552,5.0582638880070805,394.0069449804807,385.3970807132186,400.3154087285265,-0.00035865944986141797,-0.00177995816793083,0.0011214439893689786,-0.000989864467019917,-0.0031909564810801427,0.0010396553749139421,1.0026048371307112,0.9975246166525376,1.0084657714628558,-0.0005779662873352999,-0.0013279628710854135,0.00023491321574210515,0.00021930683747388194,-0.0006818260386508352,0.0011666138711278987,-0.0004202949089041697,-0.0017939117329781114,0.0009489797203350595,-0.0010553624345735408,-0.0040040473402270784,0.00216127250812073,-0.0004954148104222611,-0.0016498558845758702,0.0004484510092951827,7
gaussian_score,affine,real,6,endpoint,6,6.0,8.0,7.042200310754936,7.0358249122010115,7.0483462282403835,549.1696587036357,536.5124638844662,557.7059221440968,-0.0008885253795585046,-0.00265072236866371,0.0003144511231555308,-0.000555805841895028,-0.0021244438052915563,0.0008458199833868265,1.0018831834410276,0.9981058081617133,1.0055299523693266,-0.0010334271212073566,-0.0017670218149567585,-0.0004343515779765232,0.0001449017416488518,-0.0009811297163343337,0.0010436677677666303,-0.0008925905604128387,-0.002743034783182515,0.0003573944798559497,-0.00011236222996703236,-0.0014869726035855234,0.0013910814430188186,0.0011196673086430356,-0.0003703819204640639,0.002926439260616672,7
gaussian_score,affine,real,6,endpoint,7,8.0,12.0,10.074189748839446,10.067221078023076,10.081230409579032,785.6006960908724,768.3439765275929,798.0224479236421,9.034749137680519e-05,-0.0006677481852324005,0.0009087356471737246,-0.00024143760323102364,-0.001359021319114137,0.0008947369931925997,1.0045922154603937,0.9986485175090375,1.0094748882638593,0.00042287970302853694,-0.00021045661547946091,0.00106677290985937,-0.0003325322116517314,-0.0008060656971823086,0.00014682678304207678,-6.918098494101144e-05,-0.0009713754133221771,0.0008911112858689017,-0.0007941752935811412,-0.001866016216917961,0.0004239170853969303,0.00024282621160856235,-0.0010072872890718979,0.001706508986352709,7
gaussian_score,affine,real,6,start,0,0.0,1.0,0.6782467352821663,0.6694813038865056,0.6871433104378574,52.91039447583806,51.17014780711697,54.26150024874284,0.012669573233345891,0.006261701696578616,0.019335091169142317,0.013798430481927587,0.00481270270812327,0.022588099422241808,0.9730818731297487,0.9542866416744641,0.9898582172415006,0.008738399449725034,0.005419961689497229,0.011729000009232132,0.003931173783620856,0.00016187222048861367,0.0088089014845576,0.012896548670089866,0.0060398222427413256,0.020064848266702934,0.006442474823975938,-0.0019419794102658225,0.013888423800955008,0.00011304620750086602,-0.00690175595053914,0.008180216665371992,7
gaussian_score,affine,real,6,start,1,1.0,1.5,1.2676652275808828,1.2663942034348128,1.2690298778957345,98.85280969583525,96.70777203331326,100.3532526641712,0.00805168730247714,0.003614033204781049,0.012386608718602662,0.010471653294340478,0.004276792867960563,0.015743008810166503,0.9810644999084842,0.968994700561536,0.9960012525434692,0.0039429017201524,0.00042132045875462753,0.007682543842287666,0.004108785582324742,0.0016342192156960206,0.007026777291313966,0.008525376847519587,0.0039804101396204855,0.012974699002777479,0.007567648048245106,-0.0011970303274164045,0.01889173005105587,-0.007457382567415371,-0.012640636557877675,-0.0030923935714926715,7
gaussian_score,affine,real,6,start,2,1.5,2.0,1.762735429765541,1.7618039678944173,1.7638202619182972,137.46252596907956,134.41686576594802,139.6779780603702,0.014868100725774101,0.009560758584465463,0.02044862305811938,0.013889602949766834,0.008253379708240778,0.019230900959182274,0.9764096044424279,0.9662517696885786,0.9873074887076153,0.010385479235945088,0.007548815404912415,0.013326802061369755,0.004482621489829014,0.0010926823961821645,0.007703135506712598,0.015117967773693761,0.00968165571991748,0.020704845447483876,0.005721184683322312,0.00226189571630985,0.00904489840011627,-0.004496701479752287,-0.008496277479539216,0.00029636011625284753,7
gaussian_score,affine,real,6,start,3,2.0,3.0,2.5331807997538864,2.53051534651533,2.53593878517708,197.53616637259296,193.30843057774698,200.48522816597028,0.007287477825267062,0.004112002945144093,0.010657319962133151,0.007993404087065458,0.00443906365326942,0.0116280858918091,0.987047668733605,0.978929829132154,0.9956029710007869,0.006431418407791098,0.0034218767731819945,0.00956292834190455,0.0008560594174759642,-0.000532318314055903,0.0022764175018942104,0.007368660085054754,0.004081056031595632,0.010783589548828701,0.002558227434830852,-0.00040335144953980044,0.005224808769943969,-0.0013584277998359567,-0.005708169019229078,0.002442529307559955,7
gaussian_score,affine,real,6,start,4,3.0,4.0,3.5210856927080676,3.519226229700518,3.5231642024022407,274.5824641892078,268.4198876499235,278.89440055784314,0.004047357574002247,0.0011780656645573907,0.006729645899640304,0.0044994612137630756,0.0009585821804703874,0.007547135269975761,0.997265007127187,0.9872815899889389,1.0068674321716955,0.0014364834378166346,-6.503095981076717e-05,0.0030929449626949427,0.0026108741361856136,0.0006273715471698746,0.004800707001690364,0.0042079678063904665,0.0016546742693150298,0.007055678375326178,0.001132532673490351,-0.0004006655314252796,0.0030916624535458977,0.0009026241219553514,-0.003189826286226578,0.006508990496265383,7
gaussian_score,affine,real,6,start,5,4.0,6.0,5.052543187847318,5.046360593057796,5.057990413675477,394.0045053140857,385.30386456518875,400.3095979593548,-0.0005283307195433696,-0.0018736665333370561,0.0007196166630748923,-0.001158504930234299,-0.002991275030012433,0.0006427017833766357,1.0019916974998095,0.9967916058807479,1.0081945002862076,-0.0005841684190874135,-0.0012838318154442857,0.000174618814331283,5.583769954404421e-05,-0.0007287367806045215,0.0008470902481338571,-0.0006042957730520016,-0.001798982389971526,0.0005753655320640506,-0.0011630887578513087,-0.004015052628158858,0.002087763782786784,-0.0002217143438006607,-0.001549315066076028,0.0009184076994109973,7
gaussian_score,affine,real,6,start,6,6.0,8.0,7.0423019772380835,7.035716753221016,7.048428770364198,549.1766547543446,536.9808919896644,557.653645856409,-0.0007355185544582529,-0.0025285173993835753,0.00039156279646841604,-0.00047654152101183993,-0.002002397329465327,0.0007446025724391607,1.0020010211745085,0.9985945481734698,1.0052299170965346,-0.0009482504535275209,-0.0018576750983208643,-0.0002462300766318951,0.00021273189906926803,-0.000838359774312897,0.0011333729692381484,-0.0007211552175273055,-0.0025402845113740254,0.0004626190168370116,6.21269994580847e-05,-0.0014738431191766422,0.0017991141885182842,0.0010726297725596196,-0.00034231596664679325,0.0027866924675339945,7
gaussian_score,affine,real,6,start,7,8.0,12.0,10.074226688033374,10.06687544164362,10.081446291472771,785.6028564095885,768.8722996114916,797.6349472411869,5.519324249837497e-05,-0.000713715976071542,0.000899048909662543,-0.00028273575201614564,-0.0014451854394531903,0.0008052816797529666,1.0044001579100803,0.9984514154654767,1.0092556926680274,0.0004055109821596161,-0.0002572088231003344,0.0010622237866335293,-0.0003503177396612409,-0.0008412048407065042,0.00011907009511114991,-0.0001237079926469399,-0.0010487799010679875,0.0008534948932554861,-0.0009202402346038229,-0.0019575880514580463,0.00011326923132086976,0.00018189532150376624,-0.0010125338837993784,0.001522051450648344,7
gaussian_score,affine,spatial_shuffle,0,current,0,0.0,1.0,0.686078138307831,0.6704720100014654,0.7006798287369401,53.382845863427804,51.13372201584337,55.21281999338861,6.406019038218573e-05,-0.0036890674526108246,0.00408181448876998,0.005019591069585494,0.0012499000119686476,0.008251820751286729,0.9878804267283183,0.9810808964034604,0.9955502706380612,-0.0008083561448809306,-0.0036669592166154764,0.002202070087290528,0.0008724163352631158,-0.0013679859508184075,0.003343477418134226,0.00022788631892901062,-0.003659542441568276,0.0045667502424745765,-0.0008851614793873878,-0.002804590565210669,0.0010977648078206535,-0.0024972894190721617,-0.006723788140247373,0.0020891746650831965,7
gaussian_score,affine,spatial_shuffle,0,current,1,1.0,1.5,1.2631960026996971,1.2601571467281063,1.2661386801502363,98.25736302053664,95.92616466037714,100.1383056799511,-9.327231987211016e-05,-0.0018592671540355907,0.0016158974605413477,0.004972510667191625,0.0028370970337799123,0.007398973642577118,0.992146929373014,0.9827420118295969,1.001202934264116,-0.0012735852092794246,-0.0024912649574052787,-6.299824714962127e-06,0.0011803128894073151,0.00013399076125100758,0.0023338011882555972,-3.596011106563269e-06,-0.0015647553487408647,0.0016596635673528468,-0.0016296513056593518,-0.006568396643103415,0.003142087811899973,4.435556963272481e-05,-0.0028128272053611417,0.002611249631773992,7
gaussian_score,affine,spatial_shuffle,0,current,2,1.5,2.0,1.7617350122272861,1.7592485185775897,1.7644083538810296,137.03676354983955,133.8249434913931,139.58627204304437,0.001585684732739827,-0.00279575333584,0.005725400303761958,0.005139181843962204,6.551278969750886e-05,0.009965367706707421,0.9937808739744967,0.9871323912237201,1.000392838991624,-0.00016193369864393785,-0.0020958960786819298,0.001786816689569211,0.0017476184313837647,-0.0011885838886560227,0.004543962980323954,0.0019023799842532551,-0.0023618255626567377,0.006098039006483031,-0.0015963298969552452,-0.0033223613077157338,7.155423212469505e-05,0.0013386339247159894,-0.0009951869688701797,0.0037346405014204893,7
gaussian_score,affine,spatial_shuffle,0,current,3,2.0,3.0,2.530956722864286,2.5273733294743326,2.5356324340389933,196.86178658713723,192.23849028083418,200.3313505707781,-7.732101735212599e-05,-0.0008241569156874012,0.0008215805217004528,0.004276054457961063,0.001871834260010935,0.006547393014706634,0.9983328491964105,0.9944442871344705,1.002264281302862,-0.0005392880768188333,-0.0015900043995950195,0.0005431305442937362,0.00046196705946670763,-0.00035081097432139826,0.00126947474718959,-9.762260949897518e-05,-0.0008478663179139723,0.0007960827112707224,-0.00015804487255542313,-0.0023529783464870677,0.001935198994510112,0.0010661221061253707,-0.0009959383519771764,0.0030570537172673815,7
gaussian_score,affine,spatial_shuffle,0,current,4,3.0,4.0,3.5203193067530907,3.51717778102619,3.523550958100102,273.8272814557655,267.2997253200473,278.87651819008056,0.0007231934952545497,-0.0011434281548673016,0.0026489624123615016,0.004179799486408964,0.0016730549718333703,0.006996539033687951,1.0000353240350255,0.9959475316308496,1.0038943329157368,-0.00013780538696482283,-0.0016630369108989185,0.0013554734655388764,0.0008609988822193723,0.00019971172266359876,0.0017744100624945123,0.0007396820390405277,-0.0011249283077116386,0.0026300450112698858,0.000810088189690243,-0.0009268998046414644,0.0025530227565284318,0.001164817144802429,-0.0001894352841138037,0.0027157207574409364,7
gaussian_score,affine,spatial_shuffle,0,current,5,4.0,6.0,5.0537208469924035,5.046907898639289,5.059539759671714,393.0879970517635,383.964810792573,400.4457477569396,0.0005086999984291614,3.7634434089136116e-05,0.001001690946763027,0.00384142498828786,0.002295022288696498,0.005181730045248213,1.0012479389295668,0.9977360661040576,1.0046339167612455,1.3814866062634813e-05,-0.00022258655160438157,0.00024825800792088206,0.0004948851323665265,2.5821486560336677e-05,0.0009904704831659816,0.00046813363095474567,1.897532467414389e-05,0.0009124965724483651,-0.0005010700836643442,-0.0014440125664185572,0.0006379712989637654,0.00132786286246107,0.0002386161793975537,0.002313069391608373,7
gaussian_score,affine,spatial_shuffle,0,current,6,6.0,8.0,7.0423671886939285,7.035576405119803,7.049089280819319,547.7843470659108,534.953286584043,557.4442070963696,-1.5976771695444234e-07,-0.0005530581831787554,0.0006321375341041411,0.0043920856811548075,0.003297696097181927,0.005413734362241707,1.0011135142091936,0.9986610962604597,1.0034083759387178,0.0001731728855245463,-0.00018704792937704396,0.0005471637155331422,-0.000173332653241501,-0.0006089356079503524,0.00026579479514990113,-8.414463421805043e-05,-0.000716936706542828,0.0005929985461057148,-0.0007584540155881101,-0.0021573099420442686,0.0005947557761709929,-0.00027588497526137427,-0.002012046126354626,0.0015736463531473989,7
gaussian_score,affine,spatial_shuffle,0,current,7,8.0,12.0,10.074385452639659,10.067657257233074,10.08117277881605,783.614285810383,765.9468916524359,797.8038975225091,-0.00040997257040956863,-0.0008061738671628577,-6.4450033148349925e-06,0.0039901736664551555,0.0024768181030489253,0.005472674754913069,1.002891740476342,1.0001959987210345,1.0054380472365931,-0.0004273112347889782,-0.000832675040585101,3.823582245322912e-05,1.7338664379409464e-05,-0.00019824770342967562,0.00024004149484450131,-0.00039081846185437514,-0.0008222335082432069,1.0964441180727227e-05,0.00014026286986629116,-0.00040914521547851017,0.0006443579291976722,-0.0004245559138201828,-0.001202712632887067,0.00021541486942760487,7
gaussian_score,affine,spatial_shuffle,1,endpoint,0,0.0,1.0,0.6858916100267098,0.6702568295945053,0.7003180971351738,53.389926901876926,51.220190864761186,55.19091738174436,0.00045129736843922723,-0.001793872977636669,0.0034443700479460286,-0.0037925982720423967,-0.00683363306157007,-0.00046349803915400465,0.9866871653001122,0.9781253235293024,0.9967594421118225,0.0005114775492737067,-0.0008270020999995056,0.0021356719899753318,-6.018018083447935e-05,-0.0024298300665455386,0.0020293847234506336,0.0005776926440791419,-0.0018263283485894077,0.0037051855922728724,-0.00436667649843648,-0.00769099193101659,-0.0010106563539548986,-0.003031922002691235,-0.010893590247249832,0.0023326268222342177,7
gaussian_score,affine,spatial_shuffle,1,endpoint,1,1.0,1.5,1.263116575543481,1.260077708607279,1.2662365942185012,98.2907477999109,95.9411054427962,100.11184319082602,0.0042167139992682545,0.001668618273412893,0.006535303732095983,0.0003431770075888032,-0.0032843236116282593,0.003601588289144133,0.9854371173872307,0.97875553203892,0.99221521505136,0.0022559090996693595,0.0006814039359884177,0.0040034595229254425,0.001960804899598895,-0.0011676204503642217,0.004374635589212213,0.004253689925321277,0.0016663226183424792,0.006724785890927014,-0.005285396624578077,-0.011324310501544704,0.0007533472211971107,0.0004436105995935182,-0.0026226433836716366,0.0032364643600426676,7
gaussian_score,affine,spatial_shuffle,1,endpoint,2,1.5,2.0,1.761824766118805,1.7591592017408766,1.7644078077887644,137.09818727001465,133.79939381917455,139.57197622806885,0.001450526597545857,-0.0004166670588306936,0.003386844841564452,-8.552217536947931e-05,-0.0030597750524325785,0.00263525788668682,0.9958637466565342,0.9881025267126464,1.002613070619265,0.001363951881570484,-0.000193806080298481,0.0030145444738141547,8.657471597537235e-05,-0.001575585576609305,0.0018866947705963057,0.0012490814534270255,-0.0007822913835004866,0.003342753039669586,-0.0008120651710262878,-0.005308705382768013,0.005452998229447646,0.0006902331590343144,-0.003180860359854139,0.004980136119764464,7
gaussian_score,affine,spatial_shuffle,1,endpoint,3,2.0,3.0,2.530955494836713,2.5275857544565694,2.5357183915434867,196.94004582175984,192.39500389372532,200.400644354585,-0.0017485862141267197,-0.0036937011668480243,4.906047728711566e-06,-0.0033400602391840035,-0.004651209897960746,-0.001816231655165738,0.9995440250895063,0.9963266204336503,1.0032481352889302,-0.0015305162288620753,-0.002514646378396738,-0.000585207814185038,-0.00021806998526464395,-0.0012212412619319326,0.0007518282312542816,-0.0018141363017905052,-0.00371925436793531,-0.00011392858811798617,-0.0011791414511508006,-0.004142844729307698,0.0016090356208627663,-0.000687982884425905,-0.002296994303100456,0.0009115356052245075,7
gaussian_score,affine,spatial_shuffle,1,endpoint,4,3.0,4.0,3.520303091569531,3.517125602047463,3.5237703345914255,273.93523190601564,267.6822419800827,278.93834764475247,0.00046677594853492644,-0.0007642642858665089,0.0018086570342234563,-0.0015023622564348468,-0.0025486547079659294,-0.0004816341156001624,1.000059420154475,0.9961015443908998,1.0040764335243237,0.0004400337482274474,-0.00019863265711296728,0.00107178275688581,2.6742200307479458e-05,-0.0007656388412215302,0.0009740055959777592,0.00037488985560336794,-0.0008172976479897831,0.0017151059871045942,-0.0009969266736156294,-0.002615406998720334,0.000799201962077834,-0.00020803150301404647,-0.001800220889536742,0.0013843466299063305,7
gaussian_score,affine,spatial_shuffle,1,endpoint,5,4.0,6.0,5.053554077061141,5.046997393344741,5.059566486246933,393.23220423918866,384.4034909633575,400.25110964024435,0.0001636301359969542,-0.0007220186014229205,0.0009388258968517291,-0.001543973576183975,-0.00331446597822081,0.000435804960276529,1.0018593807217395,0.998146180155844,1.0057087365375705,-9.30689290137893e-05,-0.0006002164352947501,0.00038557594914106856,0.00025669906501074347,-0.00028868382806892406,0.0008315260258771196,0.00016845036538533058,-0.0007886688863077834,0.0009716908552012846,-2.9116852019783516e-05,-0.001264723652319009,0.0012145822375278757,-8.386135373428956e-05,-0.0013281816203826672,0.0011295154974070314,7
gaussian_score,affine,spatial_shuffle,1,endpoint,6,6.0,8.0,7.042371056014006,7.0354894562818515,7.049135266754805,548.0029812003198,535.201027620263,557.5984804904167,0.00012901585646904682,-0.0004670320236389284,0.0007549571201840882,-0.002131279121380724,-0.002989923454015425,-0.0012175721583279322,1.0014495047145742,0.9996548707410424,1.0031396157051757,0.0005003349266462176,-1.5194962798485891e-05,0.0010643314171713976,-0.0003713190701771708,-0.0009133161411725867,0.0002010559397663146,0.00018507587654743654,-0.00047125613913815106,0.0008806725622780698,0.0002807054136726829,-0.0008948251110697795,0.0013307060630570605,0.0002913903834527774,-0.00026836494589707415,0.0008614911437971951,7
gaussian_score,affine,spatial_shuffle,1,endpoint,7,8.0,12.0,10.074402921867875,10.067640412962918,10.081552872800438,783.9279973699688,765.6796823966738,797.8060901103212,1.7173318747694264e-06,-0.00040794534255551905,0.00044416629360371384,-0.001899384514954228,-0.0027637819229129625,-0.0009335055044755992,1.0025347298943788,0.999553389214711,1.00512808747877,0.00019097377011773783,-0.00016112958997254462,0.0004662699898918739,-0.00018925643824296859,-0.0004528862245697557,8.561830434515026e-05,-1.557140376310585e-05,-0.0004360943592814888,0.0004892534526863055,4.087571190626136e-07,-0.0006485363397117858,0.0005991438725208171,0.00015721176294482208,-0.0005309328713662097,0.0007677403291602426,7
gaussian_score,affine,spatial_shuffle,1,start,0,0.0,1.0,0.6862199461973985,0.6706044506830376,0.7008827110826228,53.418254463624706,51.22544604455013,55.226817251902155,0.00011527948224555332,-0.0019397980677753365,0.0024305916358355723,-0.004420405195912273,-0.00679278922709876,-0.0014677658726260274,0.9877040623287098,0.9794697520913174,0.9971574607327433,-0.0003937361368123839,-0.0022034081220879864,0.001539401859414549,0.0005090156190579365,-0.0017883438576996276,0.002817594440879656,0.00038401095609751643,-0.0018410221765052521,0.002931329141391245,-0.0035849915552033525,-0.006285774592320031,-0.0009210971940467485,-0.0015399668993416945,-0.009975582657317404,0.004313169310813789,7
gaussian_score,affine,spatial_shuffle,1,start,1,1.0,1.5,1.2642742491311856,1.261049918547386,1.2674900573404104,98.38135569774154,96.04505328814489,100.23823373276117,0.004584635985981601,0.0018928743024509678,0.007476250046080185,0.0007235180624640866,-0.003196302415007994,0.004959756353066671,0.9862673041316867,0.9792846627739967,0.9923992275319351,0.0030909533867542987,0.0015822461894326283,0.0046367506291312265,0.0014936825992273022,-0.001941615330844112,0.00437319660656755,0.0045435560476326286,0.0018577790699402903,0.007339349525587321,-0.007391660325012756,-0.0126542647991618,-0.0022151826119910256,7.92242973111887e-05,-0.003995084151097519,0.0035904715892049995,7
gaussian_score,affine,spatial_shuffle,1,start,2,1.5,2.0,1.7620299265445,1.7595717889777216,1.764447103878695,137.11327704665422,133.87159244136905,139.66528439757917,0.0012500270690609216,-0.00023355420697513906,0.002889922792517519,-0.00039233813072144804,-0.0037217641447165302,0.003011673949172127,0.9957647413505484,0.9892524596485884,1.0014104879114516,0.0007927081686412351,-0.00043822681770590245,0.0020561845057542752,0.0004573189004196858,-0.001437230796697027,0.0027620026807120513,0.0011102487151040277,-0.0006141639346545867,0.0030064176517824452,0.00014912102616864348,-0.004729320325186678,0.006294551983256381,7.530612560962367e-05,-0.0021184510206605214,0.0024896948002584673,7
gaussian_score,affine,spatial_shuffle,1,start,3,2.0,3.0,2.531165368060607,2.5275142719371226,2.536111021486039,196.95473409203603,192.35937166656058,200.28816918792285,-0.001746732929485351,-0.0037012410297008512,-7.683657695641328e-05,-0.0033601284089879576,-0.0046728675567136516,-0.0020515802451063795,0.9993130249332485,0.9953540479348567,1.0037077222400315,-0.0015565517914732593,-0.0026380573242468087,-0.0006435451537935498,-0.00019018113801209162,-0.0011296613612621742,0.0006955991170063422,-0.001851812458840878,-0.003733015759113074,-0.000238678680725995,-0.0016561332373741403,-0.00460179994626767,0.0011534796312299789,-0.0007404780798376739,-0.002622583861184281,0.0011611306356441062,7
gaussian_score,affine,spatial_shuffle,1,start,4,3.0,4.0,3.5203676075819557,3.517005530118769,3.5237150322188833,273.93979850052494,267.4270072235341,278.9718107080694,0.0005334876003310813,-0.0008912438533554753,0.0022418139710737245,-0.0013026632742435134,-0.002222250573216247,-0.0003854346657466215,1.000350984431979,0.9968723173182131,1.0045642632822809,0.00066444749171436,8.82099870525863e-05,0.001235258017925941,-0.00013095989138327862,-0.001107988717178814,0.0010724264028966137,0.0004330287685801144,-0.0009672840911365685,0.002050476909234287,-0.0009199605057099593,-0.003069750284780392,0.0011941611603408712,8.08835374141615e-06,-0.001648481601030177,0.001661648336887335,7
gaussian_score,affine,spatial_shuffle,1,start,5,4.0,6.0,5.053595972818958,5.046948876786067,5.0595155702116665,393.23644828503967,384.44372546823325,400.2755713717452,0.00019791882255367082,-0.0005056406272905603,0.0008895568743700945,-0.0015709781916049203,-0.0033205398894211916,0.00035648075953198944,1.0015042982006181,0.9978651760101152,1.005302942425203,-0.00011935941419841936,-0.0006387170750333737,0.0004030009452717118,0.0003172782367520901,-6.80396014698479e-05,0.0007434259779416776,0.00020491053932754664,-0.0005316071678564975,0.0008984505261519189,-2.9282670815663344e-05,-0.001351798095825775,0.0012935554441578575,1.536666685606145e-05,-0.001012587928437979,0.0010620704025368203,7
gaussian_score,affine,spatial_shuffle,1,start,6,6.0,8.0,7.042103517705114,7.035375780885636,7.048569611084903,547.9819812184685,535.0032907832658,557.8856766045956,0.00022112304334071707,-0.00036988779308210954,0.0008414389691445909,-0.0020350096094597266,-0.0029688866294322195,-0.0010570917294251193,1.0013284454200995,0.9994383505154287,1.0032051928387558,0.0005849652769984396,9.486363196762942e-05,0.0011380792911426685,-0.0003638422336577226,-0.0009070208697514037,0.0002527544341222872,0.0002753201539806824,-0.00035326429877962365,0.0009497497224171138,0.0003551393919930144,-0.000827569136527454,0.0014553259025016224,0.00013407601598221827,-0.00046428118228804787,0.000726639249530174,7
gaussian_score,affine,spatial_shuffle,1,start,7,8.0,12.0,10.074270412407326,10.06715365677987,10.08150621285131,783.9174251559618,766.1020909976853,798.0074790961305,-2.673750591584442e-05,-0.00043811632208299786,0.0003934180559072105,-0.0019011578298726262,-0.002720491709170296,-0.000955082927501988,1.0027692817632086,0.9998945964160146,1.005279163594892,0.00021038949980275808,-9.167263628899347e-05,0.0004773516151259351,-0.00023712700571860244,-0.0005038684010325145,3.924719702742665e-05,-4.5521240261868845e-05,-0.0004604098983604922,0.00041718690548838593,3.871076023135519e-06,-0.0006780596419044473,0.0006553066819293298,0.00015993686532179342,-0.0005302625759724616,0.0007523657934874559,7
gaussian_score,affine,spatial_shuffle,2,endpoint,0,0.0,1.0,0.68599156835557,0.6703191873657353,0.7004901959413565,53.42181828659513,51.215745381698056,55.1736129314384,0.00021615009717892143,-0.0029524646885829555,0.0033735000362520745,6.577548678940184e-05,-0.002467080358883984,0.002009871217843324,0.986989715100644,0.9778986595728822,0.9980790286026426,-0.001457799466117712,-0.004053428564890285,0.0010407483708448015,0.0016739495632966332,-0.0005653731082385273,0.0038640941239781314,0.00010077773507308443,-0.003192405273497283,0.0032773359980847946,0.0032074121926039096,-0.0021817110742602835,0.008918623916841487,-0.00017629686041000604,-0.003967528531826873,0.00459766783861172,7
gaussian_score,affine,spatial_shuffle,2,endpoint,1,1.0,1.5,1.264154067064003,1.260843872660938,1.2675519008366936,98.4096136052609,96.0563324012414,100.18104623004392,0.0004026471380534805,-0.002205743316464158,0.0032434139980974845,0.0022421829273880636,-0.0015777051015077503,0.006479432519798323,0.9899240642832003,0.9809936262963003,0.9984870644773627,-0.0006207524587193378,-0.002164658981336861,0.0015038760968552503,0.001023399596772818,-0.0008758676103898091,0.0027322314944125416,0.0004590309387897657,-0.0020975764298310122,0.0032377218383879483,-0.0006008693394168855,-0.003827042076993941,0.0026063449422101914,0.0038867261677022905,-0.001479179986509129,0.008974333764637715,7
gaussian_score,affine,spatial_shuffle,2,endpoint,2,1.5,2.0,1.762045598661495,1.759534307962006,1.76451840331728,137.16646821854178,133.98934070180056,139.55199727973402,0.0015432423898225826,-0.0022055332969577353,0.005277880703516577,0.0003198516220541247,-0.0019844587995918777,0.0023254515766415428,0.9940519245729662,0.987481375863359,1.0020026849416304,0.0015114371410229715,-0.001042949050790736,0.004463361478748709,3.180524879961244e-05,-0.001905378740851635,0.0015937788739863942,0.0016509005673719227,-0.002042871605953771,0.005451196833947292,0.001239019281160596,-0.0017052265887515963,0.004212885007740381,-0.000769219858523334,-0.00325385559817211,0.001962010278403722,7
gaussian_score,affine,spatial_shuffle,2,endpoint,3,2.0,3.0,2.531166376000141,2.527470002245399,2.536115312429921,197.0299483886975,192.52050468271716,200.2757225413221,0.0003154328257583842,-0.001114014167470025,0.0016297366150536535,0.00010656790839105947,-0.0010942373562551119,0.001155161745860815,0.9967905783693085,0.9924597784287725,1.0013818633108216,-0.0009526836989346945,-0.0017799088790141791,-9.316857466274081e-06,0.0012681165246930782,-0.0002104846258466872,0.0029220618135801036,0.00027883253901912666,-0.001188409812202452,0.0015998709384853725,-0.0006759581689935407,-0.003359719874661409,0.0018535455656470447,1.7377419777839194e-05,-0.002681107435904739,0.0033256254624571763,7
gaussian_score,affine,spatial_shuffle,2,endpoint,4,3.0,4.0,3.520347927928868,3.516975564050245,3.5237243334326918,274.04325525141957,267.4539656281131,278.8203392926505,-0.0006986855145177344,-0.002427548459210444,0.0009950455052293546,-0.0003288936254241506,-0.0018602317370482878,0.001155031008813837,1.0018342637073896,0.9965014965888577,1.0071036737554022,-0.0006326018754425138,-0.0020514077148361216,0.0007456759292770802,-6.608363907522077e-05,-0.0010158476884341134,0.0007556424545507714,-0.000601865763924561,-0.002429116642186121,0.0010711581498970937,0.0013066277619665262,-0.0010006789322286474,0.003909040365740121,-0.000987687340089988,-0.0035950067207456255,0.0015711513243798446,7
gaussian_score,affine,spatial_shuffle,2,endpoint,5,4.0,6.0,5.0534245729245635,5.046517647748544,5.059499221045188,393.374146436659,384.6462093102053,400.08829867827166,0.0005198440951344884,-0.00034417003790732727,0.001618153737323979,9.841730844883768e-05,-0.0006471743055713735,0.0009159373709939916,1.0012586449222667,0.997587737077489,1.004928295393246,7.884775693114283e-05,-0.0006187984929429937,0.0007024524313387762,0.00044099633820334557,-0.0001890072019217967,0.0011153457584811676,0.0005667414605562024,-0.0002986743346064016,0.0016417169991473882,0.0008519162181570005,-0.0008084419414620108,0.002703211918595999,-0.0010899495232981544,-0.002265465763669663,0.00035557440750120275,7
gaussian_score,affine,spatial_shuffle,2,endpoint,6,6.0,8.0,7.042071953289451,7.034994688402003,7.0484954081816795,548.1893317757409,535.4115538412066,557.5102804029344,0.0007028025116970578,-0.0003593195601721078,0.0016061348818322478,0.00012120613286100755,-0.0010166224741733633,0.0011098489391911047,1.0011659974335403,0.9990193977727324,1.0034662318502798,0.0006787856743603646,0.00016319780384995035,0.001239469337823982,2.4016837336693077e-05,-0.0005496509678269297,0.000539776162232083,0.0006272832345384532,-0.00041857327620776173,0.0015859533128972662,-0.0005692614632952396,-0.0018854598082904289,0.0007459461309352293,0.00013961148605719418,-0.0007087580574445281,0.0007159779377567945,7
gaussian_score,affine,spatial_shuffle,2,endpoint,7,8.0,12.0,10.074308446825452,10.067440297985293,10.081282380375669,784.221447186267,766.0371604657781,797.5401942461119,-8.852046973022024e-05,-0.00043602579382737253,0.00028820935906287355,-0.00037841654070772514,-0.0007930315670272063,3.3207260645908113e-06,1.0029042260703103,1.0000297933934659,1.0053514530801841,5.8482151856995566e-05,-0.00019153406845010093,0.00030937138909828513,-0.00014700262158721573,-0.0003929236252349047,0.00013786189712808092,-4.841249588179994e-05,-0.0004502388826131466,0.0003649224941863494,0.0001241397723886619,-0.0006819590206864851,0.0009018940126818049,-0.00013992574894667207,-0.0005381155875840029,0.0002628270418393727,7
gaussian_score,affine,spatial_shuffle,2,start,0,0.0,1.0,0.6852844862844533,0.6713500344185793,0.6989894915602428,53.36863987445923,51.20314228118074,55.11016572653286,0.0017086596247766403,-0.001098126141822688,0.004244058988541604,0.0010114291290044591,-0.0012271681096828046,0.003355143668047875,0.985591054572672,0.9751928607640188,0.9952712535815013,-0.000800289356532679,-0.003507069062819821,0.0017139718432038526,0.0025089489813093185,0.00039158849099846444,0.004788597844287944,0.0016649194591808452,-0.0012156196275629224,0.004433150631115951,0.0014288652097768902,-0.003488017435479443,0.005911714478626713,7.489006734083747e-06,-0.004107004828410461,0.005342958497018258,7
gaussian_score,affine,spatial_shuffle,2,start,1,1.0,1.5,1.2647507699442102,1.2616528299097507,1.267976204608636,98.45681161055965,96.18168251066356,100.26023435307728,-0.0010270977926173834,-0.0034294787111369064,0.0016135846160497355,0.0008544615404594881,-0.0022558809119346216,0.005410963785240014,0.9927373134009664,0.9830436575321639,1.0018485249900766,-0.001590707753108717,-0.0032494839029259775,0.0004269821456799635,0.0005636099604913343,-0.0007919096132833782,0.002133420217655828,-0.0008748391191178718,-0.003157939529264367,0.002043556376230686,0.00034742172897632596,-0.003115534769274624,0.0037506000478911236,0.0034607811536038605,-0.0015653947659218812,0.007840526543669636,7
gaussian_score,affine,spatial_shuffle,2,start,2,1.5,2.0,1.7615890970876407,1.7594385862933868,1.7641095396374484,137.130917184383,133.95403119247152,139.50163534064566,0.0018001840483179998,-0.0013584768752531533,0.004866934840682932,0.0010109664880862156,-0.0004212264241572903,0.0023531759185459996,0.9921509801136216,0.9856316334297274,0.9997483900720856,0.001635413658570462,-0.0004725583655481287,0.0039949864503740036,0.00016477038974753772,-0.001914523544068203,0.0019784632940752613,0.0018965892390574728,-0.0013023911329314377,0.004748277718282893,0.0021909087943574176,-0.0004776638419722134,0.004886463889835089,0.0002812618827844674,-0.00214433659291318,0.002754808199258879,7
gaussian_score,affine,spatial_shuffle,2,start,3,2.0,3.0,2.531364190957564,2.5280462955084277,2.5359533638281437,197.04430397187622,192.44539299521182,200.1842322524173,0.0003913686196925856,-0.0014399635215063405,0.002103947983664643,0.000280618732149044,-0.0012046679139603774,0.0015923110957255303,0.9971930565832746,0.992416563835156,1.0018204821349077,-0.001049398701119143,-0.001975385100969048,-3.7261063944428427e-06,0.001440767320811729,-0.00026143357404258147,0.003362388861677921,0.0003483520835153269,-0.0015105737424065332,0.001985660088449903,-0.0005598497764821912,-0.0034396950033713544,0.002214896136590662,0.0002615256665408824,-0.0025310955994138446,0.003930838716438952,7
gaussian_score,affine,spatial_shuffle,2,start,4,3.0,4.0,3.52051803901361,3.517264738844385,3.5235884068948558,274.0562104224431,267.712428917682,278.84936087143734,-0.0009933310324509537,-0.0025598192496457416,0.0005211047841906975,-0.0008882798971638264,-0.0023298108736566044,0.0006086308699591814,1.0023394400146242,0.9969819198584983,1.0074034533816416,-0.0006179737394280345,-0.0019245795970771519,0.0005698500573808132,-0.0003753572930229192,-0.0012670154583989646,0.00045584609026062096,-0.000908088155408482,-0.002564868909630029,0.0005335641123610413,0.0008744926966954796,-0.0013317557870087856,0.003446031037350978,-0.0010545956286311413,-0.0037253549961035024,0.0018029987927280122,7
gaussian_score,affine,spatial_shuffle,2,start,5,4.0,6.0,5.053500634343329,5.046697478495466,5.05928009067035,393.3815897695528,384.8430399907531,400.18603127620565,0.0006271717085871232,-0.00014231279695777513,0.001655651675408184,0.00026080748523576145,-0.0004981737391825626,0.001013182696507948,1.0010434234613446,0.9971479358383054,1.0049776376225155,0.0001983709307749283,-0.0004620806745270808,0.0008200646489204693,0.00042880077781219504,-0.00018734232225539398,0.001071781050593488,0.0006743442432426107,-0.00010892344945988648,0.001685279712399453,0.0007951614267310965,-0.000970772878539058,0.0027255113992999576,-0.001222682071130781,-0.0021473114836747897,-9.043794542822293e-05,7
gaussian_score,affine,spatial_shuffle,2,start,6,6.0,8.0,7.042302181272963,7.035713911279978,7.048541307988272,548.2076713983562,535.6395664541934,557.6959263689874,0.0006760146200498052,-0.0003412937631807263,0.0015377262886211206,2.0200520463861302e-05,-0.0010244854463510274,0.0009924690183039887,1.0012608399439435,0.9990862337692027,1.0035625498333607,0.0005816775958326794,0.0001241079761975922,0.001026935841355192,9.433702421712584e-05,-0.0005423550408474508,0.0006490787250593106,0.0006126903649907571,-0.0004126338689024462,0.0015022739744439818,-0.0004840863434727412,-0.0017865757467078248,0.0009092124699376614,0.00032408054628273343,-0.00040979165572248896,0.0008556597090934,7
gaussian_score,affine,spatial_shuffle,2,start,7,8.0,12.0,10.074366995778433,10.067314335431478,10.081493450336552,784.2258017356623,766.3085296081841,797.5519562018306,-8.743198644145232e-05,-0.0004422173946184289,0.0003080503881699159,-0.00035963857550517375,-0.0007796897733365866,3.3243089868727186e-05,1.0028913807590267,1.0000884259061604,1.0053137657547344,6.473380195899614e-05,-0.00014815667180320284,0.0003013126244362819,-0.0001521657884004485,-0.00041648902569728786,0.00017344591362878338,-5.0603181625228735e-05,-0.00047905819200673417,0.00039734394546002085,0.00011379398888195123,-0.0006976958701292423,0.000887446758453145,-0.0002304921365449736,-0.0005591697661246752,0.0001289739083977513,7
gaussian_score,affine,spatial_shuffle,3,endpoint,0,0.0,1.0,0.6850503019240232,0.6701698884682653,0.6985081546809949,53.369387723264545,51.24636010693871,55.07036042067963,0.0014096805356636937,-0.001318561046203133,0.004322195212474635,0.0029569093344056405,0.0007982256642292388,0.004947928543958748,0.9857831897736526,0.977934175078932,0.9938076595858195,0.001215069991408328,-0.0011504918820642708,0.003782142827405326,0.00019461054425536604,-0.002346518578529154,0.0028169999747135435,0.001195360376928151,-0.0018136926150260307,0.004369872025895271,-0.002393729322370349,-0.004435770707349252,-8.016056024079361e-05,0.0022286088202760116,-0.0027230788915681837,0.007747263920007672,7
gaussian_score,affine,spatial_shuffle,3,endpoint,1,1.0,1.5,1.2646657980482523,1.261436527473943,1.2677748909861586,98.48481525520516,96.25642662897384,100.22352667812194,-0.0009048345301700616,-0.003282313432472326,0.0013443430272114271,-0.00039476946718624,-0.004408225716555129,0.004061679652236569,0.9927317232571554,0.9811675768112803,1.0038943248656842,0.0006600506270423794,-0.0017611457633955965,0.0032910113396800336,-0.001564885157212441,-0.0026980441134170897,-0.0002856301230399153,-0.0009903804420964926,-0.003403699862749927,0.0012951058885969568,0.0006004832964394545,-0.004739719550538028,0.006601189724610378,-0.0038525428523994063,-0.0073776055430976395,-0.0010207930141298638,7
gaussian_score,affine,spatial_shuffle,3,endpoint,2,1.5,2.0,1.7616620266140657,1.7593744669234717,1.7642595918084925,137.1852260078318,134.0763515630364,139.49921735457085,-0.000252435874724255,-0.0037279016122365406,0.0024179321518666467,-0.0006525122506044887,-0.0021589743157983386,0.0008831540569846693,0.9940579301437137,0.9870665990343007,1.0004483864597289,-0.0003521190208516793,-0.002674203101230703,0.0017798806607627624,9.968314612742399e-05,-0.0021335863117613848,0.0023056459159573953,-0.00011457204646578426,-0.0034923786064497316,0.0028402187380547755,-0.0012490970872907712,-0.005131256502107047,0.0026604450214583303,-0.0011257072221844081,-0.004511379090626244,0.002357717689269044,7
gaussian_score,affine,spatial_shuffle,3,endpoint,3,2.0,3.0,2.5313615467977866,2.5279443000021216,2.536057412369889,197.1143375529924,192.79547932892677,200.2322687906735,-0.0007190512371131238,-0.0027482980399292363,0.0011177289361118023,0.0013860248940413564,-0.00015050534971698367,0.0027704003347604122,0.9983658155585466,0.9926749939473937,1.0040460485291571,-0.00021039707689704572,-0.0010487862865811266,0.0006319822533084372,-0.000508654160216078,-0.001958803135852999,0.0010317387233810256,-0.0007471072959470979,-0.002838781526899971,0.001094136881436431,-0.0002692084814232399,-0.00275111646560867,0.002667666727146157,-0.000735537984504065,-0.003023575970454231,0.0017216873652696788,7
gaussian_score,affine,spatial_shuffle,3,endpoint,4,3.0,4.0,3.5205654993657136,3.517255804883225,3.5236820450512005,274.1576139958666,267.8785395647692,278.7992335132345,0.00023052198171267813,-0.0010677032987789115,0.0015429001371241923,0.0010598348710317096,-0.000477358110244315,0.0025684451832583563,1.0011596780339427,0.9972643782527807,1.0051206302508644,0.0004692978115779386,-0.00032947780740674563,0.0013224276912197584,-0.00023877582986526094,-0.0015174892125026168,0.001299210408710447,0.00024141664863137297,-0.000982432837888347,0.0015257181388921076,0.0008755360124106912,-0.001103103528683835,0.002864454970030087,0.0006869897362571622,-0.0017007091061171432,0.002903582661000935,7
gaussian_score,affine,spatial_shuffle,3,endpoint,5,4.0,6.0,5.05336843697686,5.046512028214109,5.05927663066626,393.5117938218422,384.828731975137,400.15500776848774,3.7904097610862475e-07,-0.0007940108285053782,0.0007199045945481675,0.0006070610256276026,-0.00018448728073952245,0.0014298473464595671,1.001379948435469,0.998311457304413,1.0045249379978285,6.54079915059524e-05,-0.00037436332439280386,0.0005051471210009336,-6.502895052984368e-05,-0.0008659591213897736,0.0006361375978004155,-1.5050244337533254e-05,-0.0008067333719149818,0.0007167889253552309,-0.00015145464720267703,-0.0007485621398137776,0.0004642307847951629,-0.0008333285625723695,-0.001428716468090472,-0.0003566325965018249,7
gaussian_score,affine,spatial_shuffle,3,endpoint,6,6.0,8.0,7.042288651229225,7.035397121999302,7.048582824913759,548.4016147392858,535.7436991694506,557.6021656518565,-0.00028759379770509604,-0.0009693037669245344,0.0003376154971424334,-8.395939682673272e-05,-0.000629534467567907,0.0004696529670917624,1.001882923428412,1.0001041510517088,1.0039396126262885,-0.0002531797820713041,-0.0008944634782056622,0.00042000126031124547,-3.4414015633791854e-05,-0.00028597534040009114,0.0002595339596995848,-0.00023765252215554407,-0.0009730173532088817,0.0003925353787736833,0.00041664933232575356,-0.000655626723987244,0.0012626867695324515,-0.0002748212667820516,-0.0015770642332043879,0.0009260714647522339,7
gaussian_score,affine,spatial_shuffle,3,endpoint,7,8.0,12.0,10.074432286497025,10.067558925879796,10.081666653430014,784.510871514697,766.8166969738758,797.7526639159198,-0.00013415728376192063,-0.0005152333628920303,0.00036364833528925036,0.0007832015023832836,0.00016293475926618939,0.001448003315376886,1.002713834654722,0.9998983472197622,1.0052932626982793,5.0050896789178545e-05,-0.00012795117012579004,0.0003148267444779195,-0.0001842081805510992,-0.00043476463480215016,6.573116578765407e-05,-8.248519375650709e-05,-0.00043889818979007245,0.00042077623371839147,0.0004336034155473759,-0.0001280208542194906,0.0009736275006633566,-0.0004644686252490532,-0.000875338080905763,6.83332429956053e-05,7
gaussian_score,affine,spatial_shuffle,3,start,0,0.0,1.0,0.6834820987515736,0.6703440196589757,0.6961190934443687,53.246956914172735,51.15746450904516,54.8324548558068,0.0009632705315954643,-0.00222893725850822,0.0040916942772350065,0.002132547910701966,2.5284162081281204e-05,0.004145071476775494,0.9874224154028861,0.9778257354082471,0.996358061675109,0.0008792017137715288,-0.0017043906754940794,0.003578097121504742,8.406881782393545e-05,-0.0017962096814067435,0.0021845831519346176,0.0007399187579317711,-0.002561932439115957,0.004136750793126428,-0.002987099859681781,-0.005803599359490004,-0.0004432792077301493,0.0016708569128655074,-0.0028769116751839125,0.006675995199191301,7
gaussian_score,affine,spatial_shuffle,3,start,1,1.0,1.5,1.265460585968235,1.26286435640196,1.2683212516004383,98.54689768191864,96.31306080727632,100.31439796721811,-0.0013285106987054515,-0.003084559129937149,0.0003813088152602786,-0.0006680960717337622,-0.004157926489565002,0.0031655376136542554,0.9951293813553223,0.9852842155558686,1.0048115959323198,0.0004067759446515585,-0.0018740160835277078,0.0026308503774437183,-0.0017352866433570106,-0.003487785177198318,-2.0740026683049065e-05,-0.001369420810908527,-0.003201945904233525,0.00042275770570786905,0.00043477150986784855,-0.005020671471674304,0.006849590587344104,-0.004263442600221036,-0.007931244911599201,-0.00119997300045127,7
gaussian_score,affine,spatial_shuffle,3,start,2,1.5,2.0,1.7615165632724765,1.7599335640126328,1.763433677649949,137.17467678691065,134.01092094829872,139.4514951697068,-0.0007694265773052489,-0.0041543007690092075,0.002538517303901948,-0.0007926107730646364,-0.0032699802012376056,0.0018236145383518025,0.9936844729294362,0.9870639939640492,0.9998301872417912,-0.00013568381639963097,-0.002679929810153183,0.0021995204342039726,-0.0006337427609056177,-0.0028495956390418766,0.0017183887580023928,-0.0005559037637893754,-0.003931656523224777,0.0029758623223868548,0.0004808506858602772,-0.004413919782002059,0.005395705600791918,-0.001079651583873788,-0.0043851966678863765,0.0023346432445776545,7
gaussian_score,affine,spatial_shuffle,3,start,3,2.0,3.0,2.531468931435108,2.52819368340062,2.535625450320038,197.12261492931398,192.82008410592306,200.17273149621923,-0.00044169457317729644,-0.002627535714120604,0.0015505396564466237,0.0016253934483910118,0.00018363365290157072,0.002857578525116211,0.9983538727807638,0.9928272656396422,1.0039163035276992,-0.00016616729637205642,-0.0012405591183173692,0.0007788048428444726,-0.00027552727680524026,-0.001699839048057394,0.001185461035744007,-0.0005095467831928614,-0.002686080400667375,0.0015274147768741988,-0.0007850609214131753,-0.003367713163031997,0.002074527918710397,-0.0007463716974633759,-0.002963859499251247,0.0015203805462577155,7
gaussian_score,affine,spatial_shuffle,3,start,4,3.0,4.0,3.5205194775380773,3.5172165816571317,3.5236434053959518,274.1532737387426,267.77212178779854,278.6876378262247,0.00033258284747202414,-0.0011386681889472153,0.0017810517402465852,0.0012240756777730098,-0.0007272529514831645,0.0029874122777346266,1.0007865138070173,0.9975890710876422,1.0042052660435143,0.0005386502612579945,-0.00038633604390907156,0.0014636365664250606,-0.00020606741378597027,-0.0015568895184264677,0.0013865253599552954,0.00033490041144968905,-0.0011384244374169356,0.0017410037448222597,0.000691888664044104,-0.0011609100817120094,0.0022581144738361824,0.0005901201837628458,-0.0021647978613231933,0.002859177567985178,7
gaussian_score,affine,spatial_shuffle,3,start,5,4.0,6.0,5.053323562934443,5.0466761664088065,5.0592549275802146,393.50863697836564,384.7140005147184,400.13017675360834,-5.493945439322315e-05,-0.0008965568267187673,0.0007209526746066435,0.0004804968547569192,-0.0002491074178535816,0.0012338541142298167,1.0012688767113072,0.9981401555527222,1.0047339851610224,1.8056066523114828e-05,-0.00048391934158158764,0.0004966967116169842,-7.299552091633803e-05,-0.0008686982247319369,0.0006244883452085498,-7.666289749830837e-05,-0.0009433403860038069,0.0007415732219568653,-0.00028577801575902845,-0.0011579958316171135,0.0006406634358059899,-0.0008639868702508907,-0.001385819694192316,-0.00045586546989278886,7
gaussian_score,affine,spatial_shuffle,3,start,6,6.0,8.0,7.042209748274673,7.03570093687454,7.048651204471214,548.3953370094858,535.6887702541774,557.3229061409432,-0.00024346322522061367,-0.0008679726946437657,0.0003190691566238771,-1.659309404843541e-05,-0.000600789275100631,0.0005482311584049581,1.0019066570453679,1.0001906928621822,1.0038243924011743,-0.0001649557615962301,-0.0007739605211153562,0.0004482405313530558,-7.85074636243836e-05,-0.00034733503132312914,0.00022967352513556435,-0.0001914511643157947,-0.0008375410865601304,0.00038918018802158803,0.000459677801962204,-0.0005680945069650943,0.0013265676005999785,-0.00042595564962866043,-0.0017139490330174553,0.0007351782596088399,7
gaussian_score,affine,spatial_shuffle,3,start,7,8.0,12.0,10.074204734349452,10.06735116715455,10.081334117101832,784.4928752807156,767.6028203038688,797.7062480947108,-0.00017201084531264665,-0.0005921175633639773,0.0002672240053689827,0.0007469948046801358,9.306830226614519e-05,0.0014370910261106353,1.0028436428313046,1.0001193643466564,1.00542299464384,1.523666730208069e-06,-0.00019276960397098528,0.00026643478367818703,-0.00017353451204285463,-0.00045569141996617575,8.821388433001996e-05,-0.00011141287034767984,-0.000514092718191959,0.00036579955270731236,0.0004969355002710722,-5.40065561053887e-06,0.0009705498703360137,-0.0004284045039469969,-0.0008371102384551589,9.274278915471643e-05,7
gaussian_score,affine,spatial_shuffle,4,endpoint,0,0.0,1.0,0.6833154591718581,0.670470670157753,0.6955388439332454,53.24921605949369,51.179905252882854,54.877382973028084,0.0012712611742034734,-0.001527222767479505,0.004209856992224525,0.002119808125142349,-0.001557102660748867,0.005628184030050841,0.9872621127435058,0.9791302562146683,0.99543120527468,0.0005533417158256851,-0.0021159665566002845,0.003501949077820584,0.0007179194583777882,-0.0011828062830912204,0.0027177314071427637,0.001378423484713171,-0.0012861388634668963,0.004049999451417408,-0.0032674578219588865,-0.0064345401953193075,0.00036633345266790483,-4.635666189024128e-05,-0.0028981125841833146,0.0037748808381705442,7
gaussian_score,affine,spatial_shuffle,4,endpoint,1,1.0,1.5,1.2654648744826347,1.2629350653115283,1.2681716576810185,98.5744781033045,96.44345683481396,100.24478144234227,-0.0017825795906334953,-0.003644059725979413,-2.153134462006805e-05,-0.0008216449263598376,-0.003943816219576856,0.001951160672276121,0.9960157339809631,0.9877645440113076,1.0038738933369442,-0.0006731954329585099,-0.002460499485304526,0.0010544907680866212,-0.0011093841576749843,-0.0027735761711156818,0.0002190048165991371,-0.0018284531256429564,-0.003760352783254202,2.48033665653673e-05,-0.004063731714258562,-0.00940161043508397,0.0008981830070937758,8.478622175722482e-05,-0.00584293839644272,0.006260754206340793,7
gaussian_score,affine,spatial_shuffle,4,endpoint,2,1.5,2.0,1.7616518816547995,1.7600102779438933,1.7635337166090241,137.2240746504843,134.11585320182186,139.49995381197132,-0.001525250296045293,-0.0057290978590569305,0.0025815597259227436,-0.0017386398859987932,-0.005143740218757647,0.0012751867975614682,0.9937373710123731,0.9872339244436711,1.0007646625963116,0.00029944290437482847,-0.0023903101271134904,0.0029240931383795804,-0.0018246932004201217,-0.00384173535461796,0.00021724503263907146,-0.001660289914411994,-0.005938901899423138,0.002631511185580538,0.0034918657745982165,-0.003162494346234876,0.010004637722467935,-0.0008784853132199,-0.004824934454828015,0.002885862127123745,7
gaussian_score,affine,spatial_shuffle,4,endpoint,3,2.0,3.0,2.5314343905679486,2.528161847602809,2.5356849958659695,197.1753602766863,192.89064043152376,200.17134944561434,-2.4109583482141905e-05,-0.0016326370391539426,0.0017320319103415794,-0.00015391514901540103,-0.0012126098598642095,0.0012762029732675411,0.9979607619408302,0.994276826268164,1.0018173767116263,-0.00038202711156153454,-0.0013225621493550728,0.0006243644318574095,0.00035791752807939236,-0.0014918878077437429,0.0019091334413854552,5.6193027517062924e-05,-0.00159710659703044,0.0019596426762791435,0.000598740182272646,-0.0020512332210304014,0.002629010552527297,0.0012828312917343373,-0.0004832793086637833,0.00303681339899598,7
gaussian_score,affine,spatial_shuffle,4,endpoint,4,3.0,4.0,3.520585063973057,3.517364907175728,3.523775070136972,274.2347352179612,267.72696068876564,278.68183089010427,-0.00021296157823317603,-0.0013323065961722209,0.0009598596170617367,-0.0003267303462293751,-0.0018868538683697814,0.0009639956050690532,1.0016200643023658,0.9974975375524915,1.004891595859656,-0.0003956467775328388,-0.0010065309485809463,0.00015081571161168367,0.00018268519929966271,-0.0009202054956822263,0.0013696829950790082,-0.00031567355310549927,-0.0015169171134390615,0.0008967167478425756,-0.0011572651674895287,-0.0030647701953796544,0.0009976855462408894,-0.00033808642547955727,-0.0021526435741961304,0.0014600266761975278,7
gaussian_score,affine,spatial_shuffle,4,endpoint,5,4.0,6.0,5.053250343615018,5.046544824997765,5.058971288810629,393.6129172712397,384.96338108634546,400.03263827906545,-1.7218718574836247e-05,-0.0006384862108261294,0.0006691103932627225,-0.0007713182411679787,-0.0014908013553555982,9.331439326789107e-05,1.0013463209235847,0.9979778040599493,1.004656838556512,-0.000219474033253348,-0.000718792412379686,0.0002957106472914561,0.00020225531467851193,-0.00027419986488376805,0.0007508747140976069,5.3977220654747805e-05,-0.0005773790747690394,0.0007944361377400553,0.00037603539720405067,-0.0011784266189117138,0.0018591767122533378,-1.4344315556092939e-05,-0.0014459829123707592,0.0011356445370797122,7
gaussian_score,affine,spatial_shuffle,4,endpoint,6,6.0,8.0,7.042142814746162,7.035593083970663,7.048559891827081,548.5433969129768,536.2127036105131,557.2876342318508,-0.00031622954341456244,-0.0013940557257811404,0.0007598649072427808,-0.0007769316054521837,-0.0015929334755482867,8.487308906240876e-05,1.001750578906989,0.9999282415865574,1.0033866184403326,-6.726784289651919e-05,-0.0007230346747449951,0.0005048980068551153,-0.00024896170051804317,-0.001009581892300123,0.00045895726421726354,-0.0002147428587060786,-0.0012448276510507058,0.0007440929472039764,0.0007591034654109357,-0.00036715003691051523,0.0018853569677323863,0.0007645104476516712,-5.607637152356179e-06,0.0016458314311694126,7
gaussian_score,affine,spatial_shuffle,4,endpoint,7,8.0,12.0,10.074288470786229,10.067509856948883,10.081559825856106,784.7191250602103,767.449071141984,797.1457257984914,0.00010278955215286004,-0.00041411532172551407,0.0007374016561725705,-0.0004784343604345799,-0.0011673276240438504,0.00014918472438054642,1.0025430146553842,0.9999641108783451,1.004891953247908,-0.00026732917675028744,-0.0006572907912855723,0.00015381586216968294,0.00037011872890314743,-2.015625548617919e-05,0.000788484647105994,0.00024141908503098365,-0.0003667573535123325,0.0009284895306319431,0.000766418613558263,-0.00017407543110107844,0.0016527183365113664,0.00010450993769527538,-0.0009181481240841077,0.00091786564338207,7
gaussian_score,affine,spatial_shuffle,4,start,0,0.0,1.0,0.6818873312172725,0.6696338507621323,0.6928287284759077,53.13626561738109,51.148402597856055,54.60582696098343,0.0010485760387567223,-0.0022997511533044994,0.004498268982859364,0.0012461516030861594,-0.002721403543361004,0.005168365868413347,0.9888161178633098,0.9807877529151869,0.9971653543583237,0.00011027276336635762,-0.002787704935054964,0.0029176036851457725,0.0009383032753903657,-0.0010102886357542078,0.0031798485575499393,0.001118278282276177,-0.00176946351414735,0.004089483887630181,-0.003444316904776336,-0.006339345480777436,-0.0002997237427621364,-0.0005961285466930625,-0.004664717596462898,0.004518421715432123,7
gaussian_score,affine,spatial_shuffle,4,start,1,1.0,1.5,1.2662500163671775,1.2638219102853354,1.2683837796155955,98.63501457434897,96.47578470014155,100.2477150258069,-0.0021001431053210497,-0.00365067933252535,-0.000451077976417022,-0.00019925095196482432,-0.0033171058944832326,0.0026729380730609875,0.9970862849129867,0.988559448121655,1.0054787228630044,-0.0005482565834313484,-0.0023331067438670454,0.0011735204069200063,-0.0015518865218897017,-0.002652610040719401,-0.000667207814480979,-0.0021193554089803256,-0.0037495459681093062,-0.0004797468301868263,-0.0029252018807590023,-0.008688485796794538,0.0023329011519625372,4.913975685279237e-05,-0.006252040317672106,0.006497258672005165,7
gaussian_score,affine,spatial_shuffle,4,start,2,1.5,2.0,1.7617464648179577,1.7604741491863665,1.7632800039209442,137.23256912977635,134.1248465566228,139.54505663264473,-0.0010521661965457584,-0.005138869923681015,0.00339906959558193,-0.001612121428052695,-0.004732662084176119,0.0011254691158975952,0.9947844049810305,0.9892819294747339,1.000914813322289,0.00022648678611990897,-0.0021450655174654917,0.0024439603364580695,-0.0012786529826656669,-0.003452788602044724,0.001024132944985994,-0.00115217806952186,-0.005470509689196463,0.003084000444317035,0.0026946945519542237,-0.004195700187066043,0.009298376844654763,-0.0007486677329363233,-0.004980053598985428,0.003457834877626271,7
gaussian_score,affine,spatial_shuffle,4,start,3,2.0,3.0,2.531949318550552,2.5292681878894117,2.53546172962922,197.21567690370043,192.97246917307172,200.27370421539135,-0.00040334821312153945,-0.0020893421396142287,0.001316652996954756,-0.00042809472290297154,-0.001457493408683352,0.0009070615300485957,0.9982312772503159,0.994571008208571,1.0024568894809518,-0.0005428915635305825,-0.0013165384612457943,0.0002555764216327273,0.0001395433504090427,-0.0017979284426822221,0.0017204955398321439,-0.0003371433406439327,-0.0020299493917065176,0.0013994691396624621,0.0007153841951105427,-0.0012805295827840665,0.0025070227784714976,0.0012121721244711399,-0.0005503077419830899,0.0030141547439601285,7
gaussian_score,affine,spatial_shuffle,4,start,4,3.0,4.0,3.520451390986898,3.5175557423852934,3.5233645159267377,274.22326034908764,268.0644649994495,278.63061229342236,0.0002287742528599526,-0.0006637284149626401,0.0011727586128268594,-4.742311008889676e-05,-0.0012853314980576381,0.0010388417908287898,1.000715780079744,0.9967491378687967,1.0042439312371094,-0.00014715034415120225,-0.0006464105780617879,0.0003145283571787287,0.0003759245970111545,-0.0006910449803287519,0.0013793341698112428,0.0001037118783659555,-0.0007839729909037569,0.001044591779353607,-0.0013728445496876396,-0.003380103964286014,0.0007540725267673417,-0.00037852705760995243,-0.0023674599737361535,0.0014384273002950086,7
gaussian_score,affine,spatial_shuffle,4,start,5,4.0,6.0,5.052869663066079,5.04674265386874,5.058414249401617,393.5832594681973,385.15897741839063,400.0108924700401,-0.00013692674676167452,-0.0009030436665073982,0.0007023369963504812,-0.000841001279988392,-0.001706749990419708,0.00019277793346723636,1.0013454188836106,0.9981577136746919,1.0044939300799869,-0.0002228257133965263,-0.0008421704007821833,0.0004200528732535847,8.589896663485168e-05,-0.00033563010941543804,0.0006060080011768423,-3.1684127749902017e-05,-0.0008257502372895919,0.0008633555121331306,0.0007168478769877155,-0.0007444089929405905,0.0021236160120039716,4.552892551427965e-05,-0.0012103556991791835,0.0011304215711578978,7
gaussian_score,affine,spatial_shuffle,4,start,6,6.0,8.0,7.042084358140536,7.035634940411929,7.0482397795584815,548.5385459882124,535.6443731126338,557.4476234344916,-0.00015269393084697588,-0.0011410080716206116,0.0008370191445507068,-0.0005915055494869184,-0.0013435717476874417,0.00021302824065604097,1.0016135414924838,0.9998584597290171,1.003324427903654,-4.239910019253731e-05,-0.0006663492258326169,0.0005515958311201596,-0.00011029483065443876,-0.0007865930717572454,0.0005392616789006984,-7.73116181409131e-05,-0.0009909135387663039,0.0008290234713047558,0.0005076908518431336,-0.0005295525087106869,0.001600148518352237,0.0006639278126721413,-0.00011714593075699085,0.0015265956848918814,7
gaussian_score,affine,spatial_shuffle,4,start,7,8.0,12.0,10.074142190624869,10.066889567985635,10.081579959457466,784.7065195404006,766.7485831817347,797.2728509691127,-2.4966842810270075e-05,-0.0005935154959140763,0.0006223010448347364,-0.0005953970902955604,-0.0012953785073460068,3.360927376817478e-06,1.002721235083459,1.0003144963962778,1.0049863430219594,-0.00031636958580913855,-0.0007135524712539256,0.0001091580200357907,0.0002914027429988684,-5.7940659435946154e-05,0.0006495118511721751,0.0001158989673150359,-0.0005297530743554381,0.0007587690242280825,0.0007919968490154972,-6.284469671453358e-05,0.0016417268803119848,9.132920627152412e-05,-0.0008728240203162285,0.0008670707017628619,7
gaussian_score,affine,spatial_shuffle,5,endpoint,0,0.0,1.0,0.6817412228399989,0.6699202570806935,0.6928306581807311,53.159717318021684,51.210510540452034,54.623881153330565,0.004099391681270352,0.000501293920853032,0.008361996448317597,0.002549208614021552,-0.0014777144999236595,0.006629649323806954,0.9857259694424209,0.9750628783893198,0.9959319260507493,0.001278567025087829,-0.0006840645473380183,0.0029500654357553623,0.0028208246561825237,0.00017012011165130745,0.006005890747002308,0.004494607691946777,0.00045314950274489375,0.008918610242090605,2.6605970808281465e-05,-0.004322703681315632,0.003980049109451049,-0.00041737831587170974,-0.010670311232960002,0.01030609489307904,7
gaussian_score,affine,spatial_shuffle,5,endpoint,1,1.0,1.5,1.2662564389612576,1.2638689353595902,1.2684329511318744,98.69929200117076,96.4525494266064,100.31358019661162,0.0012590004434713427,-0.0003194820368559223,0.002834327963670622,-0.0004906244781780986,-0.0038728448125727047,0.0034246050424019073,0.9955527320416112,0.9866490720724795,1.0051418697824501,-0.0011032780156300828,-0.0017617686452803178,-0.00027680779478859747,0.002362278459101425,0.00027376018787190587,0.004361739005820084,0.0010836778561377797,-0.0006622287162544779,0.002769406025128836,0.0018190625865953703,-0.004652796843147982,0.008585420962943803,-0.0070905790141909735,-0.011621071354843254,-0.002479065957076036,7
gaussian_score,affine,spatial_shuffle,5,endpoint,2,1.5,2.0,1.7617871075788523,1.7604136798692467,1.7633357406126617,137.3250232367031,134.23613976784307,139.5647683068105,-0.0005742330266849243,-0.0037046355027688205,0.002958875265882908,0.00013899917326314317,-0.0024814719734420126,0.0025438329209403884,0.9943127282420757,0.9892915686494599,0.9995163269589328,-0.0006793718642406833,-0.0023357484856452453,0.0010957101391744128,0.0001051388375557594,-0.0018132045556498433,0.0022809604872824395,-0.0005514931869475265,-0.0035001569724462727,0.0028272785918054635,0.002035058458455169,-0.0010361304913895034,0.005106042099479828,-0.0003137954588407537,-0.0030958014789586982,0.0022493340906359588,7
gaussian_score,affine,spatial_shuffle,5,endpoint,3,2.0,3.0,2.5319263186792953,2.529200160742806,2.5355349822822317,197.34231937985706,193.0662218678931,200.3105781370567,0.00020794659591574349,-0.0011588965859621908,0.001322839572733389,-0.00018081947502079066,-0.0017064939616517254,0.0011446422911808637,0.9976665473938355,0.9933487884511596,1.002014378538671,0.0006588279999537995,-0.0001478232954554618,0.0014779119264687107,-0.0004508814040380562,-0.0018124823745183445,0.0009524739798160143,0.0001410695196933037,-0.001293650659116573,0.0012119454952231946,-0.001259819887726385,-0.0035579245984421978,0.00087570924492127,0.0007548275411762886,-0.0008577805140462016,0.0025209028113571132,7
gaussian_score,affine,spatial_shuffle,5,endpoint,4,3.0,4.0,3.520530833185392,3.5176811558336754,3.5234719911176127,274.407178561854,268.00027311270867,278.7512416270281,-0.00041624878639760847,-0.001967216067411449,0.0011495626528176292,-0.0011486709824011785,-0.0024917863637264528,0.0002055091731959237,1.0016336077717296,0.9975308734061713,1.0043276075242702,0.00015767893347650618,-0.0003213017653447624,0.0006255584308020929,-0.0005739277198741145,-0.0019596337148418312,0.0008783418481259188,-0.00038667207598009023,-0.001983075330435197,0.001225273439541077,0.0005908317712182065,-0.0017971969811602594,0.002858878490736378,0.0002956302848808612,-0.00142845384892834,0.0018820589143159424,7
gaussian_score,affine,spatial_shuffle,5,endpoint,5,4.0,6.0,5.052743578431607,5.04636891023203,5.05836697150474,393.82903922204576,385.26672546682585,400.15460442333915,0.00036693584558753726,-0.0006403654091271303,0.0013189448482469508,0.00013745896073108746,-0.0010020810749769404,0.0010637475655140987,1.0009258692103462,0.9980979626318985,1.0036383000808278,0.00014940531527041998,-0.000622098433363614,0.0007462503198146576,0.0002175305303171173,-0.000359171136815005,0.0008600080654462614,0.00042133849949776487,-0.0006035569277622167,0.0013570021169824285,0.0005674051046522263,-0.0007621949176629991,0.0018787446272670492,0.0017489734490929788,0.0009370405305813525,0.0026074410977001256,7
gaussian_score,affine,spatial_shuffle,5,endpoint,6,6.0,8.0,7.042001159776575,7.035531219211541,7.048225944947473,548.8883627893557,536.0413879330664,557.5582306000027,-0.00011420784688660181,-0.0008956169378251284,0.000666107012404945,2.023714919876472e-05,-0.001191154332510387,0.0010449462964214789,1.001645163571202,1.0000707538388416,1.0032799957359906,9.820060370690149e-05,-0.00025495232561083703,0.0004601008770190948,-0.0002124084505935034,-0.0007855002751459805,0.00026287208163809015,-5.02415488293127e-05,-0.0008032807575843692,0.0007185048406851079,0.0007053311892430108,-2.3448493002497485e-05,0.0014510402624270781,-0.00014164766732488077,-0.0011623025196982326,0.0007685093338213226,7
gaussian_score,affine,spatial_shuffle,5,endpoint,7,8.0,12.0,10.074201624363528,10.067073027443284,10.081654257348337,785.2206170268718,767.9221227701539,797.5316835426687,-0.0001133430202687719,-0.000641039882976229,0.00033896331384244174,0.00010060387665119291,-0.0005308987367758891,0.0007669619207681313,1.0028158050345406,1.0003514973378012,1.0052269249830954,-8.946057416103199e-05,-0.00035451479194451436,0.00010264476157390684,-2.3882446107739758e-05,-0.00038043893609336475,0.00031837682943370134,-9.334607392925932e-05,-0.000652567611688455,0.00039634072987429334,0.0001404684225941846,-0.00040133587429939813,0.0006678225127652161,-0.00043461339783149565,-0.0010079709770788032,0.00012343459538877792,7
gaussian_score,affine,spatial_shuffle,5,start,0,0.0,1.0,0.6798352167400603,0.6697411669239582,0.6894301962618062,53.0092198229227,51.14656946233952,54.39796920424611,0.00417420420750172,-7.00854255035498e-05,0.008043922284792306,0.0028466217636956186,-0.001430031824457407,0.006984524872656911,0.9874646316451459,0.9767462325579099,0.9975577455654854,0.0012989447864015062,-0.0014399555951206129,0.003866041223209383,0.002875259421100213,0.0004345163780054433,0.005896479110083253,0.004567099841195306,-0.00014325761153909374,0.008915825364615436,6.746054352375852e-05,-0.003653163573235973,0.003170155533871791,-0.0003082040858000376,-0.010798026658623004,0.010012887699427124,7
gaussian_score,affine,spatial_shuffle,5,start,1,1.0,1.5,1.2668896785477153,1.2649086092446327,1.2686229907511684,98.74601985978336,96.53588819379446,100.29170742045997,0.0010591775161341286,-0.0007864621611308499,0.002630555037262257,-0.0009776378713857623,-0.0036308727917416825,0.0020823806942860523,0.9966672567410537,0.988648397274827,1.0058854480566586,-0.000783305347180972,-0.002460743790119101,0.0010203305561372008,0.0018424828633151014,-0.0004901249676281387,0.004177442447808968,0.0009160575080855653,-0.0008075043078004776,0.002432534360433039,0.002016318270154177,-0.0034114334746847903,0.0072723320489695336,-0.006752832260271986,-0.010701214016488382,-0.0024315189787149504,7
gaussian_score,affine,spatial_shuffle,5,start,2,1.5,2.0,1.7621166954960839,1.7608554142052515,1.7634226014883647,137.34907639958337,134.3082007282846,139.6134446073605,-0.0006580464241675608,-0.003566088343183085,0.0026103806711808633,0.00021416002073076712,-0.002022469970972521,0.0024266562506076194,0.9955390695591658,0.9901481445266102,1.001948706606438,-0.001039621441370032,-0.0025557241724569104,0.0005268962141689402,0.0003815750172024712,-0.0019323016035000212,0.002926148046517639,-0.0006014504405729767,-0.0033744562047363746,0.0025561458808936897,0.0009272554806666531,-0.0025156785654167984,0.004345427962300743,-0.00018297447151454534,-0.004013574951986842,0.0032410611881595517,7
gaussian_score,affine,spatial_shuffle,5,start,3,2.0,3.0,2.5323093142836295,2.529657776032772,2.5352977215234267,197.3719928520142,192.90834779195797,200.35484441412606,0.00012669139087031716,-0.00108173251357926,0.0011573548152963486,-0.00032072016775462126,-0.001527521626910389,0.000786920006319113,0.9973826705804169,0.9934663362110792,1.0016240470639466,0.000786409912746053,1.2320664963403106e-06,0.001512110198973027,-0.0006597185218757354,-0.0018688548161850582,0.0005474957105725037,6.446077044175455e-05,-0.0011614947331976193,0.0010618481359103225,-0.00103746405737294,-0.0032461805562108053,0.0009316012492266329,0.0011622629112131438,-0.0003893332853634625,0.002930591095019849,7
gaussian_score,affine,spatial_shuffle,5,start,4,3.0,4.0,3.5204707612110435,3.518041870242645,3.5229511772823963,274.4026069638706,268.01217426352497,278.74902010271876,-0.0003280171822179381,-0.001981434443134352,0.001343298680351884,-0.0011517941009103819,-0.002606653857919573,0.00028171396096170204,1.0011087622158799,0.9971930570516233,1.0041523071269285,9.846108529253747e-05,-0.0004952103166393304,0.0006664027246247257,-0.00042647826751047513,-0.001724978474227128,0.0010474522341862673,-0.0002552541791205827,-0.0017911256087824717,0.0013898530777086558,0.0007374441551534656,-0.001526543643683921,0.0029166092999325247,-0.00019147118560124243,-0.001861849697252542,0.001211680027581069,7
gaussian_score,affine,spatial_shuffle,5,start,5,4.0,6.0,5.0526872311156685,5.04624858883871,5.058190764168698,393.82494250433535,385.18598013234083,400.11490842580366,0.0004088727247379349,-0.0006958452298648597,0.0014174874999208448,0.00021691825366234807,-0.0009873265650393991,0.0013255788006384986,1.0007998951118886,0.9980381210760917,1.003375394814624,0.00019823607075582862,-0.0006381283891752833,0.0008390495857054265,0.00021063665398210634,-0.00038456549723989776,0.0009342937620863289,0.00046909290899031553,-0.0006061846854610982,0.0015056872289848672,0.0007061145474711143,-0.0005340162176422791,0.002003506603499556,0.0017872533659265522,0.0009988905870139612,0.0026446621228343728,7
gaussian_score,affine,spatial_shuffle,5,start,6,6.0,8.0,7.042276595186701,7.035950539873606,7.048497835261916,548.9093143626937,536.6073211192019,557.6184615518441,-8.47766610164185e-05,-0.0006976329676864898,0.0005316453990036524,5.262762806631506e-05,-0.00112881902439887,0.0010608904637722026,1.0016762440087754,1.0001947131587998,1.0031824101143385,0.00011616648287335797,-0.00015724547137366105,0.00037910520503981176,-0.00020094314388977624,-0.000733279402739216,0.000309997780133114,-1.9941952220408326e-05,-0.0006193058073249219,0.0005778251255782934,0.0007067183393740026,0.00011119580686390372,0.0013263030217448395,-1.728096180800849e-05,-0.0011969925211431157,0.0009133881723976232,7
gaussian_score,affine,spatial_shuffle,5,start,7,8.0,12.0,10.074138024250503,10.06701636172851,10.081311576268904,785.2153983507818,768.1453574140086,797.568831986561,-0.00012386492213275593,-0.000582376461719449,0.0002660377380164731,7.921608004824177e-05,-0.0005748781782032072,0.0007595699903625395,1.002874194921588,1.0004368324325856,1.005336641136023,-5.569961583360453e-05,-0.0002863045761013966,0.00013872015417697137,-6.816530629915151e-05,-0.00043135477563911956,0.00028065385730573265,-0.00010575596170462303,-0.0006188444260094857,0.0003461223547782802,0.0001227715306593249,-0.000469152022858177,0.0006822252744177829,-0.00048653334071614956,-0.0010964621302000915,0.00012016674978791588,7
gaussian_score,affine,spatial_shuffle,6,endpoint,0,0.0,1.0,0.679694096752626,0.670049565910027,0.6892542418662108,53.024301565472165,51.1981798883856,54.356852267705705,0.0042497523511890725,0.0008109203666228441,0.007900213235027173,0.007834526799411714,0.003775962657430154,0.011273532816594142,0.9886841856890053,0.9786104024032546,1.0005384091179694,0.0021779687032404413,-0.0007186130192192471,0.005032274369635821,0.002071783647948632,0.000802629436334068,0.0033410154643885776,0.004206689678649982,0.0006353374306472034,0.007864873042316478,-0.0003741123782109862,-0.006665456708507219,0.006130861555869436,0.004004592927467825,-0.002559526141137223,0.00995562242226075,7
gaussian_score,affine,spatial_shuffle,6,endpoint,1,1.0,1.5,1.2668251000403643,1.264766184984565,1.2686143679588737,98.78884698759201,96.61087198082883,100.29441870934217,-0.0009239309386291698,-0.004973075674295587,0.003233786328485715,-0.0011939333267283847,-0.003082222369522333,0.0011402211771171116,0.9976830088750452,0.9868317393254652,1.0074729359405452,0.0014190147557980631,-0.00040187826824025514,0.003922293738712923,-0.002342945694427234,-0.005460307792484692,7.534972937886861e-05,-0.0007339984697784065,-0.004802628757095205,0.0035386847743379586,0.006974936345994139,0.0018248162106579812,0.012049177897684633,0.0031201609039052274,0.0002661681555016828,0.006306514242143638,7
gaussian_score,affine,spatial_shuffle,6,endpoint,2,1.5,2.0,1.7621011547446805,1.7607740069660511,1.7634081502767422,137.4144795422765,134.3608237431701,139.61218619407288,0.003024111901587099,-0.0013688269676204385,0.007156234355331942,0.003203125234202804,-0.0021620058091775325,0.008922764830107418,0.9922323817754667,0.9874456425926628,0.9969563779239525,0.0012277088877746627,-0.0003979588851321859,0.002559782205493908,0.001796403013812436,-0.0016260443121636878,0.005426884484373464,0.0029461573917702144,-0.0016815965318574433,0.007166867856405821,0.0013592379635268721,-0.0008276200349648667,0.003882471323810576,-0.0006113692214485796,-0.003696677052362148,0.0023431600129769597,7
gaussian_score,affine,spatial_shuffle,6,endpoint,3,2.0,3.0,2.5321681849734405,2.5295396804926287,2.5352403770101017,197.45711243158857,193.07627773719597,200.41312921244108,-8.142190080051031e-05,-0.0014128167459184116,0.001250036141327148,0.0007745868848627786,-0.00027533431635916956,0.0021140413296173183,0.9974914050139482,0.9944900227948623,1.000883353894686,-0.00015445393359833946,-0.0007885254614087915,0.0003589150537716951,7.303203279782971e-05,-0.0012633426618678264,0.001417476977552661,-0.0002047212682081901,-0.0014896521986848012,0.0010460168614937608,-0.000974724953064817,-0.003841563783167065,0.001424502794340313,-0.0015075767628376646,-0.0036131694357984345,0.000522615034837761,7
gaussian_score,affine,spatial_shuffle,6,endpoint,4,3.0,4.0,3.5204768458073246,3.5181209920848393,3.522982503041081,274.5361679365722,268.3220120298664,278.90216603953525,-0.00023270177625774982,-0.0014142340202882523,0.0008439177223920213,-0.0003449129750784572,-0.0022262814921813283,0.0014308680882075217,1.000737867030362,0.9952231950895902,1.005337832762552,-0.00044726982672672444,-0.0010447288913982917,0.00015687603770100995,0.00021456805046897473,-0.0007095953361815762,0.0011855694838502782,-0.00021045494015988967,-0.0014408187083572927,0.0009694680286226073,0.0008478829500093128,-0.0013227868210981886,0.0028964454107672614,0.0007308735693206092,-0.002462846695402518,0.0035682742557271705,7
gaussian_score,affine,spatial_shuffle,6,endpoint,5,4.0,6.0,5.05256684628039,5.046090170947222,5.058136524192321,394.0069449804807,385.5280404955777,400.20839908824706,0.00030377792872603567,-0.0005859514133649864,0.0011172894734465346,0.0008007992516926819,-0.0003678320447193936,0.001987690134666531,1.0012706722527416,0.9984990729737262,1.0040796909236727,0.00033899450726810807,-9.061269738468623e-05,0.0008349783030139005,-3.521657854207277e-05,-0.0007011977016857591,0.0004471788968413417,0.0003423185048094729,-0.0006155318472518464,0.0012191314901959527,0.0003237404194420446,-0.001658496273819814,0.0022556734282268656,0.0015899639821767779,0.00048744892389617346,0.002715535231487283,7
gaussian_score,affine,spatial_shuffle,6,endpoint,6,6.0,8.0,7.042200310754936,7.035639882552921,7.048182994963226,549.1696587036357,536.9535233981186,557.7222086652156,0.00015056857363769712,-0.0006868771880954055,0.0009874066044132743,0.0002748997588504342,-0.0005684037738857423,0.0011868227714639731,1.0014661318023672,0.9996244466111542,1.0037021535335064,0.0001464877050405134,-0.00045509508873894553,0.0007714942157007271,4.080868597183508e-06,-0.0004467531830264289,0.0003935729623637738,0.0002828993447970807,-0.0005627015049920821,0.0011388525038252208,0.0012071020829470375,0.0003434344375996262,0.0022532125490376583,-0.0004202958392430868,-0.0015261646848050037,0.0005890128678082344,7
gaussian_score,affine,spatial_shuffle,6,endpoint,7,8.0,12.0,10.074189748839446,10.066918828018954,10.081322412611367,785.6006960908724,768.1021400988683,797.8507902924947,0.000284445526032524,-0.00030517174318157994,0.0008589380152248077,0.00027850231812330984,-0.00033538624662697553,0.0009438547824594639,1.0025741148237732,0.9998994000636434,1.0049874076539196,-7.681107926852102e-05,-0.000537628763927845,0.00022920806962391588,0.00036125660530104503,-1.3674004044379531e-05,0.000735540598893313,0.0003464427547982797,-0.0002454005201976152,0.0009170738197633514,0.0003015818291820727,-6.880552327874027e-05,0.0006378200066530559,0.000294901539495079,-0.000739806349649726,0.0012186507460575354,7
gaussian_score,affine,spatial_shuffle,6,start,0,0.0,1.0,0.6782467352821663,0.6694813038865054,0.6868505798184663,52.91039447583806,51.193561052028016,54.21313709316053,0.0035581344991724314,-0.00024455810725361286,0.007617482051783342,0.007217127038886525,0.0037101647927196718,0.010407364985611102,0.9911974961178925,0.981930522261042,1.0008614382932615,0.0014398796508889502,-0.0013452295999540238,0.00432200051325433,0.0021182548482834816,0.00022360836627621455,0.003930060646969587,0.0034982600061251178,-0.0005386782954709159,0.007468870757055558,-0.0009291686762534065,-0.006495595734574402,0.004608353404598912,0.0034933248367443,-0.0035515243905397376,0.010335726061849985,7
gaussian_score,affine,spatial_shuffle,6,start,1,1.0,1.5,1.2676652275808828,1.266423056706919,1.269009840302603,98.85280969583525,96.80042238504306,100.36890148400991,0.0008630942182653235,-0.0036418942168378486,0.005652330493117095,0.0004523118861640246,-0.0024986657525102028,0.003219662420512659,0.9954306025835239,0.9844350852488957,1.0057547580431612,0.0024681736502654727,0.00019906371138777782,0.004626246562792716,-0.0016050794320001485,-0.004727218739271696,0.0012601881184031345,0.0009753682606966574,-0.00379727181388367,0.005678079780471237,0.00797255553700091,0.002789393100685657,0.012466509441270871,0.004900115913301163,0.0013887265218284208,0.008828413660898135,7
gaussian_score,affine,spatial_shuffle,6,start,2,1.5,2.0,1.762735429765541,1.7618216134633948,1.763820366739904,137.46252596907956,134.4541082463495,139.66390655639353,0.002277348097666617,-0.0013091355256893145,0.005600678634768093,0.00261193362541684,-0.0010821624393452733,0.006991726718716734,0.9955453524260539,0.991561839686777,0.9994956708110533,0.0007049496339202488,-0.0005630851148921772,0.0018304956844390108,0.0015723984637463682,-0.0012799274981964038,0.004712449162892256,0.0021555720137029725,-0.001610237418706224,0.00564498001819943,0.00043522330283718143,-0.0023907965347700778,0.003823599979282977,-0.0011695772323546494,-0.0052006642232975625,0.0027965512995925096,7
gaussian_score,affine,spatial_shuffle,6,start,3,2.0,3.0,2.5331807997538864,2.5305411355853535,2.5358466448222354,197.53616637259296,193.30846465981966,200.46594683681573,-0.0003468602676459594,-0.0017962202108021948,0.001128914912206678,0.0001533861207245476,-0.0010407127975603759,0.0017924043980452598,0.9980519381645924,0.9950451474091146,1.001499079668177,-0.0002697134255682365,-0.0012633588805166707,0.0006454537310275619,-7.714684207772288e-05,-0.0014789187634615506,0.001217123068208175,-0.0004866891283220543,-0.0018910461402351312,0.000842650067755919,-0.001256581749342775,-0.004002621807276898,0.0011208649412713712,-0.001855785185080903,-0.0042519169460969435,0.0003676199943403207,7
gaussian_score,affine,spatial_shuffle,6,start,4,3.0,4.0,3.5210856927080676,3.519221801780979,3.523148205358996,274.5824641892078,268.2664565474279,279.0434186300636,-0.00020223106845437017,-0.0015620877678609747,0.0010291399903152964,-2.8395475331881347e-05,-0.00206133280905451,0.0017421915994204867,1.0003004871865406,0.9944488483594282,1.0050509345186616,-0.00046389162665957804,-0.001302058430670724,0.00020580980390609216,0.0002616605582052078,-0.0005982837274554593,0.00115021417782508,-0.00011645931822865544,-0.0016062271855194984,0.0012949452258039715,0.0017081850494083252,-0.000528238597587259,0.00378798782901342,0.0010369446401492716,-0.0025526136665988204,0.0041220681912432265,7
gaussian_score,affine,spatial_shuffle,6,start,5,4.0,6.0,5.052543187847318,5.0466277187032045,5.057866923536234,394.0045053140857,385.54286635036794,400.21744243909154,0.0003329800993284989,-0.0006188514529162527,0.0011772529131840268,0.0008457164737709544,-0.0003941419537457072,0.0020685788654695152,1.0007536730017728,0.9979315386282586,1.0035758073752867,0.00031459386282588615,-9.79630240227183e-05,0.0007511198195036657,1.838623650261275e-05,-0.0006487294873226236,0.0005319109960268864,0.00034688882758214295,-0.0006916172328636938,0.0012791104422351914,-3.572956059241299e-05,-0.0016877319124857966,0.0016097067606223397,0.0016164874717270715,0.00040823738780701197,0.0029670360460777646,7
gaussian_score,affine,spatial_shuffle,6,start,6,6.0,8.0,7.0423019772380835,7.035862650391199,7.04834271749808,549.1766547543446,536.9808919896644,557.7347027544315,0.00018354948745139842,-0.0007314388348353338,0.0011112566404477269,0.0002581612816466961,-0.0006299170062812157,0.0011740626873496557,1.0017495488073378,0.9999803274133067,1.0038777873895788,0.00014903387085294723,-0.0004612356473274566,0.0008092400736655604,3.451561659845099e-05,-0.00039393952719634365,0.00047063437466387777,0.0003094635506241402,-0.0006630827590607004,0.0013325562480973642,0.001150339725791159,0.0002478804036864102,0.0022423746858714734,-0.0002677531606649421,-0.0013591327053416387,0.0007415381139754273,7
gaussian_score,affine,spatial_shuffle,6,start,7,8.0,12.0,10.074226688033374,10.067335500812332,10.081609894020115,785.6028564095885,769.0996332609204,797.8616847512354,0.00023398066766232395,-0.00032437653079761514,0.0007811337361272882,0.0002401628754420342,-0.0003704786376468283,0.0008487621270839096,1.002590255915612,1.000047874395152,1.0050546995715528,-9.960119998594086e-05,-0.000560223692968468,0.00021574677679984746,0.0003335818676482648,-5.3456136803357824e-05,0.0007028905501903324,0.0003128238562443473,-0.0002568232168097146,0.000886272333907343,0.00037667127999807147,-3.7346751834348635e-05,0.0007073715894736977,0.00025171718434357354,-0.0007713757373229908,0.001188005753922367,7
gaussian_score,affine,time_shuffle,0,current,0,0.0,1.0,0.686078138307831,0.6707758887650761,0.7006798287369401,53.382845863427804,51.21202856197533,55.23017212410243,0.00633805856962007,0.004504521795712562,0.008459187770088139,0.006569629944843837,0.00383691404062522,0.009491310229647484,0.9791672050813451,0.9679464666633415,0.990320604570277,0.001968346202916651,-2.6614431062673223e-05,0.0046759643441661985,0.004369712366703419,0.0029112878501882556,0.006074216814504721,0.006000924115314455,0.004115124548180223,0.008106829844043727,0.0032486139306174603,-0.0017923484233374083,0.008871739906740523,-0.0019722815715502973,-0.00668672899519364,0.0018805388773320652,7
gaussian_score,affine,time_shuffle,0,current,1,1.0,1.5,1.2631960026996971,1.2601004182918019,1.2661386801502363,98.25736302053664,95.86908910881877,100.15584343155749,0.004267556807152683,0.000916244266292112,0.007287168368305432,0.0042114907292322735,0.0009273452852555366,0.006858900274323474,0.9828924935785077,0.9733405228192441,0.9932663322804562,0.002496723832135876,-0.0007949425444591519,0.004882425802105995,0.0017708329750168053,0.00023805542269759073,0.0036673894704070493,0.004344637084146748,0.0010377935417552448,0.007483220195527113,0.0032980166738490685,-0.0005274533029351695,0.006665612563275032,0.00012785920437268224,-0.004477915234091081,0.004508183637235882,7
gaussian_score,affine,time_shuffle,0,current,2,1.5,2.0,1.7617350122272861,1.7591011956929725,1.7644012858855382,137.03676354983955,133.73212426357676,139.58627204304437,0.0022143709361961534,-0.00045647311275415534,0.005439605990979113,0.0027941746434301876,0.0004553892427287904,0.005393088088470427,0.9936395057498879,0.9868322746326945,1.0002834749294025,0.0004719871310536686,-0.0011663471353295805,0.002180346644233244,0.0017423838051424847,-0.0005717131335182936,0.004091183456764905,0.002215247272350004,-0.0003583661628009412,0.005566277572684593,-0.0027213341171996052,-0.005010199664058061,-0.000537636885886392,0.00028839379190634314,-0.002885015145111993,0.003340528280955439,7
gaussian_score,affine,time_shuffle,0,current,3,2.0,3.0,2.530956722864286,2.5274961760623915,2.535825399162003,196.86178658713723,192.3248919882311,200.4074731667835,0.0033500848806164046,0.0016510333082883808,0.005040288858989473,0.0029857858484141154,0.0015087388247691917,0.004698763558542385,0.9916992730066371,0.987599040419652,0.9968920793455781,0.0016303478781073157,4.5044304434672446e-06,0.0034217928237225198,0.0017197370025090876,0.0012395614658469692,0.002386079930423845,0.0033211255179677107,0.0015338203738977808,0.005029111272585477,-0.0006518015514309299,-0.002214074103558982,0.0009671963171454062,0.0010912587578834696,-0.001817757533558006,0.0038553420641469502,7
gaussian_score,affine,time_shuffle,0,current,4,3.0,4.0,3.5203193067530907,3.5171416893009257,3.5236372071697106,273.8272814557655,267.1091656361209,278.87814844971984,0.0011171155941340585,-0.0007032219872721058,0.0029963123069862577,-4.857290381443509e-05,-0.0015014673057725417,0.0017458899677615853,0.9981268635688105,0.9901720176442218,1.0051508650131749,0.0015141265634705996,0.0002426196090405929,0.002632928959983708,-0.0003970109693365413,-0.0011775946180819675,0.0004729083645036817,0.0011015319294279027,-0.0006683420829606643,0.0029057443435023048,-0.000885607319492929,-0.002405280528526659,0.0004530491889898026,-0.00020257080245214052,-0.0019141329159239632,0.0016899141437967298,7
gaussian_score,affine,time_shuffle,0,current,5,4.0,6.0,5.0537208469924035,5.046988427895167,5.059498933993223,393.0879970517635,383.90782196593216,400.37437221899893,0.0012073949091575265,0.00038788289570580606,0.002250754877403568,0.0010097488027861483,0.00017312302325231746,0.001715238700398712,1.0003666985690292,0.9951943238091954,1.0059987712906087,0.0012879171236213104,0.0007331023708310682,0.0019502762026154129,-8.05222144637839e-05,-0.0003964931571583536,0.00028158540165421303,0.0011892621793175968,0.00038493882879606187,0.0022749468047722943,-0.00013444426142655792,-0.0022887796001949063,0.0017779310103437334,0.001679933903999855,0.0005932837330719652,0.0025986935939879634,7
gaussian_score,affine,time_shuffle,0,current,6,6.0,8.0,7.0423671886939285,7.035588249163456,7.049037135151891,547.7843470659108,535.1035234804883,558.0383564094028,-0.0005124487490516575,-0.0013668652271033664,0.0003284255834342377,-0.00016086343161377187,-0.001231529407638399,0.0008910378760833365,1.0008377824098629,0.9971261988817192,1.004023539087127,-6.613022685183732e-05,-0.0003822196304627387,0.0002708530125821324,-0.00044631852219982035,-0.0011494449648157617,0.00018857792421027013,-0.0005806369577271147,-0.0014186012424996044,0.00026949020453679993,-0.00036239675733378647,-0.0016151744988894367,0.0006496692300386963,0.0012254332371093649,0.0002192869109746697,0.0021172413041019456,7
gaussian_score,affine,time_shuffle,0,current,7,8.0,12.0,10.074385452639659,10.067422735208973,10.081529442193553,783.614285810383,765.4080664468904,797.830829876874,-0.0002139725554441602,-0.0006289284606788803,0.00013084489005825702,0.0001445853962718572,-0.00022143840793827657,0.0004837385960626493,1.003713108253751,0.9994895543867139,1.0075363377587454,-6.83971498047069e-06,-0.0003962246990152635,0.0003627559282421363,-0.00020713284046368965,-0.00041581235971992854,4.0150482791484e-05,-0.000289952953063737,-0.0006475860215380803,9.408600291577025e-06,-0.0005607776954829823,-0.001199248705753566,0.00011486738062328602,0.0001524388874844097,-0.0009061754516131338,0.0011942374436966798,7
gaussian_score,affine,time_shuffle,1,endpoint,0,0.0,1.0,0.6858916100267098,0.6702568295945053,0.7005114326553392,53.389926901876926,51.13731911884454,55.21107315682349,0.007348427984831917,0.004102538680538009,0.011021550942009415,0.008374215183660228,0.005715299264470631,0.01083052265867962,0.9778757244678954,0.9672435477347524,0.9901244629375505,0.0032203577515799125,0.00043530710333079565,0.0063427286038380175,0.004128070233252003,0.002186100165920218,0.0058119190545793875,0.007556046375221537,0.004136031258038762,0.011205778302883204,0.0003140640746430199,-0.0036692983722782357,0.004991982007535811,0.0023847488798045013,-0.0032428612254844593,0.008047061678873724,7
gaussian_score,affine,time_shuffle,1,endpoint,1,1.0,1.5,1.263116575543481,1.2599610279439708,1.2661770799058056,98.2907477999109,95.95868357545504,100.16080940615446,0.004233703543793438,0.0013943549987631312,0.006209698284050865,0.0039832220208489534,0.0018081924851017504,0.0062910301289017655,0.982565780632893,0.9710845370890689,0.9937449257127287,0.003330278954393713,0.001971117191580621,0.004696422943488747,0.000903424589399725,-0.0012874071262902692,0.0024812785330820307,0.004111565100500666,0.0012056864700248071,0.006159225567476625,-0.00027453241091283286,-0.00464410057782227,0.00427771641789019,-0.00012906559419505293,-0.005255633990085088,0.00466107286060741,7
gaussian_score,affine,time_shuffle,1,endpoint,2,1.5,2.0,1.761824766118805,1.7591763902621536,1.764418426149162,137.09818727001465,133.88229525816612,139.57197622806885,0.0062272394005224215,0.0045358596495624634,0.008063091087564504,0.006439013733360197,0.004007560799100352,0.009262922297017378,0.9896435663913413,0.9829830879899667,0.9963040798526678,0.003175342598996526,0.0018402667536777384,0.004315805235834245,0.003051896801525895,0.0015199580974233772,0.004606239613418407,0.006127614799317689,0.004421670638246305,0.00804298894390759,-0.0014262302570060312,-0.006121942007628045,0.0031532622556637935,0.001417538658248828,-0.0028359222297966503,0.005850245660998764,7
gaussian_score,affine,time_shuffle,1,endpoint,3,2.0,3.0,2.530955494836713,2.5274727289800256,2.535876007079115,196.94004582175984,192.31738894437856,200.37225878494385,0.003921008822198323,0.0026704067200881082,0.004945828141498432,0.0039495444504139025,0.002874715467263904,0.005039680618244109,0.9911729228353615,0.9862847984585696,0.9970045539969629,0.0024967009797998143,0.0015211707115117851,0.003394622298897568,0.0014243078423985076,0.0002997764717486814,0.002588577832039106,0.003911781504689862,0.002770058625424948,0.004913236027317854,-0.0012262690301001317,-0.0038617493345420926,0.0013079584318256368,6.323898425680204e-05,-0.0018289554412016546,0.002407057941511565,7
gaussian_score,affine,time_shuffle,1,endpoint,4,3.0,4.0,3.520303091569531,3.5171326650237686,3.5238036461712183,273.93523190601564,267.32854276324235,278.83440620808955,0.001458954651722794,0.00013399228644453206,0.002922511156665909,0.001882458292669964,0.0004522065081093206,0.003474314500859934,0.9978037568444222,0.9902142725265389,1.0032424035514023,0.0015249874612750813,0.0007892681067032241,0.00231924682185784,-6.603280955228824e-05,-0.001024683326208772,0.0011964806628302507,0.0015027901590012765,0.00019293792146481297,0.0030019238556341465,0.000810702367482433,-1.4947080371086332e-05,0.0016645807811445474,-0.0020992289695888223,-0.003553019381570849,-0.0004077581113873368,7
gaussian_score,affine,time_shuffle,1,endpoint,5,4.0,6.0,5.053554077061141,5.046672007186589,5.0596957018397335,393.23220423918866,384.0277564668154,400.50623388868036,0.00011357260796064974,-0.0007243853587421623,0.0009620411988806337,0.0005088301119589963,-0.0005318316049256031,0.0015786436333599977,1.0014619313980682,0.995758626938635,1.0067380260215493,0.0007652741690024574,0.0004146203116889949,0.0010550015446119912,-0.0006517015610418076,-0.0012827698998716995,2.176237808267189e-06,7.5319898690873795e-06,-0.000836973086844475,0.0008771196903253807,-0.001493897023652194,-0.002753396723894026,4.8836262333777705e-05,-0.0003847596177475176,-0.0010877516786543322,0.00027461240166382246,7
gaussian_score,affine,time_shuffle,1,endpoint,6,6.0,8.0,7.042371056014006,7.034968876141263,7.0490934329607615,548.0029812003198,534.951181730313,557.8952433284664,0.00011694698443059065,-0.00030760514989670363,0.0005377964108184486,0.0007660717238844349,0.00020944022959864278,0.001454770045607964,1.000357987763528,0.9969863394435626,1.0034216747896942,0.00033577562610329466,-9.364875866577202e-05,0.0007375141533226797,-0.0002188286416727041,-0.0006394663531898223,0.00014132171730243405,0.00011428314371881826,-0.0002995352557081104,0.0005502937493837013,-0.0004664902532123158,-0.0014757114334872502,0.0004516187820529597,0.0001473727848357763,-0.0007367777844563834,0.0010635932433535398,7
gaussian_score,affine,time_shuffle,1,endpoint,7,8.0,12.0,10.074402921867875,10.067355545417456,10.081502792531408,783.9279973699688,766.2127504768639,797.889778144467,-0.00012399126355039882,-0.00043646184132544125,0.0002419117808559011,3.399564285382977e-05,-0.0003107619265450586,0.00038057868176346666,1.0037010423096429,0.9993504599667026,1.0075693771639551,-0.00033136373594849864,-0.0005601309489356938,-5.258870322954047e-05,0.00020737247239809977,-0.00010826007870728632,0.0005275225595494569,-0.00012189037572692714,-0.00047102580331133225,0.00029270655746804693,-6.155331220465774e-05,-0.0005982424834045192,0.0004630961689066553,-1.6508771907615743e-05,-0.0006949570942666135,0.0008107408828397367,7
gaussian_score,affine,time_shuffle,1,start,0,0.0,1.0,0.6862199461973985,0.6708607330172571,0.7002238142732464,53.418254463624706,51.251543494066375,55.166657514099334,0.007018499318449206,0.003834056334692947,0.010595278934769636,0.008532852124181868,0.0057188760399399545,0.011341192858058588,0.9781309446214277,0.9674898017213467,0.990380604557929,0.0038451261956385084,0.0010635043170736265,0.006891176226731769,0.0031733731228106962,0.0012601030068220124,0.00478784775233347,0.007318402665307519,0.004051210190999842,0.010817919539820081,0.0009898919491593999,-0.0032849365822108356,0.00578181966305363,0.0017880887174893665,-0.004719972608228713,0.007944471711014481,7
gaussian_score,affine,time_shuffle,1,start,1,1.0,1.5,1.2642742491311856,1.2609616091078728,1.267529207861621,98.38135569774154,95.96816148696946,100.23823373276117,0.004206621618979069,0.0014890333624077753,0.006592993949287065,0.0038651057748515516,0.0014487173174746858,0.00650597987344143,0.983780729781002,0.9731701337209304,0.9941603595143914,0.0026513248759941536,0.0012239894733049317,0.003974082073273204,0.0015552967429849156,-0.00065731286949046,0.0032730784529999175,0.0039036732054887756,0.0011996582747760877,0.006096207111219066,-0.0002541736709655635,-0.005452539115306336,0.005414956279242525,-0.0006616221149750941,-0.006102339880945029,0.0041899286189197825,7
gaussian_score,affine,time_shuffle,1,start,2,1.5,2.0,1.7620299265445,1.7594669051686063,1.764445877453682,137.11327704665422,133.90518668789534,139.64524245071354,0.006634988129044109,0.004620794849136397,0.008476704053442011,0.006669298987267599,0.004284603450794896,0.009330009882270207,0.9898366158529607,0.9839372334525167,0.9955139697062446,0.003681958918655634,0.001968553300660325,0.005040607158561157,0.0029530292103884742,0.0014141519892736537,0.004481519528350234,0.006461243230706112,0.004482840593627298,0.00834621801509465,-0.002520336755796389,-0.007774863510830741,0.0018015552193040212,0.0018978929161843675,-0.0022159833980491756,0.005969611189001106,7
gaussian_score,affine,time_shuffle,1,start,3,2.0,3.0,2.531165368060607,2.5274928735520312,2.5361111091193527,196.95473409203603,192.3380954240928,200.2880487391047,0.003765472713925172,0.0025066908498001814,0.005077743534410897,0.003870841283474276,0.0023730098589219728,0.005385910384875598,0.9909936089855577,0.985421778140937,0.9977599021877092,0.0023330392399765892,0.0011348412723134838,0.0034358875413009063,0.0014324334739485834,0.0003625487428461645,0.002557309231234792,0.0037316435399535166,0.0024410863886600276,0.005015882139639293,-0.0009362832219988964,-0.003354763395645055,0.0014953343892077885,-0.00028425335249322525,-0.0022830276756378325,0.0022551872797861093,7
gaussian_score,affine,time_shuffle,1,start,4,3.0,4.0,3.5203676075819557,3.51699087729251,3.523744485153467,273.93979850052494,267.56579504809747,278.9186962887205,0.0016815250345108875,0.00036854580902635076,0.0032352130313607736,0.0020955326957512554,0.0005376321599072114,0.003905113202977445,0.997854667565722,0.9906189112257823,1.0033167961665364,0.001789241649933986,0.0010736922392748736,0.002663309753965955,-0.00010771661542309844,-0.0011194942500392963,0.0011374862760111458,0.0016886483855447706,0.0003644539817481924,0.0032276501024331478,0.000194758830945481,-0.0005689541451979671,0.0009899777933931786,-0.0013575256916548582,-0.0027510588031697215,0.00027986041844730046,7
gaussian_score,affine,time_shuffle,1,start,5,4.0,6.0,5.053595972818958,5.046948959465261,5.059606927982533,393.23644828503967,384.24188565504204,400.15406671210985,7.995711191263322e-05,-0.000692430124341956,0.0009153541818465381,0.0005140668435136488,-0.0004455939977704964,0.0015445600691238871,1.0012729557260909,0.9959915224529025,1.006426562492782,0.0007366181522014613,0.0004118529481463863,0.0010474986438749549,-0.0006566610402888282,-0.0012617468553640307,-2.7986923383233255e-05,-2.0713736281138444e-05,-0.0008235541098081497,0.0008368583000624234,-0.0012623268343652401,-0.0025203107198676408,0.0002842400387012362,-0.0007587444657357385,-0.0014831874816420838,-2.664007786558417e-05,7
gaussian_score,affine,time_shuffle,1,start,6,6.0,8.0,7.042103517705114,7.03549291070346,7.048356680178082,547.9819812184685,535.080795286355,557.802491378457,7.140862125092679e-05,-0.0003393400715617207,0.0004649211698962934,0.0006757932031582959,9.448846586438527e-05,0.0013625243418710362,1.0003365715099881,0.9969858346948174,1.003464053105111,0.00022966502033433037,-0.00014725820030884348,0.0005757802915997227,-0.00015825639908340368,-0.0005675728949346347,0.0001419009910789645,5.0801205205765476e-05,-0.00033986382303696983,0.000429861702682426,-0.0006291556347863909,-0.0016014852263424796,0.00028861384122785117,0.00024624570610606156,-0.0006555327846184506,0.0011805796244208782,7
gaussian_score,affine,time_shuffle,1,start,7,8.0,12.0,10.074270412407326,10.067128354608803,10.081465833431078,783.9174251559618,765.3593284361112,797.5522669094719,-0.00012539073746950933,-0.0004050427722457816,0.00022650540587650328,1.512526593442911e-05,-0.0002748937731305435,0.0003443250506338703,1.003843918882369,0.9996238949775036,1.0075936929242397,-0.0003303543458443866,-0.0005505514424725701,-7.000416958706007e-05,0.00020496360837487737,-9.224123956891207e-05,0.00047572397301181283,-0.00011714714536257588,-0.0004222349351523526,0.0002871875244413797,-2.0979764292952613e-05,-0.0005834116878124455,0.000497588030656273,3.0098554287254986e-05,-0.000634952780867965,0.0008411540798501637,7
gaussian_score,affine,time_shuffle,2,endpoint,0,0.0,1.0,0.68599156835557,0.6700972242058556,0.7005743620168099,53.42181828659513,51.18878052570444,55.15215386913928,0.007191883950591453,0.005043369263644063,0.009622490236732534,0.0064259439745197764,0.0035844896668257033,0.009935818707685966,0.9767424487936461,0.9641133717767024,0.9894221918997942,0.00436276866798249,0.0026038836681018646,0.006071111510746997,0.0028291152826089632,0.0009199831995608155,0.0047086732420994525,0.0071826529751861145,0.004929272397443564,0.009778268765744785,-0.00407440564308639,-0.009977133866895811,0.001960233718454097,0.0009631791533041767,-0.0062579538907426,0.007882493441953959,7
gaussian_score,affine,time_shuffle,2,endpoint,1,1.0,1.5,1.264154067064003,1.260717588008381,1.2675742767543317,98.4096136052609,96.07916076262926,100.21309923961986,0.006801034052446606,0.00414059027348444,0.00944932632583809,0.0078014991966327074,0.004459827160757416,0.011157734101846976,0.9812338891247055,0.9704364193990871,0.9922224984252466,0.002712407466983522,0.0005034053073103514,0.005208507687446114,0.004088626585463082,0.0026846894411138157,0.006242818695083996,0.006878156246952651,0.004289079145460944,0.009430256410287793,0.0022486467357642924,0.00017604765159217337,0.0043472870547330905,0.001547313759746849,-0.0005906495932264848,0.0034698698743132264,7
gaussian_score,affine,time_shuffle,2,endpoint,2,1.5,2.0,1.762045598661495,1.7595448467709995,1.7644990761349466,137.16646821854178,133.98664073172887,139.59176355024,0.00319970625381166,0.00038972874413627923,0.0055775769420321,0.0024975169768148148,0.000471479495226706,0.004096134558466362,0.9923563717352032,0.9856592384516094,0.9984600025872182,0.0009208253841558134,-0.001309822387161437,0.0029711846682953986,0.0022788808696558465,-0.0003754643107942191,0.004914238535244892,0.0033598480321795723,0.000646542006230464,0.005641013275238184,0.0027492179723860423,0.0001651593177326654,0.0053332498937857685,-0.0021063249871905903,-0.0062748506129198045,0.0017001059003650617,7
gaussian_score,affine,time_shuffle,2,endpoint,3,2.0,3.0,2.531166376000141,2.527434731083006,2.5361684275580916,197.0299483886975,192.49475111833596,200.26785622784564,0.0017213382056900548,0.0007108238183203494,0.002801575629657062,0.0028004766969230823,0.0013717399264581431,0.004120821081938131,0.9932965145900041,0.9881295279866295,0.9994865709776942,0.0019943052519098277,0.0010917244059612614,0.003116899843708662,-0.00027296704621977333,-0.00138411277654875,0.0006874284287617174,0.0017095608708624075,0.0007465058345429078,0.0026734252242406197,0.0009353267590228995,-0.002505492913747406,0.0036114501200423146,-0.0015501704431946043,-0.004307656497364864,0.0008781772347352327,7
gaussian_score,affine,time_shuffle,2,endpoint,4,3.0,4.0,3.520347927928868,3.5169147542105565,3.523723893501289,274.04325525141957,267.4539656281131,278.81892408962125,-0.0002059084463045447,-0.0014793994520086282,0.001006644388048855,-0.000507768436928247,-0.001982039108696475,0.0006250848193691452,1.000041765762558,0.9925945589065635,1.0068314317261844,0.000916999636310949,-0.00024733316598527557,0.0018171876484751857,-0.0011229080826154936,-0.0018578244858302798,-0.00037670757480611026,-0.000295187082457027,-0.0016097826591684639,0.0010132789733426383,-0.0009558785017951058,-0.0028370997055432562,0.0010125130014360675,0.0007320505789146677,-0.0021860537399379636,0.0034657229826128466,7
gaussian_score,affine,time_shuffle,2,endpoint,5,4.0,6.0,5.0534245729245635,5.04684931736495,5.059465024296157,393.374146436659,384.7388207018401,400.0882986782717,0.001016059557818741,0.00020043762557634377,0.0018066916588325268,0.0006283071024136158,-0.00021216343797608408,0.0014062460202070787,1.000780599639761,0.9952733751231565,1.006389274259643,0.0012911765098205501,0.0005577861442774523,0.0018973385573410977,-0.000275116952001809,-0.0006303061186076276,4.754434944372715e-05,0.0009193534305287824,9.330289515411653e-06,0.0018219699213870898,-0.001318590430877846,-0.003205671273643402,0.0005854050000126162,-0.00013711425417654846,-0.0010500942052367773,0.0008551797245477771,7
gaussian_score,affine,time_shuffle,2,endpoint,6,6.0,8.0,7.042071953289451,7.035329569652465,7.048639913938682,548.1893317757409,535.3750299176867,557.5767864686,0.0003233892955570935,-0.0005555836887092854,0.0011908951421857258,0.0006178440075273155,-0.0005939136507956403,0.0018396999188085177,1.0002088408934793,0.9970306932533084,1.003106073661436,0.0004916810326711983,5.975333341326297e-07,0.001076697698161678,-0.0001682917371141045,-0.0008647434051491062,0.000600281230270241,0.0003879633040384827,-0.0005105142476001553,0.0012393456624022216,0.0006683097452060678,-2.044320560816137e-05,0.0013525758085105985,-0.0009553545620805133,-0.002010218006096712,0.0003305789996940571,7
gaussian_score,affine,time_shuffle,2,endpoint,7,8.0,12.0,10.074308446825452,10.067444756418995,10.081414102430504,784.221447186267,766.2982540706795,797.7960299168354,-0.0005399964321425264,-0.0009591705770330441,-5.60028145394335e-05,-0.0004458437313664149,-0.0008416510082009601,-8.407311015252324e-05,1.0044934653274262,1.0004956544376513,1.007964981803404,-0.0001360726972926268,-0.0005881988035171739,0.000333080243144323,-0.00040392373484989945,-0.0007621148903640698,-7.012209477819742e-06,-0.0005342499191938742,-0.0009734163659440562,-2.4495416892529882e-05,-4.715325878688871e-05,-0.0006073003900481905,0.0005826180748194102,-0.00039123530173330954,-0.0007680401481775631,-3.481923622109828e-05,7
gaussian_score,affine,time_shuffle,2,start,0,0.0,1.0,0.6852844862844533,0.6704139605083794,0.6990545353468348,53.36863987445923,51.20176498644916,55.04647210753735,0.00892770774303149,0.00709716327391056,0.011059141441292874,0.008525559430779569,0.005916488402182685,0.011499868537309926,0.9749010318467961,0.9635074693144756,0.9864360751316724,0.005905659102149537,0.004066695541094388,0.007693600624808902,0.0030220486408819545,0.0014742615149842412,0.004506964848223436,0.008996435579927489,0.007015045949824666,0.011151832549821725,-0.002767468634915495,-0.008101191288094863,0.0023079099333355724,0.0013997544894346868,-0.0051160889136075425,0.007624252903420557,7
gaussian_score,affine,time_shuffle,2,start,1,1.0,1.5,1.2647507699442102,1.2617160952137425,1.2678487099786697,98.45681161055965,96.11520898377728,100.21952028450549,0.0065545951577620455,0.0038759047119051615,0.009573352840794786,0.006222102857412512,0.0035037955957783616,0.008700465371238386,0.9828896377004118,0.9719707196233746,0.9939552523338206,0.002136321042132366,0.0003213605545956652,0.004262967105122932,0.00441827411562968,0.0022755719593704486,0.0072917175528122,0.006659939215699627,0.0040856141663080025,0.009565394465635675,0.0006100944101773628,-0.001600878726183605,0.002750522542447024,0.0020032584271050978,0.0004959094201692822,0.0036093598563286186,7
gaussian_score,affine,time_shuffle,2,start,2,1.5,2.0,1.7615890970876407,1.7594002232006964,1.7641089099100244,137.130917184383,133.9028112883564,139.47150374349783,0.0021106071656838673,-0.00036617918816314593,0.004489641394321603,0.0022860332690533584,0.0005948804413393088,0.00452206191733356,0.9933584170891795,0.9858846949559089,1.000831882412582,0.0005978360307154388,-0.0016535106299324412,0.0029639843756671465,0.0015127711349684286,-0.00034480237095428054,0.003867298657834279,0.002184558870294219,-0.00032174485250710517,0.0045772182858993,0.0025495050082091886,-0.00017193089734978827,0.005028094588143396,-0.0022760053627428048,-0.0067919971724428015,0.001957840117357335,7
gaussian_score,affine,time_shuffle,2,start,3,2.0,3.0,2.531364190957564,2.5280462955084277,2.5358272725841364,197.04430397187622,192.55751843020582,200.1670056328886,0.00178349863252953,0.00044127402099159373,0.0032058752206510052,0.0027620541953209308,0.001667308871993998,0.00383124674279484,0.9935864795813595,0.9885703100268597,0.9996886185054474,0.0021009275068158435,0.0008971296807131046,0.0033637285307347334,-0.00031742887428631405,-0.00141932014335119,0.0006426866265743592,0.0017776971355169255,0.00034351299662456654,0.003157703727908222,0.0014727385193180373,-0.0016845050006887648,0.004075565506774528,-0.0019387576857152996,-0.005261253433681156,0.0010103670420471681,7
gaussian_score,affine,time_shuffle,2,start,4,3.0,4.0,3.52051803901361,3.517315501551517,3.523659333243598,274.0562104224431,267.70184608191914,278.8106985288193,-0.00017403690532506825,-0.0014268806901906303,0.0009702508176063832,-0.0004618197600748754,-0.0020694968815538153,0.0009250435529398957,0.999963245192858,0.9917137346552749,1.0071709270682632,0.0010382663756908987,-0.00017228427413697644,0.0020728607271097844,-0.0012123032810159673,-0.0019530028742829153,-0.000441417080936723,-0.00028114080971993713,-0.001521336390723417,0.0009534729445826277,-0.0009018378078757889,-0.0026914622083498286,0.0008684344500711203,0.0006118628888717966,-0.0021793073222591106,0.003352998329798436,7
gaussian_score,affine,time_shuffle,2,start,5,4.0,6.0,5.053500634343329,5.046843472715206,5.059410318491284,393.3815897695528,384.6465255461064,400.25829978302113,0.0009869835434999207,0.00013792423182628513,0.0018312583658682802,0.0006738215574062666,-0.00016174662219422398,0.0014180656002710122,1.0006768991024562,0.9950303535263589,1.0063011768373078,0.0012855983863167709,0.0006013053154570951,0.0019142076082673482,-0.00029861484281685027,-0.0006372924461588295,-4.357005871947561e-06,0.0008783238632323695,-6.318437066632729e-05,0.0018797985415457152,-0.0014934303898216637,-0.0032582520149847657,0.0004115913605705808,-7.564381364081254e-05,-0.0011236764958835038,0.0009263945256403675,7
gaussian_score,affine,time_shuffle,2,start,6,6.0,8.0,7.042302181272963,7.035823875729949,7.048481820594266,548.2076713983562,535.3086131077624,557.5424828941296,0.0003929676730487483,-0.0005716369464510509,0.0013331543054690956,0.0006685416891591445,-0.0004887925572217012,0.0018136620452323061,1.0001698423561505,0.9970477209070894,1.0031409201328267,0.0004606788338974602,-2.6946588043033198e-05,0.0010555884726737208,-6.771116084871159e-05,-0.0007973775562586707,0.0007294404356424265,0.0004504548196553138,-0.0005200814073593884,0.0013710898262310287,0.0007036804680571297,-7.49456824919603e-05,0.0014320930301142947,-0.0009944819726413266,-0.0021974995735601272,0.00038783661337489386,7
gaussian_score,affine,time_shuffle,2,start,7,8.0,12.0,10.074366995778433,10.067537463713228,10.081618933520067,784.2258017356623,766.0527820083912,797.3983756569002,-0.0005963965244702407,-0.0009836531267858272,-0.0001287961779503,-0.0005347308566659355,-0.0009085590191473031,-0.00016629121280941129,1.0045339074153021,1.0006312183923067,1.0079832876945558,-0.0001767660188306545,-0.000598943806367115,0.00022950672564138664,-0.0004196305056395862,-0.0008060116282138264,1.4309714671712018e-06,-0.0005791287227714556,-0.0010076267824403505,-9.637083103249872e-05,7.35586508673747e-06,-0.000594107435703693,0.0007177078046616338,-0.0003868764483115373,-0.0007985154595746028,-2.4718637875136984e-05,7
gaussian_score,affine,time_shuffle,3,endpoint,0,0.0,1.0,0.6850503019240232,0.6700054992986768,0.6997215706772429,53.369387723264545,51.26143640705068,55.04932708337038,0.00694660741527357,0.001108502610562219,0.01239994970271056,0.006133696269529962,0.002047301123542363,0.011132529168562114,0.9771567043123925,0.9641966016194851,0.9930408005527013,0.004833560701184439,0.0008613895229792355,0.008976729740241971,0.002113046714089131,-0.0010964697871420797,0.00556796476105354,0.007290119579525516,0.0014948619194488785,0.01278815778735251,-0.0019496648764280107,-0.007768563809565523,0.0046177828163602615,0.0001024376194464322,-0.0047406024205602654,0.005221699950082387,7
gaussian_score,affine,time_shuffle,3,endpoint,1,1.0,1.5,1.2646657980482523,1.261393183201513,1.2677315467137285,98.48481525520516,96.1572643947702,100.26156345502302,0.00772191267842019,0.004267690881020807,0.01155766253035305,0.008835120811874679,0.006294286601080162,0.011584645688260878,0.9824385624497817,0.970485035091906,0.9938516262280556,0.003656111223747917,0.0008019952898955959,0.006437189008192055,0.004065801454672271,0.0018695262489917374,0.006638544936070617,0.007585357985586594,0.003891517169627007,0.011610450251967103,-0.001469559699496192,-0.00791574191243957,0.003834272120428659,0.0011057701519251392,-0.0038305702673675323,0.005889811650427322,7
gaussian_score,affine,time_shuffle,3,endpoint,2,1.5,2.0,1.7616620266140657,1.7594048282745376,1.7641577452012647,137.1852260078318,134.0731674451976,139.49095447228845,0.005482102149516696,0.0032555033857618485,0.007613238921678791,0.006190186551984477,0.003616327009345397,0.00851185200004422,0.9886088948916286,0.9815957211672985,0.9948661951478003,0.00429059878304946,0.0026114291213054515,0.0066414734774418675,0.0011915033664672366,-0.0008591049797635866,0.003081771349381233,0.005401685932355722,0.003181225810174317,0.007408883527000877,-0.002366940444828286,-0.006857752543213202,0.0021811625333255365,0.002581594445975211,-0.0017768803636855237,0.006358780889385392,7
gaussian_score,affine,time_shuffle,3,endpoint,3,2.0,3.0,2.5313615467977866,2.5279700918232098,2.535906560502042,197.1143375529924,192.71899911875127,200.238555051137,0.002724908528343994,0.0011217601996310598,0.004564921318072917,0.004010161625036897,0.0019524474796889853,0.006583485500306881,0.9931481414178644,0.9880865145878062,0.9990544688428694,0.002244003919599107,0.0015735166366932247,0.003018568311637916,0.0004809046087448871,-0.00076806207768471,0.001973360590978956,0.0026811137095772808,0.0011032088560080726,0.004555534890525059,-0.001735638038246348,-0.003061580184257244,-0.0004540636725643837,0.0011813589580915817,-0.0010694209056085556,0.003768991722184973,7
gaussian_score,affine,time_shuffle,3,endpoint,4,3.0,4.0,3.5205654993657136,3.517383772103138,3.523686214232963,274.1576139958666,267.6088888207937,278.7858282377685,0.002640870871585457,0.0009162533376113085,0.004076643232708981,0.0030352922460521897,0.0018058696423001977,0.004137708077293072,0.9971342748895398,0.9897610101583137,1.003214406149058,0.0015153412875742456,0.0008717268016609379,0.002200455150288364,0.0011255295840112112,-0.00012975107766410388,0.0022006484660500405,0.0026741411451792455,0.0009757947595700306,0.004125386221030585,8.338723783529204e-05,-0.001583462993783979,0.001975082562766145,-3.2146423886391584e-05,-0.001900655473211648,0.002522052688798339,7
gaussian_score,affine,time_shuffle,3,endpoint,5,4.0,6.0,5.05336843697686,5.046715875434418,5.05927663066626,393.5117938218422,384.82820732825763,400.211935878633,6.924358153138917e-05,-0.0006523849786508563,0.0007941583384334785,0.0003516939614868285,-0.0005021618009598348,0.0012017201766035507,1.0014174921382195,0.996489776368603,1.0064379046282297,9.708152925854212e-05,-0.00023711027200219384,0.0004811182186927614,-2.7837947727153023e-05,-0.0006546043115053324,0.0007379425124436915,0.00014355042519834316,-0.0005192487625125432,0.000835760248605646,0.0009423459927718374,-0.0003917799186177019,0.002073493722700524,0.00010982433425619855,-0.0011473756274576379,0.0014662147213001075,7
gaussian_score,affine,time_shuffle,3,endpoint,6,6.0,8.0,7.042288651229225,7.035684836566994,7.048300198954031,548.4016147392858,535.6712251143693,557.6547424151986,-0.0005715534232025674,-0.000970210315302407,-0.00020314110774568485,6.801949995586637e-06,-0.0004694351104056405,0.0005401406562184065,1.001005567916348,0.9972339248933763,1.0044190125251227,-0.00019032096055460705,-0.0006362813159010203,0.0002649596475263982,-0.0003812324626479604,-0.0008464781328235523,9.78359095092043e-05,-0.0004507068038126136,-0.0009186823245577583,-5.7833557370839526e-05,0.001201391876813356,-8.23384780970644e-05,0.0026142146994950683,-0.00019540441765081344,-0.0008804122535301088,0.00046219446537821115,7
gaussian_score,affine,time_shuffle,3,endpoint,7,8.0,12.0,10.074432286497025,10.067465168738599,10.081579425212977,784.510871514697,766.3534616686651,797.4905220390144,-0.00014690706064431164,-0.0006118742955383203,0.00032396825985186534,0.0003702209968673378,-6.126484965906911e-05,0.0008247228837427628,1.0037818446535491,0.9997833670156702,1.0074235370661866,-0.00018069085627360048,-0.0005246012827024627,0.00016243353495115162,3.378379562928871e-05,-0.00013693861989680015,0.00022176968210556484,-0.00011095659711118423,-0.0006170760745812294,0.00038698076686581156,0.00029484747645419483,-0.00012588365828720177,0.000724620152091574,4.198257395200596e-05,-0.000466955281242596,0.0005514156353080504,7
gaussian_score,affine,time_shuffle,3,start,0,0.0,1.0,0.6834820987515736,0.670227539645075,0.6957676051168127,53.246956914172735,51.160092416140444,54.834840679185184,0.006504614563811732,0.00021559051951946972,0.012461138201596125,0.0049684919117897455,0.00042055091291196304,0.010443579357425624,0.9775732549063216,0.9653976155359232,0.9930733610334512,0.004212398288056559,-1.0636935180383161e-05,0.008590849994343145,0.002292216275755173,-0.001183167830009152,0.005937250984432081,0.006693267728683915,0.00041621089888934634,0.012710834998982944,-0.0011973805323445242,-0.007824033714722595,0.00592512336055813,0.003021267722910658,-0.001186195792679198,0.0072709182877259875,7
gaussian_score,affine,time_shuffle,3,start,1,1.0,1.5,1.265460585968235,1.262894898708377,1.268137482743613,98.54689768191864,96.36327892250289,100.30466308599352,0.008734032734906116,0.004475430633788236,0.01247339063959079,0.010359766465667771,0.006797660539743596,0.013451315209831404,0.9843864473019097,0.9755665437490277,0.9925820208099714,0.004276894031709208,0.0005027933697114632,0.007642999456587296,0.004457138703196909,0.0027910711359999145,0.006203357659076518,0.008650629782310442,0.004302634621810357,0.012650075188840284,-0.0019670961966795526,-0.008337832399201614,0.0038691156396287074,-0.0005264566847763701,-0.005151646792774775,0.0042966986733001455,7
gaussian_score,affine,time_shuffle,3,start,2,1.5,2.0,1.7615165632724765,1.759974056580401,1.763433993270541,137.17467678691065,134.15101132809292,139.4816538178832,0.004906311312349635,0.0029735269289104405,0.006817710667805336,0.006055950381499785,0.003758532084798652,0.008198709981775932,0.98860328930276,0.9830554780064898,0.9941735818358403,0.004068344011183389,0.002339053832323634,0.00639646121545166,0.000837967301166247,-0.0012817757368435993,0.002766752733509894,0.00495086768341272,0.0032265202315008377,0.0066155966157052295,-0.00237149672817539,-0.0077016820521942165,0.0032729544567362445,0.0019036314176353781,-0.002135203538196022,0.005450597806682403,7
gaussian_score,affine,time_shuffle,3,start,3,2.0,3.0,2.531468931435108,2.528132524683326,2.535846612034836,197.12261492931398,192.7089478898077,200.181478859859,0.0030126035123261134,0.0011967360544444694,0.005090653962627261,0.0041352004496067445,0.0016563317399162284,0.007037220471426617,0.9931579967414809,0.987981320129071,0.9986251938929778,0.0022803813663300502,0.0013077608772493338,0.0032254524754647368,0.0007322221459960636,-0.0005105413563473847,0.0021432239819162203,0.002975257831629071,0.0011349747001485073,0.00499296658298687,-0.0016405891557586785,-0.0030831720547199733,-0.0004744293541235873,0.0013358450824071028,-0.0010002026484250716,0.0038082241983466965,7
gaussian_score,affine,time_shuffle,3,start,4,3.0,4.0,3.5205194775380773,3.5172051760796235,3.523687735360329,274.1532737387426,267.85732231706595,278.75420359923663,0.00266138023055281,0.0013056205070823064,0.003775386260248924,0.0030481455479972647,0.0021494588466301175,0.003957754684412069,0.9970992436766277,0.9899633161423642,1.0027847307475215,0.0016065590296382997,0.0011904836398704624,0.002025648717011705,0.0010548212009145097,-0.00011222961354856243,0.0021536408826944822,0.002729387965555841,0.0014022606251175922,0.003783714186939274,5.932173700785075e-05,-0.0014709426241109012,0.0020391372532682908,0.0006316731487473012,-0.0013409236562907745,0.0031626229440647885,7
gaussian_score,affine,time_shuffle,3,start,5,4.0,6.0,5.053323562934443,5.046619907946939,5.059029416203173,393.50863697836564,384.71400051471835,400.1425776756223,5.704874572106723e-05,-0.0007446137379529886,0.0008455985035899774,0.0003744402124186639,-0.0005647268181558256,0.0012895905916796356,1.0011107902705365,0.9961180062326479,1.006070363271809,1.0394770957279278e-05,-0.00036101141463576637,0.0004595005180626875,4.6653974763787836e-05,-0.0005804954250790668,0.0007520793449214592,0.00011111090083202255,-0.000684977410112262,0.000874347612752871,0.0006502948326279388,-0.0005306030770058816,0.0016029084506560228,-8.784054927769977e-06,-0.0012079746739929924,0.0012186345615149562,7
gaussian_score,affine,time_shuffle,3,start,6,6.0,8.0,7.042209748274673,7.035739822994101,7.048491317367346,548.3953370094858,535.6616322048429,557.6395009918525,-0.0005410949914275576,-0.0009364419973170217,-0.00023080412002003664,9.629976646832936e-06,-0.0004374118034428756,0.0005056200864885481,1.0010102435235992,0.9974979010822473,1.0041727564893295,-0.0001554636180463908,-0.0006001940923233985,0.0002657842472537719,-0.0003856313733811666,-0.0008315940607156403,6.456124134176329e-05,-0.0003872471470818245,-0.0008616941096175067,-5.651401019181557e-05,0.001465599469966491,0.0003055061898401274,0.002785751134108567,-9.398499760898552e-05,-0.0007869242501808301,0.00045771313813952944,7
gaussian_score,affine,time_shuffle,3,start,7,8.0,12.0,10.074204734349452,10.067191334568625,10.081406747230206,784.4928752807156,766.9116205780387,797.4494528107014,-0.00019542736646275437,-0.0006154607921400339,0.00022275193264393445,0.00031699057442113356,-0.00011555220047391832,0.000735358612454734,1.0038266153184388,0.9997744545449981,1.0076176141368092,-0.00020602930929278148,-0.0005421729830062861,0.00011698617954915658,1.0601942830027176e-05,-0.000164602629675662,0.00018082214934748002,-0.00016975140129788812,-0.0006160477436318205,0.00028294882176689443,0.00022803780292459313,-0.00023053077088418554,0.0006901140132358134,-3.496304665292683e-06,-0.00044417764015708324,0.00043296651289100697,7
gaussian_score,affine,time_shuffle,4,endpoint,0,0.0,1.0,0.6833154591718581,0.6706137179548722,0.6957242658379155,53.24921605949369,51.24153295437503,54.83595938326492,0.009892913322024412,0.0053391035250564415,0.014684862291079534,0.00833772160034429,0.0028815283938542135,0.013664553551596788,0.9742028515713653,0.9649452871238253,0.9830290801230955,0.00591046804980082,0.002581719901528098,0.00944364776785326,0.00398244527222359,0.002033474551714541,0.005879322009263925,0.010058533751883186,0.005684957119512077,0.014803027336227986,-0.0010190156210705453,-0.005956029847071769,0.0038374433874699626,-0.0038328670394579788,-0.010412632325474168,0.0019020618183437712,7
gaussian_score,affine,time_shuffle,4,endpoint,1,1.0,1.5,1.2654648744826347,1.2628964994513463,1.2681034925076151,98.5744781033045,96.37353274401212,100.24101195092672,0.002601744042361845,-0.0009473877296031986,0.006473179403377628,0.004105696050630215,0.0021408812336513455,0.005936250290579194,0.9915294889477725,0.9790351173182272,1.0046314319169045,0.0018804967662821807,-0.000629494668764611,0.004452464698022182,0.0007212472760796642,-0.0015298828862567431,0.003039791258473076,0.0024810568899478504,-0.001156010736011936,0.006446556352750917,-0.005998381271553376,-0.009359202738317196,-0.002777986841010982,-0.00215632074476924,-0.007691909572621928,0.0028605789334807253,7
gaussian_score,affine,time_shuffle,4,endpoint,2,1.5,2.0,1.7616518816547995,1.75999275854593,1.7636268437365368,137.2240746504843,134.14984035091186,139.48444995359762,0.006200173512423418,0.004238943638879805,0.008390578835090041,0.005870523600001326,0.0037710473962014614,0.008009643739053931,0.9861631659816336,0.9804359783962049,0.9905925213009702,0.0039924751299228465,0.0024868579466774876,0.005494905478305361,0.0022076983825005713,0.00048378736771658695,0.003978189518283769,0.0061080382511888446,0.004031219902499485,0.008227813595378929,-0.003352718558199624,-0.007881250823803554,0.0009575680095079227,-0.0015191682495610472,-0.00437320186442295,0.0012425456886073383,7
gaussian_score,affine,time_shuffle,4,endpoint,3,2.0,3.0,2.5314343905679486,2.528087490349616,2.5355737716203546,197.1753602766863,192.7840698062453,200.12355736450894,0.00273948425336154,0.001104123132162234,0.004715566601339274,0.0033836387763333214,0.002413573823732626,0.004409285845862949,0.9936737548946427,0.988315035924353,0.999288406488626,0.001875855080956744,0.0007909647809236113,0.0030880600996636464,0.0008636291724047957,-0.0002665885863306565,0.0022232473350307868,0.0027819335100838496,0.0012291485851766686,0.0046679845766896344,0.0003027973672817965,-0.0020884410554776623,0.0025475057621653437,-0.0014785468789385232,-0.003723733851398763,0.0011713129696299743,7
gaussian_score,affine,time_shuffle,4,endpoint,4,3.0,4.0,3.520585063973057,3.5173632905955117,3.5236779259438866,274.2347352179612,267.8129307930492,278.6860823165955,0.001834753118376414,-0.00016485856417349556,0.0034384820447071187,0.0013893003704217072,-0.0002996798252026537,0.0027482355684480047,0.997962210874577,0.9901415405432074,1.0051058903218368,0.0018574848889270203,0.0007176152921835467,0.002962887702645246,-2.273177055060597e-05,-0.0011175541532261158,0.0008781406881310365,0.00182791684288069,-0.00012625868106322795,0.003313686908770177,0.0007143303715600732,-0.0018246256148215974,0.003542374257966327,-0.001539503337985388,-0.0036163962033870854,-4.2432245175490935e-05,7
gaussian_score,affine,time_shuffle,4,endpoint,5,4.0,6.0,5.053250343615018,5.046586306187765,5.059006130016757,393.6129172712397,384.9623713550952,400.06543443960305,-0.0003170888901745081,-0.0011862891476278935,0.0004166752415975567,-7.012581510559485e-05,-0.0010351484486738375,0.0008327854686854194,1.0017987783975717,0.9963837687629165,1.0074881597582181,0.0005179473384801361,-9.545981998923825e-05,0.0011424427565393841,-0.0008350362286546445,-0.0016050901090899623,4.6894909262136716e-05,-0.00031625766855507634,-0.0011709753715596187,0.0004733562465068491,0.00032162960237113613,-0.0007358501437435576,0.0013677994266145389,-0.000144209206059391,-0.001515531667167862,0.0012513736194327992,7
gaussian_score,affine,time_shuffle,4,endpoint,6,6.0,8.0,7.042142814746162,7.035365954992085,7.048559891827081,548.5433969129768,536.2127036105132,557.4407762465484,0.0005159926790912286,-0.00016334957056790856,0.0013289325082808208,0.0001921668246831639,-0.0006438201434094311,0.0009165125045790466,0.9999898578603335,0.9972343673795473,1.0028272051463198,0.0011310191122671967,0.0007596310650260488,0.0015184145914401972,-0.0006150264331759684,-0.001171476510390371,-8.201927331325601e-05,0.0005433798334083399,-0.0001175385884011207,0.0013576868452691512,0.00025794999382300614,-0.0008174457895267267,0.0014234288525416469,0.00040005918391834385,-0.0003151190044878815,0.001474154663959269,7
gaussian_score,affine,time_shuffle,4,endpoint,7,8.0,12.0,10.074288470786229,10.067421777803503,10.081416163131804,784.7191250602103,767.3714947368355,797.4093778330923,8.199268362917358e-07,-0.0004545567481654659,0.00047102378134030186,0.00020894597500298583,-0.0001838982821094756,0.0005730994241147256,1.0037715127682305,0.9994242961281851,1.0077114578685962,0.0003514650521331847,-8.939010118811516e-05,0.0007901103060572466,-0.0003506451252968927,-0.0007414359410061715,-2.4762077831894254e-05,5.6185580089346644e-06,-0.0004161017005024286,0.00039483611958353814,-3.232523142715831e-05,-0.0007817453351253105,0.0006778806778160731,0.00039575369890933204,-0.0002915842148426392,0.0011477318782780056,7
gaussian_score,affine,time_shuffle,4,start,0,0.0,1.0,0.6818873312172725,0.6705162641135645,0.6931072888423422,53.13626561738109,51.15590010995695,54.61294762496391,0.009110478147865277,0.004792184915748433,0.01406323999718147,0.007371595122906118,0.00246145231088889,0.012459575354863413,0.9763865779223719,0.9673478706940097,0.9849658341131532,0.0057663591838056595,0.002536644645206758,0.009350561667705953,0.0033441189640596143,0.0017768066178689434,0.005224259949974906,0.009238769032517519,0.004914352769017723,0.014201087479893851,-0.0007149815745898092,-0.006507975992138581,0.004409114689846447,-0.004966054628582428,-0.01234220579130462,0.0017562893834745287,7
gaussian_score,affine,time_shuffle,4,start,1,1.0,1.5,1.2662500163671775,1.2637974310445348,1.2683839907332273,98.63501457434897,96.32370712994359,100.31454882304955,0.0019395802760192355,-0.0015998707136498883,0.0051378647343928935,0.0037278557081054965,0.0011490883947290927,0.006060314712716016,0.9929501316303614,0.9805742635672472,1.0053993096330125,0.0012989763254854618,-0.0009040312208721215,0.0033783140802429424,0.0006406039505337725,-0.0011549202840634232,0.0025502987951604656,0.0018275585619919067,-0.0015796538346126783,0.005092660142017644,-0.005596714557672046,-0.008349492559679036,-0.0033104192803267876,-0.0011951337378226666,-0.005686244913761883,0.002716732931993025,7
gaussian_score,affine,time_shuffle,4,start,2,1.5,2.0,1.7617464648179577,1.7604115568287921,1.7632709720129636,137.23256912977635,134.14223867925526,139.54815935138893,0.007229151301541783,0.004864343440784617,0.009619861630171155,0.006716619187597877,0.004447277217029834,0.009068474718658567,0.985785812576287,0.9817541085817421,0.9894172704810887,0.0042128330077081085,0.002875061186482558,0.00566944595819229,0.0030163182938336757,0.0011625295084747524,0.004987469517114686,0.007147427215144176,0.004757449652946021,0.009620408865206244,-0.0038682824374854604,-0.00824205969708674,0.0005781796388133376,-0.0011617373554950506,-0.005050070499689837,0.0027332969883209057,7
gaussian_score,affine,time_shuffle,4,start,3,2.0,3.0,2.531949318550552,2.529327256703771,2.5353999521656747,197.21567690370043,192.789374699961,200.26370529191007,0.002875832419474156,0.00110858808813665,0.004833760999264183,0.0037301191637354046,0.0027103847946666816,0.004790163313303354,0.9935649534214981,0.9880079017884302,0.9995248746577098,0.0021848062927134946,0.0011295164494196464,0.0034233874903308948,0.0006910261267606607,-0.0006066174880560463,0.0021989243961488907,0.002918781898485881,0.0012435604965745283,0.00482497507891893,0.0006829888777170622,-0.0019411913745083025,0.0031124444252275,-0.0016285409714068316,-0.00404537159742543,0.001125102838539452,7
gaussian_score,affine,time_shuffle,4,start,4,3.0,4.0,3.520451390986898,3.5175043120769938,3.5234144269126566,274.22326034908764,268.13491092586895,278.62812850425536,0.0017269236534162603,-0.00012294347619149927,0.0030263706624500757,0.001235456346900743,-0.00031536726389087545,0.002439847757450519,0.9980856048335195,0.9901100715944292,1.0051343200834035,0.0016835394271948795,0.0006507126973117611,0.002666816550036412,4.338422622138068e-05,-0.0009159904924247638,0.0008334187623018856,0.001686503292445121,-7.490384309865523e-05,0.0029078396677590735,0.0002596177091071639,-0.0024716634852247135,0.0030011025846529735,-0.001923945123383114,-0.004046239084043915,-0.0004032995673667272,7
gaussian_score,affine,time_shuffle,4,start,5,4.0,6.0,5.052869663066079,5.046625986743365,5.058533515172432,393.5832594681973,385.158906981466,400.18953637522674,-0.00042005142263028174,-0.0013300453419902369,0.0003628621257691348,-0.00027338228419817066,-0.0012162986884306417,0.0006063323866527885,1.0016512844637167,0.9961828907616153,1.0072765301044682,0.00044516126360621104,-0.00017906196928619682,0.0010857575396989625,-0.0008652126862364928,-0.0017544373105393052,0.0001776127246757978,-0.00042052173640407713,-0.0013955260004121816,0.00047616454703420656,0.0002838971532442719,-0.000737109927760106,0.0013048966891009521,5.799587022997087e-05,-0.0013545869964599177,0.0013704235357366063,7
gaussian_score,affine,time_shuffle,4,start,6,6.0,8.0,7.042084358140536,7.035813997072947,7.048281808171806,548.5385459882124,535.7106438653307,557.3798346982093,0.0005545290263998921,-6.878772985572375e-05,0.0013433440223221459,0.0002728383363149201,-0.0006537530064992304,0.0010811713237338237,0.9998831107299545,0.9970531404115359,1.0027921035736642,0.0011004100003502598,0.0007289851267224511,0.0015130857814777588,-0.0005458809739503676,-0.0009975465690540799,-7.414795710195629e-05,0.0005815424297392144,-2.479553001647666e-05,0.0013414347876284723,0.0002456921283148833,-0.0008644570024904918,0.0012966697297659938,0.0005303851140807312,-0.0001947732959060669,0.0016098363662463476,7
gaussian_score,affine,time_shuffle,4,start,7,8.0,12.0,10.074142190624869,10.066978468192216,10.081473524399069,784.7065195404006,767.454712036167,797.1953451511898,5.1389320487394394e-05,-0.0004404582912402568,0.0005925810980176077,0.00025461807983110735,-0.00018833191568602098,0.0006704509578487299,1.0037786367386787,0.999406383816754,1.0077810549404325,0.000381642998770759,-9.548318997739721e-05,0.0008512819637986189,-0.00033025367828336445,-0.0006753360290952815,3.717890667035455e-06,6.977297992235352e-05,-0.00039502946063795614,0.000565266346468177,4.588815296531561e-05,-0.0007028914722585047,0.0007438827470460643,0.0003180986477504832,-0.00035330547316436613,0.0010848092001740604,7
gaussian_score,affine,time_shuffle,5,endpoint,0,0.0,1.0,0.6817412228399989,0.6703041954029153,0.6928631762791353,53.159717318021684,51.19082920672523,54.654589430949024,0.0077350167737918465,0.005190799970049928,0.010432674412622618,0.007781776331018441,0.0036730942312564923,0.01165877361906997,0.9781983737205414,0.968764163995933,0.9881951640033255,0.003189658789064274,0.0006545291361284178,0.0057122837453689014,0.004545357984727572,0.0030749352893885288,0.006247079963528508,0.007890716063003515,0.00539580308253247,0.01048724987174408,0.0034002153529418496,-0.001361271376258809,0.007837053209771816,0.0018046897714853248,-0.002143106675745703,0.00603727031981151,7
gaussian_score,affine,time_shuffle,5,endpoint,1,1.0,1.5,1.2662564389612576,1.2637880399782038,1.2684719265736706,98.69929200117076,96.4274705166158,100.3077434326193,0.005581077720921804,0.0030008769989107497,0.008035982085622062,0.004572019416395265,0.0015232906613435494,0.007819883909119358,0.9888272386719518,0.9797858866976293,0.9994318797687567,0.0028622207382026465,0.0007695769272546166,0.005329313512486637,0.002718856982719158,0.0016266554159201896,0.003811011945578684,0.005437792768971374,0.0030324607222010397,0.00769804861291853,0.001700763055672343,-0.0021109610405241038,0.00518637658737057,-0.004488858928437407,-0.006549711203773235,-0.0029394325564693013,7
gaussian_score,affine,time_shuffle,5,endpoint,2,1.5,2.0,1.7617871075788523,1.7603997783401109,1.7633382945290397,137.3250232367031,134.24156163700968,139.62364243977876,0.005018295311331074,0.0016454993829385317,0.009022446247944299,0.0037168391533856223,0.0014950973006665122,0.00653646246742255,0.9889348528666589,0.9853312887635718,0.9920933317615533,0.002703642208445925,0.00022634146488374505,0.005337209313369155,0.002314653102885149,0.00012592081598626105,0.004358794196675875,0.005340594045865313,0.0017593942458424237,0.00933103228191354,0.0022293954557129876,-0.002007809048617381,0.006377966212421576,0.0014092057916836281,-0.0024182113763682525,0.004987720249127269,7
gaussian_score,affine,time_shuffle,5,endpoint,3,2.0,3.0,2.5319263186792953,2.5292163923615805,2.5353840538645165,197.34231937985706,192.84112570839872,200.29187444104133,0.0033144864335882965,0.001781138747857029,0.0047455852438983495,0.0027534190346273366,0.0012809961591314883,0.004180108416020201,0.9930066525215838,0.9858841790973422,1.0009982012614898,0.0016914441603813784,0.0005570127473275063,0.0026244381565341023,0.0016230422732069181,-0.00013034196583349114,0.0030285150520753677,0.003218284787806973,0.001773382865112344,0.004624602087665828,-0.0010899626370002545,-0.0032997210998206737,0.0011380564402451326,-0.0009845664662276373,-0.0025357889274657238,0.0007174460714766137,7
gaussian_score,affine,time_shuffle,5,endpoint,4,3.0,4.0,3.520530833185392,3.5177122037654023,3.5236027019665204,274.407178561854,268.2146608922648,278.75171335053693,-0.0008710225788599087,-0.0019839115061693604,0.00019404616283465293,-0.00031342856684349844,-0.001653271418888205,0.0011955767172772533,1.000943646223883,0.9938863957527768,1.0074463036193644,0.0006452144753898591,-9.380066082077975e-05,0.0013087282819928391,-0.0015162370542497676,-0.0022574124443230366,-0.000870276569197696,-0.0008434380377939906,-0.0019403475688745046,0.000273377837744491,0.0008752647137229822,-0.0009646499963638087,0.0027888555238365907,0.0003669619139564842,-0.0005509258390816986,0.001439760882131032,7
gaussian_score,affine,time_shuffle,5,endpoint,5,4.0,6.0,5.052743578431607,5.046406433690903,5.058366819732412,393.82903922204576,385.18381878888295,400.2450544075846,0.0006406028327959613,-0.000320352181416591,0.0018852578623799426,0.0005300179092887117,-0.0008334434464873275,0.002014511227170529,1.0004520863937734,0.994976387284298,1.006088797896109,0.0010886551132786595,0.00022479663687317617,0.0021238337420994686,-0.0004480522804826983,-0.0008556063271380139,-7.243768994367786e-05,0.0006019440047321767,-0.0003943834321251859,0.0018026486316827224,-5.960794666887235e-05,-0.0015606203815885472,0.001436106877553454,0.0008573456686147349,-0.00022896685261759517,0.00187222231630263,7
gaussian_score,affine,time_shuffle,5,endpoint,6,6.0,8.0,7.042001159776575,7.035379368641323,7.0484185538600075,548.8883627893557,535.6762102779468,557.5358524678194,0.000509969767537593,-0.0005891866285893133,0.0017340213131896444,0.0007175828982388907,-0.00038005162020208545,0.0016755259417117548,0.9998081966552801,0.99657778681994,1.0028911612525522,0.0005281885365649729,-0.00025475092720369033,0.0013625117924065157,-1.8218769027379867e-05,-0.0006490490139801608,0.0006733679854640202,0.000477381255488284,-0.0005954431392655662,0.0017298941323780467,4.0091202101680355e-05,-0.0010083195350688071,0.0010889524985414664,0.00021055167763198572,-0.0013144748377912215,0.0016930111453478665,7
gaussian_score,affine,time_shuffle,5,endpoint,7,8.0,12.0,10.074201624363528,10.067097870664128,10.081696664861107,785.2206170268718,767.6632275540311,797.7675432590038,-0.0003665412532389642,-0.000843914485991536,0.000105060447302812,-0.00030191189197174335,-0.0006984117450682854,0.00012890149943612034,1.0038846193990367,0.9997216231592253,1.007483352925024,6.817465500427096e-06,-0.0006033755076543116,0.0004962095839249903,-0.0003733587187393913,-0.000709558946347002,-8.621020407351239e-05,-0.0005366258034314767,-0.0011362529088397915,-6.842684750930263e-06,-0.001254174155650671,-0.002183547636684417,-0.00034692014117046797,-0.0005074564337074504,-0.001659986193276789,0.0005215804567874704,7
gaussian_score,affine,time_shuffle,5,start,0,0.0,1.0,0.6798352167400603,0.670215510842213,0.6893899625605834,53.0092198229227,51.17520549967345,54.392778104130755,0.00839685206340569,0.006048313466359731,0.011027549770741024,0.008843798285724973,0.005409104186771222,0.01248467369253583,0.9783156602059411,0.9683952245900916,0.9888540546586471,0.0039278403524488,0.000861649704125253,0.007421408926748188,0.00446901171095689,0.0030161140677992184,0.006041417582933707,0.008436680349043319,0.006144368777437618,0.010948906938634918,0.0042528045484297155,-0.0012002427649500786,0.008376427741177734,0.0015191838207406273,-0.001487471340118612,0.004556076632346371,7
gaussian_score,affine,time_shuffle,5,start,1,1.0,1.5,1.2668896785477153,1.2649634986297096,1.2685520848087501,98.74601985978336,96.54563117256274,100.29557556965781,0.005244504929023838,0.002833447408084103,0.007423051561604658,0.003708696154133064,0.00023910325960914666,0.007423307712742111,0.9909318782330082,0.9836796693300581,0.9995912887429229,0.0021704807437508892,0.0002368899462939252,0.0041237240139257525,0.003074024185272949,0.002135912173842903,0.004167777305533069,0.005045903497702474,0.0028008070869232275,0.007103699649671517,0.0020235956040928543,-0.0012901998524285422,0.005023319877192928,-0.004400611210921578,-0.0065655232222247934,-0.0019730161245773395,7
gaussian_score,affine,time_shuffle,5,start,2,1.5,2.0,1.7621166954960839,1.7608827015404032,1.7634345967852667,137.34907639958337,134.24866686674562,139.5607052376771,0.005323977490992698,0.001018307017237566,0.009585756130890745,0.004081591652331791,0.0016507612411644894,0.007463439346294396,0.9902042062174576,0.9863587574771299,0.994217355145025,0.0030109844500500614,0.0002937095459610574,0.00551071680485502,0.0023129930409426344,-0.00041262456654514765,0.004836385212207059,0.005529567836448787,0.0012858665730754834,0.00997581339083079,0.0003885848641373211,-0.00297035859175422,0.0037333131970116546,0.0007791619260296924,-0.0036842492111551794,0.004617535167636174,7
gaussian_score,affine,time_shuffle,5,start,3,2.0,3.0,2.5323093142836295,2.5297091666650204,2.5354294590662687,197.3719928520142,192.97242444332926,200.3240153440227,0.0031516134807048706,0.0014502899379933564,0.004923440878955102,0.0025300942183010626,0.0010075229588425224,0.004188299385493728,0.9929951301337165,0.9856354928947358,1.0006518914670244,0.0014213847072395921,0.00036610047949539186,0.002389797935168846,0.0017302287734652787,-0.00012536736438028585,0.003287232279892181,0.003091752376882143,0.001478719408603674,0.004772460972162483,-0.0010222434694849968,-0.0024841832766372995,0.0006140737305941961,-0.0010120833795268947,-0.0025942098492287313,0.00071964181724556,7
gaussian_score,affine,time_shuffle,5,start,4,3.0,4.0,3.5204707612110435,3.5180318462380415,3.5229931487529274,274.4026069638706,267.9960460114738,278.8224783135312,-0.000905187211928528,-0.0021978236971187228,0.00038018733766059326,-0.00023796311934812654,-0.0014987732455841532,0.0011641826174705568,1.0005488499428377,0.9935470209383589,1.0073778327434146,0.0004617077582325656,-0.0003454541238009302,0.0011377535080022484,-0.0013668949701610938,-0.002202164058448939,-0.0005493531014246791,-0.0008093828003959855,-0.0020705516021662152,0.00043043326147631594,0.0016214577964470845,-8.275805784304917e-05,0.003496846280299939,0.00040893721755872993,-0.0008966044629913764,0.0016722547138260876,7
gaussian_score,affine,time_shuffle,5,start,5,4.0,6.0,5.0526872311156685,5.046278156044109,5.058283076570864,393.82494250433535,385.28565362557157,400.24542683541193,0.0007477732783837192,-0.00013220544280245278,0.0018748908472456182,0.0006256751970608303,-0.0007229502335754721,0.002085805119635011,1.0002688471521455,0.9946824222820105,1.0057899573194822,0.0012253383045938166,0.0004899994094682438,0.0021126367534165724,-0.00047756502621009746,-0.0009287755763433879,-7.369145783648466e-05,0.0006941830621747939,-0.00021270367506749836,0.0018253818393216162,-0.0001968404771891489,-0.0014797652616339687,0.0010385027470441288,0.000996601623317237,-8.781527200746356e-05,0.002061120071239008,7
gaussian_score,affine,time_shuffle,5,start,6,6.0,8.0,7.042276595186701,7.035701382032461,7.048355014643766,548.9093143626937,536.559399625207,557.5921559758489,0.0004373023068589597,-0.0007269895901720942,0.001701767355201279,0.0006732951195141955,-0.0004055840922471233,0.0016266884028310763,0.9999168708381746,0.996648224718084,1.0030832962631187,0.0005658494949515349,-0.00022371030972158094,0.0013740899296590262,-0.00012854718809257525,-0.000774330910622059,0.0005191229508617173,0.000415250067861243,-0.0007127942616503544,0.001652370874506951,2.0483893292278588e-05,-0.0011324386772347645,0.001179425500335866,0.00024238430277768221,-0.0013177677649262112,0.001744959310135427,7
gaussian_score,affine,time_shuffle,5,start,7,8.0,12.0,10.074138024250503,10.067138124866178,10.081490392112395,785.2153983507818,767.442103197594,797.5511855639537,-0.0004046328778638015,-0.0009205917672007284,5.8246854701122984e-05,-0.0003231445391239387,-0.0007800851722257698,0.00014121293702395145,1.0038829517229597,0.9998947661397182,1.0075454736654825,-5.271932721031956e-05,-0.0006561389276065746,0.00045402636858988117,-0.0003519135506534821,-0.000645796276134918,-9.951896179714015e-05,-0.0005758913962937972,-0.0011749656862060868,-2.1896917246347705e-05,-0.0012272727870935249,-0.0021900894420341594,-0.0002644561321528905,-0.0005466983035944971,-0.00168334157018052,0.0004539668589643288,7
gaussian_score,affine,time_shuffle,6,endpoint,0,0.0,1.0,0.679694096752626,0.6696657053567238,0.6892165388346563,53.024301565472165,51.198169063724244,54.392877066528136,0.004651146344482735,0.0008649599088938946,0.008289977863249497,0.006139425115005107,0.001362457026390752,0.010835999027704157,0.9810302751258894,0.9708756343398594,0.9940059723340721,0.0024801581259404704,-0.00114444569821125,0.006111885607380368,0.0021709882185422633,-0.0007024766459535899,0.004308559463185743,0.004890411274068861,0.001547203740047539,0.008521011787212146,4.542460993253219e-05,-0.003086318712287444,0.0031215406375490326,0.005009763346356279,0.0003575829215436327,0.009739747593343298,7
gaussian_score,affine,time_shuffle,6,endpoint,1,1.0,1.5,1.2668251000403643,1.264797535229478,1.2685889367461618,98.78884698759201,96.57583830044811,100.33057574681241,0.006320032020315887,0.002658607751861147,0.008960665541009324,0.00629693068516983,0.0029368659561737954,0.009169998046453359,0.9891589034024927,0.9794414155656855,0.9993204021751042,0.0035442831953230096,0.0016850181174436092,0.005152293146286715,0.0027757488249928776,0.0007502192644180308,0.004645288054926977,0.00636667607651624,0.002977135515057438,0.009078113862965332,-0.0014204428476228552,-0.006432191667677627,0.005939317231326221,-0.002044591223418412,-0.006381466319791836,0.0021049033541433912,7
gaussian_score,affine,time_shuffle,6,endpoint,2,1.5,2.0,1.7621011547446805,1.7607858291468408,1.7634130384771645,137.4144795422765,134.24329628951514,139.61976614633298,0.0038090866963492605,0.0021761745843818445,0.005535468016569724,0.0039666267755789604,0.002050440374109595,0.00578811325360164,0.9904473046292441,0.986653271029001,0.9941378231125171,0.0030784469702163247,0.0013713626088729682,0.004614613715670649,0.0007306397261329375,-0.0012491034748954865,0.0025281444800443675,0.003859138127220086,0.0021626318523357085,0.0058050127860174525,0.0033287922528566103,-0.0001838979445914821,0.007656286550394786,0.0019724899511193274,-0.002828409696456349,0.006992188877211064,7
gaussian_score,affine,time_shuffle,6,endpoint,3,2.0,3.0,2.5321681849734405,2.5294586246500246,2.535217852961085,197.45711243158857,193.17855815489506,200.41312921244108,0.002308474763577579,0.0009231547700110787,0.003648137919935325,0.0025751964920859532,0.0011016356089692805,0.003968330450975136,0.99395428352473,0.9874101388299076,1.001809270092354,0.002464990509817197,0.0010312893420452926,0.0037033903252664617,-0.00015651574623961814,-0.0009593075624374578,0.0006591999927033685,0.0023763094163379464,0.0009753133322289052,0.0038261820901953772,-0.0005460142571228267,-0.003263297954026491,0.0025923145830531722,-0.0004993463182243939,-0.0028885377025284786,0.001771063497046052,7
gaussian_score,affine,time_shuffle,6,endpoint,4,3.0,4.0,3.5204768458073246,3.5180748868189236,3.523051702195637,274.5361679365722,268.1959751901208,278.86785124952877,0.0010960925712583743,-0.0004910604876256095,0.0026440370492365733,0.001093304012069579,-0.0010565076648958803,0.0032534028272198923,0.9985333921489332,0.991756177681853,1.0043787018206778,0.0019588874173422284,0.0006929911843840094,0.0033057823761274458,-0.0008627948460838541,-0.001835695375549219,1.841565384629251e-05,0.0010910077272528623,-0.0005022504859384305,0.0025415212451245024,0.0001662415574688705,-0.0018365582612230658,0.0018106323859315668,-0.0007670519370757116,-0.002213949194575714,0.0007132222920258482,7
gaussian_score,affine,time_shuffle,6,endpoint,5,4.0,6.0,5.05256684628039,5.046333375324592,5.0580576212653625,394.0069449804807,385.30557788009463,400.34895515558594,0.0007948045920316641,-0.0007487041752718672,0.0020754496429163712,0.0006108237611763823,-0.0007990227865708919,0.0020034735454391933,1.0003898943910832,0.9947311729584584,1.005938480756396,0.00048767240662429443,-0.000744136285423501,0.0017193394285843725,0.0003071321854073698,-0.0003342274188305589,0.0008994130139115802,0.0008338578040356637,-0.0006836125421261661,0.002173355742634694,0.00037386308021625247,-0.0011041482233646264,0.001831823865237504,0.0002847608247669667,-0.0006521317111285692,0.0015354497618330653,7
gaussian_score,affine,time_shuffle,6,endpoint,6,6.0,8.0,7.042200310754936,7.035825451240213,7.048470304874044,549.1696587036357,536.5124638844662,557.7059221440968,-0.0003109036281791134,-0.001106041039396312,0.0004967402781802875,-0.0001530065845231586,-0.0010981901519494456,0.0009044879923219716,1.0002792235659457,0.9966595532887135,1.0037880459322055,0.00030407314972367804,-0.00041337873757386434,0.0011534802509007177,-0.0006149767779027916,-0.0012210189968740672,-1.402828036151114e-05,-0.00033779551180284083,-0.001268852561569141,0.0005605602644784205,5.09128020524959e-05,-0.0017799741945168856,0.001599492350978211,0.000393703810634936,-0.0009214205948254117,0.001668778798877387,7
gaussian_score,affine,time_shuffle,6,endpoint,7,8.0,12.0,10.074189748839446,10.067193078932357,10.081496635319128,785.6006960908724,768.9420710561817,797.8177354416642,-7.052982147783542e-05,-0.0005201607690391017,0.0003672100154276643,0.00028538867839021854,-0.00039948064016680863,0.001025256784576245,1.0037068148765877,0.9990806643416031,1.0075526357490832,2.321331977291011e-05,-0.00033824612441485716,0.00039641385521417674,-9.374314125074566e-05,-0.00024222878420023447,7.437664510491475e-05,-2.791440716155363e-05,-0.0004826868507084477,0.0004179733631935792,0.000415959099325488,5.9478868197041056e-05,0.0007738487345947309,1.1867737242023237e-05,-0.0011048377794955079,0.0010426188843531854,7
gaussian_score,affine,time_shuffle,6,start,0,0.0,1.0,0.6782467352821663,0.6696938181191907,0.6868567109453566,52.91039447583806,51.21894934368844,54.25324728666289,0.004852588929507435,0.0007894611914808304,0.00869982074908448,0.0067336821136058525,0.0020790819538965472,0.011518456580654679,0.9824717618911246,0.9728975524623829,0.9946856286499018,0.002048512422694758,-0.0018025380621147493,0.006235734286104525,0.0028040765068126773,7.654936755182855e-05,0.004899139629614601,0.005200503106129824,0.0014273173807541153,0.009013806238740107,0.0021513908911718715,-0.0006972059395983271,0.004802496816865777,0.0037298181115518825,-0.0009452659204794746,0.008626180965901138,7
gaussian_score,affine,time_shuffle,6,start,1,1.0,1.5,1.2676652275808828,1.2664062945038965,1.268933865149091,98.85280969583525,96.78517881715447,100.35124666561892,0.006270156382192764,0.0034478382986123527,0.008076779227126666,0.005615865396372521,0.003082522898975685,0.007787102707995342,0.9886533554932235,0.9807277613712538,0.9969250844517072,0.00372868326300797,0.0022656517797956534,0.005075199266263118,0.0025414731191847934,0.000555901536079015,0.004379830272738969,0.006190841303590814,0.0033713544374127462,0.0079651310788611,-0.002746086602494808,-0.007075976459926211,0.0034593339326289526,-0.0006675885275591087,-0.006135127719176683,0.003969984502887102,7
gaussian_score,affine,time_shuffle,6,start,2,1.5,2.0,1.762735429765541,1.7618140883235367,1.763820261918297,137.46252596907956,134.45274336729662,139.6526348043202,0.004007391455981507,0.0023725902454799566,0.005352949538028536,0.0043063686931391985,0.0026554100667889992,0.005899024945334149,0.992780994390219,0.9895484098278207,0.9962981649058501,0.003006358529815871,0.0013718023561973037,0.004655154000649727,0.0010010329261656366,-0.0012015248148275874,0.0030751625132570035,0.004044622102848648,0.0024174361201869396,0.005465323571725642,0.003048174803151755,-0.0011173449747280614,0.008275681548058267,0.0018632010399469642,-0.0017431128414957659,0.004986723801257656,7
gaussian_score,affine,time_shuffle,6,start,3,2.0,3.0,2.5331807997538864,2.5304716514730297,2.535956952838031,197.53616637259296,193.32704989703896,200.48522816597028,0.00203838561841447,0.0008479869053497626,0.0033087694317324215,0.002502071152906079,0.0011623365847766882,0.0038345283430457305,0.994210683182258,0.987970453463179,1.0019280929756387,0.002554078290197121,0.00123937742402613,0.0036475094782206824,-0.0005156926717826514,-0.0014190052504115503,0.0003661598388310449,0.0021205197172816104,0.0008410820867233715,0.0034120439448142802,-0.00024881141711367876,-0.0031435859151416894,0.002932859825687558,-0.0003842808661238205,-0.002879261495203918,0.0020386548155404576,7
gaussian_score,affine,time_shuffle,6,start,4,3.0,4.0,3.5210856927080676,3.519271213349996,3.523195157684476,274.5824641892078,268.4922767177423,278.8988135881184,0.001449424894889455,-0.0002504061609459235,0.003059334000107141,0.001247998899438813,-0.0010221290535734153,0.003393956680364461,0.9980087964275144,0.9912419445956199,1.0040002504905126,0.0019841769495648706,0.0006991661429103968,0.0032507393720154314,-0.0005347520546754157,-0.0016359337479568735,0.00041712636940678915,0.0014484943094149152,-0.00023744580908164413,0.002953110705991519,0.0001600570125570213,-0.001972855369858193,0.002072922171188747,-0.0011409718810665524,-0.002305910367035046,-1.7862515185333873e-05,7
gaussian_score,affine,time_shuffle,6,start,5,4.0,6.0,5.052543187847318,5.046407007629679,5.058078530308674,394.0045053140857,385.6327968003187,400.33803410043737,0.0008598825570048686,-0.0007456908728959836,0.0022377361963573706,0.0007044256516676651,-0.0006584601499248055,0.0020123353674643585,1.0000071289960608,0.994121049592886,1.0056837258734557,0.0005330040890109542,-0.000745747744826712,0.0017354172940078226,0.00032687846799391463,-0.0003684204216145739,0.0009951520612230967,0.000887947352785607,-0.0006766173401275909,0.002280190199527133,0.0001486519015518951,-0.0011987588166554339,0.0015558989384102991,0.0004059183037404209,-0.0007494250190329404,0.001839854343061582,7
gaussian_score,affine,time_shuffle,6,start,6,6.0,8.0,7.0423019772380835,7.035961370561794,7.048203152891605,549.1766547543446,537.0246376405612,557.6534761942405,-0.00039756965785810356,-0.0010747358514697695,0.00037408619317762075,-0.0002792518377028882,-0.001137583919041837,0.0007017835827996772,1.0005515320683112,0.997330991205536,1.0037201054263603,0.00030000242154839537,-0.00041428417772136254,0.0011496708941853505,-0.0006975720794064991,-0.0014363442413958933,-9.246959714547373e-05,-0.00041983724532150313,-0.0011432632720725182,0.000380867510248703,7.56948034418662e-05,-0.0014682559037622635,0.0014885465877592845,0.0003308677698717311,-0.0011338633874779921,0.001669337440577225,7
gaussian_score,affine,time_shuffle,6,start,7,8.0,12.0,10.074226688033374,10.066790662318104,10.081335555120845,785.6028564095885,768.1901058859987,797.7593209126184,-9.112104992475462e-05,-0.0004660913679428672,0.00029729177319496594,0.0002936790300674087,-0.0003051398568844113,0.0009375271423077052,1.0036415696388095,0.9990375303637676,1.0077370653284743,-1.2388655350903555e-05,-0.00035138497764494736,0.00034851327301276935,-7.87323945738509e-05,-0.00020319438538272567,4.696098581005924e-05,-4.518581004019258e-05,-0.0004158798926012435,0.0003253651707015502,0.00041490996715611955,3.751825422896465e-05,0.000806609013224478,3.884070738291439e-05,-0.0010877363261449096,0.0010796447050207868,7
gaussian_score,affine,wrong_movie,0,current,0,0.0,1.0,0.686078138307831,0.670854382663422,0.7006450031601672,53.382845863427804,51.15372121129551,55.12327740040236,-0.0008444377054417694,-0.006416514904816664,0.004391144058625082,-0.0028374540493443035,-0.008344702714482954,0.0021151859819727864,0.9883632682568803,0.9777072091599418,0.9983486564933228,-0.0004759450221706187,-0.002926248140335452,0.0020671265006738117,-0.00036849268327115075,-0.0035072033311595364,0.0026111186120435664,-0.0011290262114879203,-0.0066515298415176245,0.0042602334322152935,-0.003197551435511105,-0.006827298671482825,0.0006992942056614297,0.004921747437873802,-0.0007166083740393516,0.010328700235541789,7
gaussian_score,affine,wrong_movie,0,current,1,1.0,1.5,1.2631960026996971,1.2600217109025729,1.2661736278550688,98.25736302053664,95.94972077569143,100.15584343155749,-0.0006114823727137765,-0.004830390882631492,0.004364415220099114,-0.002357171049670064,-0.006182958782460584,0.00218049780956958,0.9914590489181148,0.9825919804065357,1.0004575494854895,0.0008302582768115803,-0.0012656622645298838,0.0025632479472221708,-0.001441740649525357,-0.00483443827067699,0.002413173632304251,-0.0006250895078661101,-0.005139158593086018,0.004345407645210064,-0.005287524741437473,-0.010265174467282253,-0.0005015329179130129,0.0007778035528254982,-0.0038916159949792953,0.00540823081002392,7
gaussian_score,affine,wrong_movie,0,current,2,1.5,2.0,1.7617350122272861,1.7592487737404294,1.7643926084894155,137.03676354983955,133.8249434913931,139.49345281522804,0.0033645910230136367,0.00013143825173451146,0.00686031677354929,0.002604037472516038,-0.0005316293848088963,0.005344127218661972,0.9956646894939062,0.9847324404592234,1.0053412141480784,0.001341700674613464,-0.0007376283765580699,0.003925498575945327,0.0020228903484001723,-3.180950320295089e-05,0.004024641279006298,0.0032681791509917278,-0.0001578687054766247,0.006860513061939433,-0.003926756774642495,-0.0056816419398361935,-0.0019499935485951113,-0.0011190506472220118,-0.004679813293491652,0.0024514430486917258,7
gaussian_score,affine,wrong_movie,0,current,3,2.0,3.0,2.530956722864286,2.527496690067705,2.5358459501102226,196.86178658713723,192.2034101413749,200.3210122421213,0.0011829197331951762,-0.00035614810719643584,0.002774319193218832,0.00038152473407044733,-0.001451257209843062,0.0021256058102126943,0.9958143069842161,0.9925455553464274,0.9993370779381022,0.00034846778562617743,-0.0006645381719734637,0.0014595799115943284,0.0008344519475689987,-0.0003878590395796877,0.002062867273672042,0.0011619664436205268,-0.0003321911838790814,0.002781168327838581,-0.0011791342090533995,-0.004603917760087512,0.0023079301754157905,-0.0009604452696100723,-0.0031552275550801277,0.0007745321516767258,7
gaussian_score,affine,wrong_movie,0,current,4,3.0,4.0,3.5203193067530907,3.517238051901676,3.5236919969506064,273.8272814557655,267.2402686223109,278.87846512377376,0.0016417720524187255,-0.00018063463355465112,0.003606352612409812,0.0010717998416759655,-0.0007089473051314675,0.0025285003771867882,0.9987759540190584,0.9934077520059007,1.0037240711329716,0.0005087792865777077,-0.0009695369982519392,0.0020081591251541395,0.0011329927658410173,0.00013879500982064166,0.0020197465216874313,0.0015389740269384207,-0.0002067686155216533,0.0033763700492304097,0.0005266756801297814,-0.0016903188689844932,0.002766860528545077,-0.0009798696749940784,-0.0032213381124181,0.0008112347883235546,7
gaussian_score,affine,wrong_movie,0,current,5,4.0,6.0,5.0537208469924035,5.047276201126114,5.059799544308105,393.0879970517635,384.2380503796599,400.31519706837196,0.00015634581072515442,-0.0009226805057494846,0.0011840911829678654,0.0007425064104700197,1.546668918850764e-05,0.0015050867092788129,1.0018486707660383,0.999652905753493,1.0042588611489336,0.00015014054369029094,-0.0005913058892998156,0.0008294712687484209,6.205267034863325e-06,-0.00030992947488129734,0.000355871256811625,9.84425676564924e-05,-0.0009608906302373632,0.0011126002876568554,-0.00048663101773846674,-0.001893027382829686,0.0009712354023369761,0.0001818466753263065,-0.0006813365252536185,0.0009613229444688842,7
gaussian_score,affine,wrong_movie,0,current,6,6.0,8.0,7.0423671886939285,7.035123913489756,7.048949746275968,547.7843470659108,534.6150797292687,557.6599354690168,-0.0008615532149076562,-0.001209163776791033,-0.0004567175293019119,-0.00046169505827079095,-0.0009159762594556678,-3.845981297211622e-05,1.0021219782080568,0.9996004079663862,1.0046727725645437,-0.0004447700892976121,-0.0008273849567900604,-1.4026265321493158e-05,-0.000416783125610044,-0.000560622303609009,-0.0002618728995232396,-0.00086489994050794,-0.001180046322952309,-0.0005090701931301445,0.00014983883350559696,-0.0008014723653543859,0.0012630391331686333,-0.0010197257387768639,-0.0025876375058480434,0.0006877890597942241,7
gaussian_score,affine,wrong_movie,0,current,7,8.0,12.0,10.074385452639659,10.067339199029046,10.081382849040418,783.614285810383,765.4080664468904,797.9932303567974,-0.00013196820692399925,-0.0005473989859665333,0.0003268436126533164,-8.518269540823901e-05,-0.0004271789640249635,0.0002568132871654993,1.002213825711647,0.9993146831058982,1.0048701289598396,-0.00018408803424733484,-0.0004518392303392766,9.101431559179798e-05,5.211982732333569e-05,-0.00019977135620062779,0.00032256474217467795,-0.00019798141686234208,-0.0007451242418659712,0.00039193435972655164,-0.0006703951369675179,-0.0017726236443997695,0.0003562192320195981,0.00033376455931306305,-0.0005858785373987189,0.0013612604151137804,7
gaussian_score,affine,wrong_movie,1,endpoint,0,0.0,1.0,0.6858916100267098,0.6701634444657123,0.7004622103340096,53.389926901876926,51.21100304481838,55.12181964382705,0.004927926385001572,0.0011796581452611801,0.00808682330547191,0.0014842837429067822,-0.003199458116299748,0.006171993471675049,0.9821806860198398,0.9755842680968959,0.9900983664897384,0.002331851052653005,1.9396147173879544e-05,0.004344552190258228,0.002596075332348568,0.00014520818421094136,0.0048895211506258755,0.004865037686937663,0.0010533857629841448,0.00809386920348653,-3.9627725730286296e-05,-0.0025490712068117604,0.0027239331182755794,-0.005669924353222554,-0.011369674354266989,0.0003359624835048063,7
gaussian_score,affine,wrong_movie,1,endpoint,1,1.0,1.5,1.263116575543481,1.260045736236941,1.2661636465008923,98.2907477999109,95.8941158735621,100.1148363272165,-0.0021239503949420555,-0.004046144144007451,7.145337198003542e-05,-0.0023969252232216363,-0.005380367076887634,0.0004709100729772507,0.99331674720785,0.9860398672562274,1.000496382484921,-0.002733187236712268,-0.004839930399281424,-0.00042502223224124853,0.0006092368417702111,-0.000733079487393733,0.0018552497606964707,-0.002198186619815654,-0.004157838337216582,-2.4682977054620074e-05,-0.0014545443109629384,-0.006151270564141848,0.002646814919957066,0.0024795345874067793,-0.003030033105292062,0.007258770277114433,7
gaussian_score,affine,wrong_movie,1,endpoint,2,1.5,2.0,1.761824766118805,1.7592013974754293,1.7643613010343138,137.09818727001465,133.87239452868099,139.68424470168105,-0.0015814103773530222,-0.004798536687162001,0.002286165999424724,-0.003464387711768595,-0.006304962449189595,0.00037387934289887794,1.0008449897497689,0.9895082743856861,1.0109467982040659,-0.001191678685119471,-0.002929931519307658,0.00048085887519895565,-0.0003897316922335514,-0.00240823185402046,0.001817131493774219,-0.001580025696877326,-0.004868345562450358,0.002359520019393951,0.0006612875959749331,-0.0024356041692287886,0.003757965231478031,-0.0010540489692385032,-0.004882890484151123,0.0026028775809518448,7
gaussian_score,affine,wrong_movie,1,endpoint,3,2.0,3.0,2.530955494836713,2.5274749093040474,2.5356632192617243,196.94004582175984,192.403787768477,200.37225878494382,-0.0012386486065625742,-0.004007839043877892,0.0014641461670602,-0.0017121891532847716,-0.004283729948156476,0.0008035488324725608,0.9982063410851355,0.9948214202072262,1.00203341947554,-0.00016365293519319242,-0.0017790663045803752,0.0013531755340542154,-0.0010749956713693816,-0.0025955533736702952,0.00032437856538606593,-0.0011876547337498495,-0.004013839596731684,0.0013676789935698826,0.002788941988410642,0.001449810148667345,0.004119543155931008,-0.0012009707345236888,-0.002693277148755158,0.00031338594172722534,7
gaussian_score,affine,wrong_movie,1,endpoint,4,3.0,4.0,3.520303091569531,3.517096641006454,3.5236421136314098,273.93523190601564,267.4501763316519,278.9738194570606,5.680689663288078e-05,-0.001447852058834787,0.0015528893065233067,-0.00016319009831820174,-0.0020523506973468093,0.0017260562978157366,1.0005594430815268,0.9959017964212401,1.004980268397147,0.00011647303122757561,-0.0012243353114362626,0.0017915331249025047,-5.9666134594694684e-05,-0.0006496551148277444,0.00046923530142608367,-0.00011927353124035728,-0.001624043530085983,0.0013420296321407174,-0.002324420983857509,-0.004513640904994302,-0.00017565947662477786,-0.002570722793096665,-0.004856696097151699,-0.0004496703750087843,7
gaussian_score,affine,wrong_movie,1,endpoint,5,4.0,6.0,5.053554077061141,5.047056011423719,5.059410731898185,393.23220423918866,384.4034909633575,400.21387315617307,0.0009118955808483052,-0.0003159271255672773,0.0019262968475360852,0.0008278309914597909,-2.3374274296962426e-05,0.0016221747759785268,1.0010246847353759,0.9984910294638341,1.0032785255361065,0.0006738323346727075,-0.0001698606260210327,0.0014542675504132863,0.00023806324617559773,-0.00033512675088364627,0.0007882419687811118,0.0008761084224760695,-0.0003846018947793317,0.0018831743208671604,-0.0004406514824650966,-0.00157282842373388,0.0008285052808557966,-8.27644569109737e-05,-0.001153794388957243,0.0009527450503523518,7
gaussian_score,affine,wrong_movie,1,endpoint,6,6.0,8.0,7.042371056014006,7.035531290075894,7.049117205855495,548.0029812003198,534.9133343717225,557.6980893203283,-0.00038446468737974616,-0.0012900290955530685,0.00045102535828879503,-0.0003550423561679804,-0.0012612093662101374,0.0004758428959574568,1.0018053603772608,0.9993878081517032,1.0043000677511218,-8.196445804715227e-05,-0.0006933673090019204,0.0004939983871224211,-0.0003025002293325938,-0.0008326433381037272,0.0001485348366742346,-0.0003315052454827059,-0.001222050694183123,0.00047941879296323344,0.0007427248990342557,-8.592148011690888e-05,0.001509777170852495,0.00037955225220296783,-0.00036513618377447216,0.0012134577566099776,7
gaussian_score,affine,wrong_movie,1,endpoint,7,8.0,12.0,10.074402921867875,10.067489807340086,10.081320499468086,783.9279973699688,765.466413448582,797.4674846038333,0.00023841076405580933,-0.0001518275806616413,0.0006032652647701527,-9.718232646869853e-05,-0.0007349926686580797,0.0005189289584153304,1.0017328640117003,0.9992908683973581,1.003945681807706,0.0002793831202777074,-4.1826530555481786e-05,0.0006494554789043626,-4.097235622189814e-05,-0.00034293438819366084,0.00023517958700322884,0.0002583275446462519,-0.00013835912774729856,0.0006678806143570472,0.00021689301945712323,-5.341926385525195e-05,0.0005027074760684613,-0.00045582437054684377,-0.0014682245295125006,0.000530674197031874,7
gaussian_score,affine,wrong_movie,1,start,0,0.0,1.0,0.6862199461973985,0.6710274797895972,0.7004268475805252,53.418254463624706,51.2255394485647,55.25782795743589,0.004073208433393338,0.00029721137389186205,0.0073764919467500575,0.0006204029397915222,-0.0036356625828867944,0.004869222318043707,0.9828849988152343,0.9761800959796497,0.9913185417045279,0.001501305491502017,-0.000840379466919875,0.003560246091346691,0.0025719029418913206,-1.3186081365331243e-05,0.00491912141679493,0.004171419344672223,0.0003400241194438766,0.007726772096832791,0.0008059213501646882,-0.0026192236044035064,0.004453926350356797,-0.005865472624271304,-0.011751198358625333,0.001261542217170375,7
gaussian_score,affine,wrong_movie,1,start,1,1.0,1.5,1.2642742491311856,1.260970131482447,1.2675293641477687,98.38135569774154,96.07873579683147,100.28244335606563,-0.000917984473274796,-0.002476067929409892,0.0002803391496169211,-0.0016904472273240264,-0.0044653768585184075,0.0008877694661348314,0.9942303879322605,0.9872513430260464,1.0012340463172793,-0.0020625827663177205,-0.003941471711415288,-0.00028158686149427746,0.0011445982930429247,0.0003071362233870273,0.0020508636799398622,-0.0008737120683022015,-0.002380247399467702,0.0003005402680722817,-0.002478724479405727,-0.005989371939520231,0.0020660635895100943,0.003988758793887812,-0.00035753796592025427,0.008143683311001041,7
gaussian_score,affine,wrong_movie,1,start,2,1.5,2.0,1.7620299265445,1.7594668933716697,1.7644883467813834,137.11327704665422,133.86120387843863,139.60125964125686,-0.0021488586587048194,-0.005181094640305611,0.0011236714938476805,-0.003694926678183416,-0.006098229783242299,-0.000722979079695498,1.0004049368056793,0.9907266829916263,1.0095820072173323,-0.0012440531541153162,-0.002740470745415008,0.0002523587839300264,-0.0009048055045895038,-0.002699221742285529,0.0011441648523342882,-0.0021582098950705996,-0.005020096064377234,0.0009698996078491286,0.0014591953831907087,-0.0022171088570777228,0.00476282570269475,-0.0018215098240864538,-0.005381710537610564,0.0015573121609178074,7
gaussian_score,affine,wrong_movie,1,start,3,2.0,3.0,2.531165368060607,2.527535107398661,2.535986244039834,196.95473409203603,192.32056540103122,200.37698624514547,-0.0014567522182749543,-0.004393598902905841,0.0012596389963930592,-0.0017163669369595785,-0.004290381870270316,0.0007168168329541165,0.9984214590248541,0.9952032478214051,1.00232141595153,-0.0003310264858435562,-0.0018788067531915686,0.0011064284999513366,-0.001125725732431398,-0.0029215409396760976,0.00037721842194784295,-0.0013721377729577937,-0.004238563424402287,0.001324813661312075,0.00268609624602666,0.0015769117534554333,0.003935802200303361,-0.001155084650961881,-0.0029700978101128285,0.000695829468223234,7
gaussian_score,affine,wrong_movie,1,start,4,3.0,4.0,3.5203676075819557,3.517005530118769,3.5237296850451423,273.93979850052494,267.5230338860929,278.92359725386666,0.0001513956696077683,-0.0012136516767216167,0.0015684849098241698,-0.00022973673990055282,-0.00209331915009624,0.0016236086076489875,1.0007675921106578,0.9959001819604847,1.0047705922740386,6.653027523866614e-05,-0.0010963192457674044,0.001457743032207849,8.486539436910253e-05,-0.000611377587014396,0.0007758367892913118,-2.4073131686986448e-05,-0.0013489225317446882,0.0013224271252062203,-0.0024541339627907094,-0.004456152459442763,-0.00045049291591474545,-0.0023843497340995793,-0.004373166151641303,-0.0002626967116764996,7
gaussian_score,affine,wrong_movie,1,start,5,4.0,6.0,5.053595972818958,5.047022253130433,5.059535383979798,393.23644828503967,384.0367507961047,400.170326458689,0.0010044281537850601,-0.00020557041696577338,0.0020365514410718506,0.000879208515185802,6.778660282528722e-05,0.001719744248367449,1.000736929924829,0.998208307199444,1.0031112074366566,0.00070275631296074,-0.00017902159783249298,0.0015232725886185686,0.0003016718408243199,-0.00021169823524033483,0.0007949735434248251,0.0009730461594145296,-0.00027903976694288,0.001985363710899628,-0.0003535726596985829,-0.001573447321905551,0.0009434603800749992,-1.0896534764755397e-05,-0.0013420460619438944,0.001118698829744841,7
gaussian_score,affine,wrong_movie,1,start,6,6.0,8.0,7.042103517705114,7.035072307635084,7.048383590888573,547.9819812184685,535.411605409568,557.8856766045956,-0.00043755225510485815,-0.001275471225050512,0.00033572670475981507,-0.00041763656175563543,-0.001276144652670765,0.0004284754894199498,1.0018399849462092,0.9992569190512383,1.0044825302894147,-8.96207375351299e-05,-0.0007858223764155269,0.000603075617582351,-0.0003479315175697284,-0.0008252857194200103,6.99805071472618e-05,-0.00037968485343654196,-0.0011940286616667487,0.00037312339723186643,0.0007793142032822085,-0.00016438138445380704,0.0015815266842774695,0.0003330310251286888,-0.0005237843597531543,0.001344572179873481,7
gaussian_score,affine,wrong_movie,1,start,7,8.0,12.0,10.074270412407326,10.067143000554987,10.081506860043582,783.9174251559618,766.1070399134449,797.76674722512,0.0002754004609003209,-0.00017355811989835452,0.000696557617505743,-2.431157582815337e-05,-0.0006965486949280684,0.0006059463304154889,1.0018203107642694,0.999547636702671,1.0038746467258692,0.00031149021319148333,-1.8203864247622888e-05,0.00068302073381817,-3.608975229116231e-05,-0.0003716690575795802,0.00025590576563325066,0.00030375733117272383,-0.00012828969898976954,0.0007419375054028834,0.0002741481564588992,4.823830474190962e-05,0.00047626117935460025,-0.00041876473335963644,-0.001404679693615706,0.0005671502268964332,7
gaussian_score,affine,wrong_movie,2,endpoint,0,0.0,1.0,0.68599156835557,0.6699935629098475,0.70057436201681,53.42181828659513,51.20954776670087,55.19368988622402,-0.00039516546499511067,-0.003262864068799522,0.002031991938377799,-0.0013064484942343268,-0.004256275669849361,0.0011926050327314875,0.9874379265511132,0.9828230598627254,0.9924160346123077,0.00013622079153003856,-0.0011131664612725708,0.0015255203586936677,-0.0005313862565251486,-0.002580262907394399,0.0011984611815552616,-0.00024776316442745583,-0.003255244491705935,0.0022696370702776103,-0.005423951722085734,-0.009706890590973797,-0.0009551297814906519,0.0005809714268185307,-0.0022334150354636436,0.003812847096738862,7
gaussian_score,affine,wrong_movie,2,endpoint,1,1.0,1.5,1.264154067064003,1.2608138983270625,1.267562945500776,98.4096136052609,96.18947713945559,100.22021231200627,-0.0017564678881221904,-0.005444115784913669,0.0013987199069555962,-0.0029171320553990627,-0.006448582789601351,0.00020980875066123377,0.9948868362357229,0.9875565926802149,1.0025415180267283,-0.0011476209368005397,-0.0033369832933614167,0.0007731500805228199,-0.0006088469513216508,-0.0027440376519601924,0.0010151223882667963,-0.001738792503025459,-0.005413784350738677,0.0013227333003374864,0.0021440681568262046,-0.0013212616000428097,0.005625979611603694,-0.0023516849526630003,-0.006768402579470189,0.0018410366677924848,7
gaussian_score,affine,wrong_movie,2,endpoint,2,1.5,2.0,1.762045598661495,1.7594071816028638,1.7645223709399338,137.16646821854178,134.01171277956533,139.5320258848736,0.0012988714641038663,-0.0024546106555271277,0.003979737504888213,0.001748771887519384,-0.0001415216511782468,0.003534174762209249,0.996545756422951,0.989780758287694,1.0041447059373878,0.0009911595552473632,-0.00021836970682627847,0.0027852192941853395,0.0003077119088565029,-0.0025964974743860497,0.0023948613467161236,0.0013416649876447843,-0.002360902603282933,0.004074785471317803,-0.0022466524602483516,-0.008118390806974381,0.004139171663218306,0.0013655477516229641,-0.001443604212697654,0.003967506304410675,7
gaussian_score,affine,wrong_movie,2,endpoint,3,2.0,3.0,2.531166376000141,2.527525487557727,2.536203919403453,197.0299483886975,192.51583767989808,200.27252323066475,0.0005144247836622102,-0.0005132423264701954,0.0016761574653504556,-0.00016464868112842811,-0.0013893418794985249,0.001043567732966173,0.9961522978093443,0.9919383412307778,1.0003785882819625,-0.0002709736660112605,-0.0012851746391831268,0.0007192829034125268,0.0007853984496734709,-4.655623578084823e-05,0.0015332355084309915,0.0005501700333716085,-0.00044582026487118833,0.0017864291109681424,0.00040507754399732727,-0.002253080263458412,0.002850586022151453,-0.0009001012307484729,-0.002856318153653578,0.001060274136514412,7
gaussian_score,affine,wrong_movie,2,endpoint,4,3.0,4.0,3.520347927928868,3.5169147542105565,3.523786031921304,274.04325525141957,267.5394635451986,278.8174086247885,-0.0002396473699332571,-0.0020611671820982905,0.001535191290722267,-0.0005726022022144826,-0.002048336364978283,0.0009843410731361288,1.001445181320153,0.9977036783849069,1.0044424732721244,-0.00020621327490508273,-0.00134674378482989,0.0009791627678559613,-3.34340950281745e-05,-0.0012523724229864732,0.0011138050001767463,-0.00022090840497051794,-0.0019991694435300953,0.0015969171987437931,-0.0002097762861582938,-0.0016912085470396463,0.0014053158357001884,-0.00026566578276802764,-0.0012882908404461414,0.0009093857224426064,7
gaussian_score,affine,wrong_movie,2,endpoint,5,4.0,6.0,5.0534245729245635,5.046772163772622,5.059425040504252,393.374146436659,384.16190926462167,400.24172109636976,0.0006384468720580999,-0.0002417598539685342,0.0015514501124104015,0.00037109795593478877,-0.0006051939830861972,0.0013439382569178037,1.0009687059042525,0.9980166093113798,1.0038522056793455,0.00023021135700027843,-0.00040043192545248025,0.0008620877824351397,0.00040823551505782165,-0.0001619278182221979,0.0009669395136234917,0.0006607306041896662,-0.0002609369409824897,0.0015934838566642085,0.000611428223466416,-0.00161105319787357,0.0026228354244524944,-0.0016873328584459757,-0.0034003837977581745,2.5616135809843443e-05,7
gaussian_score,affine,wrong_movie,2,endpoint,6,6.0,8.0,7.042071953289451,7.035369462968931,7.048477245261611,548.1893317757409,535.6908778716315,557.6552805883485,-0.0002228262305077592,-0.0008987913883256049,0.0004345385447450035,-3.2446638674234986e-05,-0.0008564432864561055,0.0008638504169729996,1.0015436966136657,0.9992322155820575,1.0039408935040204,-0.0004017162403353671,-0.0009181770713656428,0.0001869171677590681,0.0001788900098276079,-0.00016129122569837393,0.0005284109881001906,-0.00019760757858727402,-0.0008552336385471467,0.00048543019575187214,0.00013582278447128948,-0.0003775811106844033,0.0007275264838115557,0.0001647606332568336,-0.0008634524622511583,0.0013374766902867605,7
gaussian_score,affine,wrong_movie,2,endpoint,7,8.0,12.0,10.074308446825452,10.06761241134234,10.081401251389712,784.221447186267,766.4866916985927,797.4482188755862,-6.67079899691922e-05,-0.0002421009981737852,9.027970539355536e-05,-5.3234321381706857e-05,-0.00029285778608226806,0.00020735456686354157,1.0022842317392724,0.999644416075757,1.0046456111374473,0.0001806763325630843,3.248591900309665e-05,0.0003275598055986745,-0.00024738432253227646,-0.0005002326280419668,1.2803208113791795e-05,-0.00014286392288294193,-0.0003028766548388511,-6.217873535845773e-07,-0.0005078757475079335,-0.0013746801499057333,0.000292396359627005,8.093094455735376e-05,-0.0008050523448983238,0.0009125868906354308,7
gaussian_score,affine,wrong_movie,2,start,0,0.0,1.0,0.6852844862844533,0.6704123370238315,0.6990545353468348,53.36863987445923,51.26290204506561,55.08078705147175,-0.00012740838279430393,-0.0027422345692203133,0.0019203396697523767,-0.0012230711159448547,-0.004024630706908578,0.0011822047198366025,0.9858982657421826,0.9808321798415027,0.9909529572738667,-0.0003105185455826782,-0.0016035802580330635,0.0010609994424064595,0.00018311016278837452,-0.0016744118028527368,0.0015378764571747482,1.8310802950469063e-05,-0.0028076396935096375,0.002120053452929465,-0.005406877521685576,-0.00947481947621791,-0.0010537209789243105,-0.0009410901180538446,-0.005145526987475439,0.0033444305106168828,7
gaussian_score,affine,wrong_movie,2,start,1,1.0,1.5,1.2647507699442102,1.2615991909877635,1.2678987532834085,98.45681161055965,96.16867208343137,100.25421448175038,-0.001498219811398141,-0.00625146935620584,0.0028195227383129447,-0.003071378255737046,-0.007272727218124108,0.0004958092488111259,0.9967947779952642,0.9889271967882991,1.0044378104950171,-0.0004349903409958448,-0.003764206758732176,0.0025597228106200164,-0.0010632294704022978,-0.0033203387933999156,0.0007290936738123833,-0.0013636832061912363,-0.006104090075893287,0.0027910343822499643,0.0014684175417079435,-0.0030204565361333416,0.005647885895604249,-0.0011999771671913782,-0.004747722061442011,0.0024641129605727117,7
gaussian_score,affine,wrong_movie,2,start,2,1.5,2.0,1.7615890970876407,1.7594116331146477,1.7641340990069885,137.130917184383,133.87279365988243,139.4969626250185,0.0007703800201905421,-0.0038068279829743565,0.004030595271877415,0.002102261688465701,-0.0001276232400381896,0.00413542667534102,0.9957063012148197,0.9876948001081681,1.004390338289642,9.613314060711419e-05,-0.0018842563002209993,0.002288224352638295,0.0006742468795834278,-0.001977570087566233,0.00246142468106385,0.0007996972372579537,-0.0034851666241959545,0.004066286963288702,-0.0022201800949654166,-0.007785957835427858,0.004448214873935877,0.0008074044125664025,-0.0022231768905145223,0.003780687566670369,7
gaussian_score,affine,wrong_movie,2,start,3,2.0,3.0,2.531364190957564,2.5280422652517074,2.535953103577745,197.04430397187622,192.5709071389374,200.29597199969072,0.00044335270013061504,-0.00059995544858078,0.0015365569372343922,-0.0005473314173636062,-0.0019058945750243304,0.000614716027487353,0.9970117310885674,0.9921803368106337,1.0018475923990888,-0.00017579784522861187,-0.0010638723907171706,0.0007497718206181485,0.0006191505453592269,-0.000375136623059573,0.0015999913735528432,0.0004731408072435957,-0.0005116706214456951,0.0014903529445449554,0.00016258324737146595,-0.002597373253738628,0.002734744309628223,-0.0005113438867773482,-0.002596600677162074,0.0014018384317985913,7
gaussian_score,affine,wrong_movie,2,start,4,3.0,4.0,3.52051803901361,3.5173132646250806,3.5237234582719608,274.0562104224431,267.4650006801906,278.84936087143734,-2.664374669118742e-05,-0.0017213788151762249,0.0015884805396386794,-0.0003638009536241518,-0.001760274324989568,0.0012251531908506533,1.001271966843403,0.9972055342244542,1.004248664121622,-4.873991305880803e-06,-0.001099168986429247,0.0011379285114150586,-2.1769755385306123e-05,-0.00119360149811633,0.0011625719874022306,-8.04983142968848e-06,-0.001798146391347099,0.0016706941087441221,1.683119658176181e-05,-0.0015897320495166939,0.0017226132902300618,-0.0003913883586118174,-0.0017085248375896323,0.001053318634535007,7
gaussian_score,affine,wrong_movie,2,start,5,4.0,6.0,5.053500634343329,5.046843472715206,5.0593294381820115,393.3815897695528,384.51181023757863,400.0303353179838,0.000740969962439419,-0.00021597481070087632,0.0016991764476870295,0.0004998371251377247,-0.00049155574261342,0.0015226303964930767,1.0008033124829299,0.9976697298208235,1.0037860181940441,0.00023269948236987343,-0.0004348239567055223,0.0008837002460810509,0.0005082704800695454,-9.55598567868728e-05,0.0011156468289508358,0.0007671918707390463,-0.00023065079214417927,0.0018222624913737065,0.0006326452655848099,-0.0013380408222476172,0.002415163149776189,-0.0017436782190443615,-0.003292769769367481,-0.00025788838502949083,7
gaussian_score,affine,wrong_movie,2,start,6,6.0,8.0,7.042302181272963,7.035745791420287,7.0484016118142465,548.2076713983562,535.3369382893828,557.4127504729086,-0.000419480997956218,-0.0010518961803147387,0.00021503159707656375,-0.00016064651457603146,-0.000972270204741027,0.0008685104162643235,1.0017578501845146,0.9994542650682678,1.004173023664381,-0.0004892521873989729,-0.0009987903992660196,5.977452287814518e-05,6.9771189442755e-05,-0.00028386143469433646,0.0004335828521535939,-0.000383832512216729,-0.0010288486471630718,0.0002294800447378571,0.00013832479902203888,-0.000296227979352507,0.0005976115648315573,0.00021736494953085694,-0.000897391819312965,0.0014788281254891436,7
gaussian_score,affine,wrong_movie,2,start,7,8.0,12.0,10.074366995778433,10.067342561245557,10.081606221582678,784.2258017356623,766.095748177144,797.5519562018306,-9.063571503424956e-05,-0.00027568985354108804,7.404174996232472e-05,-6.718706314447185e-05,-0.0002967689081493571,0.00015210089346934832,1.0022462201151832,0.9995954687045686,1.0044716650556178,0.00017899381907292633,5.572726170968243e-05,0.0002997357183090079,-0.00026962953410717593,-0.0005213741340415291,-2.2428191292792234e-05,-0.00016936946031722916,-0.000338211157516108,-5.008020721273552e-06,-0.0005177524545523286,-0.0014204261200563984,0.0002872282056415276,7.029346067618325e-05,-0.0008121528480126013,0.0008577181120949434,7
gaussian_score,affine,wrong_movie,3,endpoint,0,0.0,1.0,0.6850503019240232,0.670171383952896,0.6989913320886756,53.369387723264545,51.270067978374165,55.0485872836253,0.002122734738892926,-0.001427607187020584,0.006789865993038328,0.0015499956244105178,-0.003390815976728994,0.006668771402134162,0.9845379936651908,0.9781775825981472,0.9908628718545381,0.0005385308367806157,-0.0015593271873666314,0.0025618747577578482,0.0015842039021123108,-0.0009007420303301249,0.004301858166101526,0.0019986441976744124,-0.0014358036862901547,0.006299271889213317,0.002832124294662608,-3.966662314781068e-05,0.006234826230138867,-0.002516323734739405,-0.009071544410977279,0.0037020179323519545,7
gaussian_score,affine,wrong_movie,3,endpoint,1,1.0,1.5,1.2646657980482523,1.2614556208247156,1.2677084248524468,98.48481525520516,96.1572573691348,100.24060557305782,0.0034027271595840933,0.0006377674718667125,0.006097417654700099,0.0034746846701939303,0.001563871331668645,0.005728484928845821,0.9914597437452768,0.9847945261662912,0.9974192879806871,0.0007966194622787534,-0.0012766685805877137,0.0025124059766921092,0.002606107697305342,0.0004552879109506024,0.004360376488562785,0.003363534359466212,0.00021959585059758835,0.006186584186372761,-0.0022621317932249333,-0.006868525445563908,0.0023841048069703575,-0.003925848493969252,-0.007729584304135276,0.0006848792712479673,7
gaussian_score,affine,wrong_movie,3,endpoint,2,1.5,2.0,1.7616620266140657,1.7593564715580732,1.7641911177866316,137.1852260078318,134.11741713185305,139.53199761978496,-0.0009149908008166607,-0.004105574644407867,0.0023620008662809723,-0.0010706184343126227,-0.004482218390113298,0.0030590303230561785,0.9965838118282003,0.9914991854595497,1.0012108585328723,-0.0001226416044109445,-0.0029883857454299405,0.0024093601062566386,-0.0007923491964057162,-0.0034636988737080446,0.002022911223380598,-0.0008695930385309052,-0.004001220537935599,0.0023730183085285406,-0.0009605507215644385,-0.0038994725239827792,0.0021542852523249007,0.001875895030091877,-0.0028118887319397096,0.005363684474055023,7
gaussian_score,affine,wrong_movie,3,endpoint,3,2.0,3.0,2.5313615467977866,2.527973730444958,2.536066986083164,197.1143375529924,192.7943906631931,200.1607925491552,0.0005716830650502118,-0.0011158275785506614,0.002207964359057682,-3.5605146254148985e-05,-0.001704395376187266,0.0017150613528831703,0.9968788602461497,0.9914967535885848,1.0028021216566128,-0.00015426137483214044,-0.0014062598226132108,0.0009807215462870169,0.0007259444398823525,-0.0008341451055269123,0.0023037613190911876,0.0005914961051177974,-0.0011191180808207038,0.002229206692593617,0.00018832368908437892,-0.001572904283008713,0.002382682205048079,0.0005038481844774751,-0.0015636483096381187,0.002390020863046274,7
gaussian_score,affine,wrong_movie,3,endpoint,4,3.0,4.0,3.5205654993657136,3.517227310649901,3.5236804642762185,274.1576139958666,267.60906235184746,278.73051650037996,-0.0006162718113133022,-0.0017725057771814795,0.0005943831626205627,0.00011211749043451715,-0.0008662221075325529,0.0011767934367509295,1.0021497821774348,0.9967143559226157,1.0057331966902576,-0.0005081240814983527,-0.0011683668028661216,4.28005876979784e-05,-0.00010814772981494919,-0.0010824651235447956,0.0009980769633094564,-0.0005459672710977059,-0.0016259590111247788,0.0005284640388323649,-0.0006915857323149815,-0.003988237572385271,0.002465977813835116,0.0009230532381938442,-0.001085257408042664,0.002807966208042716,7
gaussian_score,affine,wrong_movie,3,endpoint,5,4.0,6.0,5.05336843697686,5.047022142067889,5.059279091234744,393.5117938218422,385.04426468347657,400.0723885989887,-8.529982236367625e-05,-0.0007842744112415898,0.0006171355403665393,0.0004169192155233003,-0.00021394116728183104,0.0011153410955897357,1.001340195230535,0.998667926390336,1.0040814576226007,-0.0003525570133624643,-0.0010078140893794174,0.00028313871023650936,0.00026725719099878826,-0.00029479583881143794,0.0007299380824727452,-9.24044749263611e-05,-0.0007192235549069606,0.000548684962665074,-0.00016155391563824826,-0.001026469227947552,0.0008026430584159575,-0.000416618819427646,-0.0017443874962565363,0.0008949509825573688,7
gaussian_score,affine,wrong_movie,3,endpoint,6,6.0,8.0,7.042288651229225,7.035785241999887,7.048823400745648,548.4016147392858,535.8126438541561,557.5018335714315,-9.061686354733545e-05,-0.0004082392050918094,0.00012953335130424295,0.0003774457621710991,-0.0006697098032107894,0.0013824793061142317,1.0013997754027972,0.9992069635054184,1.0036382616040838,-0.000171460150213104,-0.0006061013768775424,0.00025566714247999433,8.08432866657685e-05,-0.0004681231493867038,0.0006298097227182408,-9.765307999827535e-05,-0.0003837633184172066,0.00015852365449190825,-0.00011814171094690021,-0.0010864157552584375,0.0007651609860533839,0.0008996390202536085,0.0005297716803005007,0.001340254708605983,7
gaussian_score,affine,wrong_movie,3,endpoint,7,8.0,12.0,10.074432286497025,10.067642925012864,10.081731297746634,784.510871514697,767.4199951840238,797.3662982960125,0.00010188841711059923,-6.38960949263227e-05,0.00026336999987011564,7.557608679921838e-05,-0.00013994923780091253,0.00036132222663205597,1.0020078807415544,0.9995436420296063,1.004248535148504,6.104077098779493e-05,-0.00024017290402861377,0.0004036429003111754,4.084764612280424e-05,-0.00040245423531557346,0.00043000348549909723,5.453602414847824e-05,-0.00011403439997863395,0.00021715937986078348,-0.0002111188221812122,-0.0006214295905991595,0.00010652314126207185,6.945159156805356e-05,-0.00040849042263070714,0.0005766779157099996,7
gaussian_score,affine,wrong_movie,3,start,0,0.0,1.0,0.6834820987515736,0.6707761243436626,0.6957746538703125,53.246956914172735,51.25292123784657,54.8313179976846,0.0013844102277792976,-0.002866490350960135,0.0067355482295313384,0.0015348217484453832,-0.0039076006332983675,0.007117193251010024,0.9864309178979841,0.9791072193673097,0.9935239910838846,-0.00024281361092580745,-0.0025927940991220624,0.002569319348395437,0.0016272238387051048,-0.0009750979580326528,0.004559629781433294,0.001227349842087456,-0.002796814544314421,0.0060079021865409215,0.0037387485542094167,0.0014978799687044252,0.006545591616497005,-0.001260670974245464,-0.007316002250825815,0.0038691345380880778,7
gaussian_score,affine,wrong_movie,3,start,1,1.0,1.5,1.265460585968235,1.262894898708377,1.2681834866878476,98.54689768191864,96.22989141160122,100.2878228115236,0.0036521563366445305,0.001759176684955187,0.005570528364320932,0.0030111525918437164,0.00039697474002322263,0.005910115797907274,0.9930057022926215,0.9867527423048662,0.9993605607447228,0.0012893236899374587,-0.000718039484260728,0.0028480962986131295,0.002362832646707072,0.0007387507743812414,0.003939425646542793,0.003598423866590504,0.0014561784949021304,0.005712025261808583,-0.002141729597898827,-0.006068923357641963,0.0025463613989124083,-0.004152264130273239,-0.009300960762931512,0.0012655232540097917,7
gaussian_score,affine,wrong_movie,3,start,2,1.5,2.0,1.7615165632724765,1.7599611778922206,1.7634463024736198,137.17467678691065,134.02677644531445,139.57447235482462,-0.00027521002872699096,-0.002766024543340175,0.0025696971457373524,-0.0006469233102775221,-0.0037965614664205905,0.0034301301304088838,0.9954161606791124,0.9912674200066459,0.9991875311504016,3.575445785891516e-05,-0.002966487093970111,0.002594231264239372,-0.0003109644865859071,-0.00282228346672321,0.0024996276008886495,-0.00022804048227732432,-0.0028105556428111708,0.0026203783231381916,-0.0020573514684157045,-0.004662055660333344,0.0005186334832802543,0.0020434809740874074,-0.0012068432643389051,0.005554579637878587,7
gaussian_score,affine,wrong_movie,3,start,3,2.0,3.0,2.531468931435108,2.528133607840247,2.535604281837147,197.12261492931398,192.762734984834,200.27076058307347,0.0005420480348757705,-0.0014097189576445512,0.0022941393683344525,-7.558919021988415e-05,-0.002008358579863261,0.002159850173753923,0.9971024676264371,0.9914317191714221,1.0033708402209875,5.215367804474187e-05,-0.001324457451046248,0.0012825662775573195,0.0004898943568310283,-0.001038002912811978,0.002062414825475051,0.0005765867388946057,-0.0013072282874282192,0.0023603329204444747,0.0006419162563258898,-0.0010450054508975724,0.0024896600665614064,-2.850114583443168e-06,-0.001704617467898023,0.0014744865797243836,7
gaussian_score,affine,wrong_movie,3,start,4,3.0,4.0,3.5205194775380773,3.517205575926566,3.523643405395952,274.1532737387426,267.9484719909735,278.71105095071044,-0.0006841065131985516,-0.0017701752635327095,0.0006420217546388379,-0.00016335831074129416,-0.0012043957209267686,0.0009186785338873225,1.0020683590386505,0.9968582595030172,1.0055165039654452,-0.0005083803169170726,-0.0012794440539601213,7.051327765716493e-05,-0.00017572619628147872,-0.001006516968925217,0.0008251246092194199,-0.0006500497342251958,-0.0017147485579698356,0.0005783205937240346,-0.0009787498486175474,-0.003943106213708679,0.001829055641257433,0.001165685241232634,-0.0010560684158417181,0.0031378145777294403,7
gaussian_score,affine,wrong_movie,3,start,5,4.0,6.0,5.053323562934443,5.046905749460816,5.059220172358188,393.50863697836564,384.8111022338354,400.063423382283,-7.512615115468238e-05,-0.0007901241245979498,0.0005896058652480839,0.0005922052361039236,2.05644674077615e-05,0.001223721707581616,1.0011233953846794,0.9985342075892694,1.0038254277177738,-0.00039130690618701877,-0.0010827762670987504,0.00023538203701487827,0.00031618075503233635,-0.00019481472438617363,0.0007680506829515731,-8.66753077995481e-05,-0.0007279744589231904,0.0005327209175763221,-0.00030385868774768704,-0.0013262026646541534,0.0007841284305567997,-0.00034708879365464294,-0.0018781253967247123,0.0011562035723286861,7
gaussian_score,affine,wrong_movie,3,start,6,6.0,8.0,7.042209748274673,7.035673680212625,7.048531415909021,548.3953370094858,536.0053651050868,557.5329619492311,-7.548350604153842e-05,-0.00044458445300974266,0.0001557439159387866,0.00034222367334225994,-0.0006669441162236461,0.0013670787800924534,1.0014488950446223,0.9992398365863588,1.0038123913601427,-0.00015525363661201115,-0.0005706385280719462,0.0002584148954123215,7.977013057047275e-05,-0.0005268144744955003,0.0006454207644220358,-7.536498755265135e-05,-0.00037885606007953293,0.0001514333042159052,-7.774608321069021e-05,-0.0010226470796730976,0.0007019491649134337,0.0008103341426556533,0.0003234787360663344,0.0013202037236178436,7
gaussian_score,affine,wrong_movie,3,start,7,8.0,12.0,10.074204734349452,10.067332068502026,10.081560867118574,784.4928752807156,766.37376589387,797.3382735084567,0.00011194344276061209,-7.873410326089312e-05,0.00028406049613356185,7.209032520249796e-05,-0.00016896817319605036,0.00035871292220693415,1.0019983722641057,0.9995782711928155,1.0042291764769733,6.575476736922331e-05,-0.00021787594660049308,0.0003586084651657592,4.618867539138879e-05,-0.00040728127836678487,0.0004387151074233952,6.3794118817006e-05,-0.00011493976905954914,0.00022610866662084878,-0.00019893495535366028,-0.0005754323489724959,9.676737245071237e-05,1.7688911776225702e-05,-0.00044000350756417917,0.0005216304760778329,7
gaussian_score,affine,wrong_movie,4,endpoint,0,0.0,1.0,0.6833154591718581,0.670710682307396,0.6956046568055657,53.24921605949369,51.19653176319086,54.83319122621321,-0.002566784738465199,-0.005891154410099774,0.001407273090253354,-0.002953141657355257,-0.00582388886826712,0.0004872980732994934,0.9906200967554739,0.9839170824738076,0.9984055191617138,-0.000987945152175817,-0.0027515577962866087,0.0009393100914499337,-0.0015788395862893834,-0.004124135945707702,0.0014882539556558935,-0.0025626547082127247,-0.006113733607278616,0.0015464009207387564,0.0018644744940986442,-0.003198614031866066,0.0062276325309418,-0.003636729225889133,-0.011367649346199884,0.005146637146489683,7
gaussian_score,affine,wrong_movie,4,endpoint,1,1.0,1.5,1.2654648744826347,1.2630793409746144,1.2682398228544216,98.5744781033045,96.41167963084287,100.24885287144386,0.0005322473589605509,-0.0026620246118703693,0.00291313694301494,-0.0008184284526798418,-0.002689404266602021,0.001212114540910415,0.9951697506853241,0.9883677070419113,1.0029990107292293,0.00035539167017019715,-0.0009410954115161668,0.0017717695431018984,0.00017685568879035343,-0.002190168901802714,0.002160162269557595,0.0002656910078456752,-0.002980300914398134,0.0026557810606065613,0.0009446926431636327,-0.003231803057046679,0.005772480083193155,0.001442031183570661,-0.004257309259630318,0.0077588346326158955,7
gaussian_score,affine,wrong_movie,4,endpoint,2,1.5,2.0,1.7616518816547995,1.7600875138293621,1.7636519844629923,137.2240746504843,134.03045077002648,139.48394099546664,-0.001739449411046492,-0.0044350271871283166,0.0009604260439233547,-0.0028708234301584664,-0.005938054594801014,0.0004883113716748227,0.99703103063627,0.9909597917831244,1.003957859950989,-0.0007881755634823201,-0.0023838577945927988,0.0007836896881593974,-0.0009512738475641723,-0.0024971625424103365,0.0009154129525444849,-0.0017800214994644456,-0.004484189789758489,0.0009677513903892234,0.00011806358748096327,-0.004157955626244107,0.0042353567172363745,0.0023578659988505654,-0.0003032977415770597,0.005198354022454699,7
gaussian_score,affine,wrong_movie,4,endpoint,3,2.0,3.0,2.5314343905679486,2.5280452664591153,2.535665734715018,197.1753602766863,192.74067006721012,200.19426764934323,-0.00011305593348457819,-0.0019324975269709604,0.0014680725656105412,-8.105408310285146e-05,-0.00218880427307973,0.0017561430691062213,0.9978225684464296,0.9937197386823805,1.0022444191271391,-0.0008871135040140266,-0.0021670549791346304,0.00032362174791352615,0.0007740575705294487,1.6535298960250033e-05,0.00141299763899346,-1.0721748658886305e-05,-0.0018645799815570248,0.0015624393201614868,0.0007554437735856093,-0.0015887700720884478,0.0032989590219796804,-0.0005060916308941793,-0.0023742902441528596,0.0014510043439791838,7
gaussian_score,affine,wrong_movie,4,endpoint,4,3.0,4.0,3.520585063973057,3.517365048723135,3.523685245871164,274.2347352179612,268.07509303541406,278.72015353552547,-0.0005780721581987487,-0.002142960729074075,0.0010270922742710322,-0.0010681844325197765,-0.00209871403517743,-0.00010936025850906773,1.0021405759385786,0.9982179747898635,1.0054858618003095,-0.000424348890490098,-0.0013809046857665523,0.0007648617006660363,-0.0001537232677086507,-0.0011885536487111993,0.0010914021026545507,-0.0005000248498874414,-0.0022017627748837088,0.0012688275575971112,0.0009600717030570702,-0.0012373524366202401,0.0028684914029404574,-0.0007055344686018176,-0.0027810163650567785,0.001074791957887351,7
gaussian_score,affine,wrong_movie,4,endpoint,5,4.0,6.0,5.053250343615018,5.046537658623711,5.058994136757548,393.6129172712397,384.8083399358655,400.1942322645768,0.0005605128562847898,-3.597697504764275e-05,0.0011008724083634484,0.000502769661127153,-0.00016502105998539917,0.0010868471271746549,1.0005990130467235,0.9979814263615443,1.0034598927515317,1.1606850525211463e-05,-0.0007029584107824263,0.0007014749188488592,0.0005489060057595782,-0.0002787704068066053,0.0014696326908323054,0.0005574845851743314,-7.67188396602986e-06,0.0010657448605244694,-0.0002461353738676715,-0.0020026366289235347,0.0013978596849673053,0.00022347691575086735,-0.0013056336894707715,0.0017710633225437558,7
gaussian_score,affine,wrong_movie,4,endpoint,6,6.0,8.0,7.042142814746162,7.035448785536983,7.048505002375495,548.5433969129768,536.1452061401475,557.4436790084559,0.00026064686179236345,-0.0003023970738920282,0.0007779151434261028,-0.00027534188426503556,-0.0012399398755334697,0.0006787850059465319,1.001260849438949,0.9990477448089374,1.0037838948549702,0.00010502123955949368,-0.0003692440127410549,0.00048695467030685126,0.00015562562223286961,-0.0003970614499991938,0.0006784288549972879,0.00018206876475405318,-0.00027054425937080354,0.0006315388138163931,-0.0006046405096035685,-0.0020799246177426512,0.0009741004484606713,-0.0003202724062379947,-0.0013853081195002266,0.0008911379370722215,7
gaussian_score,affine,wrong_movie,4,endpoint,7,8.0,12.0,10.074288470786229,10.067274766191952,10.081573722365096,784.7191250602103,767.491673312279,797.3008786087881,-0.00013317352126166883,-0.0005462512468832046,0.0003371459876080073,-4.962105745429116e-05,-0.0005746797066405385,0.0004308381992648356,1.002378378251985,0.9997711115208264,1.0048130191347961,0.00010905388908459112,-0.0002809700631048998,0.0004932993633090281,-0.00024222741034626003,-0.0004834481875641114,1.0296301037309022e-05,-6.96815985080859e-05,-0.0005214437142738519,0.0004928125733057368,0.00042822263461172815,-0.00019285140210998432,0.0010970811091882253,0.0006211947269285092,-3.2705387881437655e-05,0.0012296694310080414,7
gaussian_score,affine,wrong_movie,4,start,0,0.0,1.0,0.6818873312172725,0.6703713012564627,0.6931498638116329,53.13626561738109,51.279546109467674,54.64075855109366,-0.001976921370629338,-0.005546789140780821,0.002023091666206582,-0.001999776787124515,-0.005817526827044702,0.0017828281428864375,0.9917564856140996,0.9843501895315835,0.9995034740295465,-0.00036554290743950906,-0.0022236225118149513,0.0013226435769147515,-0.0016113784631898297,-0.004394958967038654,0.0011454387793650431,-0.0019314717652565362,-0.0055649984040604715,0.0019229952569823077,0.001328664937447407,-0.0028904862842642795,0.004647818997402214,-0.003557195590473479,-0.01157285222535846,0.0058798290603229155,7
gaussian_score,affine,wrong_movie,4,start,1,1.0,1.5,1.2662500163671775,1.263784139430042,1.268422318008141,98.63501457434897,96.4346305855325,100.26371759186522,0.0003662165406010584,-0.0031048633374808165,0.0036043810620873602,-0.0009738533016698835,-0.0035536030422102837,0.0018854722454618687,0.9966836894085117,0.9874083756129508,1.005026843543026,0.0004921508133873878,-0.0012375232034700138,0.0022759945774197643,-0.00012593427278632827,-0.002940890424426241,0.0025991513893163613,0.00013305170427709427,-0.003529342895174596,0.0035370185590566697,0.00045378553204587964,-0.0034933439130902977,0.00493784874612911,0.0020096575052194056,-0.003321876035680111,0.008015945234889415,7
gaussian_score,affine,wrong_movie,4,start,2,1.5,2.0,1.7617464648179577,1.7604396990497644,1.7632840038815343,137.23256912977635,133.99119056532865,139.47952436954196,-0.002719061215521177,-0.005626076742796739,0.00010529889692875567,-0.003914557712280041,-0.007361230049779847,-0.00045708155896623405,0.9985122085947372,0.9916143139663268,1.0063502196594505,-0.0018332950083032212,-0.00363923109968617,-7.490959867115833e-05,-0.0008857662072179556,-0.002137518587817152,0.0003083517157064711,-0.0028143379214494004,-0.005635146477073654,-0.00010383677529271203,0.0010683841303702056,-0.0023172663300302693,0.004519079937946931,0.000506986400268628,-0.0027672188454105386,0.0033130039072610485,7
gaussian_score,affine,wrong_movie,4,start,3,2.0,3.0,2.531949318550552,2.5292846455448945,2.535358569898161,197.21567690370043,192.789374699961,200.26370529191007,-0.00023546194615936872,-0.002099778846819734,0.0013913554208112276,1.865011585186371e-05,-0.002102900854065429,0.0018756423732038932,0.9978597246978114,0.9937595657311872,1.0020011935285755,-0.000783534475658965,-0.0021395410224938185,0.00046743047484648116,0.0005480725294995963,-6.279978155776614e-05,0.0011503380201689476,-0.00014772039914328489,-0.00209174366976782,0.0015177784830526786,0.0004112623135989027,-0.001953755084300083,0.003081349373668923,-0.00010248073852244474,-0.0023809175287627087,0.002343546167255608,7
gaussian_score,affine,wrong_movie,4,start,4,3.0,4.0,3.520451390986898,3.517567964860775,3.5233645159267377,274.22326034908764,267.9765982898135,278.63055171319877,-0.0003965961633018759,-0.0018715216126420264,0.0011019407853070215,-0.0010167698104369411,-0.0020433274375776774,-4.5118631637638234e-05,1.0016805497637322,0.9976844287600276,1.0048728467103265,-0.0004698799671574564,-0.0013243820632707667,0.0006799318800355927,7.32838038555813e-05,-0.0008664270480855763,0.0011587881347756444,-0.00029837938930639337,-0.0019172190180331325,0.001513750500546625,0.001250064234040173,-0.0006913358725207395,0.0029170836344648613,-0.0004861999427242096,-0.0023423961871685676,0.0011462322965684322,7
gaussian_score,affine,wrong_movie,4,start,5,4.0,6.0,5.052869663066079,5.046549950320083,5.058629148614331,393.5832594681973,384.9373593908857,400.01075159619097,0.0005200814145387851,-0.00022065017750902912,0.0011167639592980958,0.00044137996412402746,-0.0003521204184231194,0.001057996389873424,1.000476601048353,0.9979534123583031,1.0031521514298833,-1.3077297982853834e-05,-0.0007168369684024845,0.0006765400136116864,0.0005331587125216392,-0.0002661363225289521,0.0014089717740425004,0.0005246385894104191,-0.00013385163558807101,0.0011008011378134343,-0.00028579204659525754,-0.0021309974303370532,0.001774377004066695,4.04224275764916e-05,-0.0014766561163079667,0.0016181953747738398,7
gaussian_score,affine,wrong_movie,4,start,6,6.0,8.0,7.042084358140536,7.035366900976512,7.048464120745446,548.5385459882124,536.1346827360384,557.3625066066418,0.0003131686984176433,-0.00015981134212415284,0.0007481133058444268,-0.0001794864287656557,-0.0010978351722006005,0.0006687320783764862,1.001219237463213,0.998840188378196,1.003944727507846,0.00013274987762199102,-0.0002848664197175724,0.0005161332769230986,0.0001804188207956522,-0.00034981553841959993,0.0007002628813400605,0.0002471821353053722,-8.575704677314873e-05,0.000643768867573106,-0.0004734794329815723,-0.0018482030966811885,0.001049100886544153,-0.0001645231556172262,-0.0012520736364863942,0.0010805123108093987,7
gaussian_score,affine,wrong_movie,4,start,7,8.0,12.0,10.074142190624869,10.067036699105023,10.08147352439907,784.7065195404006,767.4547120361669,797.3771486854673,-0.00014220063403388221,-0.0005654998222003351,0.00031385055443611823,-5.486340373102499e-05,-0.0006372046732663799,0.00048239028153737275,1.002407834768672,1.0000321928194043,1.004712956626745,0.00012402792998148098,-0.00029573450966323287,0.0005306467168902506,-0.00026622856401536325,-0.00046580980847803005,-5.3276251861624685e-05,-9.168930576757471e-05,-0.0005510932523886057,0.0004442344491083079,0.00034596978847719993,-0.0003166015393329969,0.001068781023428677,0.000566953170870822,-0.00018215609499475593,0.0011725514545810885,7
gaussian_score,affine,wrong_movie,5,endpoint,0,0.0,1.0,0.6817412228399989,0.669993315248106,0.6926320497252457,53.159717318021684,51.21051054045203,54.64661506860241,0.002353250325644877,-0.0009700895973220782,0.005662318294581198,0.0018033409830267894,-0.002551992538718691,0.006053480102768237,0.9872678236619519,0.9801046621653837,0.994976446025647,0.0010599576290206104,-0.0015700260234544302,0.0038831418555942214,0.001293292696624267,-0.0006532248830700647,0.0034790546491961843,0.002506183572655306,-0.0009794492330751363,0.005965440246748188,0.0013926387753904147,-0.002454060143221151,0.005224213198843463,-0.00275332205991544,-0.008384611046956604,0.002611754291833505,7
gaussian_score,affine,wrong_movie,5,endpoint,1,1.0,1.5,1.2662564389612576,1.263800027533876,1.2684030357219163,98.69929200117076,96.42766434694963,100.28930023325378,-0.0008704065059892028,-0.004390019768011101,0.0025093916599311047,4.033834479319174e-05,-0.002768919252681168,0.002702539737446021,0.9979378256621351,0.9912095678216921,1.005563935793445,-0.0007002833196528203,-0.0032719295543473838,0.0016252103666081323,-0.0001701231863363813,-0.001867530563148669,0.0015686328912879123,-0.000786050514008793,-0.004293890482888265,0.002438115509937472,0.001156096249147167,-0.0033552994077395795,0.005651675664566127,0.0013316912050417207,-0.0035798044493599935,0.006592591215281219,7
gaussian_score,affine,wrong_movie,5,endpoint,2,1.5,2.0,1.7617871075788523,1.7604303931912344,1.7632886037665563,137.3250232367031,134.10776175958065,139.634486178112,-0.003226324377615812,-0.005575695905373753,-0.0008379232813228208,-0.0025612756621126304,-0.0057571364740913395,0.0002630646886799901,0.9981418983997034,0.992392463268774,1.0047765526894141,-0.0018122791989975888,-0.0037959068381916657,0.00038421729651655947,-0.001414045178618225,-0.0037063499946185818,0.0006566794677374612,-0.00347547487425258,-0.006059505207344267,-0.0010263122143942685,0.00023108999011809588,-0.0026130330363705366,0.003492529324713582,-8.328224330528763e-06,-0.003312122367967283,0.002997390871142193,7
gaussian_score,affine,wrong_movie,5,endpoint,3,2.0,3.0,2.5319263186792953,2.529189901176868,2.5353678082850712,197.34231937985706,192.92255897437428,200.36315698540585,0.0011263363248014012,-0.0005178424049831044,0.0027879663151827044,0.0011482076031190823,1.8816210857889337e-05,0.00204013041288862,0.9974297456222425,0.9929369589224859,1.0023784319916564,0.000611358077426073,-0.0012371980588781282,0.002511797703140615,0.0005149782473753283,-0.00047117361100672777,0.0015801097354403656,0.0012033147533806415,-0.0003543336015011789,0.002870886469577639,0.0010534766132837376,-0.0010894140685961194,0.003025581112689063,0.002136004671775211,0.0005768127319605959,0.003841074602881226,7
gaussian_score,affine,wrong_movie,5,endpoint,4,3.0,4.0,3.520530833185392,3.5177417442745695,3.5234020950948564,274.407178561854,268.2151568067229,278.7526809885039,7.087910891554158e-05,-0.0015680587361208299,0.0019155814101989553,0.0002844089956893933,-0.0008110350660866945,0.0013220757871634224,1.0013376558569127,0.997017590720592,1.0050329706216516,2.182479560254078e-05,-0.0010622222084511533,0.0011286111349296465,4.90543133130008e-05,-0.0007480277964055726,0.0009316769481034368,0.0001852482792209411,-0.0015563017554700565,0.002046984446730248,0.0015411552237401815,-0.0005186220371700995,0.0036078104232978776,0.001320867120184748,-0.0013354269355616345,0.004356625696942553,7
gaussian_score,affine,wrong_movie,5,endpoint,5,4.0,6.0,5.052743578431607,5.046406433690903,5.058544143116709,393.82903922204576,385.3642040880747,400.1546044233392,7.573237258578472e-05,-0.00044010722687579096,0.0006345031850265961,0.00020602484461574057,-0.0004018604636443014,0.0007321720582190728,1.0006354333141736,0.9982927569834298,1.0032768757487494,0.0006468086532293629,1.4693902254253785e-05,0.001222666711988273,-0.0005710762806435783,-0.001418169448422822,0.00032194300849645467,8.515439846540232e-05,-0.0003791454417275038,0.0006254016600856666,-0.00035468424345319187,-0.001468784078000044,0.0007063678181458232,0.0006921277828735859,-0.0003081202424049624,0.001717778989673383,7
gaussian_score,affine,wrong_movie,5,endpoint,6,6.0,8.0,7.042001159776575,7.035379368641322,7.048225857991077,548.8883627893557,536.1553943940875,557.6567514574506,0.000497883691696328,-0.00043786019735456285,0.0013971062018051663,2.7875865499151945e-05,-0.001297578005982176,0.0013000637672200273,1.0008402350122105,0.9986801022078604,1.0033437438296324,0.00020471585661515108,-0.0005144965708444089,0.0008937219671526497,0.000293167835081177,-8.065547998552984e-05,0.0006323394251257091,0.0004215907385038767,-0.0005534174941713553,0.001382847924084223,-0.0008966632928314374,-0.00260609408022347,0.0007037283791370803,0.00020512200430687963,-0.0011633122940600679,0.0018610668182128813,7
gaussian_score,affine,wrong_movie,5,endpoint,7,8.0,12.0,10.074201624363528,10.067020235019287,10.081463166832517,785.2206170268718,768.1580998258611,797.5910172649138,-0.000422733332145442,-0.0008074982032660387,-8.203095706822365e-06,-0.00041178484202342635,-0.0010153386724247601,0.00023145332287373234,1.0024540960149897,0.999628210145472,1.0049270858555868,-0.00011097273922245105,-0.0005023630416032331,0.0003243031788126658,-0.0003117605929229911,-0.0005063391452964242,-0.00014160284870615823,-0.0004566990097339575,-0.000811046408908443,-8.983415090054058e-05,-9.330220033049886e-05,-0.0006588976963106056,0.0005004304964707158,3.137046028987671e-05,-0.0005226261474319608,0.0006382248073661998,7
gaussian_score,affine,wrong_movie,5,start,0,0.0,1.0,0.6798352167400603,0.6697548057146517,0.689440964888943,53.0092198229227,51.146569462339514,54.421061140567055,0.002506520563277576,-0.0009828856475431545,0.005972476908633855,0.002535198060453977,-0.001327238976407716,0.006717042983738722,0.9885068285975979,0.9809912772733114,0.9960281055264076,6.235405353797163e-05,-0.002654377456469466,0.002989086818013166,0.0024441665097396053,0.0005504864101893922,0.004542379192746581,0.002588304374077529,-0.0009989658973375184,0.006106299118037975,0.0018129692733279597,-0.0027087429998837046,0.006353983114244782,-0.0013421807982939103,-0.007730623260023265,0.00386201024106426,7
gaussian_score,affine,wrong_movie,5,start,1,1.0,1.5,1.2668896785477153,1.264907310069778,1.2685672198586866,98.74601985978336,96.55796694904326,100.30784652619553,-0.0017591966028982554,-0.005000779536183868,0.0012780583516569981,-0.0005656179957793181,-0.0032986070588426155,0.0019359467088590555,1.0008124991875653,0.9950153353976035,1.007629931865583,-0.0007635637534870373,-0.0032228135213036167,0.001419266120087674,-0.0009956328494112184,-0.0029056104710916205,0.0010151486297879755,-0.0016533458178108827,-0.004866251941674668,0.001370526899023722,0.0007238645732167869,-0.0026630805708907014,0.003951966894429249,-0.0004655098771874001,-0.0047866235158119585,0.003959422669253447,7
gaussian_score,affine,wrong_movie,5,start,2,1.5,2.0,1.7621166954960839,1.7608826930009793,1.7634348193327003,137.34907639958337,134.32366620376735,139.57848144336512,-0.0026072420273538766,-0.004513390397022377,-0.00042967383409340463,-0.0025906207167913733,-0.005527923520488571,0.00047959199502365,0.9984793794540199,0.9923726972930987,1.0052051636757464,-0.0009542321952979507,-0.003067093755934959,0.0010834327623887292,-0.001653009832055926,-0.0037756283030163373,0.00027489620519837555,-0.002844944848772924,-0.004821714824854763,-0.0007012383303315841,-0.0013262225767897494,-0.0028776469763102546,0.0004849038465110917,0.0020124160439447462,-0.0008255482549814391,0.00474591530529287,7
gaussian_score,affine,wrong_movie,5,start,3,2.0,3.0,2.5323093142836295,2.5296066009419707,2.5352889522026163,197.3719928520142,193.2139887957582,200.35727433081985,0.00104640368500767,-0.0005781419304877455,0.002669640779570893,0.0010814588843119804,6.71098474272518e-05,0.0020464052161604175,0.997157673055966,0.9930913448519357,1.001969015796186,0.0003311766486133607,-0.0012283462537788076,0.0020396003462054392,0.000715227036394309,-0.0002714761032368558,0.0017296738119540846,0.0011719503905269024,-0.0004339021980069677,0.0027637881204016592,0.00183757937628554,0.0001582983886044444,0.003299034456059555,0.0017539186116987348,0.00020867902232780367,0.0035734773085013562,7
gaussian_score,affine,wrong_movie,5,start,4,3.0,4.0,3.5204707612110435,3.5180809731686784,3.5230604595123443,274.4026069638706,268.0095882095247,278.74659510673763,0.0002272523830089304,-0.0014476822977768592,0.001981801439920433,0.00026142839141444563,-0.0010077809271389336,0.0013698271405269465,1.00038984882975,0.9958969228352111,1.0044746399532196,0.00013724321840957875,-0.00080420242493955,0.0010959587345934151,9.000916459935147e-05,-0.000791996042305669,0.0010750708882292781,0.00034005108684380863,-0.0013463446803014003,0.0021229692519568254,0.0014369399377397029,-0.0008496280667819619,0.0037347160004880635,0.0011417338086697983,-0.0015989256712668142,0.004227317152761881,7
gaussian_score,affine,wrong_movie,5,start,5,4.0,6.0,5.0526872311156685,5.0463699454426925,5.058283076570864,393.82494250433535,385.0312214688294,400.24545029791585,-0.00010266254954828982,-0.000628667780329676,0.0005395111169388678,0.00012725473818035426,-0.0004679915251490109,0.0006719864055591497,1.0009476666002624,0.9984897342160343,1.0035494300981653,0.0005289880601205413,-0.000153754209588949,0.0011786092628249655,-0.0006316506096688308,-0.001435125526590606,0.00019697814271546295,-0.00010629337614190348,-0.0006068314794547416,0.0005092700328710986,-0.0004402893134795879,-0.0013859322976979822,0.00048188122923409967,0.0006242255401719641,-0.00015184230478273246,0.0013798008524915854,7
gaussian_score,affine,wrong_movie,5,start,6,6.0,8.0,7.042276595186701,7.0357892673648985,7.048415929523581,548.9093143626937,536.1509135243986,557.6558126845216,0.0005831363480327815,-0.00039681725753303645,0.0015108882184800968,8.491599465211148e-05,-0.001279320667274079,0.0013915321550813837,1.0007566403944652,0.9987075239462613,1.0032787148003972,0.0002993115939857587,-0.0004614517231307907,0.0010060997910780226,0.0002838247540470227,-7.185884827632264e-05,0.0005868830874385696,0.0005023466211481065,-0.0005884462429570537,0.001491168199351128,-0.0009663537283094605,-0.0027091295654399056,0.00081932638808982,0.00022718912008271727,-0.001110452025910433,0.0019443805472746905,7
gaussian_score,affine,wrong_movie,5,start,7,8.0,12.0,10.074138024250503,10.067270906181816,10.081388376632207,785.2153983507818,768.1460007901784,797.4952884753504,-0.0004247165343261122,-0.0008070717694648366,-7.086889847038989e-06,-0.0004175036027712942,-0.0010011981267242477,0.00020985142662244497,1.0024674814117354,0.999746149384095,1.0049526772509265,-0.00010507381905861027,-0.0005014151714169568,0.0003319201411869384,-0.00031964271526750205,-0.0005168286857865286,-0.00013987814645659275,-0.00045575070611318967,-0.0008163487595079829,-8.961352800939567e-05,-8.339097190833288e-05,-0.0007240217559210183,0.0005937227105905416,4.890419895922345e-05,-0.0005722992083776848,0.0007060049029670022,7
gaussian_score,affine,wrong_movie,6,endpoint,0,0.0,1.0,0.679694096752626,0.6696612291172249,0.6891939294517271,53.024301565472165,51.17767131098244,54.39398375914662,-0.0007393424698815064,-0.0055342857536383955,0.004237815551409951,0.0007395609035221238,-0.004597261125191152,0.005950588448543661,0.9910293365080118,0.984396571157231,0.998652773829018,0.0001632906481871619,-0.0031279292176006447,0.0035976506293263944,-0.0009026331180686679,-0.0031470563875525604,0.0016748928582973818,-0.00040348087471120495,-0.005168131266193391,0.004644312949925317,-0.0013430583565686052,-0.006958158913490834,0.003843950644954003,0.004015916966659377,0.0005925980422840962,0.0074500293385028294,7
gaussian_score,affine,wrong_movie,6,endpoint,1,1.0,1.5,1.2668251000403643,1.2647893435524862,1.268640282657193,98.78884698759201,96.70297018945992,100.34552182930898,-0.0021081067326769775,-0.007420802097506299,0.0028713645482305217,-0.0018674298003529617,-0.0059544852622443484,0.002271564613465584,0.999813953158438,0.9936402592347596,1.0070068752185644,-0.0009521648501486143,-0.0028765398854357234,0.001788834115052994,-0.0011559418825283624,-0.004820694644002197,0.0028634090168590497,-0.0022222989587253376,-0.007466359689118439,0.0027192786942507007,-0.0009910480315573446,-0.0054678430119668095,0.0035883021364652256,0.003527827310543735,9.713470832185571e-05,0.008265306382862011,7
gaussian_score,affine,wrong_movie,6,endpoint,2,1.5,2.0,1.7621011547446805,1.7607549973857113,1.7634164803425212,137.4144795422765,134.40353011832184,139.62012740517395,0.0004704920609470093,-0.002366773026627733,0.0037479960547363313,0.0004475303247444889,-0.0026509425888796576,0.0034538672161938803,0.9958419669905804,0.9895861592797188,1.0032300628288813,-1.0376017223565268e-05,-0.0024438718933535264,0.0025466069409924214,0.0004808680781705753,-0.0021770636405393485,0.0027514855345467113,0.00042944251071068954,-0.0022724296884670354,0.003733478947388738,-0.0029391798336847372,-0.006993360217620646,0.0023954291689057172,0.0005978605276706888,-0.0025392810937654676,0.0041707258561656585,7
gaussian_score,affine,wrong_movie,6,endpoint,3,2.0,3.0,2.5321681849734405,2.5294281654426207,2.5352178529610856,197.45711243158857,192.96787695769763,200.438881672488,0.0008893004855554761,-0.0014449971340772176,0.003132032585677675,0.0002390417193892641,-0.0015844932636941637,0.00211226806738089,0.9975594677546374,0.9929466451067759,1.0034916157080238,0.00031618447943604827,-0.0009235540219421036,0.0015480412785466072,0.0005731160061194276,-0.0006230161096618835,0.0016951550170180214,0.0008669552361259157,-0.0016273416860935269,0.0031675001268728414,-0.0003675974508417314,-0.0025809966808886162,0.0018247061142601065,-0.001192088077907256,-0.0034197872477724784,0.001703871822092344,7
gaussian_score,affine,wrong_movie,6,endpoint,4,3.0,4.0,3.5204768458073246,3.5180926240229065,3.5229575174303087,274.5361679365722,268.41099771695525,278.86785124952877,0.0015219448412676687,0.0006962606030191647,0.002358967128419704,0.0011788543049322735,0.00022061268896748996,0.0021388488951369464,0.9992542123534988,0.9942467579616382,1.0030286547293699,0.0010342642918690383,0.0001070559553569742,0.0019399284578924846,0.0004876805493986303,-0.0005619001383180902,0.001456661055023202,0.0013944731440721071,0.0004938615314262529,0.002245169463703302,-0.0019792310332039883,-0.0037015418213567973,-0.00014630610320420304,-0.0023966470049821558,-0.004175783282437342,-0.0005440487367625765,7
gaussian_score,affine,wrong_movie,6,endpoint,5,4.0,6.0,5.05256684628039,5.046334967372276,5.058102650247765,394.0069449804807,385.3970807132186,400.32735680301613,0.0004227594944653138,-0.0006798099275288808,0.0016478247850423668,0.0004301693855502037,-0.0003270363191031572,0.0012423855155979113,1.0004196894419273,0.9983567850611104,1.00278343853126,-2.911309427586465e-05,-0.0006854674098729122,0.0005727111247930289,0.00045187258874117845,-0.00040016991581535153,0.0012610496581570453,0.0004466191426717137,-0.0005402823166862483,0.0016199894465138579,0.00029304643935903373,-0.0018232016477979795,0.002452883702787034,0.00010787438333404897,-0.001702968180042384,0.00172646342429669,7
gaussian_score,affine,wrong_movie,6,endpoint,6,6.0,8.0,7.042200310754936,7.035639742735024,7.048411163150354,549.1696587036357,536.9531211053487,557.6898304333023,-0.0004867248559093186,-0.0015948850356380221,0.0005679906872276564,-0.0004046610855699009,-0.0014197836328199733,0.0004686328104304218,1.00160585607695,0.9992921000877262,1.0041518702588277,-0.0002834433295906641,-0.000887915563176895,0.0003120434922064909,-0.00020328152631865403,-0.0008003087176679566,0.00031794979388630185,-0.0004183571026589063,-0.001466931751836643,0.0006274341222016437,0.00015406939098771094,-0.0013184735118467025,0.0016577868321922093,0.000557468331563541,-0.0007986850501468106,0.002063831494412745,7
gaussian_score,affine,wrong_movie,6,endpoint,7,8.0,12.0,10.074189748839446,10.067191174871551,10.081278421778872,785.6006960908724,768.1473023860981,797.885314339035,-8.066260525857886e-05,-0.0006574082671418622,0.00038199914803286044,-0.00020804406304034687,-0.0006580428556409582,0.0002846632180162248,1.0024475167650562,0.9997304121290069,1.00492621883304,-0.000127025923898535,-0.000586348323862919,0.0002660185390380527,4.636331863995602e-05,-0.00017942505492719673,0.0003013517353747494,-4.632954233744329e-05,-0.0005596815685830879,0.0003272096918984419,0.000465193934998612,-0.000520543734135877,0.0014577340157720252,-0.00016060839650919849,-0.0006704997972423074,0.0003094340104800925,7
gaussian_score,affine,wrong_movie,6,start,0,0.0,1.0,0.6782467352821663,0.669642432526613,0.6869148379592148,52.91039447583806,51.1976920697623,54.24921149719347,-0.0006183203380335569,-0.0059006415095116185,0.00461964769432672,0.0008025064482859955,-0.004838187669111167,0.006107427379956281,0.9921699975897064,0.9842444650319891,1.000940591547406,0.00010288634813704742,-0.0033096206694283124,0.003698801944682934,-0.0007212066861706038,-0.003294750977283501,0.0020603828322625804,-0.0005153201186606479,-0.005668097568928475,0.004647602805961823,-0.002277222931287358,-0.00811829377693551,0.0031561464980353247,0.003354849087607823,-0.0008162292839747797,0.00742288821446813,7
gaussian_score,affine,wrong_movie,6,start,1,1.0,1.5,1.2676652275808828,1.2664062945038963,1.268987450221815,98.85280969583525,96.80081324575815,100.36948502656047,-0.0012798892246884315,-0.006462178215375778,0.0038418255675350265,-0.001982911913061005,-0.0059389252472330884,0.0019479486543338006,0.9993238983376082,0.9926995066788554,1.0064756011515608,-0.0008468131689775461,-0.003146447212785728,0.0026901019887310223,-0.0004330760557108848,-0.004399203865983677,0.003593084970857912,-0.0014723694799259764,-0.006618986694108139,0.003772336785723318,-0.0018100826410186617,-0.00660381802942422,0.0034080345620603144,0.0031169623907030598,-0.00022982196381720682,0.007194535393023625,7
gaussian_score,affine,wrong_movie,6,start,2,1.5,2.0,1.762735429765541,1.7618368746359632,1.763863224844351,137.46252596907956,134.36674617831872,139.6667063082969,0.00030539602581040794,-0.0024994581982493015,0.0035233124903526355,0.0006896400130371273,-0.0030324948466522003,0.004154074243294135,0.9981969449103938,0.9915052997081358,1.004930537505348,-3.69685564733231e-05,-0.0020388913109505896,0.0020622066443378097,0.0003423645822837307,-0.0024588746284556133,0.002862279927143274,0.00031130804120408577,-0.00263609783128333,0.003378513972737621,-0.001017358165951827,-0.005234232852057995,0.004099449907768615,0.0011930863373345055,-0.0016643405072440255,0.00431995453148165,7
gaussian_score,affine,wrong_movie,6,start,3,2.0,3.0,2.5331807997538864,2.5304716514730297,2.5358900698127806,197.53616637259296,193.30846465981963,200.48522816597028,0.0009111985907722493,-0.0012574584910731643,0.002996515716798468,0.0004206767901645085,-0.0009851766069328088,0.001903391001828802,0.9976141054348335,0.992646170565325,1.0026871926754997,0.0001847419104021065,-0.0010941974603612058,0.0014079435551219404,0.0007264566803701435,-0.00021782038513628487,0.0016010212381181623,0.0008871975119890614,-0.0012864417206493682,0.0030272327761477367,-0.0006011112209704982,-0.0026042315138115465,0.0015137882435910517,-0.0004051738119721142,-0.002694275226905089,0.0023257538952516843,7
gaussian_score,affine,wrong_movie,6,start,4,3.0,4.0,3.5210856927080676,3.5191924938884505,3.5232509793712126,274.5824641892078,268.51266076104844,278.90322661839366,0.0015311052338676104,0.0005919922293777056,0.0024551164719430973,0.0011859515383814381,0.000155527714226004,0.0022375097209407944,0.9986417202049489,0.9935740782667442,1.0026493933908145,0.0012180701737408153,6.777529620982308e-05,0.0023557635281545135,0.00031303506012679463,-0.0007527843499893832,0.001301380979378901,0.0014107821878876954,0.000412618853117221,0.0023842524057127294,-0.0018398758057802161,-0.0035612296615151464,0.0002920525018844613,-0.002547493279551659,-0.004533082644505988,-0.0005480541625505894,7
gaussian_score,affine,wrong_movie,6,start,5,4.0,6.0,5.052543187847318,5.046435252808833,5.057962336460957,394.0045053140857,385.2603371988659,400.40766041119224,0.0003056922692138431,-0.0007188967263736439,0.001442393332277211,0.00031187510890428065,-0.0005489098933059986,0.0011718261492511394,1.0002678647829366,0.9981403254509135,1.0028166858794594,-0.00015112548350159992,-0.000773227620658379,0.00042406827292885513,0.00045681775271544275,-0.0003103973985881141,0.0012492608024225343,0.0003421999249964878,-0.0006382805832795077,0.001455000209460781,0.0003817765649918372,-0.0016015912052010427,0.0024014308026791263,-1.1213170476153125e-05,-0.002009196763756733,0.0017354146495697905,7
gaussian_score,affine,wrong_movie,6,start,6,6.0,8.0,7.0423019772380835,7.035742659699967,7.048413234949942,549.1766547543446,536.5503722163837,557.6534761942405,-0.00040281618004220094,-0.0014650537018751652,0.0007076575515128247,-0.00027301314305582685,-0.0013007282112988806,0.0006089528509209555,1.0019176403020977,0.9998931455263685,1.004414475903903,-0.00020586462808698907,-0.0007447743856566186,0.0003708367671772987,-0.00019695155195521177,-0.0007783753498149575,0.00034273859829086925,-0.0003489079966973883,-0.0013511292468630265,0.0007203790558295625,0.00011012369940916505,-0.0014013608573609597,0.0016880706023531152,0.0005929671953025086,-0.0009626651903900157,0.002241313803823723,7
gaussian_score,affine,wrong_movie,6,start,7,8.0,12.0,10.074226688033374,10.067225597975105,10.081576639423137,785.6028564095885,768.4168433960473,797.6354789471991,-0.00010913776217812315,-0.00072755965268946,0.00037245863332082156,-0.0002584242937651494,-0.0007398035081964818,0.00029187960079217674,1.0023722155476764,0.9994234744127342,1.004943350407278,-0.0001558118545765468,-0.0006415377974480736,0.00026124104923406415,4.667409239842344e-05,-0.0002146304700336945,0.00033127544274342327,-7.568149369354379e-05,-0.0006071101138890022,0.00033876205898921325,0.000450559291813807,-0.0005064055221538947,0.0014510538955168257,-0.00017189420300410026,-0.0006378105849060813,0.00025803256525352373,7
gaussian_score,none,real,0,current,0,0.0,1.0,0.686078138307831,0.6702680104001223,0.7006838835532309,53.382845863427804,51.13372201584337,55.17741725539842,0.3150898432874948,0.27529962753326653,0.3550866658842656,0.3205797761100641,0.2770249026435768,0.3611216402168817,0.6696494376994483,0.6350675917068876,0.705895035925324,0.16470978277256965,0.1458332012034979,0.18257712338794926,0.15038006051492517,0.12856827265884951,0.17335131415825222,0.31503039815841866,0.2747201915424966,0.35490582982736,0.0006142299041139091,-0.002693370095283522,0.003544081220205435,-0.008699654490574952,-0.017651512260784697,0.001451067932933227,7
gaussian_score,none,real,0,current,1,1.0,1.5,1.2631960026996971,1.2601212257260053,1.2662009967643033,98.25736302053664,95.94913407427599,100.15936577943012,0.23281503760923866,0.18612566865252914,0.27782105382047834,0.24649825603857387,0.19756495771779498,0.2966075671639634,0.7503633816058414,0.6987870774170974,0.7968308530558991,0.11029556459940226,0.0878953817521528,0.13376568247724277,0.12251947300983636,0.10107238230047917,0.14415718226521354,0.23278840009216775,0.18756565167735212,0.2782331716803662,-0.0010514540497472667,-0.00436396964285751,0.002286144885443324,0.0003672564053707259,-0.0054160757803386455,0.006098416728647033,7
gaussian_score,none,real,0,current,2,1.5,2.0,1.7617350122272861,1.7592385672268438,1.7644012858855385,137.03676354983955,133.81067912406215,139.58627204304437,0.2067279753978473,0.1616895224887575,0.25238039837348564,0.21769497485061134,0.17232942323818176,0.26247587481787077,0.7869630875897472,0.7473262848129855,0.8232384483781554,0.09472258260428269,0.07238330849243488,0.11708423966199251,0.1120053927935646,0.08981605193735805,0.13525254877279655,0.20659856168558427,0.16289023401172964,0.250706478398882,0.0010946948287458096,-0.002644859166437909,0.005100154266124687,0.0009374422043324228,-0.004804354739723212,0.0058683065592590716,7
gaussian_score,none,real,0,current,3,2.0,3.0,2.530956722864286,2.527374689438886,2.535723604677344,196.86178658713723,192.39864589362588,200.3313505707781,0.18724739537417728,0.1454210670731013,0.23155707192022207,0.19955815480028646,0.1541874102012477,0.24700367637066778,0.8073081921156006,0.7644321777037584,0.8501842065274429,0.08573668901488347,0.06438744196651722,0.10805140856563307,0.10151070635929378,0.07969946693214039,0.12451889394272363,0.18737144031556707,0.1446459536293345,0.23254680595235314,0.0013285087053468802,-0.0005625564131832771,0.003096345970768602,0.0043121176348195145,-0.00018769467548990638,0.008670597017530266,7
gaussian_score,none,real,0,current,4,3.0,4.0,3.5203193067530907,3.5170955992666224,3.5236112289755885,273.8272814557655,267.39141801681177,279.04366210545305,0.1729667469309943,0.1269545335782871,0.2219292708576209,0.18731750465825334,0.1400827308230422,0.2356548622284102,0.8251516367234407,0.7795386325111141,0.8648801263218262,0.08166867283485364,0.05825318214303968,0.10659488876319191,0.09129807409614062,0.06951743158082788,0.11406634391721779,0.17299769614224722,0.1274150119895568,0.2197238257729571,-0.0005172854987760565,-0.0022714211948265226,0.0011534511717618537,0.0037710845459919267,4.741815340635727e-06,0.007807818837575368,7
gaussian_score,none,real,0,current,5,4.0,6.0,5.0537208469924035,5.046988427895167,5.059798497495835,393.0879970517635,383.9633860719069,400.47124932708215,0.16892488900775898,0.12516062581807688,0.21401967968229524,0.18211660202745175,0.1344636629448261,0.22962970090141083,0.8315878546578798,0.7879409481448604,0.8746396396287343,0.08176085812474192,0.058949922242050055,0.10476419274059502,0.08716403088301704,0.06541359487266733,0.1090708608188133,0.16895562319772411,0.12588492894412368,0.21267681219988083,3.4884491087553035e-05,-0.002103712280744083,0.0020322038784918377,0.0004265421797530283,-0.0014409119231652348,0.002258467388966735,7
gaussian_score,none,real,0,current,6,6.0,8.0,7.0423671886939285,7.035386339728631,7.049117344728159,547.7843470659108,535.198542925351,558.0786397915908,0.1663080804991259,0.1205382622474462,0.21299950440292964,0.18111580011836206,0.1326400221182144,0.22843750976358193,0.8323603098845719,0.7875795534029404,0.8752623279278247,0.08335989408123846,0.06098698874366917,0.10635810357190066,0.08294818641788741,0.059880579852619166,0.10693798234830663,0.16634844987611097,0.1215375772428219,0.21333698086809358,-8.018887730424807e-05,-0.0032884220842209805,0.0031280443296124844,-0.0005879178867209251,-0.0029052287524087687,0.0017039831286550227,7
gaussian_score,none,real,0,current,7,8.0,12.0,10.074385452639659,10.067631035635067,10.08135549719531,783.614285810383,765.019180476164,797.8992295642882,0.1606297545214317,0.11623605172844066,0.2039528492135679,0.1735813836761479,0.12569280622444542,0.21926960630921116,0.8410211432525883,0.799287162742576,0.8830906842543524,0.07955990116943058,0.057891950918242896,0.10070152893760034,0.08106985335200109,0.05805519507961128,0.10306940577138705,0.1607439658869899,0.11654611140926543,0.20500321940590532,0.0006157374304298984,-0.0014466813237918436,0.0024936699834412876,0.0004616181730751975,-0.0006641835090934102,0.0016066177393966054,7
gaussian_score,none,real,1,endpoint,0,0.0,1.0,0.6858916100267098,0.6701634444657123,0.7003700405882546,53.389926901876926,51.151093126843875,55.19017268825199,-0.05767985039952155,-0.08895565387814165,-0.02537877868823897,-0.06992989716902581,-0.10127375917260552,-0.03512709831120439,1.0400030995145506,1.0019812667244115,1.078990452064804,-0.032391363788182075,-0.0485200650695801,-0.015248048770000107,-0.025288486611339474,-0.04070333793471093,-0.009791592276024538,-0.05740613459736387,-0.08815187002006351,-0.023781382929354125,0.0042054136313541155,-0.00017664826862802237,0.008395774641533472,-0.0023993053997068857,-0.011180527600667142,0.007439407438713063,7
gaussian_score,none,real,1,endpoint,1,1.0,1.5,1.263116575543481,1.2599608768676935,1.2662790522400182,98.2907477999109,95.87707842200162,100.12103096086001,-0.07577458385233747,-0.10569755817794932,-0.04609038493775837,-0.08561101746912884,-0.11637917015926451,-0.054431911747852293,1.0602201036018912,1.0324199513320635,1.0866298356458433,-0.041192302968453595,-0.055877259735201155,-0.026277696259197375,-0.03458228088388388,-0.05018047861489289,-0.019797800189009583,-0.07591877240812257,-0.1058760032420576,-0.04602827949502729,-0.005285307042064836,-0.013069170040830242,0.0025343696303895364,-0.000974176600289905,-0.008402931492721246,0.006010349055550552,7
gaussian_score,none,real,1,endpoint,2,1.5,2.0,1.761824766118805,1.7592013974754293,1.7645272313958336,137.09818727001465,133.88209989620685,139.61469827407473,-0.08865361293592942,-0.1156433369499739,-0.06189310058279196,-0.09638103144077581,-0.12196207618577058,-0.06964859321701207,1.079999322637367,1.0495999180046127,1.1120950662223328,-0.05036426110297646,-0.06382524246784184,-0.037731410472226105,-0.03828935183295296,-0.051875025714287294,-0.024406435315990318,-0.08868374272438119,-0.1153968878398852,-0.06284760563904096,-0.001001752323235893,-0.006882292339026303,0.004587113373369666,-0.0008173506493831754,-0.005180642390522737,0.004202841773593399,7
gaussian_score,none,real,1,endpoint,3,2.0,3.0,2.530955494836713,2.5274446846410394,2.5356334308959365,196.94004582175984,192.23013252062822,200.2949418321777,-0.09634018956602097,-0.12282394890758648,-0.06969835407178154,-0.10261014386991733,-0.12904705597591304,-0.07453816928721542,1.089853002527761,1.0634985742186338,1.1162715852160436,-0.05170959103971002,-0.06498847111827241,-0.03914358894771804,-0.04463059852631094,-0.05711898141143041,-0.031231544861487673,-0.09631799528823617,-0.12275130834790647,-0.06933349691973181,-0.002277675620895425,-0.0055021358590709125,0.0008392900533373789,-0.0003051509330143529,-0.0022032611332363805,0.0014731583532992523,7
gaussian_score,none,real,1,endpoint,4,3.0,4.0,3.520303091569531,3.517125602047463,3.5236602919500926,273.93523190601564,267.4673084341131,278.81607768752434,-0.10142944137963254,-0.12713474444224906,-0.07467234967259566,-0.10532520842577421,-0.1312813306679763,-0.07806258723284384,1.0984856043114406,1.0674682279364147,1.1259562507108147,-0.05566250587527173,-0.068225337892678,-0.0427706873841253,-0.04576693550436083,-0.05862384841642269,-0.03182875252910586,-0.10152692478472156,-0.12740141597416427,-0.074641353791403,-0.0003373721809399279,-0.005114567192804063,0.005010841494512238,0.00029618849726446703,-0.0034290255637096823,0.004095262760565385,7
gaussian_score,none,real,1,endpoint,5,4.0,6.0,5.053554077061141,5.046938760524513,5.059666398909191,393.23220423918866,384.14001750847405,400.3250618962897,-0.09862224638130043,-0.12413625322545367,-0.07176655384907533,-0.10320934503604229,-0.12969793724301418,-0.07640325348511469,1.0976426071418541,1.0699018227157193,1.1237753499644452,-0.05082733561134494,-0.0629573620114963,-0.03854694270995682,-0.0477949107699555,-0.06225758102277697,-0.03348614631267222,-0.09853125785236823,-0.12490678039568465,-0.07260733471000465,0.00041944443929521575,-0.0018257721733636718,0.0029293822251532887,0.0022985463548310494,-0.00043425704252641415,0.004785678046552997,7
gaussian_score,none,real,1,endpoint,6,6.0,8.0,7.042371056014006,7.03548927957491,7.049094027283131,548.0029812003198,535.4112723823321,557.734127010257,-0.0912738531724356,-0.11748487864553218,-0.06312488002620377,-0.09699343336241247,-0.12462743183792929,-0.06746828063957115,1.0885382630631104,1.0592160862450641,1.1161008641447925,-0.04491414689863501,-0.05797325427004403,-0.031762268646279006,-0.04635970627380059,-0.060354922361150365,-0.03200253342424415,-0.09140641028783318,-0.11821235518862484,-0.0640538786162979,-0.0009432050520112096,-0.003231869819876881,0.0016998625275559073,0.0028592470940580314,0.00025759715395531,0.005265512178806172,7
gaussian_score,none,real,1,endpoint,7,8.0,12.0,10.074402921867875,10.067628501218326,10.081368530608776,783.9279973699688,765.595810267934,797.486801318992,-0.08752144197170615,-0.11404630322238045,-0.06098597917859778,-0.09295407113053791,-0.12115131947004412,-0.06406266729215461,1.087805774634862,1.0594798949429325,1.1144709523989145,-0.04364684681977927,-0.056991137298926374,-0.03056603795001802,-0.043874595151926876,-0.05778804863117489,-0.02951846843850296,-0.0876970346486449,-0.11478775335523982,-0.06028207403515721,-0.0009443699179520177,-0.005786593734078987,0.00394702112529847,0.0007941084251806321,-0.0004021423487449777,0.0021436552230128096,7
gaussian_score,none,real,1,start,0,0.0,1.0,0.6862199461973985,0.6706254342472622,0.7008827110826228,53.418254463624706,51.251543494066375,55.164758068200044,-0.05811459054540868,-0.08922161276327648,-0.02496536448955114,-0.07087625830373652,-0.10211967417491767,-0.03956847908216909,1.0416345476940227,1.0028721524979085,1.0810713000224585,-0.031551074316902426,-0.047810207966193986,-0.014802107334389136,-0.026563516228506247,-0.04180866580031574,-0.010777717087481183,-0.05816930666248553,-0.09061118834138036,-0.026736555022474576,0.004609868048975492,0.0006589677754458293,0.008087219372445272,-0.00044689197853426635,-0.007243225180903941,0.007237309101668296,7
gaussian_score,none,real,1,start,1,1.0,1.5,1.2642742491311856,1.2608901986830288,1.2675196902694206,98.38135569774154,96.04505328814487,100.20851756112901,-0.07592918348601285,-0.10586576154532583,-0.04698119668852562,-0.08384213168394113,-0.11477720944339519,-0.05352714060297187,1.0596424463037653,1.0291948536872488,1.0880552284345983,-0.041022568177046345,-0.05687922349729925,-0.026656492067293334,-0.034906615308966535,-0.05034859685448008,-0.020160529347237405,-0.07594161265283383,-0.10592023746435614,-0.04669026799802443,-0.005414939484586434,-0.015562855769247624,0.0032985333340333272,-0.0011206090803163311,-0.008689503887036504,0.0061706673239754345,7
gaussian_score,none,real,1,start,2,1.5,2.0,1.7620299265445,1.7594669051686063,1.764447103878695,137.11327704665422,133.83077336864258,139.53838308479615,-0.08913024753445989,-0.11587516729039796,-0.061806538053741006,-0.09689411309458937,-0.12438620327154433,-0.06841777725098636,1.0821058151824359,1.0493114889651822,1.1131653844171938,-0.0505256197582662,-0.06408350125538267,-0.0369399644301959,-0.03860462777619369,-0.0523121632492365,-0.025198843487919727,-0.08909762240305764,-0.11664836290446388,-0.06201700349725169,-0.0018551363620869757,-0.0067170338016034415,0.0034706613256094507,-0.002905944100947397,-0.0071861350002695714,0.0016466852468170277,7
gaussian_score,none,real,1,start,3,2.0,3.0,2.531165368060607,2.5275523915345457,2.535989661739056,196.95473409203603,192.41987302589024,200.36598586179963,-0.09634512915308914,-0.12287560191960518,-0.06933383717130888,-0.1028429566443368,-0.12946602547669048,-0.07527510846812843,1.0892086526927263,1.064044462334036,1.1163649059525829,-0.052113929272224614,-0.06597084973825995,-0.03979433257277289,-0.044231199880864526,-0.056699884457187176,-0.0315859253403517,-0.09644247359328395,-0.1230108909164672,-0.0728489102104792,-0.0038684202820272666,-0.007407442487286649,-0.00012647945803740586,0.0005791778841128172,-0.0011399982143753668,0.002113365536141685,7
gaussian_score,none,real,1,start,4,3.0,4.0,3.5203676075819557,3.5169398569216628,3.523846712342698,273.93979850052494,267.4752394095647,278.8223154557126,-0.10169562765448929,-0.12591752299962075,-0.07545281825071623,-0.10571334759533577,-0.13112871177671842,-0.07978434765811689,1.0988728950261974,1.068567157627468,1.1263937893800369,-0.055573961809234976,-0.06857844659798448,-0.042745876121290036,-0.04612166584525431,-0.05890149979580402,-0.0323805767264123,-0.10178976774396056,-0.12766745779527802,-0.07573700957852632,-0.00038433575739273054,-0.004759142097958084,0.0045003693106102916,-0.0005265610084212732,-0.0038531948252232624,0.0026747374313334494,7
gaussian_score,none,real,1,start,5,4.0,6.0,5.053595972818958,5.046948959465261,5.059603703494004,393.23644828503967,384.32222080859793,400.2120514580438,-0.09858826357713292,-0.12474431510966011,-0.07173036443243704,-0.10321366604946114,-0.13138137461051633,-0.0747977475577899,1.0972035055928961,1.0701350610447322,1.1231343986515865,-0.05088194652753292,-0.0628064159869185,-0.03854954078333566,-0.047706317049600024,-0.061151213887207664,-0.033483094336702636,-0.09852448446206148,-0.12457052646313109,-0.07177961493542749,0.00010107734758040674,-0.002273730963805194,0.0024908297117833536,0.0025613288380091537,0.0002250042355529123,0.004825060688027032,7
gaussian_score,none,real,1,start,6,6.0,8.0,7.042103517705114,7.035536997608585,7.0484357506732485,547.9819812184685,534.9022619444563,557.6830354742457,-0.09108714994268938,-0.11765649022215291,-0.0641478375519782,-0.09675222937896162,-0.12484863970219333,-0.06747093010238975,1.0882374485931552,1.0593032498410195,1.1156034280208338,-0.04472577376811918,-0.05797059218168078,-0.03157892994967612,-0.046361376174570194,-0.06010480070829301,-0.032126772100724836,-0.09118909888366798,-0.1182785991342266,-0.06320105427075949,-0.0006676007558385604,-0.00280219580352987,0.0018657044428568763,0.002374040288941092,-4.365464630630001e-05,0.004433737578771197,7
gaussian_score,none,real,1,start,7,8.0,12.0,10.074270412407326,10.067015668888706,10.08141758736229,783.9174251559618,765.8932417766136,797.8609364669219,-0.08759100901898993,-0.11431278741852043,-0.05995512171215229,-0.0930215620317797,-0.11981490610996728,-0.0635542072020052,1.0878948958706551,1.0600520804502442,1.1145550384881977,-0.04368848924387431,-0.05636483590023911,-0.0305801173077472,-0.04390251977511561,-0.05750901303056473,-0.030073554219769007,-0.08775908077339697,-0.11304400807631253,-0.059912545517119574,-0.000827961764231759,-0.005801696387688839,0.004034771984334805,0.0009632036482716794,-0.00017395388180619923,0.002166292089291785,7
gaussian_score,none,real,2,endpoint,0,0.0,1.0,0.68599156835557,0.6702155260697271,0.7004173883410276,53.42181828659513,51.23884377636269,55.23769898690659,0.032667028854202654,0.017487056903640334,0.04780467788157635,0.02727393939168363,0.010194766309192475,0.04462210341139882,0.9520505550411306,0.9355609613487502,0.9723702909577343,0.01755073342356821,0.008262617390222382,0.027581373637765322,0.015116295430634447,0.008349561565322204,0.02174540389800252,0.03250724865006595,0.017601977549133303,0.0483723215320691,0.01832571430618185,0.011922723311701197,0.024850197945257925,-0.006363445971228778,-0.013808319624711293,0.0007777102286066773,7
gaussian_score,none,real,2,endpoint,1,1.0,1.5,1.264154067064003,1.260717588008381,1.2675523223426002,98.4096136052609,96.14464311454768,100.22021231200627,0.032880225474059784,0.021952534714104303,0.04576581860215706,0.02768744619100057,0.014313428409660114,0.04234637002472604,0.9549998291384252,0.9433859229478511,0.9658060183042174,0.015159340928154871,0.008908758357186315,0.021513647462262656,0.017720884545904918,0.011731753378070853,0.02479422716573768,0.033164978722229496,0.022256061901985123,0.046189214994872614,0.01432203994185419,0.006040985529403267,0.022341466541109696,0.0018452230487176673,-0.003014098302247188,0.007078741413458179,7
gaussian_score,none,real,2,endpoint,2,1.5,2.0,1.762045598661495,1.7594614760868956,1.7644901393389782,137.16646821854178,133.94435809990972,139.5320258848736,0.021124531145581833,0.009473545210481799,0.03517387349641695,0.017841521534819584,0.004130882563931469,0.034679233861681584,0.9720581977621209,0.9564858165680076,0.9881723315451091,0.009285324131317985,0.003873555834906722,0.014892945738078025,0.011839207014263848,0.005113757603967278,0.020420835195165157,0.021334520233294713,0.009622189801373873,0.0348146824641792,0.0076224609278465185,0.0033313272525065272,0.012362506889750541,0.004108057822181305,0.0016087058682637291,0.006563727402311874,7
gaussian_score,none,real,2,endpoint,3,2.0,3.0,2.531166376000141,2.527419905772753,2.5361693148542255,197.0299483886975,192.52050468271716,200.28706697428566,0.010512433981730835,6.778382838786319e-05,0.02437499790420837,0.008250946612327567,-0.0036394871988626515,0.02400993868749451,0.9843215101625568,0.9673090472808571,0.9980899414593217,0.0017572620018084513,-0.003465475918432771,0.009109642487819826,0.008755171979922382,0.00339240163779514,0.015325351144039235,0.010557654280264856,1.0114125123024805e-05,0.024090090363319612,0.003488084637988706,0.0017826800837641437,0.005111572353421002,-0.0024758058803537658,-0.0057764498651954165,0.0006697092090922256,7
gaussian_score,none,real,2,endpoint,4,3.0,4.0,3.520347927928868,3.516914415902475,3.523763504391069,274.04325525141957,267.72236213755957,278.77714400547404,0.0017384078350979153,-0.00716889001722978,0.015534115329027527,0.0023495952194649973,-0.008840668600059361,0.01848769366938923,0.9974798347319698,0.980327232113016,1.011117806295897,-0.0032285993227153162,-0.008913805409520342,0.004628716047280929,0.00496700715781323,0.0011024437329628775,0.011095853778135637,0.0016075621782720574,-0.0076808449723511805,0.015428716075730074,-0.002055102646481305,-0.004903439531634192,0.0012297962158325714,-0.003547646716175764,-0.0070008854541230995,-0.00024066152891856455,7
gaussian_score,none,real,2,endpoint,5,4.0,6.0,5.0534245729245635,5.0467935716705705,5.05948685428306,393.374146436659,384.6462093102053,400.02930532940417,0.001179858725589695,-0.008473060998782245,0.01567210032279554,-2.593394078571427e-05,-0.011821430894449142,0.01647530807288736,0.9992555926008756,0.9831008525312477,1.0112117865082901,-0.0018766069333443613,-0.007417828967454435,0.005621309587496717,0.003056465658934057,-0.0014947027725641532,0.009943444347180582,0.0011485190276355802,-0.008942868198184758,0.015123078485420917,-0.0005402348160285846,-0.0030390949801555045,0.0015179829096011556,0.0010293739005633755,-0.0010222869359224475,0.00312140779948803,7
gaussian_score,none,real,2,endpoint,6,6.0,8.0,7.042071953289451,7.035264479083264,7.04859174965724,548.1893317757409,535.6265348504702,557.6194521422697,0.002068760309238569,-0.00729166605176581,0.014739631602169189,0.0007805717182026787,-0.010937197197553549,0.01597381881626451,0.9972709986711303,0.9847522662084298,1.0070600529711509,0.0008544449389218577,-0.004314791484046473,0.007449345501488221,0.0012143153703167106,-0.0030234048211983636,0.007647003015872111,0.002262538021789163,-0.006918305094821772,0.014856101317962507,0.0006191798504435655,-0.0034578768932193647,0.004096304693714211,-0.0003403604592589773,-0.0023314555604092312,0.0015328353150340717,7
gaussian_score,none,real,2,endpoint,7,8.0,12.0,10.074308446825452,10.06744616008132,10.081569192497517,784.221447186267,766.0689801378259,797.515527534002,0.0009444308818294788,-0.009049915862127934,0.014871167745845636,-8.771046986913047e-05,-0.011971401533153082,0.016022576682171025,1.0013156080717087,0.9891094322756435,1.0113317135386115,0.0008580623595188962,-0.004503688647637843,0.007751275982818735,8.636852231058204e-05,-0.004564077356869999,0.006950160546318008,0.0011425961576627304,-0.008689527300367683,0.015039622823287881,0.0010853830972446328,-0.0017374740826119478,0.003863846627996686,-0.00018335141227874307,-0.0012831239967107156,0.0007722841159109161,7
gaussian_score,none,real,2,start,0,0.0,1.0,0.6852844862844533,0.6705836571198907,0.699058793980593,53.36863987445923,51.20316385197959,55.103051260173466,0.0351697279439731,0.01969440166010835,0.051380771857038175,0.029550278523458814,0.013296796251868605,0.04634703325493208,0.9506476524704539,0.9341162153120559,0.9726684782439424,0.01872463622358448,0.01082508946540148,0.026730920236445087,0.016445091720388612,0.008759400364103932,0.024038855539850922,0.035065564684774335,0.01967349669455023,0.05084210658787201,0.016850189912182418,0.009729686277519899,0.023776459675450605,-0.007358035403929488,-0.01454140710977684,-0.0011657334316285148,7
gaussian_score,none,real,2,start,1,1.0,1.5,1.2647507699442102,1.2616528299097507,1.26792811561862,98.45681161055965,96.16856712606607,100.28589117288966,0.031643547448729,0.020520920223283053,0.04401197715408429,0.025419102492850905,0.011558843313602284,0.041190638467064014,0.956682373610283,0.9457242616929691,0.966978604451051,0.013984626094964607,0.007915447994620057,0.019843167264012175,0.017658921353764394,0.012398337851872148,0.0244105962895072,0.032136457598935006,0.021034815219651195,0.04449693626908647,0.014390808768980702,0.006539434023886543,0.02074733844783222,0.003919824383985575,-0.003888259343476609,0.010427218941309855,7
gaussian_score,none,real,2,start,2,1.5,2.0,1.7615890970876407,1.7594452753817922,1.7640706771570307,137.130917184383,133.95849615832796,139.50152137197182,0.020499270829413836,0.009005251016734727,0.03392705161996718,0.018224404497380785,0.004944990397856101,0.03517562208565398,0.9718556036301577,0.9556453895290935,0.986400204119254,0.008935606224579767,0.0033971853836044846,0.015029889447778314,0.011563664604834073,0.005529277872780339,0.01959584975886769,0.020653136012216987,0.00949860535894417,0.03411560662934683,0.006910141913064631,0.0025069833525207252,0.01115716187745497,0.0008200935317945908,-0.0026132898975925107,0.0035954463370140325,7
gaussian_score,none,real,2,start,3,2.0,3.0,2.531364190957564,2.528049341067845,2.535824303163704,197.04430397187622,192.70113589702638,200.29946793671297,0.010114510041066463,4.136068898665811e-05,0.02435592380925267,0.00832075282046107,-0.0036554371404120167,0.024673657388825973,0.9848897785833589,0.9685764717519671,0.9983189597821335,0.0011597538358903302,-0.003849834576346466,0.008355321631661387,0.00895475620517613,0.0035004373533261786,0.015469254292576904,0.01018959693531207,-0.00017727845814791187,0.02433263418374986,0.002611690485768359,0.0004291590542280531,0.005046088736116955,-0.000883319764728106,-0.0034581503313286348,0.0014299516370364213,7
gaussian_score,none,real,2,start,4,3.0,4.0,3.52051803901361,3.5173794821538893,3.5235884068948553,274.0562104224431,267.82153095731167,278.7827098448117,0.001623757554799549,-0.007717415079283397,0.015807646680148068,0.0019365780338956337,-0.010226309819271667,0.018076452192788795,0.9979518472402763,0.9818982671519789,1.0113123183886308,-0.0032527323627233574,-0.00887785118334075,0.004758374934349609,0.004876489917522905,0.0008159246348439071,0.01103959382442286,0.0015015716683741086,-0.00793507530323137,0.015168929152221188,-0.0016309028575875026,-0.004500561870623722,0.0015352201695573496,-0.0029064534435645473,-0.006750069479378709,0.0007918645324129877,7
gaussian_score,none,real,2,start,5,4.0,6.0,5.053500634343329,5.046890858290588,5.059513409781358,393.3815897695528,384.4749185817288,400.0239920649711,0.001320620563820667,-0.008408272820740829,0.015384262271788634,0.00011744926538400941,-0.01167897772146742,0.016760341332014827,0.9985584189429974,0.9829380508504022,1.011339784858999,-0.0016782731817949288,-0.00719134490048315,0.005986841607481359,0.0029988937456155973,-0.0014884203160872725,0.009426328814839194,0.0012805720134772562,-0.008630544198380967,0.015517336433328737,-0.0006790051344174891,-0.003345643119014806,0.0015995391749978605,0.0008553982569599659,-0.0011003317293855279,0.002774507456964119,7
gaussian_score,none,real,2,start,6,6.0,8.0,7.042302181272963,7.035713911279978,7.048575639112935,548.2076713983562,535.43839933661,557.5134416137033,0.0019845465051574703,-0.007249899496283689,0.015289536627724221,0.0006335662294088507,-0.011053272786844339,0.01590605731630131,0.9973716394405169,0.9852690667787173,1.0072246927895763,0.0007025780339140571,-0.004497861318824711,0.007473154076326781,0.001281968471243413,-0.003013054060393778,0.007720294241192292,0.002172697713367964,-0.0069644312527152195,0.01500378015020427,0.0005850049958387672,-0.0035117377188920262,0.0040780582250221345,-0.0004884219737537113,-0.0025902540298297985,0.0013080981340294773,7
gaussian_score,none,real,2,start,7,8.0,12.0,10.074366995778433,10.067240541220311,10.081643534317417,784.2258017356623,767.0078920473452,797.5537116363853,0.0009537664065389813,-0.00878163139895562,0.014851266441965544,-6.774722629495395e-05,-0.01200108800010387,0.015923123258111103,1.0012584290793776,0.9890375574399365,1.0109185609319424,0.000928219019203724,-0.004259215534409368,0.00786478462630358,2.55473873352564e-05,-0.004688710429952619,0.006858364404997429,0.0011488635732189445,-0.008807884263892826,0.014834306857458502,0.0011008163906650614,-0.0018148184928527533,0.0040378833113021515,-0.00019940101125428086,-0.001146027442942768,0.0006733356347652168,7
gaussian_score,none,real,3,endpoint,0,0.0,1.0,0.6850503019240232,0.670277172288316,0.698499857817742,53.369387723264545,51.216130588612884,55.07037662337459,0.04410805616565481,0.022907616956363647,0.06454831390076246,0.04039013325420978,0.017375546229995095,0.060809843477319894,0.9405951430852177,0.9198720961657475,0.9630115070243059,0.023341992036989306,0.012326201638940926,0.03387131085670152,0.020766064128665496,0.009715270322256653,0.03125566179055895,0.04379316927686098,0.022650165792299785,0.06454725080373622,0.007498616815317111,0.003028121231297353,0.012097040025018877,-0.00249135558663184,-0.010850733967003546,0.005471777647112404,7
gaussian_score,none,real,3,endpoint,1,1.0,1.5,1.2646657980482523,1.261436527473943,1.2677696100486107,98.48481525520516,96.23598863974868,100.22393268427255,0.045420366202284033,0.027158700301687922,0.06358181633427586,0.045076808124642855,0.027816688059245444,0.06233692819004026,0.9441719888867853,0.9220972069916687,0.9668404173227866,0.022752784609426806,0.011866758440614812,0.03346611214150601,0.022667581592857235,0.014603318386394356,0.029734904456830368,0.0454470304375496,0.02693881357379516,0.063822100985522,0.0021860495189699844,-0.001631416746416629,0.006932870056550877,0.0010529039383182282,-0.0025572392032653245,0.005069925520645793,7
gaussian_score,none,real,3,endpoint,2,1.5,2.0,1.7616620266140657,1.759458192167132,1.7641912083644988,137.1852260078318,134.10840166857847,139.49921735457085,0.03507534912900824,0.018577724809555985,0.0541512882490379,0.034380036531213756,0.01719632647159658,0.052689446337268124,0.9578196648909412,0.941182611816936,0.9738049054401798,0.018319652431324225,0.01037049032505725,0.026903275517278894,0.016755696697684012,0.006549337964142704,0.027394800215569615,0.03512595090338951,0.017411382274276768,0.05486805561831287,0.0022750691773325634,-0.004433155587575278,0.00920437558525389,0.0056951123668214235,-0.0008969908936046493,0.012858514381729597,7
gaussian_score,none,real,3,endpoint,3,2.0,3.0,2.5313615467977866,2.5278785051530526,2.5361054046890743,197.1143375529924,192.66168087638349,200.2157019255266,0.02706521136330619,0.007964510807751091,0.04526853721785995,0.02593475850960009,0.006559430073785802,0.04416786729503725,0.9678516039146491,0.9516011988227644,0.983782584120009,0.01031663750873374,-0.0003651000511809944,0.02035892914166141,0.016748573854572447,0.008062224546298,0.024845507592960177,0.027010863422744228,0.007688392340699974,0.04544180749522642,0.0009439785772343536,-0.0020420069352466183,0.003976297632052613,-6.829693559528141e-05,-0.0023110409046666605,0.002400381538054424,7
gaussian_score,none,real,3,endpoint,4,3.0,4.0,3.5205654993657136,3.517272935057808,3.5237487678838977,274.1576139958666,267.87802675821774,278.7582782128233,0.01980746622782652,0.002280487197734376,0.03725042819149608,0.019082245062006183,0.0002997886934614933,0.038586105826984934,0.980281058397792,0.965915483699778,0.9942819246854687,0.006787074265164071,-0.00247178826928647,0.016257415270886758,0.01302039196266245,0.005469332984685155,0.021025090693198828,0.019893508342625404,0.002055685372376744,0.037389629284930656,0.0015735938599816465,-0.0010469663986736235,0.003918517273368351,0.003678992877431789,0.001557839792978489,0.005892361733973858,7
gaussian_score,none,real,3,endpoint,5,4.0,6.0,5.05336843697686,5.046512028214109,5.059367762267356,393.5117938218422,384.828731975137,400.1709464270959,0.017011258490924958,-0.00010222587630685093,0.03498329367557482,0.016927481553457305,-0.0014179579066973013,0.03582681131594153,0.9833897793184915,0.9674744062538034,0.9982572810093074,0.007062372753373693,-0.0010081545169251457,0.015691394169566854,0.00994888573755126,0.001359074581518649,0.019189403376949486,0.017119594583378698,-8.830770310623768e-05,0.034656080499094286,0.0015899131505120246,-0.001526070405547722,0.004961858186820342,3.388473464758188e-05,-0.0021677282932234428,0.002073665986119509,7
gaussian_score,none,real,3,endpoint,6,6.0,8.0,7.042288651229225,7.035696428802664,7.048493953489042,548.4016147392858,536.0868689573917,557.4443220429399,0.020062817242108157,0.0027577166998634622,0.037360649812118625,0.020230088000155806,0.0016889436626029684,0.03926841657438783,0.979571512034071,0.9629156469732363,0.9955084221856545,0.0100082672432813,0.0010630645198134254,0.019150686974087408,0.010054549998826854,0.0017487292747295445,0.018610941170508287,0.01989630804431512,0.003501057111732123,0.03772632942786267,-0.0012325945412562888,-0.0038646738093335293,0.0011647483831393793,0.0007341140396548154,-0.00033260047863686214,0.0020079432153065693,7
gaussian_score,none,real,3,endpoint,7,8.0,12.0,10.074432286497025,10.067491052479207,10.08190875811085,784.510871514697,765.9240724526771,797.457575741554,0.02024803904430398,0.0032706091539394726,0.03854108504225619,0.020903560305260586,0.0021790961285141734,0.04047502229403466,0.9825374909774884,0.9647183065826425,1.000253058947017,0.009701043163725396,0.001186892787406742,0.01948883387306041,0.010546995880578582,0.001833850373212728,0.019579322845072574,0.020028971835371893,0.002246774769185233,0.03869445284108489,-0.0015116827006372744,-0.0035587245489447114,0.0005353591476701629,0.0012053065499777334,-0.00027063966717039324,0.0028772251919016853,7
gaussian_score,none,real,3,start,0,0.0,1.0,0.6834820987515736,0.6703139860924747,0.6964351481949907,53.246956914172735,51.157478890038,54.83399853727686,0.0462276664168047,0.0243246045034122,0.06803487881853255,0.041661560314195475,0.019401457694509405,0.06217885097707564,0.9390471189186238,0.9197126545031814,0.9618364199249737,0.025807525016696968,0.015020879611293532,0.036392540010613324,0.020420141400107727,0.008901115082463698,0.031714415983349294,0.04612970948920496,0.024139161023687468,0.06670719529683375,0.007632428645071336,0.0030733259520438453,0.012738952335911498,-0.00369636939638737,-0.014726889165049793,0.004836838495951337,7
gaussian_score,none,real,3,start,1,1.0,1.5,1.265460585968235,1.2628640371295858,1.2681615600377663,98.54689768191864,96.27361540849707,100.26469876960292,0.04441855386004325,0.027170769039152304,0.0615928418493356,0.04441951077388701,0.029777797806526382,0.05962668874721088,0.9478489262824901,0.9274511325436929,0.9681664247420946,0.021643742256758896,0.01147890796243133,0.03180292901088541,0.022774811603284355,0.01503346915611386,0.029389431866040854,0.04453556683104008,0.02712012873662085,0.061007015247528995,0.003927346435701981,-0.0003644422680521534,0.008676879503897936,0.004259219684775336,-0.002357084071111077,0.01005281310739967,7
gaussian_score,none,real,3,start,2,1.5,2.0,1.7615165632724765,1.7599738027158918,1.7633360863145895,137.17467678691065,134.01092094829872,139.49711292747358,0.034480478608250424,0.01722220913685742,0.05240217421919885,0.03489776228647807,0.017617699546137046,0.052662721030102055,0.9574875876466055,0.9408091692271818,0.9739115631246229,0.018035291586277338,0.010234103523033958,0.026682762936782945,0.01644518702197309,0.006990737323478124,0.02618067502335498,0.03436988595190381,0.0173175167310468,0.053536745913596015,-0.000604298652432279,-0.005523451738332884,0.004102293336784899,0.004078058410051314,-0.0033099723338078256,0.01000440193622006,7
gaussian_score,none,real,3,start,3,2.0,3.0,2.531468931435108,2.5281336356135014,2.535577004803709,197.12261492931398,192.75841529908598,200.21119804099595,0.027764666848212372,0.008238421419335005,0.046258095859446874,0.025868362021011535,0.006313159591019736,0.04450605659544249,0.9672307577874875,0.9507718204579055,0.98365144197634,0.010638444312049689,0.00016312864965661124,0.020225175110738323,0.01712622253616268,0.007747961531893983,0.02644029795931016,0.027714721843889588,0.008551634968596946,0.0461638747223293,0.0011245780425110433,-0.0028637639827168433,0.004994687370021422,0.0003230384261194777,-0.0020293046826533384,0.0028901648773409323,7
gaussian_score,none,real,3,start,4,3.0,4.0,3.5205194775380773,3.517205575926566,3.5236663628486746,274.1532737387426,267.7559907900747,278.730882314762,0.01922165787008943,0.0018606659085154272,0.037552434443154765,0.01880035271941829,-0.0005223466044992145,0.038039511423631,0.9802915136424968,0.9658846618101019,0.9938919383671327,0.006414650738531677,-0.0033494878820582203,0.01643326394545009,0.012807007131557751,0.005340067943662311,0.020684756495528766,0.019262111545131817,0.0023577548202400283,0.03720156140212174,0.0011071042755799135,-0.001677333081672968,0.0041012624083215515,0.0029555760419774195,0.0009144136601783676,0.005063421215141427,7
gaussian_score,none,real,3,start,5,4.0,6.0,5.053323562934443,5.046893430379423,5.0592549275802146,393.50863697836564,384.3050327648974,400.17546923397424,0.017096541547368217,0.0008725650267270116,0.034864399484425164,0.01694027461627953,-0.0013744265034116305,0.03530051026705911,0.983027967939743,0.9677318063588267,0.9980827454608018,0.007218701442400703,-0.0006660307077219939,0.016280475123447442,0.009877840104967514,0.0009106777440876472,0.018592154642932502,0.017196582464679554,0.00012692371946721438,0.035055857638053585,0.0016298493286089186,-0.0012268025303169615,0.00491437305561558,0.00023455427107065054,-0.0021352764425855773,0.0023379823673111773,7
gaussian_score,none,real,3,start,6,6.0,8.0,7.042209748274673,7.03570093687454,7.048651204471214,548.3953370094858,535.4118758999116,557.3229061409432,0.019970660787013626,0.002919240938913663,0.037236733633422295,0.02019886258240253,0.001436960651729743,0.03898481539870162,0.9798184819230517,0.9632656164372179,0.99592056349369,0.009888894122709472,0.0009279470697884384,0.019405443454930088,0.010081766664304158,0.001602753213587027,0.01875502682507291,0.019803950544521307,0.003108931903414245,0.03771220822085153,-0.0011988453894787303,-0.003775882144706364,0.0012504852876892483,0.0005916393116177921,-0.0006350792682564546,0.0019520309881522143,7
gaussian_score,none,real,3,start,7,8.0,12.0,10.074204734349452,10.06735116715455,10.081280123869977,784.4928752807156,766.9116205780385,797.3537775266624,0.020265900839566087,0.002825259577978387,0.03927222342758678,0.020919363585306393,0.00291248232342457,0.04128018095889603,0.9823149373768271,0.9631371893934936,1.001002813190967,0.009701242127375791,0.0011513354779327364,0.019850405720866982,0.010564658712190297,0.0021048740849633914,0.019847179372780407,0.020047827456094187,0.0027982411238946588,0.039275430655324406,-0.001493001507336117,-0.0035762672799950013,0.0007410154816292607,0.0012110698606935984,-0.0003121424998556088,0.0029200927729067976,7
gaussian_score,none,real,4,endpoint,0,0.0,1.0,0.6833154591718581,0.6705233504383346,0.695943704937693,53.24921605949369,51.155579696940514,54.83595938326493,0.012810032499490014,-0.009438867913259676,0.03232458762831799,0.010955641525362502,-0.011036333134330539,0.030731410560223903,0.972930945559079,0.9519854829924704,0.9987689448201585,0.005836033724773731,-0.007072108764656088,0.01776528561383077,0.006973998774716281,-0.0015044121679979002,0.015113441477995423,0.013317859981632171,-0.008816576152347865,0.03261572741889833,0.006305757914240378,-0.000765117661582015,0.013712982989903356,0.0038639097121049085,-0.00642608172106763,0.014900746993760013,7
gaussian_score,none,real,4,endpoint,1,1.0,1.5,1.2654648744826347,1.2629664587837102,1.2681034925076153,98.5744781033045,96.27205846491832,100.24885287144386,0.012863075265054627,-0.011810214137996404,0.03397449134997813,0.009222417961940116,-0.013098718384777025,0.029540064483107212,0.9785551483409513,0.957956929853615,1.0016479569745118,0.006350635127821251,-0.006335149358629643,0.01688116258739004,0.0065124401372333735,-0.005863054755744644,0.017932944641991046,0.012571933071209062,-0.012329603256286042,0.033859654783009056,0.0006386731847187423,-0.004072387898618637,0.005269496565964468,-0.0065699753974765756,-0.013811545888403567,0.00018168429259619471,7
gaussian_score,none,real,4,endpoint,2,1.5,2.0,1.7616518816547995,1.7600147301148472,1.7636563811814274,137.2240746504843,134.11586561543484,139.49766490074654,0.005733416784273132,-0.018056558483825574,0.027662879161093386,0.0033985986637930393,-0.019335938595925528,0.024157833221205186,0.9863984913196849,0.9641737161712304,1.0124264139881318,0.0020860006578023874,-0.009842129325356844,0.013399595734816326,0.0036474161264707454,-0.007439490311946311,0.014119847342927861,0.005776527182649463,-0.017021317134373933,0.026948102719186136,0.0022138728756447147,-0.002564091951586995,0.007308855795975158,-0.000501246802738233,-0.005264893379495564,0.004282825739396945,7
gaussian_score,none,real,4,endpoint,3,2.0,3.0,2.5314343905679486,2.5280130174306583,2.535842000019434,197.1753602766863,192.89064043152376,200.12465330303897,-0.003393165516711761,-0.025570579113626642,0.01664596273302437,-0.0018753004435140704,-0.02392807974215727,0.019927973785858588,0.9972413439989706,0.9754797538197149,1.021817446613754,-0.002931449352421842,-0.015855977408740927,0.008050377763170875,-0.00046171616428992057,-0.011298237961032203,0.008914221261121224,-0.003198422960607136,-0.025739400758785506,0.016901904921821666,0.002465949211066796,0.001065979829119727,0.0038332055431160774,0.0021983499148584295,-0.0021960355949502356,0.0064942594192566,7
gaussian_score,none,real,4,endpoint,4,3.0,4.0,3.520585063973057,3.517296859338912,3.523775070136972,274.2347352179612,268.03812382500604,278.69215192222487,-0.00898961526057237,-0.032169850838200835,0.011153503919367357,-0.008113223956055677,-0.030783985868924214,0.013274339611182578,1.007915420522191,0.9842007123043676,1.033540820439595,-0.006166392824304605,-0.018321391366043178,0.0049315148703334205,-0.0028232224362677596,-0.012898585932481598,0.006535058318180415,-0.008796292145560923,-0.032272521486534714,0.011699034344082707,0.0034568103733020367,0.0010246979901620118,0.005581866104516312,-0.0007070287748201597,-0.003349484028385359,0.001206480920015739,7
gaussian_score,none,real,4,endpoint,5,4.0,6.0,5.053250343615018,5.046559672660982,5.059095515292242,393.6129172712397,384.8083399358655,400.04522871283024,-0.011247566222556158,-0.03229624567313852,0.008738987693247812,-0.009919798647370952,-0.031147320863605815,0.01009525844581517,1.0108169021015823,0.9894181329453717,1.0336296287219857,-0.0073240953666580625,-0.01859063365416913,0.003136073105420016,-0.003923470855898098,-0.014382217687921181,0.005890011592953149,-0.011059930095250475,-0.03385245980715651,0.009813945055628158,0.0015053720789638765,-0.0008217295715861162,0.004091176371596464,0.0006729485665697072,-0.00020443920489793003,0.0016126662755557596,7
gaussian_score,none,real,4,endpoint,6,6.0,8.0,7.042142814746162,7.0354837704078745,7.048336067851601,548.5433969129768,535.9908278018681,557.4534924911325,-0.010391028694390977,-0.03309159471378049,0.010812140671591744,-0.008127206983129118,-0.03013211144737196,0.013867487310516213,1.0093306900225218,0.989470912769753,1.0298333284476364,-0.0047551867502243885,-0.01615714271525711,0.00583129522907187,-0.00563584194416659,-0.01623320568496508,0.004520571875921535,-0.010223690517943234,-0.031989232564060575,0.010704773828407118,0.0012666129658889678,-0.0018505500381542893,0.004581641333298281,0.0004570960376419191,-0.0010222080343174707,0.0020107397989926204,7
gaussian_score,none,real,4,endpoint,7,8.0,12.0,10.074288470786229,10.067435884188047,10.08167605434021,784.7191250602103,767.3714947368355,797.475965866679,-0.010083378389839725,-0.03284295092789237,0.010801907640713973,-0.009326209863352988,-0.03152632411494989,0.011273390714816048,1.0121686904729763,0.9934162412621567,1.0333004929028935,-0.005052264352437149,-0.016408608221367395,0.005007204077281871,-0.005031114037402576,-0.016182845159727552,0.0051487700985983825,-0.009787998234911017,-0.03106972834318909,0.01052968167356576,0.0008439685905837673,-0.001570403216489541,0.003127675683328766,-0.001164099138225787,-0.0020792316126593104,-0.0002980700296022896,7
gaussian_score,none,real,4,start,0,0.0,1.0,0.6818873312172725,0.6704874036524249,0.6928556117100025,53.13626561738109,51.17765490622373,54.598469270031806,0.012582973971731146,-0.00762847641826041,0.03069546751044331,0.01212563172432369,-0.008006515837284543,0.03036771740922912,0.9750555474080559,0.9545766402772491,1.000751296525695,0.007077082369330491,-0.004733477354884193,0.017678162068558972,0.005505891602400654,-0.0032205439783602337,0.01352462392738,0.012971800997295595,-0.007099303152042239,0.030218472183229147,0.00626538565679593,-0.00044080489171769127,0.013366080889962911,0.0030032104206277658,-0.004712323590187118,0.011772789591044566,7
gaussian_score,none,real,4,start,1,1.0,1.5,1.2662500163671775,1.2638604478077933,1.2684813427592838,98.63501457434897,96.46188649035673,100.29266527790854,0.012997795465904063,-0.013002180414686636,0.03591152121682666,0.007461319319786129,-0.015613506957265816,0.02893280651395178,0.9792256147160912,0.9596307450507758,1.0034650441482784,0.005883195279292182,-0.008228368193694427,0.01803664200180071,0.00711460018661188,-0.004411151490686424,0.016868840347812837,0.012902863630704349,-0.01288456957907141,0.03421434248104046,0.0035298646468842625,-0.000902674305275207,0.008174273286913662,-0.005611883262245362,-0.014021751731889392,0.000988137107703303,7
gaussian_score,none,real,4,start,2,1.5,2.0,1.7617464648179577,1.760386476832714,1.763284003881534,137.23256912977635,134.10404688031912,139.51153734731568,0.0063917850582233034,-0.01695438536233577,0.027232253192508393,0.004664684974773279,-0.0172305368969705,0.02676861326908664,0.9854513936578975,0.9618996260855501,1.0094690693053798,0.00350408912418707,-0.008076597022996618,0.0137548176339764,0.002887695934036235,-0.00982086525150835,0.014356168254706989,0.006216808477662186,-0.01680994782468459,0.0272382318847718,-0.0023072621276112306,-0.009079575599033985,0.004307148085568784,-0.0006773386494806753,-0.005140833326951918,0.00370220403781042,7
gaussian_score,none,real,4,start,3,2.0,3.0,2.531949318550552,2.529267801409009,2.5353831080297886,197.21567690370043,192.72822823807618,200.20255883002525,-0.003256030856170238,-0.026777473475865142,0.01715239001929451,-0.001962414636546131,-0.024830640465648972,0.01895352234074835,0.9971869715416828,0.9740331935092646,1.0215079447394486,-0.003339388467071519,-0.015455413324909137,0.007561185746304799,8.335761090128124e-05,-0.010610900286097283,0.00976702147354555,-0.0031139814416438027,-0.026200164898910916,0.01734239607380791,0.0016700661625358277,-0.00025306158932707814,0.003962725232986174,0.001990405084736193,-0.0028078373650923384,0.00718097423521757,7
gaussian_score,none,real,4,start,4,3.0,4.0,3.520451390986898,3.5175675167495384,3.5235548135940618,274.22326034908764,267.7368044190234,278.7381347790567,-0.009827759533283338,-0.03291247413174871,0.010803735420026193,-0.00860877401711708,-0.0316063554794929,0.013084983726962849,1.0081834854885185,0.9840216464909913,1.0339110116286707,-0.006481296403582991,-0.01898316896065772,0.004779548396197385,-0.0033464631297003464,-0.013820831857141832,0.006102529135931654,-0.009588199692649733,-0.032457230413908376,0.010480599873209566,0.0035257643821015898,0.0012108756444592762,0.00555077752370743,-0.00096413959018443,-0.003308885787824935,0.0009188941257246076,7
gaussian_score,none,real,4,start,5,4.0,6.0,5.052869663066079,5.046261794252379,5.058371189466574,393.5832594681973,384.9374298278103,400.0108924700402,-0.01116338009697398,-0.03242414912458016,0.009497806504415738,-0.009696342436460573,-0.03195495952567694,0.010929013209906227,1.0103246687094267,0.988607365752104,1.0332071273625707,-0.007199417364885936,-0.01820918181203063,0.003169866386696475,-0.003963962732088044,-0.01444844020021262,0.006021697974915778,-0.010951642061406048,-0.032056398079304126,0.009610193774409425,0.0017806419520880329,-0.0005452257772157902,0.004278201835112706,0.0006028169838412679,-0.00025507628818718757,0.0015280329941239528,7
gaussian_score,none,real,4,start,6,6.0,8.0,7.042084358140536,7.0355534972844245,7.048387683434139,548.5385459882124,536.0021412306446,557.3777557137545,-0.010339473379757057,-0.03267503343590338,0.010409448292915785,-0.00821046535389317,-0.029880052477107222,0.012889542083557705,1.0091874501150457,0.9893410045467211,1.0303768114467597,-0.004707673294531427,-0.01620906424402325,0.0059914855026046996,-0.005631800085225634,-0.016584820585200433,0.0047339483094078665,-0.010186669612729382,-0.032658591566810675,0.011037117655697311,0.001147707268205759,-0.0023509377198747076,0.004622990923657234,0.0006098242718855447,-0.0010087460747217449,0.0022543107147966557,7
gaussian_score,none,real,4,start,7,8.0,12.0,10.074142190624869,10.067277298086251,10.081474078600793,784.7065195404006,766.7823339836992,797.2893879317071,-0.010111924538722422,-0.03238595442985132,0.00980654558471528,-0.009365685474626155,-0.031625980789885176,0.011277041602557065,1.0121991011801996,0.9936550812278183,1.0337376860942158,-0.005097342997759729,-0.01668525891158117,0.005341721009456274,-0.005014581540962694,-0.01611464405260456,0.005603454219364627,-0.009786188981217091,-0.03219211759391281,0.011072604957442706,0.0009919389255528335,-0.0013749222301775888,0.003155621356623603,-0.0011815430032708844,-0.0021186892657610455,-0.00026908447894158935,7
gaussian_score,none,real,5,endpoint,0,0.0,1.0,0.6817412228399989,0.6703520733984503,0.6928306581807311,53.159717318021684,51.20946825938546,54.62468622409467,0.016774860423959478,-0.003886165711487349,0.03905236656135486,0.014891748616674022,-0.008100843079606275,0.038199932981065506,0.9723195944636525,0.9552424176211001,0.9911508017517192,0.006166322806984893,-0.005545249281455217,0.020276563386498647,0.010608537616974587,0.001436216434713281,0.01909613533928719,0.01616371949773598,-0.004804071948382879,0.037710449253924416,0.00544140866743952,-9.59412759255588e-05,0.011378896256711112,-0.000574144734841726,-0.007399399736596935,0.005637575721712613,7
gaussian_score,none,real,5,endpoint,1,1.0,1.5,1.2662564389612576,1.263800027533876,1.2684525264481479,98.69929200117076,96.57312999373038,100.30161579039104,0.018628535616074488,-0.002219852073656472,0.04149758248067696,0.01776309561844378,-0.005740677852795841,0.041094832691268145,0.9734091874382977,0.948475693593954,0.9989250197970437,0.010274390474482652,-0.0007798285139694478,0.021175309677833803,0.008354145141591838,-0.0018732533834153603,0.01906840340675427,0.018741667942041036,-0.0017046003884758042,0.04209221164178902,0.006434084550950881,0.0015775418391395404,0.0111462929525634,-0.00033995216845265637,-0.004902399697981562,0.0034318808684303008,7
gaussian_score,none,real,5,endpoint,2,1.5,2.0,1.7617871075788523,1.760435142965451,1.7633522316647952,137.3250232367031,134.11318362874727,139.6290643089454,0.014860756001366668,-0.004323580941832074,0.0345601249850754,0.011699596144859908,-0.008324050942279015,0.03358852042732689,0.9783714200654987,0.9580435380530273,0.9988280663128196,0.008474212761786087,-0.00024463196556623177,0.01733991909991181,0.006386543239580579,-0.004232944123422878,0.015943467785034398,0.015287034434108516,-0.0038137444982447566,0.03442903537454037,0.004355692327851849,-0.003600518210961498,0.012025237882952478,-0.003787859223803993,-0.007559867386865302,-0.0004743843438147849,7
gaussian_score,none,real,5,endpoint,3,2.0,3.0,2.5319263186792953,2.5291999828117646,2.5353849116023524,197.34231937985706,192.893319596966,200.28924937900297,0.014639795538583735,-0.006125227837123769,0.03560985645496636,0.013824405730770028,-0.00863574151717518,0.03538004330533066,0.9799348498796554,0.9607183637167598,0.9983293999491512,0.007436971687031676,-0.0019384433749253269,0.017986512881794394,0.00720282385155206,-0.002951062426672877,0.017939468639321277,0.01483071895037921,-0.006096432644902046,0.03654623581203202,0.004194792309259955,0.0016487404775432576,0.006705858163709064,0.000421188198531961,-0.003674591658772175,0.005275784024533059,7
gaussian_score,none,real,5,endpoint,4,3.0,4.0,3.520530833185392,3.517681106319094,3.523543612945247,274.407178561854,267.9062756369907,278.77262482217304,0.010170422434901957,-0.009393924573795728,0.030261233633450343,0.01021233474829121,-0.011641092717783885,0.03146508969750557,0.9886383379577575,0.970138441085334,1.00743063470882,0.0037468835062830657,-0.005971315258517755,0.014273221915328146,0.006423538928618885,-0.00353967359760909,0.016198630213120745,0.010207950842080576,-0.008839886788772098,0.029352009146234776,0.0007851186275390475,-0.000782151538723021,0.0020838009481555743,-0.0017236530029157533,-0.0051305524787521916,0.0013016247839081068,7
gaussian_score,none,real,5,endpoint,5,4.0,6.0,5.052743578431607,5.046512236275433,5.058331726515713,393.82903922204576,385.2667254668258,400.0937090308552,0.005692233804683362,-0.014972666356147293,0.026198720596115048,0.004493915106057585,-0.017331478615920857,0.02671662181371487,0.9934511218581987,0.974707625909348,1.012872504418871,0.0016192795455448193,-0.0087380145079054,0.012368013593827418,0.0040729542591385415,-0.005765662294736835,0.014285032506264584,0.005708105968334635,-0.015316857961828748,0.026275439087235255,0.000701281016044953,-0.001294212795762316,0.0027449422960235457,0.002356863559560422,-0.0011468251136617837,0.005789328263035792,7
gaussian_score,none,real,5,endpoint,6,6.0,8.0,7.042001159776575,7.035373839302338,7.0484185538600075,548.8883627893557,536.6767005408823,557.5109458446412,0.006117525896033893,-0.01642042381356502,0.02733695152021107,0.006381031480554683,-0.01642665520366648,0.02859456950200567,0.9923830409718162,0.9705522242835607,1.0152779427051715,0.002895320043017877,-0.008477646604440038,0.01381751006912689,0.0032222058530160173,-0.007332603247905634,0.013966210766455763,0.006205868335957281,-0.014496879243026053,0.028780133186744158,0.0013724431961480617,-0.0005965740168132787,0.003288907735436043,0.0016923231401247355,0.0003030574529457498,0.0031854838733729038,7
gaussian_score,none,real,5,endpoint,7,8.0,12.0,10.074201624363528,10.067185970716555,10.081654257348337,785.2206170268718,767.1687638109915,797.7675432590037,0.0061655365450249645,-0.014612681099048574,0.02829026162886419,0.006040640035474074,-0.016488371814919,0.02781314103687328,0.9959240733245494,0.9732060289221843,1.0197841765604094,0.003027950620476962,-0.006805844084881528,0.013535494246285142,0.0031375859245480024,-0.007901788880615766,0.013921735096945304,0.006268318090411694,-0.01494940117542498,0.02746313122718241,0.000819983699516035,-0.000820424027787629,0.0026709581111383483,0.001353751025026275,-0.00023386171221971984,0.003070789613636863,7
gaussian_score,none,real,5,start,0,0.0,1.0,0.6798352167400603,0.6697196296696848,0.6894165874565659,53.0092198229227,51.14789204554839,54.39796920424611,0.01666546528099156,-0.004264905971884875,0.038271616259661606,0.01520163215728453,-0.007779800401246908,0.03816758788964838,0.975047693828946,0.9576627025837327,0.9946452660270946,0.0063139464842799165,-0.004898454968952558,0.018902445036086988,0.010351518796711645,0.0003067150714965877,0.01958428224808461,0.01631838736785436,-0.003827834852511317,0.03858719735390097,0.005632302182347641,-0.0004984803294409349,0.012505606503038585,0.0006134870066908082,-0.00781413702700689,0.00856306164564434,7
gaussian_score,none,real,5,start,1,1.0,1.5,1.2668896785477153,1.2648507398815065,1.2685520848087504,98.74601985978336,96.53588819379446,100.32822872847406,0.019414351179572825,-4.5020858472858826e-05,0.041592609226000284,0.018552988785311288,-0.004735845639222472,0.0422126376464815,0.9723809318499539,0.9472655825722651,0.9961157308695175,0.010814574021740506,-0.0002760292093766336,0.022374252605279595,0.008599777157832318,-0.000500335629908493,0.01899609286152027,0.01941954670463893,-0.00019567919410180847,0.041388062663835525,0.00680090816333835,0.0014640526156548261,0.012648521977571209,-0.003277922514818308,-0.008458474745525081,0.0015970524563987188,7
gaussian_score,none,real,5,start,2,1.5,2.0,1.7621166954960839,1.7608692480923156,1.7634033377680645,137.34907639958337,134.31703342018793,139.5628501482929,0.01437146054058183,-0.00647341444721175,0.034162399855838216,0.010598240027621306,-0.009450470409566173,0.03108590006125475,0.9787723208221157,0.957656555320684,1.001124541833145,0.008859935232995856,-0.0006205353317741087,0.01826530254394143,0.0055115253075859755,-0.005200750717514521,0.01562066355514864,0.014706910071034878,-0.005733731511152236,0.03479166960469097,0.006241516807905664,-0.0006060724473223926,0.012744166449014013,-0.0027598772387557717,-0.007653206858234152,0.0014260711719057792,7
gaussian_score,none,real,5,start,3,2.0,3.0,2.5323093142836295,2.529666760895029,2.5352748755756287,197.3719928520142,193.0759779999898,200.32401534402268,0.014452066190331087,-0.0052188869349479835,0.03522709279456625,0.013553324240350691,-0.00963255863078619,0.035549320179043505,0.9803127014011395,0.9624314421726773,0.9988855074331585,0.007238650872376996,-0.0019923646113222883,0.017465626291793254,0.00721341531795409,-0.003418169316786262,0.017999587837341225,0.014587235224551492,-0.005707045285980141,0.03583572359732433,0.0032324458027255917,0.0004933571655820557,0.00574710880764512,0.00038511321270669777,-0.003296229106520811,0.00442396522274236,7
gaussian_score,none,real,5,start,4,3.0,4.0,3.5204707612110435,3.518122722818035,3.5230528225412248,274.4026069638706,267.92653873454697,278.7488224714635,0.01045166966174439,-0.009256113160631787,0.03109267418950338,0.010487348778618224,-0.01127085355678869,0.03302593890107715,0.9876752055875555,0.9692873859640392,1.0063068802247987,0.003981331023259471,-0.005835643174464791,0.014446302889945662,0.006470338638484917,-0.003442056496480549,0.01643730113926301,0.010519258159635834,-0.00885932830444833,0.03039562896756558,0.0008871807842161949,-0.0005192016426029543,0.0022088476505616943,-0.0013595771054924302,-0.004006350493025956,0.0008677350233856968,7
gaussian_score,none,real,5,start,5,4.0,6.0,5.0526872311156685,5.046445380455405,5.058179782031135,393.82494250433535,385.18598013234083,400.1739636331499,0.005595946726119944,-0.014974173410184676,0.02698697824758428,0.004476738452685791,-0.018486991272871015,0.02532831753787966,0.9931566819638934,0.9738690641322492,1.0123972255725064,0.0015410946387729822,-0.008860242898256591,0.011841135917222535,0.004054852087346959,-0.0059076457710853765,0.014355418521790479,0.005597563218710172,-0.015129868796860558,0.02550596548531332,0.0006858644067305315,-0.0014384941973142544,0.0028446139070291703,0.0020018454859876056,-0.001312802147805032,0.00530874024965219,7
gaussian_score,none,real,5,start,6,6.0,8.0,7.042276595186701,7.035921397303672,7.048435561979048,548.9093143626937,536.1995038451071,557.5921559758489,0.006155079790960559,-0.015922091752875737,0.027417686530941628,0.006422693809401505,-0.01655224088995332,0.028333686717171576,0.9924720963959424,0.969730385980693,1.016579493878204,0.0029507666935264026,-0.007599372985714032,0.014008465838514658,0.0032043130974341552,-0.00716575290471226,0.013972712414697202,0.006261344062768255,-0.01593325322788068,0.027796194927962974,0.0014815504889767485,-0.0004509262804445782,0.0034469199914169317,0.0018732494298205578,0.0004610931200017452,0.0033572627721285137,7
gaussian_score,none,real,5,start,7,8.0,12.0,10.074138024250503,10.067016511371895,10.081784316229735,785.2153983507818,767.9445938358315,797.7512487739361,0.0061766031176345975,-0.015399339741416985,0.027164892237232143,0.006026255805534046,-0.016940918588129867,0.027866620510094413,0.9957712920897521,0.973275679477314,1.0191290715331796,0.003000420432667599,-0.007091795203727095,0.013470769293586076,0.003176182684966999,-0.007910244537085038,0.013860626075029522,0.0062847973273527785,-0.015414454381404446,0.02723335810284028,0.0008783918822615611,-0.0007594730367710436,0.002681673241654649,0.0013199870949655117,-0.00023654838015525368,0.002960032732872976,7
gaussian_score,none,real,6,endpoint,0,0.0,1.0,0.679694096752626,0.6695997245701333,0.6892424209685977,53.024301565472165,51.203598353269626,54.392877066528136,0.009603002207005074,-0.00829524125127037,0.027644182591550336,0.009196235925336322,-0.012719222943817927,0.0320766807338821,0.9816835637489977,0.958855806669458,1.0062384606583092,0.006684045698606581,-0.0024514518211176963,0.01569521868281832,0.0029189565083984938,-0.006395441673882657,0.012391968853972285,0.009932371495478797,-0.008535703383413282,0.028137416415367215,0.0018555977081577363,-0.008429723046650064,0.012594285401174962,-0.00016007195454937584,-0.00986407108170099,0.008280888630561829,7
gaussian_score,none,real,6,endpoint,1,1.0,1.5,1.2668251000403643,1.2647099959571375,1.2686143679588737,98.78884698759201,96.70987865422136,100.32680554155877,0.009563748636977185,-0.005148980349240976,0.02617363072877172,0.011005876773162166,-0.005989621466705086,0.03190849857423431,0.9831896681498583,0.9698615957691159,0.9960657634044008,0.006241560371294241,-0.0006486390635624003,0.014263940189361668,0.003322188265682945,-0.00439065679283929,0.01213961135125262,0.010077108947369299,-0.0047231157717251915,0.02645352926735026,0.005332618685593397,-0.00025058321799972604,0.011948248794816398,-0.0005372851819814993,-0.006882007266564004,0.006198966689368648,7
gaussian_score,none,real,6,endpoint,2,1.5,2.0,1.7621011547446805,1.7607941592126193,1.763448495392176,137.4144795422765,134.24982193678218,139.61664493700331,0.01387228889421752,-0.004241540951277363,0.03456916398723885,0.013545825865829591,-0.005843377921355194,0.03624504633424259,0.9818076256945982,0.9607468395842703,1.000080425596847,0.008733999742140052,0.001626601438430159,0.01685169124645248,0.005138289152077472,-0.0058484664300470215,0.01704615240029163,0.014300539930527175,-0.0037658610000960357,0.034133938249788436,0.005857354470381811,0.0018063373698659836,0.008869128721245597,-0.0008197192535491399,-0.005418538388338647,0.003290651569770375,7
gaussian_score,none,real,6,endpoint,3,2.0,3.0,2.5321681849734405,2.5293775688074196,2.5351050915045272,197.45711243158857,193.2401640626176,200.3617741078494,0.006066852947546206,-0.011204473586709247,0.024828126205376687,0.005849688672657836,-0.013651312285735812,0.027996873213711925,0.9886861819205562,0.9676584570553063,1.0085501898648426,0.005395137807598239,-0.0038492083915182087,0.015164365217914486,0.000671715139947967,-0.008077804214813992,0.010558677014701198,0.00621247711996325,-0.011563587378795752,0.0258313194304329,0.0025916931791711744,-0.0004209454099881432,0.0051933024314012545,-0.00018160021141500074,-0.0034245328337408026,0.002450348499240428,7
gaussian_score,none,real,6,endpoint,4,3.0,4.0,3.5204768458073246,3.518118662045859,3.5229777042593975,274.5361679365722,268.4074127990999,278.86785124952877,0.003153703497412545,-0.01359558071485194,0.02118562562725173,0.0030438976892723886,-0.015500297750795047,0.025104786544996673,0.9953127089358149,0.9757524158926331,1.0150323800268304,0.0010021597263005359,-0.00738909093804389,0.010617298169683601,0.002151543771112009,-0.005934912661100105,0.010786420993470798,0.003397721906538226,-0.013194740950617843,0.021665082635475848,0.002344465537625576,-0.00017257152158607928,0.004627475323736126,0.001555878233891243,-0.0013700318104001173,0.004831841816746837,7
gaussian_score,none,real,6,endpoint,5,4.0,6.0,5.05256684628039,5.046243797576879,5.058092228451985,394.0069449804807,385.2442765197005,400.21813563498904,0.00018025221267873527,-0.016242678724342756,0.018663864000075532,4.284218638212033e-05,-0.018135662484310137,0.021323656621027403,0.9997375226943622,0.9812344299037069,1.0169598112207432,-0.00018915574772389632,-0.007612950315060421,0.008360772586959565,0.00036940796040262926,-0.00809389363858721,0.009486566127735033,0.00016285972404052503,-0.0157193298866304,0.018614751001175274,-0.000767892173035113,-0.005210685015421336,0.0031669502908758646,0.0001350712785829589,-0.0010665666152410594,0.0013175029130606491,7
gaussian_score,none,real,6,endpoint,6,6.0,8.0,7.042200310754936,7.035743236986756,7.0483562061155265,549.1696587036357,536.9535233981186,557.6977735537129,-0.00020203187292423225,-0.016393509622733917,0.01808248547789514,0.00017235385827503991,-0.01756787709126042,0.020021203162692364,0.999452079817772,0.9823598668481232,1.01583975685833,-0.0006488802360321722,-0.009259397957673794,0.008745058279495633,0.0004468483631079397,-0.0073255044223244714,0.009601608014808102,-0.00021935710075101814,-0.01649750944450968,0.01886405614415506,-0.000564519158863297,-0.0042109476938884975,0.002361430541228427,0.0003503882784559988,-0.0009884572729746469,0.0014633146228794258,7
gaussian_score,none,real,6,endpoint,7,8.0,12.0,10.074189748839446,10.067341998781005,10.081280398564484,785.6006960908724,767.8827611048961,797.9304779286823,-9.29372587637835e-05,-0.017496843709940736,0.01896355567121392,-1.9939726382990036e-05,-0.017193958378748035,0.0201349513226467,1.0030950580989877,0.9873493724446263,1.0196826691613676,0.0001961300605051574,-0.008380350368985828,0.009754072771064633,-0.0002890673192689419,-0.008642411734431634,0.00909611395836816,-0.0005483481283731297,-0.017651885860111106,0.018201476558176628,-0.002624978194682013,-0.006620608679195733,0.0006810355274762596,9.57635406051837e-05,-0.0021261218369503384,0.0019508826513686217,7
gaussian_score,none,real,6,start,0,0.0,1.0,0.6782467352821663,0.6695715560780979,0.6869190165712946,52.91039447583806,51.13664648947349,54.26150024874284,0.010744685759077974,-0.008531721569179824,0.030451688897010862,0.01092031099242318,-0.010409238544673896,0.03431703159014812,0.9830060596724763,0.9589591281746418,1.0093367896861485,0.007770460400964638,-0.000970782008113537,0.01692829135587782,0.0029742253581133407,-0.007868186089302471,0.013645496831645593,0.010997613570708187,-0.008447001928107321,0.03037125589536675,0.0035739736793376684,-0.005124739914715709,0.011921081094570102,0.001196886012427031,-0.0072786434236345315,0.007387357225130913,7
gaussian_score,none,real,6,start,1,1.0,1.5,1.2676652275808828,1.2663880258945963,1.2690200377954048,98.85280969583525,96.78477356520435,100.36888709277484,0.008731889609848225,-0.0047865471502904,0.024518544578378015,0.009442639953366102,-0.007661037173017229,0.03114059434601019,0.9827076932531239,0.9695316236133213,0.99597771624128,0.004900280217348134,-0.0023831657996023314,0.013186338436268099,0.003831609392500092,-0.003160183586370277,0.011254480138429912,0.0092379647518021,-0.00446809901325765,0.024987915909811455,0.00514006221350526,-0.0024327747556650813,0.015042000670657887,-0.0049832844478983635,-0.010369382949583322,0.00014367202630662288,7
gaussian_score,none,real,6,start,2,1.5,2.0,1.762735429765541,1.761850140255234,1.763812862151511,137.46252596907956,134.4035593648871,139.7717187819574,0.013997733132416288,-0.00408191351606868,0.034328056593513824,0.013484831407746933,-0.006193086610112718,0.03618583358012312,0.9811387619131187,0.9606012641441082,0.9994500283949419,0.009290621241793381,0.0018203074726735203,0.01817899506863046,0.004707111890622907,-0.005462033998259242,0.016917154986807445,0.014326776674599294,-0.0042056339761483924,0.03574583900506815,0.00509632157387384,0.000995621031498994,0.009028152270783968,0.001993666950370892,-0.0022765276181907915,0.0070569460824357055,7
gaussian_score,none,real,6,start,3,2.0,3.0,2.5331807997538864,2.5305411355853535,2.5358579961205017,197.53616637259296,193.1730346925993,200.50517668609618,0.006299563499432053,-0.011646695826724939,0.02600869538453032,0.006177436710251545,-0.013844837581647658,0.027501983547123885,0.9896850229449831,0.9689179505353179,1.0093027728084099,0.005753991317605901,-0.0032991817410258704,0.01512889399897656,0.000545572181826156,-0.00837707760619864,0.01041238652325553,0.0064974161999171295,-0.010829613017911006,0.024905435572636324,0.003689107298128263,0.0010394728605288295,0.005681549036250975,-0.0005004573101130152,-0.003662575198683674,0.0026855444312925488,7
gaussian_score,none,real,6,start,4,3.0,4.0,3.5210856927080676,3.5192596366798297,3.523204027045733,274.5824641892078,268.50110277829276,278.91540963413144,0.0029857582010851774,-0.01368424801116522,0.021229538325756976,0.0029997601398927343,-0.016214288214673286,0.026259930070999065,0.9948417668386609,0.9753524087373312,1.014488472839029,0.0007761899942265273,-0.007940496125867808,0.009955382965566422,0.002209568206858652,-0.006162540926284872,0.011421486332193115,0.0031837256541924403,-0.013504653912238826,0.021862521641785152,0.0010741210369765014,-0.0014512858330502185,0.0035490698822347837,0.0013377562163696087,-0.0026108482496677125,0.005491726665028197,7
gaussian_score,none,real,6,start,5,4.0,6.0,5.052543187847318,5.046208305775456,5.057955040169431,394.0045053140857,385.03642663892697,400.31716469326227,-6.488753198208099e-05,-0.01587908698173789,0.017708012944239754,-0.00020718487604250057,-0.017878672672873904,0.020405869742593324,0.9993931753541233,0.9806477951978245,1.0168974906191244,-0.0003401239552629627,-0.00813329994888376,0.008648527929615768,0.0002752364232808812,-0.007814403704375765,0.009715184026130638,-9.358352583692957e-05,-0.016610741669136782,0.017893873378526434,-0.0008324112115191694,-0.004949573725655046,0.003046444429312588,7.582338823356259e-05,-0.0012260198147364988,0.00131592601732454,7
gaussian_score,none,real,6,start,6,6.0,8.0,7.0423019772380835,7.035761463652377,7.048428770364198,549.1766547543446,536.9483977274808,557.683648871666,-5.3703582334281305e-05,-0.016512303977550626,0.018370294644692413,0.0003575147968115267,-0.01786045368663689,0.02099627943060334,0.9996155254999708,0.9828703146334083,1.0156342656613906,-0.0005274620419774672,-0.008810555767966535,0.008950020058366584,0.000473758459643186,-0.007188420290682355,0.00972454517546292,-3.214065414202076e-05,-0.016673348111777987,0.01808610008910433,-0.00017330075862248445,-0.0040963669789638515,0.0028896168494710354,0.0006012213085680066,-0.0006998366108234975,0.0016922258127471963,7
gaussian_score,none,real,6,start,7,8.0,12.0,10.074226688033374,10.067223802764223,10.081715771338724,785.6028564095885,768.7025432596635,797.6998083132303,-0.00018555741318019108,-0.016735559850974344,0.01886582494638798,-0.00011213882388622236,-0.01836336157293397,0.021336503224361404,1.0029855745898246,0.9869999205649372,1.0189991641355585,0.00015909056707652438,-0.008398753728518,0.009392708161104808,-0.00034464798025671397,-0.008701552161321352,0.008947872790388512,-0.000665311148698834,-0.017826907403777757,0.01846235621281623,-0.002766262799392206,-0.006648560808763293,0.0005265198564031006,-2.3992207549527562e-05,-0.002329451659812182,0.0018619091802783267,7
gaussian_score,translation,real,0,current,0,0.0,1.0,0.686078138307831,0.6709406543107425,0.700848901391103,53.382845863427804,51.15372121129551,55.212663558309224,0.1921816861759597,0.1806636306889533,0.20300245980941,0.19628737362776935,0.18612000011582785,0.20582634195166766,0.7845189776442582,0.7664316391138596,0.80175165303681,0.10265330182018895,0.09512703007602798,0.11021145365061057,0.08952838435577075,0.08332615422907534,0.09589455333271216,0.1920770009395429,0.1798899348224622,0.20283597302323617,0.000636956859272258,-0.002480553728331133,0.003514554179502439,-0.01160295633636029,-0.01825302180527919,-0.004440741669470344,7
gaussian_score,translation,real,0,current,1,1.0,1.5,1.2631960026996971,1.260064611531478,1.266192357020135,98.25736302053664,95.98850388677292,100.15584343155749,0.09810043301160858,0.08586459993335184,0.10948304362227772,0.10649744564919508,0.09197400920808119,0.1218749675591984,0.8809206776137639,0.8600513176985551,0.9046913711512452,0.040669139776249155,0.03399035067853305,0.04655740418002754,0.057431293235359414,0.051316870040761,0.06302477730838042,0.09801159245267181,0.08542534830876414,0.10984358996086732,-0.0010737346156555812,-0.004446449618321985,0.002045762609095979,0.0011549803854538512,-0.0048514953474646655,0.007608647212995399,7
gaussian_score,translation,real,0,current,2,1.5,2.0,1.7617350122272861,1.7590901777512886,1.764311787280659,137.03676354983955,133.8934949747465,139.58635383182994,0.0645822886672124,0.05580215320102906,0.07347374132405335,0.07194801000446414,0.06262794958289723,0.08117695896401345,0.9243361019410866,0.909591781532248,0.9365641387811919,0.022917372955675478,0.019237680744970762,0.02618932568015774,0.041664915711536916,0.03562403367207055,0.047692038097487004,0.06450726396965396,0.05605226889796399,0.07275896508848666,0.0006546861057079249,-0.002369949268554354,0.0038561532678382106,-0.0019450825084762096,-0.007432156148642001,0.00321938786952735,7
gaussian_score,translation,real,0,current,3,2.0,3.0,2.530956722864286,2.5274457139163498,2.535652113327707,196.86178658713723,192.1645021075039,200.27480962841096,0.04373909653834174,0.035560464750231835,0.052349036066104485,0.05061621568204987,0.04185874121747169,0.06076233528535232,0.9471266528808712,0.9400619628844419,0.9527008625757624,0.013876764132423764,0.009744831379000238,0.01873804638811338,0.029862332405917964,0.02551430616852829,0.03470926477608221,0.04389554017229509,0.035962607059835325,0.05270267799399582,0.001939227034422616,0.0004646374593745037,0.0035167582905830034,0.002904103769598041,-0.0009079834635218718,0.006430018776966956,7
gaussian_score,translation,real,0,current,4,3.0,4.0,3.5203193067530907,3.517193645689171,3.5236374057662245,273.8272814557655,267.19700146723585,278.78471665235173,0.028709982733927632,0.022081749057578388,0.036249566432043794,0.03630190054412757,0.02682150049163352,0.04638482095520833,0.9686171200699042,0.9584398605981576,0.9784929489448554,0.008666324665651908,0.004957686064916122,0.012558944628987182,0.020043658068275728,0.015992625369347507,0.024358101573538515,0.028762214400226395,0.022158147375857473,0.03657036898773899,-1.715878950043781e-05,-0.0018271741031200557,0.0017194787124583323,0.0015969043062161966,-0.002344645288916658,0.006016444451420807,7
gaussian_score,translation,real,0,current,5,4.0,6.0,5.0537208469924035,5.0469891060937915,5.059566246708095,393.0879970517635,383.98857300255906,400.17387823414384,0.022276972097736415,0.015590189206401154,0.028737045460310067,0.028852723182716682,0.02147604990723986,0.03726789688023602,0.9756661719468696,0.9722991553051906,0.9790962776586795,0.008001864018212351,0.005054080762198649,0.010977177205035774,0.014275108079524063,0.010230492666210154,0.018572899329218396,0.022251956819233636,0.015617653447684043,0.028708843117272755,-3.8172212932270516e-05,-0.0019432993835540894,0.0016757013136007304,-0.001197303824412048,-0.002666698654939143,0.0006074196629375806,7
gaussian_score,translation,real,0,current,6,6.0,8.0,7.0423671886939285,7.0355473783471,7.048654227074793,547.7843470659108,534.6435998266736,557.6461150914987,0.017902193961249296,0.010955160375864676,0.02409544889652668,0.025416282433741295,0.017557859893440324,0.03306286311462847,0.9763217133033939,0.970202585467678,0.9829677265195286,0.009259800203837158,0.006323486135474027,0.011848326474243828,0.00864239375741214,0.0047655978276362415,0.01232529970992527,0.017868035898621664,0.011087997669268213,0.02401008549041563,-0.00044139094364232167,-0.002489371312840521,0.0017267972101735025,-0.0014890708942627334,-0.0037223317713145393,0.00037462867095660116,7
gaussian_score,translation,real,0,current,7,8.0,12.0,10.074385452639659,10.06757722223543,10.081529442193553,783.614285810383,765.7575588181473,797.830829876874,0.009622655734856713,0.006621346186759734,0.012484694875151366,0.014872425059074863,0.01088142697122499,0.01881064157243941,0.9869726794478461,0.9804380697122532,0.9925196004333563,0.004296627802494099,0.0032308930434509784,0.005195891677903641,0.005326027932362615,0.0032155253055889538,0.007559646431042942,0.00956512027206636,0.006558262972270275,0.01230128040113763,7.697786614364685e-05,-0.001335208781723193,0.0012878073915572265,-0.0014609395098712365,-0.0033038880753023395,0.0001909549818368344,7
gaussian_score,translation,real,1,endpoint,0,0.0,1.0,0.6858916100267098,0.6705065547785574,0.7003624276463726,53.389926901876926,51.09720853362992,55.233360916865,0.027293411372669035,0.016078555885385128,0.038226963681489985,0.025082071535454775,0.011619977337443733,0.03674668071957579,0.9493100597924053,0.9291577789223877,0.9699009901296762,0.011208093357252149,0.005349287395470663,0.016909003245494998,0.016085318015416888,0.010716997981069686,0.021942973866964664,0.027462173292247573,0.01636126607190175,0.03870055794035404,0.0061306695578897666,-0.0003972917297390094,0.012518035450687243,-0.0016933853682138515,-0.009075937390283536,0.005549445461802349,7
gaussian_score,translation,real,1,endpoint,1,1.0,1.5,1.263116575543481,1.2599817194374292,1.2660982151482671,98.2907477999109,96.06004654276117,100.17886334801109,0.007863298768977407,-0.0011332748094278703,0.018249376586214054,0.0011135892111574786,-0.009946067427666308,0.012075531009714759,0.97244905913079,0.9526065689731938,0.99253411797264,-0.0003083876623795779,-0.0049620172010287344,0.005492179507331191,0.008171686431356988,0.002964538953297741,0.013371722007819482,0.007946615779420716,-0.001183010493684345,0.018400374545674242,0.0007245267087390634,-0.006033542177625197,0.008026201899916175,-0.00018889721850725476,-0.006753669594021219,0.0064080069375580025,7
gaussian_score,translation,real,1,endpoint,2,1.5,2.0,1.761824766118805,1.7591592224692614,1.764476368543827,137.09818727001465,133.91466017278094,139.57197622806885,-0.0077344751361332325,-0.016666999660248417,0.0020245140792224405,-0.013911943975130856,-0.023508126272802844,-0.004781286051519736,0.996247405892251,0.9805375958728159,1.0118226991532253,-0.01015215110720667,-0.014885311326585033,-0.004755730274766757,0.002417675971073439,-0.0019837086853424077,0.0072755940751823515,-0.007616945541644057,-0.01645650751538973,0.0027346938382903324,0.002128572520941631,-0.0031379512927585834,0.007625077949847775,0.0028127209651516326,-0.0018158961577854423,0.007543379681602971,7
gaussian_score,translation,real,1,endpoint,3,2.0,3.0,2.530955494836713,2.5274894947491426,2.535718391543487,196.94004582175984,192.29442732383066,200.37225878494382,-0.018275160301057143,-0.024472242996732372,-0.012118000715197875,-0.022296215844729097,-0.028669690154050992,-0.016353513747588914,1.0090974366916918,0.9984905388438058,1.0189315473421432,-0.014372188596952563,-0.017652964556304437,-0.010824477925909341,-0.003902971704104583,-0.007152219327025,-0.0009154490160616621,-0.018168302545431527,-0.024350162323488432,-0.011880050868727739,0.0007149384044262732,-0.0025142649792623626,0.004054797250461715,-1.2801128282621786e-05,-0.0021716845375440363,0.002350741924702886,7
gaussian_score,translation,real,1,endpoint,4,3.0,4.0,3.520303091569531,3.517096641006454,3.5236421136314098,273.93523190601564,267.38812777806174,278.8730496619829,-0.02505452340944102,-0.03056139172824138,-0.019447866992878423,-0.027540234896265663,-0.033716644952381594,-0.020715935279191106,1.0234235592543823,1.0152351785970275,1.0310008782730615,-0.018430759593071507,-0.02127866968922069,-0.01574807614459093,-0.006623763816369514,-0.010156080626198135,-0.0029782267403951554,-0.025024238803743003,-0.030526969333611594,-0.019202868926334337,0.0014323844825196868,-0.001936584129381753,0.0046702472020963325,-0.00042792679785339915,-0.0048635929948630694,0.0024162340015609477,7
gaussian_score,translation,real,1,endpoint,5,4.0,6.0,5.053554077061141,5.046688612850275,5.059696434412997,393.23220423918866,384.2542547463863,400.2108246583774,-0.020770265019456363,-0.02480104508138937,-0.017105000832143297,-0.023781961534380554,-0.028670722541949818,-0.01944377511840236,1.0186805485682577,1.0111087884936274,1.027003376269468,-0.01257769021411005,-0.014163687354510205,-0.011137076013206515,-0.008192574805346313,-0.011049010156778505,-0.005769707948925897,-0.02054913542162668,-0.02453665146863395,-0.017083231337192906,0.0018574767980822707,-0.0009114663102370112,0.0044525908029271494,0.0006840971199634366,-0.0016759699576102,0.0031680437057083136,7
gaussian_score,translation,real,1,endpoint,6,6.0,8.0,7.042371056014006,7.035498792751135,7.049094027283132,548.0029812003198,535.4736870454303,557.7613444127606,-0.012073002255699437,-0.016230281435098446,-0.008432054652229131,-0.015139577455455263,-0.0195999131137048,-0.011213810133878099,1.0064445327552203,1.0011995515508396,1.0119760139491742,-0.005421393541830468,-0.006884041713082112,-0.00395778436329754,-0.0066516087138689724,-0.009640080868901182,-0.004256823646266565,-0.01190472410477178,-0.015825520641440258,-0.008328727800051264,0.0014119870123003122,-0.001218702226650312,0.004863317843438575,0.0017445924917157182,-0.0001186207980714109,0.0036432871000636933,7
gaussian_score,translation,real,1,endpoint,7,8.0,12.0,10.074402921867875,10.067489807340086,10.08150279253141,783.9279973699688,765.1487198037149,797.9154447024066,-0.006219623257965143,-0.008667895520344962,-0.0035717462085610545,-0.00917640716398704,-0.012328741095923145,-0.006038210924339705,1.0029215338177992,0.9977435055218817,1.0077871895722332,-0.0029762321747983235,-0.004140337454276521,-0.0016680819796342334,-0.0032433910831668193,-0.004880671917562392,-0.0017520942176664919,-0.005911060927408283,-0.00855624821563281,-0.003134543551898762,0.0019054273349692374,-0.00016635498973582028,0.0035625043309306273,0.001268645148191075,0.00026955126187177755,0.0022127866418234837,7
gaussian_score,translation,real,1,start,0,0.0,1.0,0.6862199461973985,0.6703704503689007,0.7006068306064362,53.418254463624706,51.15858099669985,55.16549440651932,0.02837248472972728,0.0170566418175854,0.0390604060682015,0.0250989682817623,0.012372899925815757,0.03702776956174318,0.9483903681353256,0.9269213164047717,0.9710166655238588,0.012671269104133126,0.007242024996358766,0.017601415640872833,0.01570121562559415,0.009278682413031453,0.022025043548996228,0.02825044487788161,0.016646774631227483,0.03866914945435655,0.007349165900641671,0.0006676989739820153,0.01311343340710917,0.0017281195311172229,-0.004618257496803148,0.006303260421833292,7
gaussian_score,translation,real,1,start,1,1.0,1.5,1.2642742491311856,1.2608987210576035,1.2674900573404106,98.38135569774154,96.12941851498911,100.23823373276117,0.006229233843792482,-0.00353136868754219,0.018021485474845184,0.0012847899983250645,-0.009908327172358329,0.012576216677332299,0.9750954440581454,0.9537115983905443,0.9959570751852976,-0.000814159979303294,-0.005871320479620252,0.005362281098756013,0.007043393823095774,0.001832556462669312,0.012468573969412148,0.0064358676198974585,-0.0041298368373393875,0.017731816792963654,0.00019554317537189418,-0.007432961804207216,0.007579675106372692,-0.00144205790958303,-0.007179556040656199,0.004099113831675067,7
gaussian_score,translation,real,1,start,2,1.5,2.0,1.7620299265445,1.7595081480712944,1.7644558136342963,137.11327704665422,133.86238151932233,139.6666161590448,-0.0083967971958541,-0.016623049377432895,0.0010682707602615606,-0.013627670900322806,-0.02212247382459769,-0.005032947845863716,0.9981231768080052,0.9846808382574261,1.0114895649823346,-0.010919812970457382,-0.01543463053899791,-0.005836321862429034,0.0025230157746032834,-0.0016780810248262302,0.007142916843199219,-0.008263187545300409,-0.016543879081022228,0.001477256441514424,0.0005113474796134569,-0.0031187140456779726,0.005619929862190061,0.00027070307928005015,-0.0043521201613261834,0.005234728239691809,7
gaussian_score,translation,real,1,start,3,2.0,3.0,2.531165368060607,2.527532711170188,2.5362373269668654,196.95473409203603,192.38057781778,200.26684258788535,-0.018333829179544122,-0.024734561756155276,-0.012083031105167083,-0.02295359991534612,-0.029345617341935398,-0.01674015685106394,1.0084416195542025,0.99754202698695,1.0186552148316248,-0.014905917916037566,-0.018228581141353017,-0.0114750502899071,-0.0034279112635065556,-0.0069418348061487676,-0.00021856909787566124,-0.018316850800189886,-0.024766402715208413,-0.01189588206706141,-0.00031451471831285777,-0.0036599612188040107,0.003341666954796392,0.0008979137530210346,-0.0006489753967587862,0.0023762977329282045,7
gaussian_score,translation,real,1,start,4,3.0,4.0,3.5203676075819557,3.5168448021617946,3.5236934260018526,273.93979850052494,267.4149021679539,278.8753078192285,-0.025043538171963763,-0.030276820732018043,-0.01967689871705547,-0.0272014664217972,-0.033283018794920835,-0.020926132116858467,1.022989754185913,1.0146756694880505,1.0305412600971189,-0.018127215211200216,-0.020831279635818423,-0.015563244125868292,-0.00691632296076355,-0.010095061614845689,-0.003286865035031785,-0.02500289284501097,-0.030165002517018775,-0.019656925172998142,0.001387666370235047,-0.00186961014063359,0.004516300070383526,-0.0013419673628590216,-0.005579811444729267,0.001357425977207271,7
gaussian_score,translation,real,1,start,5,4.0,6.0,5.053595972818958,5.046943216502274,5.059538525789135,393.23644828503967,384.32222080859793,400.28696310345276,-0.020759126500869998,-0.025000720973781792,-0.016931401593953132,-0.02399777471505835,-0.02883251691893859,-0.019603681300514486,1.01827247055503,1.0106119443126116,1.0264410138478581,-0.012580837227789835,-0.014218020303647324,-0.01105064197377504,-0.008178289273080161,-0.011017876694235948,-0.005610896216178274,-0.02055465946017606,-0.024528580016897693,-0.016800284340660006,0.0014770992691126837,-0.0011896723215297333,0.003995102764941348,0.0009813115129499843,-0.0010707281901275142,0.0030391933564312057,7
gaussian_score,translation,real,1,start,6,6.0,8.0,7.042103517705114,7.035367550352972,7.048515936745146,547.9819812184685,535.1226970597735,557.8866305178659,-0.011838717784606543,-0.015745332437843356,-0.008284429939313828,-0.014843710664533582,-0.01907001721216916,-0.010899803028693268,1.0061913503051172,1.0012519391919763,1.0112773614558817,-0.0052798380389781924,-0.0067578580641279844,-0.0037525026956121595,-0.0065588797456283526,-0.009405681453407828,-0.00417532659610491,-0.011641768622884576,-0.01532932504448145,-0.00820631392355104,0.0016581675155648676,-0.0007962434710260385,0.00493457375882222,0.0013527395925867704,-0.00038433259144974197,0.0032688245610578803,7
gaussian_score,translation,real,1,start,7,8.0,12.0,10.074270412407326,10.067411215572829,10.08141758736229,783.9174251559618,765.909083283066,797.6813557106985,-0.006302315574312113,-0.00875456765910968,-0.00361658930488281,-0.009238691470991633,-0.012311201965243431,-0.006105610994063141,1.0030002700467748,0.997461145217592,1.0078347046002527,-0.003010224577201452,-0.0041237171863356716,-0.0016907276756980688,-0.0032920909971106602,-0.004902042721496576,-0.001784938588687019,-0.005990031433119178,-0.008541095864653906,-0.003290697755426154,0.001968356194342046,-0.00016976180441376004,0.003659969430097998,0.0013874061727857676,0.0003863144283329135,0.0023458537827180043,7
gaussian_score,translation,real,2,endpoint,0,0.0,1.0,0.68599156835557,0.6706254751997006,0.7009645232309294,53.42181828659513,51.18878052570443,55.194010670025634,0.039789958480437364,0.0334627141394735,0.04981268470471372,0.04059452058904663,0.035554277176364835,0.048031025298189256,0.9371367587276949,0.92196184135961,0.953433032817329,0.021611468729146693,0.01580290862210826,0.02813313106768761,0.018178489751290668,0.013413859547530152,0.023310418193632804,0.039756674254898365,0.033812732549459955,0.04937211629238297,0.0211605288252639,0.016144717997649907,0.025835122329102837,-0.008330040555511873,-0.014269062789410274,-0.0025863273320762014,7
gaussian_score,translation,real,2,endpoint,1,1.0,1.5,1.264154067064003,1.2608247257849368,1.2674335933029242,98.4096136052609,96.03930581154624,100.1804831803236,0.039698524723305394,0.033285192236465894,0.046591997314717463,0.03873321718971794,0.03333515604020546,0.04499481256387696,0.9424254103825838,0.9273252919130277,0.9564033724190261,0.019223436581625526,0.016782884354271877,0.021955470933431413,0.020475088141679875,0.015071231833102541,0.025556765690656316,0.039834838511518714,0.03330156511336042,0.04640398197035822,0.015304367696471874,0.007549679059148369,0.02370582772466355,-0.0009337150543425916,-0.005134385509193665,0.00386068343999524,7
gaussian_score,translation,real,2,endpoint,2,1.5,2.0,1.762045598661495,1.7595432447579744,1.764522370939934,137.16646821854178,133.92493864897233,139.5320258848736,0.02603078420645606,0.020489480065644546,0.03222319867576982,0.02557157349613855,0.022077262438368033,0.029931726322498263,0.9612458576569624,0.954189050775742,0.968118729509264,0.011636095654145135,0.008059635035065535,0.014905625259543075,0.014394688552310927,0.011019781382462382,0.018122204218798475,0.02621236987993256,0.020754495504244266,0.03212005686017456,0.008502715948749318,0.005428825841085458,0.0117215853263996,0.0031417032070425663,-0.0017357869993373661,0.007835947390154627,7
gaussian_score,translation,real,2,endpoint,3,2.0,3.0,2.531166376000141,2.527525487557727,2.5363620154974678,197.0299483886975,192.52062434945614,200.26769228376048,0.013611494059739156,0.010273986002221241,0.01680800246875155,0.01450363137146053,0.01114617198144402,0.01714565999177968,0.9768778568586904,0.969287884671477,0.9851464418903113,0.0029575193983156977,0.0013214056634167453,0.004603781026277771,0.010653974661423456,0.00823346616166953,0.012598401448050309,0.013686392597341116,0.010147698554313836,0.01700030095122882,0.003286562211573587,0.0009359945493478762,0.005611821877498222,-0.00392531982892342,-0.007022140810235067,-0.00038468324697060735,7
gaussian_score,translation,real,2,endpoint,4,3.0,4.0,3.520347927928868,3.516935953160465,3.5237243334326918,274.04325525141957,267.4539656281131,278.9103829608087,0.0026033705773980736,-0.0017205566238481238,0.006648675770995385,0.005099103666781534,0.0009272281270232011,0.009309287767075939,0.9959266964817557,0.985873348202266,1.0069015649352182,-0.0034312276348654708,-0.006172502217037522,-0.0008758669781101708,0.006034598212263545,0.003869632496377541,0.008449737913908201,0.00249132532002758,-0.001892888741478968,0.006584832056903665,-0.001626207807470093,-0.004263076013378003,0.0014055608582045052,-0.0036661560278247285,-0.007319573561120529,2.0388954070349042e-05,7
gaussian_score,translation,real,2,endpoint,5,4.0,6.0,5.0534245729245635,5.046572430016053,5.059425040504251,393.374146436659,384.6462093102053,400.16737777880314,0.002322683363998087,-0.00048201473050210787,0.004976449960854341,0.0024635086354185196,-0.00028191224999764573,0.0053261274594717176,0.9950645253488187,0.9913602373049116,0.9985209136923281,-0.0011742581516474531,-0.0032600910473816174,0.0005107273673761113,0.00349694151564554,0.0023420013552626815,0.004781730573310517,0.0022684775236226423,-0.0004796252516607065,0.004864389710901028,-0.0005635608803236932,-0.004196823657982968,0.0019689251795910944,-0.0001600063026086396,-0.002399797412780444,0.0020510819710583194,7
gaussian_score,translation,real,2,endpoint,6,6.0,8.0,7.042071953289451,7.035329569652466,7.04852586792028,548.1893317757409,535.6908778716315,557.6196697629166,0.004623907505949465,0.0017338954343686388,0.007513919577530289,0.004520095343021438,0.001723322994068443,0.007589123635419863,0.989782471008864,0.9856876836335241,0.9940992591307652,0.0023868844717366148,0.0010488847327320644,0.0036761963653248234,0.00223702303421285,0.00035725593971512256,0.004237501276376814,0.004621449256289359,0.0018840656631535432,0.007379687751281783,-0.001010686344855844,-0.004630161175918274,0.002768378685519769,-0.00037298050333233406,-0.0029373506019457593,0.0024846570439535035,7
gaussian_score,translation,real,2,endpoint,7,8.0,12.0,10.074308446825452,10.06757647847383,10.081282380375669,784.221447186267,766.0689801378259,797.5482803773008,0.002789417742986096,0.0013452224905676244,0.004141934604927873,0.0026558570784853165,0.001438162983009382,0.0038854769674456467,0.9939901473346497,0.988116221746542,0.9986570581992334,0.0014991557015246193,0.0005176191958127041,0.0026511614431482355,0.001290262041461478,7.243270225871616e-05,0.0027652978468610885,0.002745837070207997,0.0015280839271549797,0.003908218573458949,-0.0004250149642213516,-0.0026799767485589875,0.0017848218614555018,0.0001509237671979352,-0.0012089842525657964,0.0015769847089146221,7
gaussian_score,translation,real,2,start,0,0.0,1.0,0.6852844862844533,0.6704139605083794,0.698726318050137,53.36863987445923,51.17675887333933,55.1216265909393,0.04246620936595668,0.03656072836599065,0.051524244399913925,0.04323531684180378,0.03880191364465626,0.049074828530974,0.9344626135205676,0.9199692693552187,0.9499191657181206,0.022887329658759965,0.018382237969744693,0.0282926118692565,0.019578879707196715,0.015469320321567923,0.024292973313246122,0.04236334358179231,0.036642409156686595,0.05161885437056219,0.0208848528402488,0.015654036914849453,0.026376771730238304,-0.009275503862858334,-0.014147602906645532,-0.004079045947426072,7
gaussian_score,translation,real,2,start,1,1.0,1.5,1.2647507699442102,1.2616509378621263,1.2678610822307188,98.45681161055965,96.20011710316146,100.28589117288968,0.038329513791787374,0.03152713701680795,0.045388274673947494,0.03728704249380743,0.031526916992797416,0.043941600666117756,0.9450198062790884,0.9298509708323337,0.9609303552522406,0.01806133375081288,0.014577365234779831,0.02197262981404306,0.0202681800409745,0.01643837726029914,0.023977522258138453,0.038695572549465554,0.03225100381991098,0.04543183572912092,0.013895526534875904,0.006766799885179591,0.020775842004928265,-6.0060877849766265e-05,-0.004923064713930034,0.005285014806659359,7
gaussian_score,translation,real,2,start,2,1.5,2.0,1.7615890970876407,1.7594002232006964,1.7640890468258927,137.130917184383,133.82523121854342,139.4969626250185,0.024645249668101353,0.018761371374002415,0.03128414028283443,0.02505516111286967,0.021743183309034454,0.02939830593537872,0.9616611481918728,0.9537789221377203,0.968827543872777,0.010770040738538203,0.0071096968622029535,0.014140271850107277,0.01387520892956315,0.010340898184003198,0.018289914731928075,0.0248392189453946,0.019206403921927198,0.031619235837764284,0.007552414160445743,0.004069035791180753,0.010858763872076642,0.0011266321768060715,-0.004270380139791053,0.005512311168003349,7
gaussian_score,translation,real,2,start,3,2.0,3.0,2.531364190957564,2.528049341067845,2.535900282283978,197.04430397187622,192.5524509375852,200.28101173536078,0.013367292989331073,0.01016013910371853,0.016302142734698665,0.014644979449118606,0.01132838067551333,0.017372388621176283,0.9773327369020198,0.9708823826446819,0.984679715728014,0.002359160067611756,0.0009264890282067365,0.0038304766438271337,0.011008132921719316,0.008643394241941065,0.01288127145449915,0.013470007974428879,0.010058566058148964,0.01658637779010109,0.0026094536339579854,4.9885222947203695e-05,0.005254547045519006,-0.0024095172200292816,-0.004857985501342039,0.0002588827874415728,7
gaussian_score,translation,real,2,start,4,3.0,4.0,3.52051803901361,3.5172027416660927,3.523656595873331,274.0562104224431,267.70016730937306,278.92709460904354,0.0026207177278489793,-0.0014570567529301056,0.006320864986781947,0.004946202888814736,0.0010619187205582825,0.008828660044546584,0.9959903108327186,0.9862995073500278,1.0063189412520708,-0.0031631810198998423,-0.005635738443063619,-0.001048866906282979,0.0057838987477488195,0.003534897011951569,0.008015406543879094,0.002506527835253109,-0.0015075168867498703,0.005995983031915628,-0.001428643846057802,-0.004855652489486403,0.002102065397410905,-0.003626835910078227,-0.007759345898533588,0.0005474366384857927,7
gaussian_score,translation,real,2,start,5,4.0,6.0,5.053500634343329,5.046736156359863,5.059234918540082,393.3815897695528,384.8430399907531,400.2574224640919,0.0025102013124622415,-0.000439092103116506,0.005301520345828012,0.0025959893565261722,-0.00016714486207483668,0.005626212034554291,0.9943705662178707,0.9907135855105383,0.9980347074834235,-0.0010892854993314975,-0.003145628155070714,0.0005611468886109078,0.0035994868117937393,0.0022636904982275105,0.0050338734034233255,0.0024496008585878754,-0.00044428792015602535,0.0050462766090456235,-0.0006047263778838251,-0.00404917529095059,0.001695420996981433,-8.183778909000282e-05,-0.0021456280450589745,0.00199861593347833,7
gaussian_score,translation,real,2,start,6,6.0,8.0,7.042302181272963,7.035843692967162,7.048541307988272,548.2076713983562,535.43839933661,557.6233033823058,0.004443287643786523,0.001660611304679101,0.007428197650272379,0.004354045696859096,0.0015737912566688506,0.007473923006868403,0.9899797754683518,0.9859651537168991,0.9942500343124216,0.0022441992404054222,0.0009322824317319765,0.003566785242104418,0.002199088403381101,0.0002871329803652998,0.004179051547024921,0.004428097336209903,0.0018316861442445667,0.007066574669214396,-0.0011123302016932777,-0.0048192570158852146,0.0027582176385804328,-0.0005703559721490685,-0.0030769347844602822,0.0022294109380430354,7
gaussian_score,translation,real,2,start,7,8.0,12.0,10.074366995778433,10.067354117754933,10.081669392728065,784.2258017356623,765.892130537207,797.4011019493493,0.002800206146306894,0.0014290915578315838,0.004172753882855806,0.0026324458169198657,0.0013886059862200165,0.0038520518238508517,0.9938798443182029,0.9879813687985134,0.9986705382750831,0.0015693110761180735,0.0006229002167589297,0.002611798395137203,0.001230895070188821,-1.992838417811717e-05,0.0026317530169129373,0.002746302131563167,0.001494421059399885,0.00399142613438326,-0.00047534774119818414,-0.0027990401792518968,0.0016992693153031347,4.5706199513145716e-05,-0.0013144650501647503,0.001417833750772488,7
gaussian_score,translation,real,3,endpoint,0,0.0,1.0,0.6850503019240232,0.6701684234474109,0.6987373126668619,53.369387723264545,51.237610649528534,55.07547166852511,0.031125601045626793,0.025971756150681178,0.03913091458326913,0.03170510000359504,0.02535324454792919,0.040116131756965524,0.9456877257849445,0.9279734650503727,0.962116300458932,0.014942042406134616,0.011064183026378748,0.019870583173839277,0.016183558639492175,0.01290185789245164,0.019880057088215126,0.03083388878801201,0.025904113479453317,0.038638981219834764,0.009768662964176817,0.004211255784806338,0.015395452795932045,-0.0033829521879282522,-0.010625112565557952,0.0037879319471043984,7
gaussian_score,translation,real,3,endpoint,1,1.0,1.5,1.2646657980482523,1.2615263867574926,1.2677942621953353,98.48481525520516,96.23708785922447,100.22270848406208,0.029963448012783778,0.02475553491143757,0.03547039367385609,0.030414703823094597,0.026005946842552728,0.0352010395012224,0.9539585285392823,0.9372848908439415,0.9687781936264104,0.01345856667582567,0.00955532552033787,0.017227942629124287,0.01650488133695811,0.013766339677976944,0.019322627359417102,0.030107330025385255,0.024622576668061967,0.03591480101522641,0.0034325515047097443,-0.00042915975345035335,0.00750893887255769,0.001291487159735969,-0.003175573734768335,0.0054797038936667515,7
gaussian_score,translation,real,3,endpoint,2,1.5,2.0,1.7616620266140657,1.7594403492464619,1.7642415323117864,137.1852260078318,134.03618284702432,139.49093205096833,0.019393913160526913,0.016728031085569067,0.02209371537856838,0.0198959138081294,0.015462164873653126,0.024231449044557422,0.9663993994850001,0.9601573960053239,0.9712785749305104,0.010739114413620717,0.008925161488366464,0.012182585270800838,0.008654798746906195,0.00601746168579334,0.011112809693353957,0.019359572760751863,0.01656003181612118,0.02234902426377713,0.0019965966918303506,-0.0040515323586636795,0.007830421471489346,0.0029431648315383107,-0.003912221779970778,0.00966182262123466,7
gaussian_score,translation,real,3,endpoint,3,2.0,3.0,2.5313615467977866,2.527879068664272,2.536027839985557,197.1143375529924,192.66110954824316,200.21570192552662,0.0088235595390702,0.004785049958071066,0.012710784996883991,0.008656264335487064,0.005705732542117443,0.011710184849556422,0.9820434147293058,0.9736364997748459,0.9903100856159609,0.001073619650743884,-0.0014055460438164218,0.003599513542545285,0.007749939888326315,0.0053572786484666355,0.00975711088848242,0.008723754739392936,0.004484836592531385,0.012604156640385682,0.0011072128422742248,-0.0019607926246607075,0.004531692714031691,-4.4584613149520996e-05,-0.0021817018964033633,0.002137866060246517,7
gaussian_score,translation,real,3,endpoint,4,3.0,4.0,3.5205654993657136,3.517288179296309,3.5237532139420784,274.1576139958666,267.62263337175756,278.8195722442393,0.00013782504519265618,-0.0021067193434587306,0.002371503174914232,0.0005803805539966195,-0.0011627748713538798,0.002378643305148511,0.998718660539828,0.9909638328215136,1.0058602029265262,-0.003703351473863582,-0.005224499792140402,-0.002177057117723427,0.0038411765190562376,0.0021556539513574078,0.005517443962434888,0.00023042627792966048,-0.002249919589112606,0.0025661033175074367,0.0019729469339246864,-0.001500832199795854,0.005266987618680718,0.0013216598904081697,-0.0013656443523926644,0.003613077221170161,7
gaussian_score,translation,real,3,endpoint,5,4.0,6.0,5.05336843697686,5.046512028214109,5.059228953794627,393.5117938218422,384.5904320530147,400.11352653454384,-0.0023860709801152677,-0.004299596658916275,-0.0004730726414865584,-0.0015956929838575145,-0.003837869559061681,0.000874979898341509,0.9997166040072634,0.9943657834304449,1.0053572940186108,-0.0029223445355731383,-0.004270199693595709,-0.001448303607137031,0.0005362735554578707,-0.0007408618845281552,0.0020533098718342898,-0.002257348900611551,-0.004103488156840843,-0.0004610781377040156,0.002060618566557529,-2.2365581273338887e-05,0.004815828283512803,-0.0021446756006410703,-0.0037368332094355255,-0.0002551217182066217,7
gaussian_score,translation,real,3,endpoint,6,6.0,8.0,7.042288651229225,7.035622341098262,7.048625233623736,548.4016147392858,535.7788199255789,557.3822851243914,0.00013178717896823538,-0.0011738530583045672,0.0014278903839597755,0.0009115840777437918,-0.0007047369147008284,0.0025532871266305476,0.9939850179136324,0.9908802430485969,0.9970240266527293,7.538488116101024e-05,-0.0006499519499904594,0.0007232743110866314,5.640229780722526e-05,-0.0012839796848464452,0.001205516018479868,7.254208216200417e-05,-0.0011582916167222931,0.0013173775124804804,-0.000129805868784053,-0.001356281997483304,0.0014482313172936225,-0.0002152918618383763,-0.0016193102649069602,0.0011146126949088371,7
gaussian_score,translation,real,3,endpoint,7,8.0,12.0,10.074432286497025,10.067450551434703,10.081893138190416,784.510871514697,766.486504784397,797.466395114284,0.00032842848594900035,-0.0006553060498123699,0.0014841808852365445,0.001386793400404849,0.00040605154070002316,0.00237807211109875,0.9966113632081287,0.9915373035673325,1.0006722243422803,-0.00023952589999076706,-0.0012071781361191255,0.000686436625456588,0.0005679543859397672,-0.00029190315037313196,0.001360254968170455,0.0003169829702023832,-0.0005416074202179013,0.0013920681825933467,-0.00017871050017229974,-0.0016645739671505234,0.0014957865780384895,-5.105486666665356e-05,-0.0010006740936180235,0.0008112021677979949,7
gaussian_score,translation,real,3,start,0,0.0,1.0,0.6834820987515736,0.6709271782063801,0.6962006479842915,53.246956914172735,51.157478890038,54.845825104492675,0.03319253345114819,0.027771890126627296,0.04075722922907713,0.0330566316345631,0.025620164746129555,0.04158836410099116,0.944293833843174,0.9257071950555802,0.9609319533625242,0.017880180643139898,0.014274132202876036,0.022621576769248145,0.015312352808008292,0.012038037107971798,0.019069547809380593,0.033081422544668455,0.02786387766991465,0.04057903254457831,0.010246879062734493,0.003010669030644422,0.01793701694745328,-0.0027109409401533226,-0.011189502309029332,0.004104077417197466,7
gaussian_score,translation,real,3,start,1,1.0,1.5,1.265460585968235,1.262895217980751,1.268088227003976,98.54689768191864,96.31357972488767,100.26476187177656,0.02894522515398825,0.023535965304674143,0.03482800939606222,0.02955806258933717,0.02490142323511284,0.0342648645990528,0.958772895745301,0.9440786238650415,0.9718111733093932,0.01205076422950267,0.008050822440788747,0.01597602365420118,0.01689446092448558,0.01380455023762106,0.019962374721888856,0.029106607311759188,0.02341475027233604,0.03535702547444788,0.005372237218259061,0.00025267983251195153,0.011184607012654894,0.003489425582115867,-0.005843397282246741,0.011251916187717571,7
gaussian_score,translation,real,3,start,2,1.5,2.0,1.7615165632724765,1.7599611778922206,1.7634058225421134,137.17467678691065,134.0882803756497,139.51299910004204,0.018899616731817555,0.016354096470162595,0.021883252171277696,0.02056200457026141,0.017071488107090294,0.024001046783445504,0.9654367298572274,0.9592877183425971,0.9698445640779136,0.010220384977856992,0.009255330676336975,0.011206629477733593,0.008679231753960561,0.006797619595674181,0.010836837094627277,0.018766033915914537,0.016045742934132384,0.021708794202187014,-0.0008137172813739888,-0.004782913362880534,0.0031469117857580394,0.0013093148592345238,-0.006030701925222343,0.007258034378119583,7
gaussian_score,translation,real,3,start,3,2.0,3.0,2.531468931435108,2.528194766557542,2.535625450320038,197.12261492931398,192.75717861385402,200.21708148019087,0.009610503687313207,0.005883895207177434,0.01320221921892395,0.009116883411984517,0.0065857692266042215,0.011925115963917583,0.981270950368313,0.9736153799156717,0.9889265208209542,0.0014464080038101295,-0.0009521972122295989,0.004026404930494762,0.008164095683503075,0.006114900643247309,0.009996753090806507,0.009482455160123207,0.005396054724674848,0.013186940895024766,0.0008361542570730127,-0.0031362486277882987,0.005290293483378849,0.0004809380433119871,-0.001769434242191048,0.002795766014620547,7
gaussian_score,translation,real,3,start,4,3.0,4.0,3.5205194775380773,3.5172055759265652,3.5236246881592854,274.1532737387426,267.88073544155174,278.7434760863664,-0.0004771557758993775,-0.002994901095475509,0.0016991767528615454,-8.703531686417147e-05,-0.0019865762742451924,0.0019425346814260656,0.9985017110237895,0.9913028584023871,1.0051102992137255,-0.0041055789201895595,-0.0057572435592614865,-0.002418948279691451,0.0036284231442901813,0.0018046722848963463,0.005476258397135274,-0.00040433090940465884,-0.0029238061118809534,0.0020093284684461086,0.0018867566889239783,-0.0009715450499020217,0.004622942229268739,0.0009305349503248142,-0.0011248764472066976,0.002701944478100486,7
gaussian_score,translation,real,3,start,5,4.0,6.0,5.053323562934443,5.0465465816173225,5.059292096584569,393.50863697836564,384.34345835794875,400.13048677665876,-0.0023593304685694447,-0.004348184299216437,-0.00043250691977362964,-0.001581711480024483,-0.003897918259164654,0.0010933214223191362,0.9992668037818254,0.9943105419609201,1.0048381430066247,-0.0027565152540538463,-0.004094361367409009,-0.0014179434917401463,0.00039718478548440156,-0.0008818571711920665,0.0018800991037651357,-0.002253568887725186,-0.0041217954073112404,-0.0004256962291324997,0.0018536373363665626,-0.0002317063309041788,0.004349799949397398,-0.0020830207395456483,-0.003777031577367981,-1.0302791550687265e-05,7
gaussian_score,translation,real,3,start,6,6.0,8.0,7.042209748274673,7.035700906563987,7.048531415909022,548.3953370094858,535.6887702541774,557.4416387831731,0.00017733863706272912,-0.001030663132116148,0.0014188686602761397,0.0009400820042662261,-0.0005517037751344983,0.0025001208797533906,0.9941633587500662,0.9911132825085611,0.9975347351675431,3.613401781277322e-05,-0.0008028486768683589,0.0007997347392822217,0.00014120461924995616,-0.0011794187521676901,0.001271232746791794,0.00011637520385018959,-0.0010370205645693518,0.0012737162674815988,-0.0001809323387816934,-0.0016021420646180203,0.001542118593620493,-0.0002885801071483983,-0.001663729378405578,0.0011331681338975562,7
gaussian_score,translation,real,3,start,7,8.0,12.0,10.074204734349452,10.067043878444906,10.081682344105255,784.4928752807156,766.9482074659528,797.5767730599098,0.00028552914937429307,-0.0006747159224061232,0.0014839914289431514,0.0013160254296129593,0.00039576160177591307,0.0022623506665769423,0.9964343920247621,0.991315214139207,1.000598890851546,-0.0002677707143850704,-0.0011818990520667996,0.0006902633529781,0.0005532998637593634,-0.00031320069532418985,0.0013279789408694362,0.00027296062099204326,-0.0006046016173839154,0.0012360294673861506,-0.00016399274363163577,-0.0015769016743424676,0.0014562780315258066,-4.140793146335737e-05,-0.001002681238225579,0.0008549226571586581,7
gaussian_score,translation,real,4,endpoint,0,0.0,1.0,0.6833154591718581,0.6700105142264456,0.6958254430489607,53.24921605949369,51.223929152395954,54.860475137157835,0.02400370455271931,0.01916644787916501,0.030063789463433327,0.023667037505011677,0.016875331048236967,0.029703169080886722,0.9558104817928241,0.9390726516183994,0.9714874245728131,0.011199043476801913,0.007855742660699059,0.014695671806053249,0.012804661075917392,0.009258489776167797,0.016533896960895397,0.02444917657822165,0.01946141720880219,0.03031689785072947,0.010370726195091705,0.0028771817937096925,0.01800132319716441,0.003673983790962429,-0.006115746303277198,0.013955409328242147,7
gaussian_score,translation,real,4,endpoint,1,1.0,1.5,1.2654648744826347,1.2630232873176368,1.2680467042810142,98.5744781033045,96.3931115345671,100.24472689957896,0.026360751439156515,0.02048773826013633,0.03185901730617102,0.024053787826366118,0.01899520164095151,0.027784733083625723,0.9598974701267623,0.9472875325743686,0.9710947220933214,0.014997878607742878,0.011579419924173282,0.01877257695088123,0.011362872831413634,0.007447421542120408,0.0152903048842332,0.02615015520508997,0.02040898920878098,0.031519181510375714,0.002056042751458488,-0.002375060389254982,0.005923655730337625,-0.005834888855218428,-0.010478004661959027,-0.0005837736063188168,7
gaussian_score,translation,real,4,endpoint,2,1.5,2.0,1.7616518816547995,1.760065542260445,1.7636816381275116,137.2240746504843,134.14934380639383,139.53010404454878,0.017105063178105052,0.011409803303777827,0.022915721947239284,0.01463383596058951,0.011318325499701501,0.017250127250148215,0.9674243280581588,0.9580378278468062,0.9766708651697728,0.008213341626648427,0.005560084048961659,0.010563732690593393,0.008891721551456623,0.0047517343953400615,0.01333897443736775,0.01708090745672226,0.011187709857383767,0.023000034436374696,0.005666675212854392,0.0014593866616519067,0.010328724050551125,-0.0024906158904462457,-0.008226842424804386,0.0032158292094092876,7
gaussian_score,translation,real,4,endpoint,3,2.0,3.0,2.5314343905679486,2.528087490349616,2.5358605569953045,197.1753602766863,192.81725462975703,200.16954209921835,0.00914495581924216,0.006668346934029901,0.011573992968048756,0.00938785839506512,0.006836554960263945,0.012027236964224763,0.9814341028340587,0.974520652041434,0.9889141497776391,0.0025836206414135625,0.00044716954982055256,0.004577464249218872,0.006561335177828598,0.004975153904431228,0.00812242555781143,0.00940001248914847,0.006917280744182949,0.011773790754397577,0.003875003811238223,0.0020078431268576373,0.005859455537849656,0.0005225328231283944,-0.0033404473484378965,0.004471716002659386,7
gaussian_score,translation,real,4,endpoint,4,3.0,4.0,3.520585063973057,3.5173407844349662,3.5236829318033713,274.2347352179612,268.0827851044509,278.653111286719,0.0015609193561728347,-0.001145680137222932,0.0042422805212173785,0.0008254200191411421,-0.0014943421377199076,0.003320316603603051,0.9969122645071166,0.987881477715528,1.0054792180646333,-0.001676678209452891,-0.0037504267785616083,0.00032124651648891947,0.0032375975656257256,0.0017959665909943285,0.004645246385252248,0.0018751930724551994,-0.0006646451232237428,0.004552153685220752,0.004575106579322037,0.001280317719621716,0.00708348131116287,-0.0016230742768491024,-0.0034431334284076944,-0.00023053959192187,7
gaussian_score,translation,real,4,endpoint,5,4.0,6.0,5.053250343615018,5.046454212094549,5.059253509950193,393.6129172712397,385.04812684644986,400.03669708242796,-0.0014210194109606788,-0.004607239822691246,0.0014786510201103588,-0.0016412508949850983,-0.004309974681875947,0.0008657045745992589,0.9985510259533337,0.9926123973013675,1.0054329955869437,-0.0028624163868994404,-0.005010212000662296,-0.000714727461446721,0.001441396975938762,0.00010276574315007228,0.0027243986883491436,-0.0012355370401981134,-0.004390808727851747,0.0015961504750593308,0.0015381232456430608,-0.001179436101749209,0.004601716784391625,-8.128933242301728e-05,-0.001556554292671514,0.0014184734240448897,7
gaussian_score,translation,real,4,endpoint,6,6.0,8.0,7.042142814746162,7.035593083970665,7.048405481339077,548.5433969129768,536.2907259988158,557.2545403241054,-0.0002817113595210574,-0.002333905300783564,0.0018258430157594204,0.0005253156040773281,-0.0018319449734451405,0.002784764359119456,0.994614197880516,0.9912745551354093,0.997657262940173,0.00013184771500280776,-0.0013687945436075882,0.001601223564743137,-0.0004135590745238657,-0.0014156619557592856,0.0005458042014587778,-0.00019993455126942778,-0.002527032607749294,0.0018917209689433784,0.0008130394417904807,-0.0014614656822958638,0.00320429293004943,-0.0008878889738015661,-0.0022529829473572384,0.0004352840697200823,7
gaussian_score,translation,real,4,endpoint,7,8.0,12.0,10.074288470786229,10.067187048748742,10.081383311244604,784.7191250602103,766.7410127769748,797.5151313591872,0.000604599049124058,-0.0008406097876766749,0.0016263563539352852,-0.0002931178894605477,-0.0017527109461046228,0.0006839972409963587,0.9961794292713465,0.9903085285754187,1.0006942675463268,0.00048641463128401986,-0.00013539875787475108,0.0010817591710963863,0.00011818441784003797,-0.0009449732155535563,0.000997525663632577,0.0008937695514716871,-0.0005721064540726867,0.0019462283924592879,0.0013450911278528725,0.0002036836421662564,0.0022095679261724672,-0.00015533193198861246,-0.0007569531544377088,0.0005890945414197493,7
gaussian_score,translation,real,4,start,0,0.0,1.0,0.6818873312172725,0.6702333008847713,0.6932003200481427,53.13626561738109,51.19066157203566,54.64094249336745,0.023751227484071113,0.016457720613285404,0.031149867164246565,0.02491839906198429,0.016236384146719438,0.03288912576324037,0.9566880223977037,0.9387286681583366,0.9731710298035571,0.012422356566134133,0.008245947811314392,0.01630108468436335,0.011328870917936981,0.006369861407692244,0.016291263286655075,0.024121391502358484,0.0169065694010171,0.031028800585297923,0.010696280691949011,0.0030499510689920863,0.018788255445469863,0.004178165900625004,-0.002894574896040205,0.012478239641796729,7
gaussian_score,translation,real,4,start,1,1.0,1.5,1.2662500163671775,1.2638223453388255,1.2683837796155955,98.63501457434897,96.35942319323422,100.2563951075528,0.02715041077622015,0.019979178613958124,0.03374644604299162,0.02284736038511272,0.016351542920096256,0.02764088117866819,0.9616000717865333,0.9489280509298181,0.9727766983150871,0.014548139965329039,0.011056660112009144,0.017754768917002645,0.012602270810891112,0.008741833920495273,0.01629413593229474,0.027101447251791675,0.020190276049384167,0.033460657244329096,0.004387636484858318,-0.0005214568147264155,0.008946410006830215,-0.005968056108211095,-0.011140920687512334,-0.0009350515585645376,7
gaussian_score,translation,real,4,start,2,1.5,2.0,1.7617464648179577,1.7603943413113947,1.7632707794381715,137.23256912977635,134.10404688031912,139.5908280237083,0.01749869437792469,0.012373517738958298,0.022771669901023875,0.01538930676996168,0.012843665711399851,0.017507291910137196,0.9671761633855767,0.9581627071294755,0.9761802604019036,0.009297956628876723,0.007033567902333396,0.011511152786466207,0.008200737749047967,0.004451230831303248,0.012364787004188265,0.017266864780603693,0.012046415530264075,0.022882819868945303,0.0008171165373250128,-0.004500744536937648,0.006916121521836155,-0.0016496880186658118,-0.006937982060867896,0.004501805402212201,7
gaussian_score,translation,real,4,start,3,2.0,3.0,2.531949318550552,2.529268187889411,2.5355023139749426,197.21567690370043,192.85949029627233,200.22967925437757,0.00896544973701423,0.006241675852322118,0.011555010763497124,0.009453902294646165,0.007017901831021689,0.011916537741875979,0.9812618841292489,0.9748946800439836,0.9879692488098863,0.0021447018319103012,0.00021036638759743676,0.004093242856829924,0.0068207479051039304,0.0052386137462075155,0.00837488644117049,0.00921343793875416,0.006546315898525587,0.011799741913672375,0.003788147847262075,0.0014881396944183068,0.006631786410851858,9.817701380453615e-05,-0.004269436351418945,0.004757943907108547,7
gaussian_score,translation,real,4,start,4,3.0,4.0,3.520451390986898,3.5175382660470573,3.523414598241612,274.22326034908764,267.7368044190234,278.66088444544965,0.0012098504253875222,-0.0015202339797007194,0.0038213815869481992,0.0002634472286506872,-0.0023257650054506404,0.0030884644339403055,0.9964730330160944,0.9877675066159638,1.0049174788164656,-0.0018006128935837778,-0.003957695971105986,0.00020563691524395615,0.0030104633189713,0.0014893899324550635,0.00436373396735425,0.0015447100768770559,-0.0012247390026637617,0.004043418111786196,0.004384013207600581,0.0011171381640134221,0.0073860360086017785,-0.0019324930072063175,-0.004006469635299911,-0.0001571373293554003,7
gaussian_score,translation,real,4,start,5,4.0,6.0,5.052869663066079,5.046305972581962,5.058705673349669,393.5832594681973,384.7587137247761,400.1896068121512,-0.001458205100305049,-0.004837301379635378,0.0014255361008095313,-0.0015077140994920167,-0.004119802234277045,0.0008865834502336129,0.9981396617836041,0.9921196293709501,1.004630748464568,-0.002827205919455056,-0.004967928949003161,-0.0007186847985909024,0.001369000819150007,0.00012921761993866615,0.002639364206821867,-0.0012573661125228311,-0.004432585416247409,0.0014498228524467936,0.0016791775923010277,-0.000577897440528185,0.004599857722863679,-0.0001863121243525444,-0.0018061225264970407,0.001183957908956658,7
gaussian_score,translation,real,4,start,6,6.0,8.0,7.042084358140536,7.035542523261557,7.048464120745446,548.5385459882124,536.2111602128278,557.2351255077796,-0.0002267535791688951,-0.002321977388327064,0.0017833421503866246,0.0003986363451338159,-0.0020396914671707723,0.0026947528352561085,0.9943677598993222,0.9910724033752404,0.9972698286756251,0.0001756440749314215,-0.0012806387068389168,0.0016111105632036517,-0.00040239765410031696,-0.0015073338037283088,0.0007035170867175531,-0.00015646491014367032,-0.0024427847211267208,0.0020091268086866797,0.0007676615229414639,-0.0014520776374935024,0.0032466077695400366,-0.0006723242153581241,-0.0018667110663126661,0.0004754029350728803,7
gaussian_score,translation,real,4,start,7,8.0,12.0,10.074142190624869,10.067130166966864,10.08172709057685,784.7065195404006,767.4547120361669,797.1953451511898,0.0005974509335115345,-0.0008545358405862841,0.0016585219478619689,-0.00029348152191449757,-0.0017643950100375693,0.0007474383549668834,0.9961756300279196,0.9904564438164642,1.0005697458295257,0.0004352348424214999,-0.0002108219947598535,0.0010707818948054745,0.0001622160910900343,-0.0009097351586929332,0.0010978055124230232,0.0008906340849777454,-0.0006110700007198173,0.001996756636946762,0.0013551142640584944,0.00040466857938315436,0.0021343587473592472,-0.0002407570808435531,-0.0008639047706257286,0.0005639555775915048,7
gaussian_score,translation,real,5,endpoint,0,0.0,1.0,0.6817412228399989,0.6700165453206006,0.6930158016301986,53.159717318021684,51.209743932982754,54.666363817123234,0.015032603473683704,0.0056743412560233365,0.025963685402289917,0.0113038732795061,0.003404261582671479,0.019375662520050952,0.9673755644195478,0.9511822544758779,0.9831599137106357,0.005724628900785844,0.00042745228874803404,0.010789826342529668,0.009307974572897861,0.003230359094861817,0.01673043162042432,0.01450565758136901,0.005262393164986447,0.025214995070946926,0.00663692958941845,0.00023209805199926118,0.014214193906918592,-0.0021892608387986553,-0.011387599734972166,0.006139090073390389,7
gaussian_score,translation,real,5,endpoint,1,1.0,1.5,1.2662564389612576,1.2638383466280871,1.2684016428825082,98.69929200117076,96.5482449140736,100.3077434326193,0.016652310335776566,0.01265898310082245,0.02206987215005154,0.018263745541021916,0.012334523219939211,0.024351928720580143,0.9711256075982629,0.957931951521463,0.9845177276463051,0.008649607560307183,0.0055518313326296245,0.011743454073708212,0.008002702775469382,0.005295551090476436,0.01115114437668403,0.016702995955799427,0.01277774299986721,0.02177633153028664,0.007407332239802589,0.0006514332593939209,0.013473937775596597,0.000687241872089671,-0.005008197418554636,0.0064637929417899805,7
gaussian_score,translation,real,5,endpoint,2,1.5,2.0,1.7617871075788523,1.7604494691025945,1.7633435540541633,137.3250232367031,134.1094405969098,139.55179499531087,0.012262607047525995,0.008130038415158093,0.016835070802943396,0.012939776566569508,0.009381282974984691,0.016300689946954515,0.9731809957483138,0.9679746105807124,0.9790512146166447,0.007469386617850707,0.004927540519346166,0.010397679489728888,0.004793220429675291,0.002874774431348638,0.006684682682390965,0.012634130733066065,0.008598981094375131,0.017122154796034603,0.002622980723173887,-0.005316620313530645,0.010085961536487498,-0.004496865829174833,-0.009170572300870213,-0.00012870911599593846,7
gaussian_score,translation,real,5,endpoint,3,2.0,3.0,2.5319263186792953,2.529111713578389,2.5353407586735446,197.34231937985706,193.0689324799457,200.29236225134662,0.009974029017542912,0.006467890826596256,0.014495640930921502,0.010138131979887591,0.005207405692896496,0.016565747109041972,0.9810690361206429,0.974157256449715,0.9886354168859038,0.00516143757840855,0.002648269689943544,0.008122988534962667,0.004812591439134363,0.0027638157319264797,0.006621415169096952,0.010176126204124808,0.0064890097295444565,0.014814266851528856,0.003129408598780802,0.0014707913873644371,0.004978267466387746,0.0011517845271896393,-0.0027261253908615205,0.005755103258265345,7
gaussian_score,translation,real,5,endpoint,4,3.0,4.0,3.520530833185392,3.517718660297201,3.5235438823841543,274.407178561854,267.90580391348186,278.751713350537,0.004364020006739499,0.001148625773762875,0.00807753493196582,0.0047599892472066155,0.0004365169878339409,0.008900323938635936,0.9937706488359179,0.9852565763497035,1.00165270555755,0.00030559231775491573,-0.0012067860215693538,0.0023042086623524627,0.0040584276889845845,0.0016954658970605838,0.006383190327025373,0.004415283465121947,0.0011240314919134951,0.00819121542961784,0.0007088300342843639,-0.0013596760403013725,0.0026928497814862444,-0.0031503821088846714,-0.0050420453187637665,-0.0013877402367296046,7
gaussian_score,translation,real,5,endpoint,5,4.0,6.0,5.052743578431607,5.046235029427364,5.05854414311671,393.82903922204576,385.3154600276463,400.10630852312926,0.00013150693059957717,-0.003019845636850337,0.0037080368006067524,0.00016136638154485645,-0.003581170430841564,0.00421878445567138,0.9969150605379908,0.9927182831825824,1.0019349885356539,-0.0013758220401518132,-0.0033067242674531686,0.000882456708819566,0.0015073289707513901,2.1959960548079486e-05,0.0029143779946815694,0.0001935710322383577,-0.0029811762638285,0.003770881129743904,0.0008639325873346879,-0.0014775078499153055,0.003165766403237418,-0.00011640651879662156,-0.0031477143188118036,0.0029569984298721008,7
gaussian_score,translation,real,5,endpoint,6,6.0,8.0,7.042001159776575,7.035233430379404,7.0481207650278686,548.8883627893557,537.2252606707522,557.6649360942621,0.0008302126439966968,-0.0011681491816509966,0.0030547925159360276,0.0010720289812680627,-0.001039279502376624,0.003347714557449194,0.9933646273600916,0.9896458578255701,0.9969458375525714,0.0003675173606085964,-0.0008891116545512602,0.0015744553790539354,0.0004626952833881002,-0.0004886291837302796,0.0016973887455515567,0.000862516373932751,-0.0012122218932286838,0.0031137647949391295,0.0005518745501276442,-0.0011084678563056118,0.00216261252777577,0.0003365187222644527,-0.0009731171484974411,0.0019092251076750864,7
gaussian_score,translation,real,5,endpoint,7,8.0,12.0,10.074201624363528,10.067286652565462,10.081655737812257,785.2206170268718,767.8990872703661,797.5228917737211,0.0005524350753460307,-0.0006097831209567993,0.00201577720909948,0.0007624143206445209,-0.0005768125575585784,0.0021603210529473056,0.9964159285584548,0.9910935632221178,1.0006740897804745,2.5405881654354363e-05,-0.0005674669510028856,0.0006178269654907535,0.000527029193691676,-0.00026617916200018346,0.0015033347680255963,0.0005082811310630977,-0.0009283216914244216,0.002196277926925808,-0.0003779908144790868,-0.0021903709675400304,0.001412426466083548,0.00036187257588090146,-0.0009620352744501067,0.0017720533467792527,7
gaussian_score,translation,real,5,start,0,0.0,1.0,0.6798352167400603,0.6699229511855497,0.6894270071399786,53.0092198229227,51.14792595793837,54.39796920424611,0.01404831550881318,0.005764764603867877,0.02474318757001323,0.011580051480501051,0.004257902743407237,0.018945185309599023,0.9706167429877787,0.9553180541851247,0.9871156045908317,0.005734023256337742,0.001116030439545859,0.010496225426903455,0.008314292252475437,0.0027422800318539302,0.015203123204162058,0.013880109245208468,0.005652643063455899,0.02418304958514248,0.007419945040777421,0.0003615435240898549,0.01541243431580329,-0.0012338057345830482,-0.011881192007206103,0.008418127621169055,7
gaussian_score,translation,real,5,start,1,1.0,1.5,1.2668896785477153,1.2649267071740264,1.268562957804374,98.74601985978336,96.52959710843807,100.30728265263137,0.01826120359569835,0.01375986530298227,0.023801772526424344,0.01835573829799066,0.01276814625439791,0.024521601274621788,0.9704552724538394,0.9596584419547565,0.9810284515167668,0.009033779613689077,0.006043977342406124,0.012228761223736177,0.009227423982009274,0.005925751364321156,0.012473747430176515,0.018216805077958722,0.013878044373994885,0.02363093851351325,0.007322289278332355,0.0006248708014913386,0.014106514481570279,-0.0016732173577771333,-0.0074623563289226615,0.005005681400200356,7
gaussian_score,translation,real,5,start,2,1.5,2.0,1.7621166954960839,1.7608660258301652,1.7634345967852667,137.34907639958337,134.31697842247982,139.56728302354838,0.01277662450930192,0.009650333174391493,0.015986365038029377,0.012950652734595244,0.010016939835414252,0.01555365215476184,0.9723585575684484,0.967193421431255,0.9787522345183944,0.008506974181966729,0.006422083393550967,0.010884416026522788,0.004269650327335191,0.0026832870039472964,0.006369103587260862,0.013013276656067467,0.010033200723551216,0.016032932416390432,0.0052423766595684354,-0.0017487166839667099,0.012063070352377891,-0.003305894378964425,-0.008847624041667406,0.0017630330790638588,7
gaussian_score,translation,real,5,start,3,2.0,3.0,2.5323093142836295,2.529615370262781,2.535289171435637,197.3719928520142,192.9416067787551,200.44930531996178,0.009382513854597022,0.005808086457315076,0.014059115698203546,0.009735939972923163,0.0045340924365365794,0.01615720252459733,0.9816024585730113,0.9750182937559335,0.9885028443112984,0.00476304868043307,0.0024045455251502294,0.007742015442565066,0.00461946517416395,0.0025767535813118617,0.006687747332889107,0.009511323048909606,0.005794166806353242,0.014547533986561922,0.0020659679295088923,-0.000553422242402544,0.00489671189686691,0.0012196456692466788,-0.0022708282248791356,0.005239028929318334,7
gaussian_score,translation,real,5,start,4,3.0,4.0,3.5204707612110435,3.517982045030279,3.523052822541225,274.4026069638706,268.08583010559266,278.8224783135312,0.004599083705277974,0.001387325208339186,0.008220973194431939,0.005091089223880076,0.0009923081653482808,0.009219448119948858,0.9928081259180183,0.9843974527706141,1.0005716928084505,0.00048544316945608106,-0.0009728871682853066,0.002249361834298168,0.004113640535821894,0.0018373156248064075,0.006534480002110216,0.004684245007215417,0.0013866808589893492,0.00848361962996482,0.0009466060918966234,-0.0008467324524180283,0.0025812259475914406,-0.0030054271106406496,-0.004563918637434194,-0.0013332797955482908,7
gaussian_score,translation,real,5,start,5,4.0,6.0,5.0526872311156685,5.046208431455495,5.058309256387689,393.82494250433535,384.89896433900043,400.11263154538653,-2.0280275432712725e-05,-0.003103498601879135,0.003520131756986503,-2.021305581260139e-05,-0.003724623495951546,0.003890366950324299,0.9965102349126905,0.9924507584890506,1.0014166877522208,-0.0014390153944171431,-0.0033153829884178987,0.0008068799952762562,0.001418735118984431,7.860023748206976e-05,0.0027390247350720103,1.4832092085552814e-05,-0.0030528671205831974,0.003630421227814888,0.0007121619685015707,-0.0014086947918005269,0.003010437301681439,-0.0003566239164578567,-0.0033141035736434627,0.002544308310505381,7
gaussian_score,translation,real,5,start,6,6.0,8.0,7.042276595186701,7.035622524458772,7.048537723808016,548.9093143626937,536.1995038451071,557.5921559758489,0.0009722054644354616,-0.001051137786851219,0.0033046753237253096,0.0011847425276366782,-0.0011274491306113496,0.003715747391580988,0.9932717026298018,0.9896570249680422,0.9968058602124393,0.00043645289238858934,-0.0008806909146323897,0.0017884956811136108,0.0005357525720468723,-0.0005050898276389013,0.001842342690803781,0.001000565273123385,-0.001101841034335858,0.0035258747575795503,0.0004026669074051729,-0.001284598570774379,0.0020694397387346804,0.000461132558178067,-0.0008640064642748831,0.0020188288288128502,7
gaussian_score,translation,real,5,start,7,8.0,12.0,10.074138024250503,10.067016361728509,10.08151770540191,785.2153983507818,768.1745815864926,797.7220246014521,0.0005503978763451371,-0.0006604559836802382,0.002108540131908103,0.0007744523310526649,-0.000552364881018476,0.002094567358443938,0.9963135491184162,0.991018251782452,1.000487486281148,3.088661725148459e-06,-0.0006029819691756394,0.0006395768978207691,0.0005473092146199884,-0.0002650401978161817,0.0014642649943883911,0.0005134348947025445,-0.0009102949683062227,0.002203562371485388,-0.00032588331586482937,-0.0021378424559041977,0.0014825689874215053,0.0003588208069206671,-0.0008278122790636529,0.0015644595977122333,7
gaussian_score,translation,real,6,endpoint,0,0.0,1.0,0.679694096752626,0.6695872047071962,0.6891941177762942,53.024301565472165,51.16185811279007,54.4121146293258,0.01151000049945283,0.004943372007193374,0.01788978417414225,0.01150711174179769,0.0035255067114115532,0.018813546054284876,0.9736970902809,0.9544559033225124,0.9922934097698332,0.007279260242043638,0.0034740065463064055,0.010978284530717131,0.004230740257409194,0.0009717093892485354,0.008271404585802089,0.011694737828506066,0.0045800493461998154,0.018592623493100105,0.004268606190356893,-0.005755299916246616,0.014089403832746128,-0.003370402526369355,-0.014198101302116382,0.008002564871265227,7
gaussian_score,translation,real,6,endpoint,1,1.0,1.5,1.2668251000403643,1.2647182614072503,1.2686063091450137,98.78884698759201,96.71661440736374,100.32689803932546,0.00925937029277468,0.005886594575473342,0.012417478884578299,0.012455528259923075,0.007448679916198002,0.015964399080921392,0.9788770838103401,0.9660528750573444,0.991932146600534,0.005524508925237576,0.0024722438401215433,0.008436294190233135,0.0037348613675371053,0.0014033531244850629,0.0059968631808867455,0.009639309845513767,0.006091473535292033,0.012993900341417272,0.00789147179971103,0.0010388072563428134,0.014934763032668358,-0.004502824998909765,-0.007815387395181084,-0.000931627924007688,7
gaussian_score,translation,real,6,endpoint,2,1.5,2.0,1.7621011547446805,1.7607858291468408,1.7634639725083827,137.4144795422765,134.24982193678218,139.62317058427033,0.015536428217659617,0.01014393719794262,0.02119937253162924,0.014473609931113495,0.007421920668303231,0.02075194224608508,0.9728525541990807,0.9631234842109239,0.9834359281094546,0.009882254682781295,0.007401796137720142,0.012650489865302067,0.005654173534878326,0.0018755805670953416,0.009697608433093011,0.01596383573987883,0.010467759774605184,0.02168077872072371,0.006814120556589692,0.0037238535411748914,0.010044241022330699,-0.005066788519022377,-0.00910453178405692,-0.0013198307451354648,7
gaussian_score,translation,real,6,endpoint,3,2.0,3.0,2.5321681849734405,2.529489083857428,2.5352166065545356,197.45711243158857,193.076277737196,200.40327588769267,0.0069656863670145355,0.0030213423048425264,0.011410871973564206,0.007282316667231498,0.00221294249341648,0.012298238805388112,0.9836168736727167,0.9751843474055123,0.9918255960209438,0.006053006087878157,0.0029966109791509537,0.009336204621621075,0.0009126802791363791,-0.0009749638030086349,0.0028331568359229492,0.007032500974318819,0.0030395716846948846,0.011362245567982852,0.0020500604208813045,-0.0014732375687976798,0.005154870649728293,-0.0013394113568543226,-0.004959267083855234,0.0016306621273351424,7
gaussian_score,translation,real,6,endpoint,4,3.0,4.0,3.5204768458073246,3.518052350833257,3.5230263365189916,274.5361679365722,268.40382788124464,278.96272927765585,0.004871431025561444,0.00243540481602442,0.007357054799913711,0.004809969049553312,0.00043014103626941313,0.008888275638972409,0.9915128659560127,0.9827529406628865,0.9992651047460889,0.0019164957581307587,5.099525569546895e-05,0.003941241811512714,0.0029549352674306853,0.0014555655724889853,0.0046180978628743066,0.005071507858763952,0.002520838833680156,0.007524885829756591,0.0018438508647669275,0.000667981117442582,0.0031484499114048524,0.0010299672529750462,-0.002154960284916731,0.004795928417148053,7
gaussian_score,translation,real,6,endpoint,5,4.0,6.0,5.05256684628039,5.046379518074552,5.058130400301916,394.0069449804807,385.3970807132186,400.34895515558594,0.00058392954539513,-0.0011113570928519962,0.002534941749247045,-0.00014991001145335815,-0.002824545530608778,0.0024795525748538784,0.9962544837360455,0.9921782727922286,1.0007476682518448,-0.00023091627557026264,-0.0011160728112921247,0.0006219721770652159,0.0008148458209653922,-0.0002634438247971134,0.002018511554818202,0.0005326584962126192,-0.0011153227656074006,0.0024384860390060012,-0.0012084735923088457,-0.004026256825382264,0.0020081778556458323,-0.0002891330432469516,-0.001522501610646164,0.0008675600010436362,7
gaussian_score,translation,real,6,endpoint,6,6.0,8.0,7.042200310754936,7.035480544610281,7.048421595716409,549.1696587036357,536.5769415686301,558.0303045674355,0.00012371118296868237,-0.0014421814954293688,0.001303151678180972,0.00027570565487836324,-0.0015583963056158897,0.00210568812796057,0.9939402976724169,0.9913342590214208,0.9962882177446554,-0.0004983755776131783,-0.001189146113138417,5.913174132692163e-05,0.0006220867605818604,-0.00036897990337298207,0.0014460810345675694,0.00011970656410806863,-0.0016527059893108658,0.0014263245437365947,-0.00029156053081992367,-0.0022927111581575892,0.0015817315275907684,0.0016507514442099976,0.00044966836356936024,0.0031779084743532,7
gaussian_score,translation,real,6,endpoint,7,8.0,12.0,10.074189748839446,10.067225149401988,10.081545228613912,785.6006960908724,767.6754487227116,797.9535184726398,0.0008343221710477405,0.00023926150930584213,0.0014648094733148603,0.0002487293892712324,-0.0011700064433618836,0.001720479900687386,0.9962280430621363,0.9912043876226369,1.0001199592745027,0.0007962817318018518,0.00023542651444581074,0.0015173124873053988,3.8040439245888524e-05,-0.0002613728453318579,0.0004222989646907928,0.0007342748573174671,-0.00013723320171137962,0.001564347732971544,-0.0005717659699051503,-0.002321210996331817,0.0010660096475975877,0.0008230892071489053,-0.0007938710193591247,0.002607920863524815,7
gaussian_score,translation,real,6,start,0,0.0,1.0,0.6782467352821663,0.6697697407234933,0.6868650703291951,52.91039447583806,51.13251547173921,54.22180775670124,0.013436684128683745,0.006379347237047209,0.020417046767584983,0.013850521601291207,0.005619979378282603,0.022010507006617604,0.973731227600984,0.954468529917387,0.9906645956195212,0.009339246952077954,0.0057851219760709895,0.012570232854929548,0.004097437176605792,-1.47046775280745e-05,0.009290270542003291,0.013691363054054302,0.006429948220596925,0.021207449885619515,0.006449753253864594,-0.0015883154546737638,0.014153550995888445,-0.000654116561629885,-0.007419302263414318,0.006951905670366568,7
gaussian_score,translation,real,6,start,1,1.0,1.5,1.2676652275808828,1.2664175727053946,1.2689874502218152,98.85280969583525,96.78477356520435,100.35267701476975,0.00850649518881265,0.004295905330397361,0.01259474704157262,0.01097727699572061,0.005351395639691198,0.015809271821743506,0.978773437191706,0.9669951798226533,0.9930021280842586,0.0042656719902958344,0.0007225694396310485,0.007907895926241026,0.004240823198516817,0.0020048582979388177,0.006943679518362388,0.008939561428090667,0.004405606133768595,0.013442321719638368,0.007116677499985312,-0.0006296079982718211,0.017098165477692395,-0.008397395331605181,-0.013881089758267207,-0.0036795861738044507,7
gaussian_score,translation,real,6,start,2,1.5,2.0,1.762735429765541,1.7618530051003953,1.7638379028101383,137.46252596907956,134.40219448583417,139.6779780603702,0.014833885219715461,0.009058213765023998,0.02112562077036731,0.013544345854236042,0.007359044047734264,0.01981440059776544,0.9740032224960162,0.9646423926978204,0.9838036303483371,0.010134561841525334,0.0073272815116936915,0.013517421627302748,0.004699323378190123,0.0010872500959943753,0.008359231815839068,0.015150773859813603,0.009142647386009938,0.02150145478605848,0.0064890285653867305,0.0030339367557088975,0.010277959397852685,-0.004015638476681428,-0.007701046063631971,0.0006857467994702107,7
gaussian_score,translation,real,6,start,3,2.0,3.0,2.5331807997538864,2.530471651473029,2.5358899480347437,197.53616637259296,193.30846465981966,200.4935814474077,0.007462233856743832,0.0034846818488061698,0.011530013464574473,0.007668434993154998,0.0024675477029906284,0.012897942054968322,0.9837383323173753,0.9760964247465684,0.9910762604825943,0.00642151959128359,0.0033426167870975127,0.009813567846650093,0.0010407142654602413,-0.0009021766383572246,0.0029135966109082694,0.007579619941678583,0.00354100727658117,0.011676603140108944,0.0029814034755773627,0.00019931032342785417,0.005465426388670922,-0.0012122836270187644,-0.004764030954575636,0.0018700435048957366,7
gaussian_score,translation,real,6,start,4,3.0,4.0,3.5210856927080676,3.5191715706478455,3.5231654900581058,274.5824641892078,268.4966897480175,278.9194018771279,0.004464844906753582,0.0016973176988369506,0.007126895018830424,0.004859282968359061,-0.00010075223759556722,0.00931474164311521,0.99160428662944,0.9825553666943397,0.9988530150724336,0.0015178489815689754,-0.0003871542191454099,0.0035560927579424894,0.002946995925184607,0.001279163136214968,0.004643480737956527,0.004634235506165896,0.0019700926955963467,0.007392299974760125,0.0008591979883510561,-0.0004737391006927112,0.0024479283605949964,0.0004387779888865597,-0.0032659784472669376,0.0054136355229035555,7
gaussian_score,translation,real,6,start,5,4.0,6.0,5.052543187847318,5.046406829421505,5.057991012325078,394.0045053140857,385.54253222103404,400.31716469326227,0.0003733845221167892,-0.0010168562123259192,0.0020606805340930073,-0.0003868416504999391,-0.0028250613487710127,0.0019553946468727217,0.9956781718880318,0.9913404339088272,1.0002299958062344,-0.0002689250787378542,-0.0011082518426580744,0.000558761410125246,0.0006423096008546437,-0.00025911049767747855,0.0016836160814246632,0.00030470629726747276,-0.0010025472557397346,0.0018616125197978178,-0.0013673998869366312,-0.00427110860876891,0.0019696582165334223,-5.988061095328548e-05,-0.0014597420675567514,0.001350921956989612,7
gaussian_score,translation,real,6,start,6,6.0,8.0,7.0423019772380835,7.035930566771191,7.048342717498081,549.1766547543446,536.9433962893191,557.6904353584016,0.00023806541756098308,-0.0014762166255189297,0.0014027927085090346,0.00034052876906056967,-0.0015840402853165747,0.002093419875677438,0.9941123716128601,0.9919514385322311,0.9960391521479673,-0.00041448780376006887,-0.0012618809083750591,0.00024803072404042445,0.000652553221321052,-0.0003138072452082659,0.0014480868984341434,0.00026226946463013,-0.0015212228414857637,0.001489072553600109,-2.3529958013638096e-05,-0.0019199700725731855,0.001976816350766011,0.0016397853565500102,0.00042191005024279853,0.0030831718206532333,7
gaussian_score,translation,real,6,start,7,8.0,12.0,10.074226688033374,10.067136341680571,10.081576639423137,785.6028564095885,768.0212652500097,797.9666259245802,0.0007832697166857902,7.463141898765579e-05,0.0014819135791620235,0.0001848099138270938,-0.001288438852080758,0.0016847308658906456,0.9960792776355054,0.9910339644626419,1.0000851146542913,0.0007690418647374679,0.00014592670013377002,0.0014838035202484295,1.422785194832226e-05,-0.0002801270395800121,0.0003857472449531993,0.0006633860949711181,-0.0002774298558748757,0.0015501366753881021,-0.0007157084130959867,-0.0024429022393303835,0.0008291920630897598,0.0007587168725759243,-0.0008139272021777921,0.002547756935870089,7
raw,affine,real,0,current,0,0.0,1.0,0.686078138307831,0.670153823549776,0.700514810899068,53.382845863427804,51.210472024840364,55.189110344662204,0.12904516734279417,0.11506457476703871,0.1441292978162155,0.17743469216952815,0.16512673958038335,0.18919219554549768,0.8437895517744735,0.8096784476702164,0.8754641747204168,0.080688941697677,0.06814803229139253,0.0947074474226284,0.04835622564511719,0.04459109581867336,0.05211529103480991,0.12912834478311683,0.11459777139969826,0.14475436803351885,0.0009343355452144246,-0.002265549368608929,0.004258219045608235,-0.0049617154262335305,-0.016569130453868854,0.006174694544036699,7
raw,affine,real,0,current,1,1.0,1.5,1.2631960026996971,1.2602110378182678,1.2662009258306497,98.25736302053664,95.8951368703777,100.15936577943013,0.051768497759573054,0.04357342809302348,0.05893615331224393,0.08664596059604775,0.07904707885795735,0.09389424593301897,0.9139170911003262,0.8746518092292721,0.9576314248146787,0.022979057861229644,0.018181542076487447,0.028190480396322208,0.0287894398983434,0.02404287398727429,0.033067775943527056,0.05164946937237621,0.0432484453877779,0.05888027090074727,0.0005261066069175889,-0.003160157720591425,0.004033804625518272,0.0025483732864113808,-0.004218677297074464,0.00932830541629111,7
raw,affine,real,0,current,2,1.5,2.0,1.7617350122272861,1.7591589940236696,1.7643632967745289,137.03676354983955,133.75922516149248,139.66163714089376,0.02805542961056439,0.022477827300824153,0.033479253906498196,0.05577775664682481,0.04896869593228824,0.06270349048196805,0.9593718713471059,0.9257731881659718,0.9879475243956686,0.00732210652988652,0.0042438750017121255,0.009329898358491668,0.02073332308067786,0.016834677408045836,0.025223731109867156,0.027923997769310323,0.022240781040467745,0.03351994716834029,0.0020977257028792053,-0.00043147051435936764,0.004770468764264151,-0.0036554272759563846,-0.01083476065605254,0.002647621932119095,7
raw,affine,real,0,current,3,2.0,3.0,2.530956722864286,2.5274980628823918,2.535724118682658,196.86178658713723,192.1645021075039,200.3313505707781,0.013152873094817328,0.007228124378042908,0.02023983343188517,0.03340764811411392,0.026868751861622138,0.04090270966339413,0.9704791985127813,0.9581495819988509,0.982102990394816,0.0012537735199438735,-0.0025189861672092052,0.005823932748984389,0.011899099574873454,0.009016448913057853,0.014799931200194847,0.013261736261806944,0.007472073314018206,0.020106640747787563,0.0006288927763703024,-0.0007868241268189204,0.0019389267744790585,0.002007739594643558,-0.0011593097518407705,0.005221209995877856,7
raw,affine,real,0,current,4,3.0,4.0,3.5203193067530907,3.5171420960871567,3.523577595014746,273.8272814557655,267.1468786264721,279.0076211762705,0.002265598105012791,-0.0007594371923703348,0.005099268113278819,0.01985791549382786,0.014135820811617777,0.02604181648591506,0.9906303586565509,0.9681827777715212,1.0097350599670138,-0.0026276651915796674,-0.0051937604002581525,-0.00031535485313025557,0.004893263296592458,0.0023060806790567443,0.006833759566505599,0.002283240537285982,-0.0007893107161624103,0.005159923703966266,-0.00020682377605729402,-0.0015379950708960077,0.0017697356927397854,0.0031643380481353074,-0.0016731336790630504,0.0084597871259112,7
raw,affine,real,0,current,5,4.0,6.0,5.0537208469924035,5.046949116998128,5.059607081873012,393.0879970517635,384.1177038759207,400.3175783539115,-5.6355807573233355e-05,-0.0024115355121358995,0.002074278801792826,0.013201191352500894,0.01015453977726378,0.01552352535321331,0.9965529121831829,0.9814023642273146,1.0106500167167998,-0.0024369874902315765,-0.0035805792778633473,-0.001204551648436016,0.0023806316826583433,0.0004987749080134181,0.00445285625523896,-7.499394939201875e-05,-0.0024013862201999548,0.002043817688282249,-0.00046719218864693413,-0.0019200324640213859,0.0008051399143998219,4.6516979318894255e-05,-0.0016575096566627022,0.0016746418978703687,7
raw,affine,real,0,current,6,6.0,8.0,7.0423671886939285,7.035344947090168,7.048817368779426,547.7843470659108,534.6432469893825,557.687087951556,-0.0017999404078545762,-0.005167597751159167,0.000942960785934468,0.01134445411734571,0.007461441132116091,0.014219917339974419,0.9964623884727182,0.988092367473608,1.0044137447013006,-0.0004320624874871669,-0.0017499915865281667,0.0007408826767583709,-0.0013678779203674092,-0.0034507124199906767,0.0003796453076663984,-0.0018330937090572865,-0.005283281930080319,0.0008692762352147044,-0.0006848656705912878,-0.0025343152513297757,0.0011642514444999824,-0.0004619996506677813,-0.0027028453049355423,0.001467038253458015,7
raw,affine,real,0,current,7,8.0,12.0,10.074385452639659,10.067606093139405,10.081383963024994,783.614285810383,765.3424138019151,798.0319000340651,-0.00432657564419284,-0.005709263889865897,-0.0028436494274278303,0.00291985988030706,0.001562536017049183,0.004423956972727246,1.006594894972335,0.9922172095213885,1.019676473658999,-0.002567388530549278,-0.003325815654495324,-0.0018550602843306415,-0.0017591871136435617,-0.002692676831358648,-0.0006327641184000688,-0.0043584174936710145,-0.0058015044600763874,-0.0028608975984262407,-6.646394744014434e-06,-0.0009802444727837589,0.0010174620165560478,0.00032581626438211216,-0.001230334001774213,0.0017153229848282424,7
raw,affine,real,1,endpoint,0,0.0,1.0,0.6858916100267098,0.6705094375806346,0.7005524970551511,53.389926901876926,51.14638934422177,55.18110246287476,0.021021296226188757,0.01148493880928994,0.029283728862594168,0.034075358228714665,0.022954943263915173,0.04379524998676353,0.9545656853523534,0.9288175521521247,0.9824112448101505,0.005458922083336702,-0.0009326768726282373,0.011190697272023277,0.01556237414285205,0.011778422168740116,0.019378514030804154,0.021098096627563647,0.011462347567666535,0.029994665589978875,-0.0007669324009589651,-0.0073533627026520125,0.005207431147851976,-0.005044291875518604,-0.013522310665177463,0.002440901211775221,7
raw,affine,real,1,endpoint,1,1.0,1.5,1.263116575543481,1.260077654583026,1.266163975560731,98.2907477999109,95.95860540873396,100.15015708377244,0.01578874981337036,0.010919580229198993,0.02140800790508244,0.013676733188341006,0.005637838777989039,0.021891675411431544,0.9544287971654782,0.9231946960756586,0.986789689539848,0.004536767188570207,0.000792372253271981,0.008312584497817023,0.011251982624800153,0.007668359366874848,0.014335098648246457,0.015949607655993323,0.010902430448427649,0.021971433684025033,0.00015384802630936907,-0.005137012494324153,0.007159520212729953,-0.0002517028884534838,-0.005112095350331955,0.0047559786705976635,7
raw,affine,real,1,endpoint,2,1.5,2.0,1.761824766118805,1.7592237275205715,1.764541161803599,137.09818727001465,133.90500696153296,139.56232301682084,0.0037526943752081918,-0.0006388112871399748,0.008492239864919282,-0.005398242164138512,-0.012852521270718852,0.002628143945875123,0.982859557042522,0.955680020314725,1.0101224811230047,-0.0028182839629300282,-0.005462279896922261,-7.337920204632613e-05,0.006570978338138218,0.004309268908817114,0.00913377780930593,0.0038035712331773684,-0.0004172953916828863,0.008725767080382705,0.002796506098227252,-0.00046211198321095685,0.005897791057352652,0.00249516953668083,-0.005190678517177795,0.009539596014582121,7
raw,affine,real,1,endpoint,3,2.0,3.0,2.530955494836713,2.5275769022323775,2.5356224021485403,196.94004582175984,192.49431534234262,200.41117360749433,-0.005539960960820306,-0.00843549478604171,-0.002821746652379389,-0.014181073631379413,-0.01748002826825584,-0.010997568434296596,0.9904465121658098,0.9732758857058083,1.0076143121239205,-0.006322599719725351,-0.007698510997828555,-0.004875038021950355,0.000782638758905046,-0.001628904830342866,0.0024981952918072367,-0.0053965643431535355,-0.008262818750440545,-0.0026556156080527324,0.0013147911454337578,-0.001104694620050777,0.0039041155052780678,0.00028110331793005695,-0.0024829631188087267,0.0030642149146348063,7
raw,affine,real,1,endpoint,4,3.0,4.0,3.520303091569531,3.5171572262003084,3.523637599302457,273.93523190601564,267.5789369322383,278.8807504707571,-0.01004235420801248,-0.012107939680113226,-0.007956801461677114,-0.01972950387846043,-0.02410301935506027,-0.015050244195714619,1.006407028142806,0.9813278805374012,1.0264718418816068,-0.009457170906916378,-0.010493853583060837,-0.008088983083994347,-0.0005851833010961023,-0.002755058461188224,0.0017058607697957372,-0.010022339864993792,-0.012202406497598937,-0.007990752722655597,0.0009347321027488563,-0.002935401295010895,0.004525416417958589,-0.00041679806997078374,-0.004669172896803945,0.002978994008608324,7
raw,affine,real,1,endpoint,5,4.0,6.0,5.053554077061141,5.046671689754918,5.059496175356719,393.23220423918866,384.14001750847405,400.3250618962897,-0.007579172021175412,-0.009069190466522988,-0.006275161728275176,-0.0162026318689056,-0.01776971777075648,-0.01456892061488985,1.0044743166604169,0.9905670145912867,1.0185877934678398,-0.0052601169643126475,-0.0065103328113497215,-0.004086577761337621,-0.002319055056862765,-0.0031973183540923386,-0.0012807566145093625,-0.0074010050557379425,-0.008702173524928514,-0.006206987490090622,0.0018480123205547026,-9.767086955694124e-05,0.0037749257812414064,0.0005453160038221663,-0.0015489540888774234,0.0026455058278784444,7
raw,affine,real,1,endpoint,6,6.0,8.0,7.042371056014006,7.035530744815367,7.049084926641487,548.0029812003198,534.9511817303129,557.5984804904167,-0.0027590379089656026,-0.004009887712174344,-0.0016952813822227564,-0.009016598384710547,-0.010764582871456378,-0.007374727014762455,0.9977339823663758,0.9893347373450097,1.0059754576459177,-0.0010240015171775491,-0.001674612200176857,-0.0003304131631150555,-0.0017350363917880537,-0.002748761366587405,-0.000856179348085623,-0.002700605507945785,-0.003992933503352079,-0.0015736292682714975,0.0005400583643772843,-0.0013538572361072112,0.0024395802624042917,0.00031446633931662635,-0.0008829594670540523,0.0014932334832472045,7
raw,affine,real,1,endpoint,7,8.0,12.0,10.074402921867875,10.067548509033234,10.081502792531408,783.9279973699688,765.6801653145528,797.7856611665794,-0.00024992436759746137,-0.0011028596040602557,0.0007220618547282245,-0.0033511271993574656,-0.00462925138912322,-0.0019742622371747313,1.0028298051197353,0.989461429578958,1.0145980075566143,-5.5779582250303373e-05,-0.0005420944813930182,0.0005438728070288548,-0.00019414478534715798,-0.0007457096320402304,0.000374254618293871,-6.102524576423995e-05,-0.0010251214555517482,0.0009989329427407673,0.0013670939392697863,-0.0002858428974818151,0.002788137310591094,-8.054362271162749e-05,-0.0007572362959486661,0.0006568862895311777,7
raw,affine,real,1,start,0,0.0,1.0,0.6862199461973985,0.6704643689827268,0.7016337542663064,53.418254463624706,51.24667011408934,55.167393852418634,0.022229008522161135,0.012299907546448666,0.03156826652558449,0.03470759138502314,0.02354771998750798,0.04435578630894369,0.9540850661970206,0.9241489770245831,0.9852882459337778,0.007584565697927928,0.0032401507971824384,0.012141268511862412,0.014644442824233208,0.00841573353869097,0.020356862086768897,0.022184721000279763,0.011961173382705043,0.03163990429540592,0.003488955155473951,-0.0025546732953110143,0.00976684839786758,-0.00044955836924807306,-0.007956353443153036,0.005660326707420068,7
raw,affine,real,1,start,1,1.0,1.5,1.2642742491311856,1.2609709952697847,1.2674900573404104,98.38135569774154,96.08653089932682,100.28143317569683,0.013252930256081092,0.007136660225379759,0.01957017147528143,0.013011529678321037,0.0038849520080030736,0.022234058835381373,0.9536911927619544,0.9221962700209849,0.9862769647260409,0.003386199092367394,0.000542294744713791,0.006440351253699811,0.009866731163713697,0.006219807644695439,0.013305720962832631,0.013511611239559431,0.007597754527346199,0.020152243542046762,-0.0001611111998770138,-0.006067815849325787,0.006910202220282672,5.7183611140098805e-05,-0.0036158716755697313,0.0037799538958885083,7
raw,affine,real,1,start,2,1.5,2.0,1.7620299265445,1.7595081480712946,1.764447103878695,137.11327704665422,133.86120387843863,139.56965149057712,0.0031505751524439018,-0.0008579806710458405,0.007598393885099206,-0.00511716831417279,-0.01206822721898077,0.0016719966474097847,0.9856198807209663,0.9560260989714953,1.0120202035829953,-0.0031823929218327456,-0.006395749374593366,-0.0004985923157184094,0.006332968074276644,0.003696273236141952,0.009019920963142816,0.003264514175236054,-0.0006850357826167085,0.00772211266944225,0.0009791418638244636,-0.0024707680753479097,0.00534128201924529,0.0015234922505458434,-0.004131937875251524,0.008046790465303133,7
raw,affine,real,1,start,3,2.0,3.0,2.531165368060607,2.527492909562064,2.5361145268185745,196.95473409203603,192.41889064568747,200.32734394721498,-0.005224845915172881,-0.008317539963985751,-0.0023881377712507814,-0.014777442964599945,-0.018222712481950305,-0.011327228613852424,0.9877323030260111,0.9698788493139251,1.0053639677211856,-0.006581405425765297,-0.008055702251817903,-0.005025647214122871,0.0013565595105924169,-0.001039608796837945,0.003242912215479704,-0.005151783888408825,-0.008346909223291923,-0.0023345002585716174,0.0003210954016778614,-0.001933628371632925,0.002708410973385631,0.00013871667749521438,-0.0015171820797030442,0.001965698165681482,7
raw,affine,real,1,start,4,3.0,4.0,3.5203676075819557,3.5167818541704117,3.5237082526628813,273.93979850052494,267.22625302292255,278.92359725386666,-0.009711542980182656,-0.011849474141064941,-0.007908984014437348,-0.019362869063038895,-0.023620939878861068,-0.015056118198713105,1.0064308074464907,0.9830928099212102,1.0254604901902082,-0.009005506657937937,-0.009952005348100706,-0.007593392555763199,-0.000706036322244717,-0.0027286817567936292,0.001363596840514815,-0.009665175684336962,-0.011841145736802776,-0.00798266612489111,0.0013598186540654175,-0.0019969946423654956,0.004582704238043104,-0.0013220319998387814,-0.00551578130935381,0.0014927660788188444,7
raw,affine,real,1,start,5,4.0,6.0,5.053595972818958,5.046873151446748,5.0595271853403005,393.23644828503967,384.46067138469425,400.3559065253011,-0.007634733173368351,-0.009350372562866213,-0.00629688134412751,-0.016343358233911497,-0.017779820088290186,-0.014673681674705733,1.0037654159830787,0.9894405711945862,1.017821459682861,-0.0053368273447018276,-0.006569987538574859,-0.0042640608692812165,-0.0022979058286665245,-0.0032625213058616047,-0.001185772030549371,-0.007463967718740049,-0.009021734237190536,-0.006198545618779839,0.0015434027535007118,-0.0002657224202861496,0.0033050371143854723,0.0008355086115670977,-0.0008729394718066106,0.0025707729767514187,7
raw,affine,real,1,start,6,6.0,8.0,7.042103517705114,7.03550010197286,7.04861785052422,547.9819812184685,534.9183107569501,557.9218480272609,-0.0025029601546274877,-0.003622517076241525,-0.0014314653314676923,-0.00871135684920053,-0.010475622505932355,-0.007092975737578472,0.9968568118926158,0.9889076970646921,1.0047229668845368,-0.0008772664643561072,-0.0015244853806800753,-0.00014467403509221022,-0.001625693690271381,-0.002642548403669052,-0.0006333009909174538,-0.0024401730389616233,-0.003595789957732897,-0.0014166649588216358,0.0005869743161109204,-0.0010083057310746736,0.0021988460305591164,5.0903384270473105e-05,-0.0013101205869065536,0.00141651918110223,7
raw,affine,real,1,start,7,8.0,12.0,10.074270412407326,10.066799766311972,10.081634501926148,783.9174251559618,765.5594197464951,797.9900252681485,-0.00031303435953800105,-0.001138347333678584,0.0006994382317718692,-0.003375622900857803,-0.0046853036928132955,-0.0019827295104938355,1.0027439290171642,0.989679104038629,1.0145190530629393,-2.9878830285586612e-05,-0.0005188155490923513,0.0005512781736637483,-0.0002831555292524145,-0.0008138881349876329,0.0002553520640175772,-0.00011486195543660906,-0.001077682928739354,0.0009676030008062529,0.0014553925219187342,-0.0001851458460922782,0.0029897057617162505,8.552050645831326e-07,-0.0006609973785493609,0.0007244582042216255,7
raw,affine,real,2,endpoint,0,0.0,1.0,0.68599156835557,0.6702155260697271,0.7016979437478994,53.42181828659513,51.16819475748404,55.21724868700362,0.025868054081411875,0.01943887638466923,0.03461630163182324,0.039371792903114086,0.035567489646233755,0.04518706738387159,0.9485642572155287,0.9248377815585107,0.974928798119813,0.013759955310879769,0.008752708222178022,0.01893150784308112,0.012108098770532105,0.008014117792174353,0.01750205772580304,0.02581494502110329,0.019568105501812212,0.034410145607260884,0.015801712010861613,0.008633294554581191,0.02366481784904656,-0.00655153485236947,-0.013931461909057355,0.0006743870194914394,7
raw,affine,real,2,endpoint,1,1.0,1.5,1.264154067064003,1.2606866310120928,1.2674258378311463,98.4096136052609,96.0395025296274,100.22734549419388,0.023591621198433062,0.018950528405339218,0.028333404969027486,0.035695390453888275,0.029140158247506556,0.0421700191616103,0.9490012100937181,0.9216356089991112,0.9775340868093539,0.012580183729209323,0.008891185285358457,0.016153932230176714,0.011011437469223739,0.007649557605089548,0.013939523704697214,0.023851306492875042,0.019314369342354257,0.02858872847101428,0.01350415430639518,0.005189894577748799,0.021332282299139,-0.00046090465076847095,-0.005233567092693429,0.004233699251877933,7
raw,affine,real,2,endpoint,2,1.5,2.0,1.762045598661495,1.7594753314804292,1.7644124853352725,137.16646821854178,133.967110015363,139.5792355290892,0.014245574063650112,0.009650520588278751,0.01971063657772678,0.02283781392113738,0.019024556467258397,0.027407828369955853,0.9663625969934044,0.9491074332279856,0.9815770713395956,0.006557236792200603,0.003777711640115968,0.009366354985708683,0.007688337271449506,0.004254943716508986,0.010906763838804403,0.014469363271292673,0.009825620363146447,0.01984423476913855,0.00638660935236486,0.003982599662873685,0.008856401177812629,0.0021597955650244785,-0.004134934812104996,0.008413110633983176,7
raw,affine,real,2,endpoint,3,2.0,3.0,2.531166376000141,2.5275353303476362,2.536311919024821,197.0299483886975,192.51583767989808,200.30467057096345,0.0063573427637007435,0.0035981969547827894,0.008868152369944402,0.010470384668015208,0.007946181647991168,0.012748874854376384,0.9783956448091502,0.9613037365411835,0.9968912944413059,0.0006213091212838946,-0.001263633308199364,0.0024435709603971953,0.005736033642416848,0.004298744583743965,0.007100760898851428,0.006370068885026286,0.0036409958000516865,0.008842276793393089,0.0018382150020946043,-0.0005632760714323796,0.004243824423645514,-0.0034194168182466226,-0.006647413154171383,0.0001806209014913641,7
raw,affine,real,2,endpoint,4,3.0,4.0,3.520347927928868,3.5168054811702927,3.5237635043910696,274.04325525141957,267.81036709005565,278.7743496980786,-0.0008609277521371501,-0.004450093113082002,0.0025316702665980875,0.0029430725414280406,-1.7039054039595905e-05,0.006173266155127054,0.9987664491651903,0.9740398731973097,1.0195358821856442,-0.004155311777638481,-0.006775702614461247,-0.0017947014708148878,0.0032943840255013307,0.0015847725884591043,0.005034124095557617,-0.000978458826455241,-0.004357657645079829,0.002264098278277226,-0.0019250852779767044,-0.004176173635451937,0.0008310348235905695,-0.004428517428943933,-0.007426075482946478,-0.0013410753173140034,7
raw,affine,real,2,endpoint,5,4.0,6.0,5.0534245729245635,5.046801338884771,5.059499221045188,393.374146436659,384.52737660217105,400.2417210963698,-0.0009046306450741731,-0.0024217606780578935,0.0005787962218728217,-0.0008972494839189501,-0.0024332155926879945,0.0006385929314786904,0.9965660289460537,0.9817388843870342,1.0102962862582583,-0.0019387007571857338,-0.0034423292039596903,-0.00044411335550408423,0.0010340701121115607,0.0006861927931418927,0.001403209349782503,-0.0009673127643226654,-0.0025422148762362104,0.0005740643448440235,-0.0004697707864936175,-0.0027531173765978647,0.001603759300405526,-0.000873037789175334,-0.002906666589838633,0.0011935951806031889,7
raw,affine,real,2,endpoint,6,6.0,8.0,7.042071953289451,7.035329740967121,7.048688086828576,548.1893317757409,535.4386774614069,557.5123037994205,0.0015735909623563712,0.000129542692036814,0.0028671070975857392,0.0022231966328890044,0.00037758560936804853,0.004013223331841318,0.9932419808066876,0.9854324443009477,1.000680382962966,0.0005406333213555783,-0.00036404252259495827,0.0013843341324353202,0.001032957641000793,-9.439824714431475e-05,0.0019449713061931574,0.001598895106288689,0.00014170918226120969,0.0028348016503039627,-0.0006637032740591025,-0.0026255587085853363,0.0017257758256376966,3.5773679940598967e-05,-0.0023322016523362418,0.002494867048102025,7
raw,affine,real,2,endpoint,7,8.0,12.0,10.074308446825452,10.06757647847383,10.081401572665731,784.221447186267,766.4866916985927,797.7705875291543,0.0007515974819415598,0.00019385532132271127,0.0012656543612976853,0.0006810986431177735,1.4282549256309185e-05,0.0012722555996662014,1.0016412802892234,0.9882671285624345,1.0135235604981006,0.0006074994001278199,-6.186412429920141e-05,0.0013312897898195978,0.0001440980818137398,-0.00026437723771696205,0.0005749404347841651,0.0006057339730095181,0.00016290448629654701,0.0010190282351301779,-0.0010962982562755766,-0.002630268539203746,0.00019294428703065154,0.00013898791205128977,-0.0012632001970723013,0.0014935875665012539,7
raw,affine,real,2,start,0,0.0,1.0,0.6852844862844533,0.670415715762596,0.6990545353468348,53.36863987445923,51.19158034849005,55.088792337020585,0.02748719847423035,0.021940145049253353,0.035671883290831805,0.04228695420985194,0.03895627832715873,0.04709415324086452,0.9466860554780648,0.9224445407000691,0.9754275782121137,0.015168503123854524,0.0116531628695169,0.018918186903915665,0.012318695350375825,0.008840263340839235,0.017655377030586644,0.02755300500529082,0.022261102531456085,0.03545178036504309,0.016929325439008065,0.009639727648846243,0.02502522711597748,-0.008553516532935467,-0.0156471012930913,-0.0020658726751360827,7
raw,affine,real,2,start,1,1.0,1.5,1.2647507699442102,1.2616509378621263,1.267926882567594,98.45681161055965,96.27096234579938,100.25363987060238,0.023614380634859735,0.018093624163543313,0.029527082441999666,0.03406041736153523,0.02811444562173322,0.040965295984450645,0.9467781661517066,0.9202192440815201,0.977506823975051,0.011888974515559628,0.00732284798704561,0.016889230293975245,0.011725406119300105,0.009642829845681211,0.014161666745269032,0.024046911581698107,0.018451629999619672,0.029859468862860304,0.010628224212081481,0.004425469794184851,0.016179161287977726,0.0018481301093693392,-0.0030657115287382247,0.006251390560066086,7
raw,affine,real,2,start,2,1.5,2.0,1.7615890970876407,1.7594002232006964,1.7640325847308456,137.130917184383,133.95403119247152,139.4969626250185,0.012472199900878394,0.007786169934321316,0.017768389307886365,0.022102361004502313,0.01873428566016412,0.026088413235229313,0.9671698132985191,0.9445886447962193,0.9837731920509682,0.005316711088963067,0.002536045442414797,0.008254110649066374,0.007155488811915328,0.003698154348957467,0.010557050873560308,0.012686300655216332,0.008064789157894029,0.018058586688772707,0.005526317039455623,0.0034265477367572575,0.007706582135953681,-0.00033403938686762773,-0.007093123965434089,0.0059333587799804905,7
raw,affine,real,2,start,3,2.0,3.0,2.531364190957564,2.5280462955084277,2.5360269505868525,197.04430397187622,192.55751843020582,200.29254256758824,0.006138393292356986,0.0035841469604584006,0.008617396725577651,0.01081495907000099,0.008343153123097018,0.01328813468755272,0.978331155676533,0.9635076368920424,0.9936308838939646,6.0432918630677806e-05,-0.0016330162869331278,0.0018844769182881538,0.006077960373726306,0.004527049674569794,0.0073848317690554536,0.00616091298192123,0.003573072498097623,0.008772991829954464,0.0012849366785586541,-0.0018412432532987082,0.004629737323817105,-0.0022445938154714335,-0.005146410789842878,0.0007504272190538473,7
raw,affine,real,2,start,4,3.0,4.0,3.52051803901361,3.517247312573041,3.5235884068948553,274.0562104224431,267.75411548457436,278.8604435824179,-0.0010527783438956883,-0.004184821567762664,0.0019348248084154038,0.0026706194690909353,-7.18625353714904e-05,0.005360866404615206,0.998784175402962,0.9737045502076828,1.0217240895654056,-0.003921895426130676,-0.006051365760011674,-0.0020416317930508645,0.0028691170822349866,0.001136236537637,0.004544929371466731,-0.0011500214276404575,-0.004227622232206016,0.0017084876921981264,-0.0011844955576740068,-0.0033851452773762465,0.0018846364562050064,-0.004557987752344114,-0.00864477599678762,-0.0006072557048251646,7
raw,affine,real,2,start,5,4.0,6.0,5.053500634343329,5.046686968536763,5.059345204580817,393.3815897695528,384.4767174804121,400.29251522125844,-0.0006050114636450899,-0.002249362209440861,0.0009210560227264481,-0.0006517146507671979,-0.002310344013111044,0.0008663231780922612,0.9954062600699477,0.9806668940718793,1.0097123211403594,-0.0018221294376038078,-0.003335650741227603,-0.00028396534295289043,0.0012171179739587181,0.0008367964097201575,0.0016380935760970585,-0.0006771533966225012,-0.0023039561510653744,0.0009433865113911281,-0.0005415024620918083,-0.0025116231174627055,0.0013046402251623726,-0.0006910991887777266,-0.002797037597574528,0.001311267114541312,7
raw,affine,real,2,start,6,6.0,8.0,7.042302181272963,7.035997593723429,7.048543198400284,548.2076713983562,535.43839933661,557.443256984552,0.0013960247299673882,0.00021646253882566538,0.0025725727487200607,0.0020480026587220207,0.00019703190543047202,0.00399138816524793,0.992801501512143,0.9850043146593043,0.999664351728247,0.00046195556224330015,-0.0004616871052114116,0.001364681788319747,0.0009340691677240879,-7.024162429232069e-05,0.0018418821713684678,0.0013995034571191844,0.00023672329589022778,0.0024932895577751595,-0.0008197091679520368,-0.002973121415535012,0.001782217396215068,-0.00026801961790438487,-0.00226364136823554,0.001916694310408432,7
raw,affine,real,2,start,7,8.0,12.0,10.074366995778433,10.06728973463413,10.081619548540004,784.2258017356623,765.892130537207,797.6667024309858,0.0008654082980397114,0.00033871293632934063,0.0013837048361600348,0.0006626059684748409,-2.7864678092130338e-05,0.0012738579962447664,1.001301472834623,0.9876028575587726,1.0133120198898542,0.0007451662602913934,6.483090589122483e-05,0.0014730440819293953,0.0001202420377483177,-0.00034171641474300214,0.0005680065956774782,0.0007173760895614558,0.00025675529901242165,0.0011497685733189746,-0.001118067111149804,-0.0025950235495254487,0.0002270803434327052,1.606500987771407e-05,-0.0013825836959138848,0.0013065033235546187,7
raw,affine,real,3,endpoint,0,0.0,1.0,0.6850503019240232,0.6698834123927773,0.6988044231043665,53.369387723264545,51.228805201126434,55.102991626603874,0.021736648374024593,0.014353384077583133,0.030650817241680672,0.030368845099470108,0.023950009100255295,0.036485207508794505,0.9471475223094542,0.9170743130163712,0.9752426719290478,0.009192535657922883,0.0034933684811703095,0.015212759688801644,0.012544112716101714,0.008601256486879766,0.017040698891690444,0.021383653806915807,0.01417866036287886,0.030251109023680715,0.007435537113886381,0.0022861724238818523,0.012457443982522628,-0.00024080977616108525,-0.008903851698144376,0.007397212084233803,7
raw,affine,real,3,endpoint,1,1.0,1.5,1.2646657980482523,1.261526871037722,1.2677315467137282,98.48481525520516,96.21610952240778,100.2227084840621,0.020509937487174106,0.017062391056629607,0.024419860640749354,0.030196891797432717,0.025237349451564195,0.03528989062000665,0.9565986061004416,0.929827726398777,0.9822704072176089,0.008674996133495375,0.006445221408597274,0.01130975190252728,0.01183494135367873,0.009359143839621734,0.014131390355635568,0.020550844652755175,0.01708136329134472,0.02483905601218772,0.0029091869592044765,-0.00276071068069783,0.009228139670157858,-0.0025478661226550994,-0.006833714029235294,0.0015842034795322212,7
raw,affine,real,3,endpoint,2,1.5,2.0,1.7616620266140657,1.7594223803276228,1.7641731488677925,137.1852260078318,134.0731674451976,139.45396987411516,0.015386606318730943,0.01082861310163924,0.020085096624991805,0.020620655575858664,0.016154987439512592,0.025167430311940835,0.9614132125684287,0.9421245746520207,0.9785481377883014,0.008141803503514445,0.005131343383888832,0.011138050416531925,0.007244802815216495,0.004850623378456346,0.010043863859647334,0.015399443185307194,0.010733144687816071,0.020479316234868723,0.001423407382822584,-0.004427025079938141,0.007091248640497319,0.003441619207150161,-0.001661012046507206,0.008902451240418979,7
raw,affine,real,3,endpoint,3,2.0,3.0,2.5313615467977866,2.5279737304449577,2.5358146291137724,197.1143375529924,192.75193269957978,200.21570192552662,0.00734862779252833,0.003642266136880416,0.01061598021573098,0.0083056632059513,0.0058582999056354425,0.010780112865658421,0.978045263103336,0.9599046263740936,0.9969388741248508,0.0014722054626859196,-0.0009315691633499566,0.0038705648130142427,0.005876422329842409,0.004277185206135066,0.007199364943510015,0.007267845240663761,0.003393796763024719,0.010558148115838144,5.472003149916319e-05,-0.002677032231899165,0.003527437277563985,0.001185083721056742,-0.00110731771225813,0.003510989435841186,7
raw,affine,real,3,endpoint,4,3.0,4.0,3.5205654993657136,3.5173169595832383,3.5237487678838977,274.1576139958666,267.8556466388424,278.8424599411186,0.0007666540037820385,-0.0008469075873723315,0.002752519303721506,-0.000469392626404581,-0.002774839756510357,0.0017717630078137123,0.997883245522955,0.9730423548802195,1.01880353374855,-0.002158294938511984,-0.00333995343934767,-0.0010559260459057339,0.002924948942294022,0.0013406234923627892,0.004516774635116344,0.0008486683153678431,-0.0008630671073027084,0.002901809063071015,0.0015146712352961558,-0.0007173434707516792,0.0037280096970150763,0.00210411446734689,-0.0011421639740444578,0.005110476506010844,7
raw,affine,real,3,endpoint,5,4.0,6.0,5.05336843697686,5.046464202048804,5.059271613441807,393.5117938218422,384.63875230818,400.2127999509062,-0.001721745129235509,-0.0037553422327435524,0.00029496366793062495,-0.002363085512404211,-0.0037319237333362956,-0.0006777523466603492,0.9977987710212418,0.9848623195708377,1.0130348543547787,-0.0018088164313202336,-0.00300589692112386,-0.0007551934712213982,8.707130208472499e-05,-0.0014412088924703268,0.0016171936677442727,-0.0015626239848275628,-0.0035339067383355883,0.00044219475555675884,0.0021118897711498484,-0.00042431457434960424,0.004483706616957562,-0.0009169735855694744,-0.003720808078938163,0.0024364469174887426,7
raw,affine,real,3,endpoint,6,6.0,8.0,7.042288651229225,7.035686242488414,7.048593011228008,548.4016147392858,536.0868689573917,557.3297083610494,-5.369346687906163e-05,-0.0010226914309879541,0.001001650466135882,0.0002539968970943661,-0.000755559596244978,0.0012808241477104665,0.9943700545275023,0.9864528598062227,1.0020692834106788,2.8396691686932645e-05,-0.0004871662949104612,0.0004147143590441349,-8.209015856599385e-05,-0.0010519700128297687,0.0009284369539936225,-0.00019091966427781803,-0.0011238849992254427,0.000871372951980907,-0.0011316276740914071,-0.002008043040407697,-0.00015879458077820986,0.000574829389470885,-0.000392429006090207,0.0016751845611704247,7
raw,affine,real,3,endpoint,7,8.0,12.0,10.074432286497025,10.067491052479207,10.081579425212977,784.510871514697,767.0577564888468,797.7015455899464,0.00015413963694703778,-0.0008418560469713919,0.00113898565059242,0.00033805777779222153,-0.0004183461741253346,0.0010105395077377542,1.0031723083905644,0.9899177464315317,1.0149321618123432,-0.00024762321521877865,-0.000944319532479566,0.00043126229428994166,0.00040176285216581643,-0.00022768938682094365,0.000992012780127781,0.00011076462922044983,-0.0007878810322943669,0.0009804819513424328,-0.0005314368480245937,-0.0018538583991968005,0.000690883386291509,-0.00015575847958760938,-0.0011944446247107224,0.0009088998074996579,7
raw,affine,real,3,start,0,0.0,1.0,0.6834820987515736,0.6700974287530611,0.6962342524076689,53.246956914172735,51.204939045526075,54.83131799768461,0.025219271925980984,0.017487038489026163,0.03335003915164015,0.031760546488586304,0.02547096674137918,0.0383729664217337,0.9452744411847255,0.9162151010024608,0.9742184547836509,0.013636517593576378,0.008308918476048295,0.01864412206019403,0.011582754332404608,0.0068629336281435796,0.016603040763218845,0.02492971560884937,0.01731048130459991,0.03363361479720372,0.007283199732280862,0.0013874237057608881,0.013276990768023302,0.0007014567453236256,-0.009460001547105079,0.008041045886822785,7
raw,affine,real,3,start,1,1.0,1.5,1.265460585968235,1.262833486727263,1.2681836562949635,98.54689768191864,96.29276383699698,100.24409881462775,0.019100837974260546,0.01536688021396244,0.024209805319160387,0.029688582382870088,0.025250711199896657,0.03396044279540217,0.9585541960042737,0.9378108828403701,0.9780025734190031,0.0074258719514412545,0.0034149941870977654,0.011437624951771403,0.011674966022819293,0.009654784971701769,0.0138739502960736,0.019140953838574525,0.01537705917974019,0.024288789744197754,0.0037111535165573633,-0.002769097743959535,0.010993825696346163,-0.000393502418960065,-0.009522559302104066,0.009075330483323676,7
raw,affine,real,3,start,2,1.5,2.0,1.7615165632724765,1.7599333187163266,1.763461285239888,137.17467678691065,134.02677644531448,139.45023747204613,0.013394774074121929,0.007663848588381892,0.019820172008185824,0.020621762649156845,0.015796382555498978,0.02518573199456491,0.9648166219857376,0.9439629698185533,0.9814742814586151,0.0066781723662724946,0.0034174215019532163,0.010139408705330824,0.0067166017078494344,0.0037412448809757723,0.010086482840233862,0.01331054365195457,0.007432596339105697,0.019737006140556273,-0.0009423324351880947,-0.004641103441481581,0.003499194666573542,0.0017604247037604243,-0.0026007114037085114,0.0059640355767288,7
raw,affine,real,3,start,3,2.0,3.0,2.531468931435108,2.5281925724704446,2.535735583765735,197.12261492931398,192.62477492252813,200.1856905534633,0.008599733052018397,0.004862107738061943,0.011781883083271816,0.008935496649413694,0.006839199135517613,0.01104402372870746,0.9756495252967732,0.9604825682789331,0.9912261983593303,0.0021526305405314616,-0.00036850740025557636,0.004820971071190676,0.006447102511486934,0.0048513708641780865,0.007788893060696047,0.00843731937372733,0.004738605309914472,0.011829658390268642,-0.00022183071694912036,-0.0042231792017244,0.00440527374853436,0.001942649532886783,-0.00023502227157568765,0.004167228075678501,7
raw,affine,real,3,start,4,3.0,4.0,3.5205194775380773,3.517205575926566,3.5237507241181314,274.1532737387426,267.96593597081915,278.8197548176215,0.00016890484084406375,-0.0017177183242588151,0.002110761146392022,-0.0009859392252121243,-0.003383983203645071,0.001293476869103597,0.9967086762673762,0.9727076778313712,1.0183426797271913,-0.0024627993906705674,-0.00393138613339717,-0.001447414995099702,0.002631704231514632,0.0008504064807235244,0.004331412434198264,0.0002520719208163619,-0.0017172736085589878,0.0022827049793891223,0.0016248616973192885,-0.0006734972727539852,0.0040199426741354795,0.0017233161685680147,-0.0002369209619213621,0.0033372849066073116,7
raw,affine,real,3,start,5,4.0,6.0,5.053323562934443,5.046781565024579,5.059120341058616,393.50863697836564,384.6744233680488,400.1030005289527,-0.0017442877766592408,-0.003563152544945095,0.00012804933717676815,-0.00237862267776795,-0.0037440504583207243,-0.000667946213020516,0.9964282577377922,0.982836993112519,1.010262665414984,-0.0016731259496389412,-0.002819177047196734,-0.0005676267081863175,-7.116182702029985e-05,-0.001466910205550438,0.001398944526975005,-0.001606785939921919,-0.0034022489782902046,0.00035263506219081723,0.0018780056610011922,-0.0006545243691779348,0.00395103464915044,-0.0008787981349563351,-0.0038264141374234873,0.0029413968357660946,7
raw,affine,real,3,start,6,6.0,8.0,7.042209748274673,7.035752292265119,7.048531415909022,548.3953370094858,535.7953092967989,557.4492519026749,2.95689729832073e-05,-0.0009642538466318165,0.001084177740026048,0.0002955548915500455,-0.0006437861740355061,0.0012387766759863696,0.9949873524715497,0.9872493782752715,1.0024681486946991,-4.66363547238838e-06,-0.0006656028147937572,0.00047245921128253877,3.4232608455595885e-05,-0.0009559621756250145,0.001037150070401773,-0.00011251479919661805,-0.0010257231551337666,0.000869779475291808,-0.0010565158372377586,-0.001986067616048185,-3.551071125806214e-05,0.00038327605371934765,-0.000606475210763875,0.0015790553320738955,7
raw,affine,real,3,start,7,8.0,12.0,10.074204734349452,10.067153698251076,10.08133411710183,784.4928752807156,766.0016063290008,797.449979882444,0.0001700855366874318,-0.0007853270271890212,0.001209988688292332,0.00032897569599915844,-0.0003689855189004976,0.0009612146854700024,1.002413844868718,0.9891134377560584,1.0146591317825329,-0.0002314055468206222,-0.0009435126273211932,0.0004876357788201545,0.00040149108350805385,-0.0002805165818892028,0.0010301123509643812,0.0001233235092931731,-0.0008231700264643007,0.001054904159563538,-0.0005252958550405024,-0.0018454382842422272,0.0006516742284969885,-0.00019119017260448546,-0.0012757927379023358,0.0009458899564590312,7
raw,affine,real,4,endpoint,0,0.0,1.0,0.6833154591718581,0.6700641366879262,0.6954616090084462,53.24921605949369,51.22407755989002,54.839461313152626,0.017858072623369307,0.013451933670588818,0.02426198643074706,0.022972781867447056,0.016024875495696807,0.02996615343021233,0.9539362412420976,0.9254290925320562,0.9836000999535203,0.008205902268764716,0.004762165300766481,0.011722812468307236,0.009652170354604582,0.006721814066712994,0.013391762041257839,0.01831187679242462,0.01369381609987179,0.02440139832587754,0.009510139572554427,0.0023052999947726282,0.016222081241115505,0.0012626071404887858,-0.011206098261104183,0.013772977664639845,7
raw,affine,real,4,endpoint,1,1.0,1.5,1.2654648744826347,1.262954190544383,1.2681824126062105,98.5744781033045,96.41167963084287,100.24725074758751,0.018599923679507798,0.013095170028654084,0.024727665107242856,0.02269455813659177,0.01621536605233024,0.02688567157724956,0.9601477504018531,0.9413700512457542,0.9793477623687628,0.011081559936763201,0.007197362774158417,0.015325454558082983,0.007518363742744596,0.004513148808991143,0.010830815863012468,0.01843103898575067,0.013253833749921073,0.024145494132853624,0.006173649714220536,0.001309347242438187,0.010100396352969809,-0.005640628980928447,-0.010515686370571736,0.00043989531832341574,7
raw,affine,real,4,endpoint,2,1.5,2.0,1.7616518816547995,1.760065542260445,1.7636317018171044,137.2240746504843,134.15258523776302,139.48344445094858,0.01175459118681004,0.006223315014964476,0.017029914422068314,0.015140656772083868,0.011012491771113301,0.018942618908369038,0.9633102178811553,0.9431008212591884,0.9816551263234766,0.005609860444901361,0.0022096447022483118,0.008498338259914967,0.006144730741908677,0.0029063749204243515,0.009774303961490429,0.011754773190029896,0.006355571801160246,0.016720623759208745,0.008299645950397613,0.003001423310968304,0.013526287910642837,-0.003277152672701299,-0.008954336911220412,0.002190144651084099,7
raw,affine,real,4,endpoint,3,2.0,3.0,2.5314343905679486,2.5281048757156506,2.5355770182883184,197.1753602766863,192.81896927898524,200.12261937460724,0.00466115884980009,0.001864483211317122,0.007254278633713216,0.008494949767167697,0.0065657082176950685,0.01031441367148997,0.9801716526726768,0.9631951854929254,0.9985035307269979,0.0013620293056774574,-0.0009301182956676989,0.0035003655843545483,0.0032991295441226333,0.0017450426942313118,0.004944110813150499,0.00489833238524551,0.001982717005730047,0.00744072885601827,0.0029731086049929116,0.0010524412411930166,0.005111516109404505,-9.979791687563289e-05,-0.0037583036894097512,0.0035576181844598747,7
raw,affine,real,4,endpoint,4,3.0,4.0,3.520585063973057,3.5173211650778557,3.5236852458711643,274.2347352179612,267.76528333418685,278.653111286719,0.0005644123921967665,-0.0011794958254908873,0.00246862494747134,-0.0005490569959529474,-0.003957070846692686,0.002289669514664163,0.9971389166761774,0.974094838840999,1.0180895480109082,-0.0012472614875252259,-0.0025249720366064235,-7.387282236690083e-05,0.0018116738797219927,0.00040783751186303403,0.003245397866452644,0.0007604036111708243,-0.001148746437527992,0.0027005195291446155,0.0030282749817285228,0.0007539378503254322,0.0047907320121145704,-0.0012889167690765732,-0.003248901904222831,0.0005050283821465692,7
raw,affine,real,4,endpoint,5,4.0,6.0,5.053250343615018,5.046537658623711,5.059103467794138,393.6129172712397,384.78285239157947,400.03263827906545,-0.002070494268965833,-0.0034082480205793633,-0.0008264416610333358,-0.00258310499124022,-0.004869952823201112,-0.0008082812553184954,0.9973760322915218,0.982451834727062,1.0120322301420999,-0.002707677597456059,-0.004069490241951645,-0.001424789763504139,0.000637183328490226,-9.006638874979637e-05,0.0013540800624645113,-0.0020860152522385947,-0.0032706906364366457,-0.00101794038794473,-0.0002653620989420354,-0.002253788068032832,0.0020219487171943594,-0.0006019683953722162,-0.0019356499557128745,0.0007341764274950173,7
raw,affine,real,4,endpoint,6,6.0,8.0,7.042142814746162,7.0352336014572785,7.04859807023766,548.5433969129768,536.2887754391081,557.4655414576662,-0.0017291488139827228,-0.003077178382821464,-0.00047275927312322,-0.00048267976031011783,-0.0027060413850611815,0.0018990612247058991,0.9965071217708511,0.9891654944394803,1.0040167265658002,-0.0005665301448841829,-0.001460537878838243,0.0002759466820632053,-0.00116261866909854,-0.002089851107952256,-0.000371213245054518,-0.0017833646669270856,-0.003037640824138429,-0.0005569530149295914,-0.00026807519064983527,-0.002008497333834261,0.0016315946069960275,-0.0018733368170461837,-0.0027579691946840227,-0.0011025468867973346,7
raw,affine,real,4,endpoint,7,8.0,12.0,10.074288470786229,10.06715324259776,10.081504242277182,784.7191250602103,767.0028483910271,797.181532394412,-0.00014544013630017567,-0.0005100076793601099,0.0003073548267432825,-0.0008085065482225183,-0.001378691014422301,-0.00022973884278593704,1.0030737568609192,0.9897066837392796,1.0150081653455256,8.754095477568526e-05,-0.000175175376631317,0.0003535697735353792,-0.00023298109107586104,-0.0007282515229771596,0.00031942506693897365,-3.3626346553166534e-05,-0.0003779035848943179,0.0004320108903361747,0.00059095035584322,-0.0005458515535893703,0.001679802062104237,6.930843660318997e-05,-0.0009522001323735725,0.0013052772856501115,7
raw,affine,real,4,start,0,0.0,1.0,0.6818873312172725,0.669879501674753,0.6930494420232757,53.13626561738109,51.198230454320374,54.633637887113196,0.01645665386868327,0.011381677133784431,0.022434875861320838,0.02405605131564651,0.015901821189803104,0.031977045313557904,0.9573524909134677,0.9282555931397424,0.9878563162461764,0.008322780024063888,0.0051263091185893145,0.011849136069953588,0.008133873844619383,0.004988405124647307,0.011830849779366796,0.016904809783872907,0.011485440609167761,0.02269879212449177,0.007714020431362871,0.002367662502454642,0.014782607095582736,0.0017898015113704533,-0.007802719340646674,0.011344605205089895,7
raw,affine,real,4,start,1,1.0,1.5,1.2662500163671775,1.263786015655299,1.268418618698314,98.63501457434897,96.43668190275889,100.2563951075528,0.020203125373755453,0.013745169359653647,0.026968630073400217,0.022009513221810606,0.015251923483341475,0.026549803071958762,0.9568320054219658,0.9368640854457359,0.9796099621471045,0.010893573248940443,0.0069989072590037745,0.014461285788643554,0.009309552124815006,0.006228175895160727,0.013429257906197813,0.020326540963647863,0.014041788172543314,0.026942343475363336,0.009299462777881573,0.003962392005248136,0.014825935062008367,-0.0048108943644761,-0.009994907668373104,1.3645499738460363e-05,7
raw,affine,real,4,start,2,1.5,2.0,1.7617464648179577,1.7603939858491764,1.7632836573058714,137.23256912977635,134.21455516611934,139.5364627088068,0.012375164237874964,0.007745369946353233,0.01729980116688371,0.015210226752384887,0.011707245188241922,0.018348830834525997,0.9646769593055182,0.9427069076504697,0.9836418313523331,0.0073063087678870665,0.004048115628021006,0.010387534354075315,0.0050688554699878955,0.0027238339096795744,0.007719213996820134,0.012163281797263463,0.007686397060208012,0.016615717934165195,0.0034772885229175424,-0.000610407012222726,0.008489569216772888,-0.002285342180610591,-0.007607160650076014,0.005380515290797939,7
raw,affine,real,4,start,3,2.0,3.0,2.531949318550552,2.5292264191414966,2.5353053286371523,197.21567690370043,192.91068767836364,200.29910552832126,0.004034535099275376,0.0017980545751987167,0.006380225221269894,0.00846207560621236,0.006576211215384305,0.010296010904674068,0.9792168171631034,0.9633438310699417,0.995824770903987,0.0006506454735989856,-0.0013794945578786569,0.0025732428879725504,0.0033838896256763898,0.0018204675158043104,0.004974059510093194,0.004231221892240939,0.0020212368649858434,0.006575543614136357,0.0028362074331650783,0.0008673015329595491,0.004805898130004173,-0.0005430714286067555,-0.0047910781927344255,0.0036702649465167997,7
raw,affine,real,4,start,4,3.0,4.0,3.520451390986898,3.5176273541158367,3.5234311980165547,274.22326034908764,268.0894301613437,278.63055171319877,0.00039485734152725714,-0.0014448554445996953,0.0020861019732233586,-0.0010543693810983567,-0.004351367467204145,0.0019850138585689723,0.9961994228755865,0.9735274702554277,1.0182647118656323,-0.0011961315543166072,-0.0025616500623797606,-3.843831696631287e-05,0.0015909888958438637,0.00025470447805602117,0.003078500787413195,0.0006273597688538398,-0.0013817659292150494,0.002503292864332933,0.0031263871812268035,0.00019666267806126784,0.005379935052029179,-0.00200360379148613,-0.004726809867915749,0.0006588631834432115,7
raw,affine,real,4,start,5,4.0,6.0,5.052869663066079,5.04630605427897,5.0586029839166295,393.5832594681973,384.9374298278103,400.010890709117,-0.0023318596462133705,-0.0035491667073109696,-0.0012329051015775375,-0.0024520027975209304,-0.004554208939977959,-0.0007044417823947447,0.9962164841118043,0.9818744178099551,1.0111599546724144,-0.002854814505814319,-0.004026634056902332,-0.0016344876386981905,0.0005229548596009486,-0.0002015996554282886,0.0011985967174884093,-0.0023360779802339996,-0.003421452502945704,-0.0012976516266429451,-0.00017270158763932269,-0.0019474238298509308,0.0019112778700116355,-0.0006164801067156886,-0.001858940243339145,0.0006436601036293307,7
raw,affine,real,4,start,6,6.0,8.0,7.042084358140536,7.035653383249968,7.048438278045974,548.5385459882124,536.1346827360384,557.2330984979362,-0.001381448343644424,-0.002835480163940221,-8.088242571624308e-06,-0.0005578407626055034,-0.0028932410499133837,0.001937131644424116,0.9956703826877723,0.9885296934007719,1.0029527849493005,-0.00034407065895792526,-0.0013826076925042236,0.0005452989562353281,-0.0010373776846864986,-0.00208666311026528,-0.0001483011696972231,-0.001454123867093885,-0.0028084792312057794,-7.083837309878628e-05,-0.00035367971559323666,-0.0019644464509916424,0.0016948925981802763,-0.0016994020901448417,-0.002412240329806568,-0.001056550697785747,7
raw,affine,real,4,start,7,8.0,12.0,10.074142190624869,10.067102711741741,10.081367358038978,784.7065195404006,766.7485831817346,797.3009107155316,-0.00015279015954356855,-0.00044587570427729277,0.0002336860762759761,-0.0007580290236681878,-0.0013064383612288906,-0.00020481815561152562,1.0028183547551042,0.9896763255381225,1.0147153177453712,2.0936503827686213e-05,-0.0002879846072673658,0.0003560444401661649,-0.0001737266633712548,-0.0006982265255271897,0.00041458953241528155,-3.3450224069644485e-05,-0.0004006536802718408,0.0004055552311535068,0.0006618936757735581,-0.00030789013508879,0.0015794240884973699,-8.50320791430959e-05,-0.0010936947069245537,0.0011097633768502044,7
raw,affine,real,5,endpoint,0,0.0,1.0,0.6817412228399989,0.6700159645687882,0.6933161413610047,53.159717318021684,51.209169076777066,54.654589430949024,0.009240611514824134,0.0029775354003147825,0.016421527164094975,0.010803620892681082,0.004056101908459814,0.016457305082842464,0.9637655692137975,0.938844949950449,0.9898638534526593,0.0033852283668358496,-0.00082531835725287,0.007969360733423464,0.005855383147988282,0.0014175101207149904,0.011208326476714258,0.008799529071756388,0.002535065350790469,0.015925273710978734,0.005908906351738049,-0.0009004200444433315,0.014474457649917487,0.00023683973930425185,-0.007341323470101373,0.0074249865642051095,7
raw,affine,real,5,endpoint,1,1.0,1.5,1.2662564389612576,1.2636586827005962,1.2684718198130784,98.69929200117076,96.4525494266064,100.3077434326193,0.010014667909873447,0.007785741392992603,0.012297837139721112,0.018159949415934743,0.01342736948914767,0.022295605100444957,0.968699830776609,0.94517776148832,0.9930257033507457,0.005054764316344425,0.0024290698359701636,0.007596474313591872,0.004959903593529019,0.002849163815507986,0.006732507649958839,0.010112556917809204,0.008049613854601028,0.01222701412973271,0.0024954700479308477,-0.005037004424799584,0.009964374825116782,0.0005002170523890513,-0.004306227888844152,0.005746365183537386,7
raw,affine,real,5,endpoint,2,1.5,2.0,1.7617871075788523,1.7603717773559906,1.7633112598209624,137.3250232367031,134.12232140879124,139.5592108909147,0.0061405671926758965,0.00294309971326595,0.008631850675377922,0.01320352459109656,0.010055892395829798,0.01595745115658129,0.96703664166011,0.9480457919255723,0.9861867647104692,0.004205206487441606,0.002366146933745302,0.0060107524182110485,0.0019353607052342897,9.604896615808375e-06,0.003699021410779333,0.00637866514557166,0.0031179464617663226,0.0088404492719155,-0.0008388231713505211,-0.007816859596309685,0.006045893285907046,-0.004846563898541782,-0.008746102227794586,-0.00039165272112008306,7
raw,affine,real,5,endpoint,3,2.0,3.0,2.5319263186792953,2.529249414025944,2.5354247372366734,197.34231937985706,193.09892158497982,200.31715841861563,0.006753392538969034,0.00451722459580228,0.009032645727558285,0.01139150224458155,0.008394611357902404,0.014659458019498833,0.9797280151302772,0.9644739393002367,0.9968778207178158,0.0033674166003526706,0.0011400786616071953,0.005544060458495439,0.0033859759386163637,0.0018706993353298923,0.004917371203779419,0.006955331209818941,0.004570495496159853,0.009261776606948323,0.0029826707980783046,0.0011231450047744587,0.004458210811195485,-0.000518241798548812,-0.004921706092695872,0.0044447772367607104,7
raw,affine,real,5,endpoint,4,3.0,4.0,3.520530833185392,3.517659571275928,3.5234719911176127,274.407178561854,268.23294793213563,278.7704842093912,0.0031897865183340714,0.0015939411601134197,0.0048860852143287736,0.004497146088393815,0.0021752112039264493,0.0069223407702994014,0.9948419616521235,0.970445213941059,1.0168607024892005,0.0004952122043263143,-0.0008392810710291896,0.0018788063469183487,0.0026945743140077577,0.0009768495960288497,0.0041250943206638194,0.003130045601305603,0.0016047791623916231,0.004690684154218774,-0.0007828299492635306,-0.0035051938118371715,0.0019233065870231476,-0.003677365055676094,-0.0059659393566898564,-0.0011623926687315696,7
raw,affine,real,5,endpoint,5,4.0,6.0,5.052743578431607,5.046235029427364,5.058449084137247,393.82903922204576,385.05261621073004,400.1766157087981,0.0004533142724593842,-0.001245177932150792,0.002027856574571107,0.0006843588153660884,-0.0022577739358013087,0.0034120398948349964,0.9953920827477185,0.9823910748983362,1.0087597110126898,-0.0006050525572309712,-0.0019870376596367863,0.0007803877003606545,0.0010583668296903557,0.000299644114850983,0.0019527033359034909,0.0005458856561169148,-0.001180023842273424,0.002088609389846967,0.0010408574587781351,-0.0010252674122919311,0.0032427096080144932,0.0003108373124535198,-0.002375130126210779,0.0028248768167488886,7
raw,affine,real,5,endpoint,6,6.0,8.0,7.042001159776575,7.035658212508545,7.04817735013211,548.8883627893557,536.5839798249513,557.5720180050363,0.0007969975636863709,-0.0002856969098314083,0.0018720773702150728,0.00046968893263912967,-0.0008449874766943452,0.0017554555321095827,0.9936116631179785,0.9859640448460913,1.0012700797309932,0.0004417759267770152,-0.00047699123496390875,0.0013131219422615823,0.0003552216369093561,3.588207365943792e-05,0.0006988308636840482,0.0007259706975372146,-0.00043133743181261285,0.0019232991040677514,-0.0002604208086593294,-0.0027304105606184874,0.0022457479275169506,0.0003072596089986833,-0.0007468789474253366,0.0013244655799378201,7
raw,affine,real,5,endpoint,7,8.0,12.0,10.074201624363528,10.067162474663755,10.0814419793942,785.2206170268718,767.8931907774576,797.5588803898567,-9.723730719071405e-05,-0.00037680547338204696,0.00019958958053938798,0.00033673421749389013,-0.0002824230594898484,0.0009651199981134973,1.0030494362719602,0.9892942782608175,1.0154576299451672,6.077488096951965e-06,-0.0003433892884386679,0.00030508049285167234,-0.00010331479528766598,-0.00040546923855975695,0.0001375848180742155,-0.00018928673220414255,-0.00046174854595538897,6.569208169401975e-05,-0.0009115170674982238,-0.0017287197768250274,-9.431435817142086e-05,0.000585968925259375,-0.000708499457700428,0.0019330671333418587,7
raw,affine,real,5,start,0,0.0,1.0,0.6798352167400603,0.6699337198126865,0.6894409648889431,53.0092198229227,51.18036268739883,54.39413459972961,0.007910471289829897,0.002857482593603633,0.01457802552593011,0.011056915756090293,0.004475842121976084,0.01704474734643479,0.9692608258813322,0.9429438474360309,0.9982878693753853,0.0031333605859667282,-0.0011055310072108633,0.00678314953306918,0.004777110703863171,0.0003873979917704818,0.009929032938097434,0.007663697522091091,0.0024124435563026778,0.014093022769234785,0.00647684917813871,-0.0012595930234586025,0.016815916369025057,0.0023955727457111364,-0.007581739490346308,0.013557274149010326,7
raw,affine,real,5,start,1,1.0,1.5,1.2668896785477153,1.2648887831711324,1.2686077491498744,98.74601985978336,96.55796694904325,100.32351714191242,0.011445205335191997,0.008440861620866292,0.014111494475052572,0.018640187844598387,0.014766959293436882,0.02229979553368355,0.964231541134292,0.9441051693086393,0.9855570536884951,0.005593620135735869,0.0029443501157315104,0.008486253736357374,0.005851585199456125,0.0029851409152904093,0.008243393558535794,0.0113264762180815,0.008733928541192648,0.01370476711493669,0.003335672880643127,-0.003895282951848852,0.010807651806249916,-0.002137543926033001,-0.006890993274480456,0.003170558270954017,7
raw,affine,real,5,start,2,1.5,2.0,1.7621166954960839,1.7608692480923158,1.7634345967852667,137.34907639958337,134.3015679447052,139.58494840735503,0.007307304062093616,0.005604979517401483,0.009391377466401332,0.012973163155121984,0.009678425314348312,0.0159147755212602,0.9695983393746601,0.9527305276121893,0.9853209555893429,0.005896995958844517,0.004919002946032721,0.0069599046482181435,0.0014103081032490997,-0.0003128392849206504,0.0035667009489339955,0.007427591175936697,0.00589789070314497,0.009375638175294482,0.0008550798053403759,-0.006182718959371595,0.007746825151621819,-0.0038373072122540276,-0.007878126426891525,0.0005737689489153799,7
raw,affine,real,5,start,3,2.0,3.0,2.5323093142836295,2.5296579861856823,2.5352889522026167,197.3719928520142,193.13960983572215,200.32158542732893,0.0064241598214140275,0.003896625000896046,0.008655152612222118,0.01126963062455377,0.007905181177695866,0.014876678586956514,0.9774750492431965,0.9626581309008188,0.99381236743312,0.0030699512682735445,0.0009473923302177687,0.00500095378765957,0.0033542085531404835,0.002105962902604351,0.004793390679974954,0.006500250830505991,0.004086054856756402,0.008732855072170295,0.0015806014386947759,-0.0007582724748675163,0.004050185644557165,-0.0004784439220271729,-0.0045172286171398365,0.00411420372171561,7
raw,affine,real,5,start,4,3.0,4.0,3.5204707612110435,3.518002693826958,3.5229727447595693,274.4026069638706,268.24727526731266,278.7465379948216,0.0034111620352880153,0.0016546825077107166,0.005234931786909604,0.004740715787003094,0.002348410312880714,0.0073644720432945775,0.9938431365385421,0.9713697379196246,1.0156908530957554,0.0007177347330071377,-0.0006830056532393447,0.0019842835304300843,0.002693427302280876,0.0009324687191906561,0.0042966494613345734,0.003416864813075296,0.0015425166699871273,0.005212070598933963,-1.2714998264164205e-05,-0.002411376783033468,0.002380690698894358,-0.0034921697605895647,-0.005726141701018421,-0.0008844789382604501,7
raw,affine,real,5,start,5,4.0,6.0,5.0526872311156685,5.046370468446275,5.058101232818044,393.82494250433535,385.18598013234083,400.31782853783136,0.00026124083249463983,-0.0012161938991138766,0.0016734408425188511,0.00047688476186848134,-0.0023419784954497674,0.003136398306661383,0.9937258171109227,0.9805065456134161,1.0076268424404324,-0.0006415207967755994,-0.0019132493309813822,0.0005829064134978786,0.0009027616292702391,0.0002470551512940858,0.0017423704021437489,0.00031655516494511393,-0.0012141441383517354,0.0016815176650251309,0.0008231381443241204,-0.0009531799439373732,0.002946517910363305,-9.51126943076202e-05,-0.0025125213840169703,0.0022361872986874894,7
raw,affine,real,5,start,6,6.0,8.0,7.042276595186701,7.035844198456199,7.048310038210505,548.9093143626937,536.6699741796722,557.6407462965573,0.0009515447549047835,-0.0002682895390370369,0.0021568710248123977,0.0006383576174852375,-0.000874720061679501,0.002101702332812761,0.993920050727693,0.9869906819987582,1.0009518447527943,0.0004471546422031583,-0.0004985080640421684,0.0014785479546468854,0.0005043901127016251,3.829346513458712e-05,0.0009713663301715811,0.0008788126430881338,-0.00038563900939089937,0.002176151462974512,-0.0004184057730934483,-0.002752410997903148,0.0021844778831416225,0.0005217338097073103,-0.0004453304783729065,0.001503922469140479,7
raw,affine,real,5,start,7,8.0,12.0,10.074138024250503,10.06714124306252,10.081390493755006,785.2153983507818,767.6885581622886,797.5404491746324,-8.38133164966075e-05,-0.0004281071713940973,0.00023194106752633443,0.0003728491017450356,-0.00022221961885863557,0.0009553151322079051,1.0025223082471089,0.9879429548477773,1.0150295594098564,1.6479667787755803e-05,-0.0003800517093111898,0.0003107472145798763,-0.00010029298428436341,-0.0004062061478422756,0.00015463130251991766,-0.00015169341931827368,-0.0005224879232250106,0.00016319451675003986,-0.0007333773488693371,-0.00150503793359485,3.2435284672630694e-05,0.0005933445534265438,-0.0006222665387379526,0.0018300693168100347,7
raw,affine,real,6,endpoint,0,0.0,1.0,0.679694096752626,0.6695937107169571,0.6887968675436358,53.024301565472165,51.21894630559501,54.39287706652815,0.007348895247403804,0.0025392310483524578,0.011920679950912772,0.0127596711693516,0.0050005021494909695,0.019610490046499247,0.9644481812919422,0.9339212877033053,0.9978053963633972,0.005828783958242702,0.002685223834068429,0.008611394071687832,0.0015201112891611037,-0.0006108551589671102,0.004204790821105602,0.007502220608353147,0.0020441492922005657,0.012694105628243045,-0.0013483818680021288,-0.015383006365332035,0.01132357546305378,-0.006944220869659436,-0.01765429486799653,0.0038944650349493075,7
raw,affine,real,6,endpoint,1,1.0,1.5,1.2668251000403643,1.2647180547709975,1.2686146448082283,98.78884698759201,96.6112588322108,100.3264087709106,0.004199100990370399,-0.00026476528338557757,0.009145927873844455,0.010969120130660554,0.005851060647382846,0.015036335385255619,0.9718451465084049,0.9467446873077593,0.9989801421884535,0.002550801040427498,-0.00042133567140370266,0.005233222455502235,0.0016482999499428995,-0.002033627017037454,0.005556982673918028,0.004378562204088888,-0.00030333176110198813,0.009432537408330693,0.004810374244704087,-0.0031422419705920863,0.011413380972592934,-0.001118206438558397,-0.005029452599197,0.0033298389178805956,7
raw,affine,real,6,endpoint,2,1.5,2.0,1.7621011547446805,1.7607529828192565,1.7634484386709133,137.4144795422765,134.36294164427864,139.61664493700331,0.012098020855558653,0.008350049632490775,0.016095599997536483,0.013463186266228928,0.005585763086379178,0.019528607099853292,0.967444236795337,0.9512545195313831,0.9886439794602108,0.006931106481243403,0.0055122138018025525,0.008537516148400212,0.005166914374315248,0.0018493486312304683,0.008348536160948527,0.012255360962623713,0.008270656661218404,0.016110244697964096,0.0050104416943845135,0.0009323026629399617,0.008451154252111397,-0.0054488350574368166,-0.01148294270129196,0.0003879487863581824,7
raw,affine,real,6,endpoint,3,2.0,3.0,2.5321681849734405,2.529539680492629,2.535173101806589,197.45711243158857,193.07627773719597,200.41312921244108,0.0033523721695162233,0.0007057219076866759,0.0060483089730776285,0.0072128004009811815,0.004550683686779294,0.010247712599300952,0.9825048306440286,0.9651401556799546,1.0008014245512984,0.0037162335930163866,0.001430399142891305,0.006132311004144299,-0.00036386142350016337,-0.0016080718326617286,0.000809421428753276,0.0033556089272204054,0.0006945586930420294,0.00610195814496322,0.000468142868508811,-0.0026449114063684404,0.002960133235524348,-0.001307117018449582,-0.005176387660105355,0.002147169559519922,7
raw,affine,real,6,endpoint,4,3.0,4.0,3.5204768458073246,3.51807008803724,3.522981832296858,274.5361679365722,268.1959751901208,278.8642663316735,0.0031301040902925186,0.0005712950750943396,0.006044451680023225,0.0040813602018430935,0.0005456649412454456,0.006667028344286437,0.9925467463413845,0.9666034446947743,1.0153158189412366,0.0012838469365122076,0.00011769647718090436,0.002779120340819335,0.0018462571537803114,0.00024521568843489835,0.003572467142466265,0.0033345250420574375,0.0007569611145859832,0.006213201635053332,0.0022463175071247093,0.0008691766746903464,0.003857773336433014,0.0015986054200508874,-0.001543532126602106,0.005415564815258746,7
raw,affine,real,6,endpoint,5,4.0,6.0,5.05256684628039,5.046339739023651,5.0582002060997,394.0069449804807,385.17461809773556,400.34895515558594,8.384414129740727e-05,-0.0014838666668008167,0.001658751304264681,-0.0012279127500816642,-0.0035668581279474443,0.0011925668791545187,0.996887763709641,0.9841827082477156,1.0100265836968214,-0.0005067532247428516,-0.001661134898628084,0.000554932027637587,0.0005905973660402592,-0.0001953801030139853,0.0015099243278721612,1.0973231393965029e-05,-0.0013968841119391233,0.0014963228476492397,-0.0008783414753607546,-0.0031062996090471203,0.001751553945684977,-0.0011736050077235858,-0.0019407077553016381,-0.0003418117693922812,7
raw,affine,real,6,endpoint,6,6.0,8.0,7.042200310754936,7.035661444120907,7.048351037234946,549.1696587036357,536.937431687324,557.6714677226945,-0.0005727384210373003,-0.0020078331549815507,0.0004475439245237587,-0.00040217418301380717,-0.0019402122339082196,0.0011291474982650133,0.99515699549369,0.9883603079223996,1.0023251516906173,-0.000891219504416214,-0.0015074869641699125,-0.00044520149045736157,0.00031848108337891376,-0.0005804806762619777,0.0010784178196477793,-0.0005867470404532614,-0.0021192179684022643,0.00046824424785034256,-0.00024624026745923624,-0.002023597382067092,0.0016242074400893089,0.0014694513419462147,-0.0003057745939592743,0.0036632250948975048,7
raw,affine,real,6,endpoint,7,8.0,12.0,10.074189748839446,10.067256309756647,10.08137100066249,785.6006960908724,768.1470070827712,797.8853143390351,0.00029305380028134384,-0.00019927580016400461,0.000860144758982261,-0.00010660229759064815,-0.0013850108640163941,0.0011176126737194622,1.0034328737368106,0.9892374068868826,1.0161168796641136,0.0004645544126938569,7.067523778694643e-05,0.0008819654135751932,-0.00017150061241251287,-0.0005966358932007716,0.0002401461787787811,0.00017859240775904573,-0.00041378819965047123,0.0008139876447224292,-0.0005653403837002528,-0.0018334144867179507,0.000947957507760848,-0.00027635498088030106,-0.0011504393841473696,0.0007044136365015977,7
raw,affine,real,6,start,0,0.0,1.0,0.6782467352821663,0.6692921122040028,0.6870602328378972,52.91039447583806,51.1976920697623,54.26563872759943,0.008807082861746215,0.0019530597020623634,0.01523970810948084,0.01436722112949325,0.006139312047508587,0.02174010155758047,0.9667212240271434,0.9391604118295426,0.9946062915276557,0.006838808022543491,0.003003380913905598,0.009690086833276755,0.0019682748392027224,-0.0018003962068973175,0.005986152055917557,0.00874756584107792,0.0016231655595615934,0.015701464216296947,0.0013249820029227126,-0.00928897109630511,0.010735640757760763,-0.002301744614946584,-0.007051624627509409,0.004087492540213105,7
raw,affine,real,6,start,1,1.0,1.5,1.2676652275808828,1.2663766880286516,1.2690634253753275,98.85280969583525,96.69604464224459,100.38305449660841,0.003691934745669904,-0.0008851144583801837,0.007733256775225877,0.00961265718032091,0.004113550272198928,0.014506045861298417,0.9649527221207567,0.943418318949239,0.9873389636730103,0.0021677433250795416,-0.0013981127715659298,0.005246605348525182,0.0015241914205903636,-0.002435047735990035,0.005979137289904137,0.003912704603790127,-0.0006737472144242005,0.008228612002876539,0.0034397778718407847,-0.006898872276086493,0.013317106510310208,-0.005643131954461694,-0.013049597268696037,0.0015720921345343853,7
raw,affine,real,6,start,2,1.5,2.0,1.762735429765541,1.761834564680737,1.763866429601978,137.46252596907956,134.28371028433412,139.66390655639353,0.011236105174006975,0.00617921583371969,0.0167485773997038,0.012856123606399466,0.006113790740699377,0.018164378478848633,0.9712372324851636,0.9540970635196665,0.9894725168550176,0.006944158852964574,0.00442971580678064,0.009804627618269904,0.004291946321042401,0.000751838508799877,0.007683833270309291,0.011310862541008953,0.006036983336121335,0.017268701187823324,0.0038623965488232916,0.0006172036242094688,0.007690655456826004,-0.0032822008833456387,-0.008383021388580165,0.00314989781788121,7
raw,affine,real,6,start,3,2.0,3.0,2.5331807997538864,2.5304716514730297,2.5358026797281803,197.53616637259296,193.30797497549216,200.4736329272818,0.004187442913789108,0.001846327094189212,0.006736675359651861,0.007682956328546904,0.0047116338876826355,0.010955985422254563,0.9818203117274713,0.966029311917988,0.9974767460869854,0.004295456005912985,0.002130558648650278,0.006609163152748489,-0.00010801309212387751,-0.00154588590560353,0.0012447797337861147,0.004226111897371599,0.0018587885047896978,0.006838677187141777,0.0014915572741695943,-0.0010673552336694881,0.0035433537358530403,-0.0016235668854155249,-0.006858416747390968,0.002568507241008417,7
raw,affine,real,6,start,4,3.0,4.0,3.5210856927080676,3.519289414207385,3.523211121710902,274.5824641892078,268.4154746196483,278.8988135881184,0.002600508460167077,0.00013513553674383684,0.005338919638704487,0.004041283901673633,0.00032195722690752347,0.007027791824990809,0.9921781005344447,0.9659895503296212,1.015918717878747,0.000836073479379881,-0.00020086761333870873,0.0020864003432134715,0.001764434980787196,3.272499933168778e-05,0.003559743208461927,0.0028136059801409483,0.00041732671260845687,0.005498753325424375,0.0015951335638457495,7.487989557202326e-05,0.0035476734776988122,0.0011375018274300804,-0.0028621063468493952,0.006159438640358008,7
raw,affine,real,6,start,5,4.0,6.0,5.052543187847318,5.046208305775456,5.057955204578505,394.0045053140857,385.30386456518875,400.3380341004375,-0.00015317300252944488,-0.0016775919981126316,0.0013407409410097194,-0.001421106562443102,-0.0034687064049625065,0.0007701614953738275,0.9952077699670638,0.9822475210882515,1.0085154311087374,-0.000524108970627049,-0.0015670351917125218,0.00043657961815569415,0.00037093596809760395,-0.0003666429651796804,0.0011621078661370949,-0.0002472559966402036,-0.0016223724997669483,0.001166850915531892,-0.0010269949978265777,-0.0031517393948363964,0.0014837893513834713,-0.0008442798995457024,-0.0017580488124151615,0.00015752188897696405,7
raw,affine,real,6,start,6,6.0,8.0,7.0423019772380835,7.036144292050579,7.048334136221808,549.1766547543446,536.9808919896644,557.6743459995616,-0.00037807052016611845,-0.0019235666649778987,0.0007425216585313902,-0.00029886450692361954,-0.0017741092631677797,0.0010647301783964613,0.9954930577108375,0.9894833933313322,1.0014513459895715,-0.0008409845395311947,-0.0016136726398227777,-0.0002858254571627691,0.00046291401936507636,-0.0004071936661943248,0.0012120803505684737,-0.0003712927687268207,-0.0020067738912586575,0.0007552189710431091,-3.4692252603751887e-05,-0.001908787540047099,0.0017668604247386161,0.0015709680947279473,-0.0002670718892986819,0.0037759195731513814,7
raw,affine,real,6,start,7,8.0,12.0,10.074226688033374,10.067202078192173,10.081683069824972,785.6028564095885,768.872895750872,797.7377968922559,0.00023847640176055137,-0.0002765647631335813,0.000856136844575839,-0.00014384653116706196,-0.0014433281208270493,0.001120946348604636,1.0027724189372815,0.9881410594336686,1.016091918328066,0.00044373041939667373,8.098825588889461e-06,0.0009086181506232235,-0.0002052540176361223,-0.000638310573112035,0.00018403948411397825,0.00011508587688662484,-0.0005271749939411589,0.0008528419376339188,-0.0006365477080857482,-0.0018147183315310332,0.0006538846768953876,-0.0004122322688981982,-0.0011483065960092912,0.00043112896160570963,7
raw,none,real,0,current,0,0.0,1.0,0.686078138307831,0.670338677235401,0.7006798287369401,53.382845863427804,51.210472024840364,55.15342211510544,0.23936810663103486,0.2039322874681459,0.27349531046579023,0.32216744942487796,0.2774010637708261,0.3621910352016204,0.7401288360805507,0.7065611561666424,0.7768045635070427,0.13451925206757145,0.11779861559228419,0.15039418871395424,0.10484885456346345,0.08454647605885776,0.12752932963186556,0.23939071577727997,0.20383581541955273,0.27324484589467773,0.0004925219189261182,-0.004037218586917418,0.0040840835990558575,-0.0031585871481016256,-0.01648079126873595,0.008865053111617649,7
raw,none,real,0,current,1,1.0,1.5,1.2631960026996971,1.2600600382179097,1.2662039590848921,98.25736302053664,95.87688870711874,100.15240914238164,0.16868361690127176,0.13187207732865797,0.20726119274282875,0.247918940642564,0.19823081033922324,0.297774779154319,0.7998341941734781,0.7362606793390283,0.8546068181419041,0.08245467657470651,0.06329374502822167,0.10321023810107184,0.08622894032656525,0.06869275382618285,0.10503985161599849,0.1686728827808355,0.13125831776978258,0.20837631093042555,0.0011613430761209709,-0.0023469422063574527,0.004623012732176857,0.003052235713275514,-0.00442752472761079,0.00998701963337816,7
raw,none,real,0,current,2,1.5,2.0,1.7617350122272861,1.7591592520552801,1.7644080242944693,137.03676354983955,133.90349835187848,139.60699341568804,0.14973659485453433,0.11338285228504287,0.1869818143054905,0.21967192892788495,0.1746782013366482,0.26539257475246364,0.8368737209610159,0.8069078833573923,0.8659316567347203,0.06853068085719803,0.050857321257490595,0.08699478012339941,0.08120591399733626,0.0627384332747311,0.1004212803202222,0.1496142194231733,0.11335550464419104,0.18760010775926497,0.0024803768952165245,-0.0013733983085134909,0.006486056327326787,-0.001804720167477586,-0.007995091275439627,0.0029965465810726927,7
raw,none,real,0,current,3,2.0,3.0,2.530956722864286,2.527426571532754,2.535825399162003,196.86178658713723,192.39870511089114,200.3509322244163,0.1357537193977819,0.10038593602432788,0.17349649037795675,0.20130689212633943,0.1558685503943852,0.24729056785093326,0.8488986625926968,0.8181487662343377,0.8809450093415502,0.062108017638994054,0.04458867443086254,0.08076621265405241,0.07364570175878785,0.05547572715424133,0.09215990536742255,0.1358708501878598,0.10132302144554924,0.1721178489581162,0.0007627231654799368,-0.0003984778741862518,0.001882182109870333,0.0028881831736911334,-0.00033276609063337035,0.0060521951605767565,7
raw,none,real,0,current,4,3.0,4.0,3.5203193067530907,3.517125718458514,3.523605884908362,273.8272814557655,267.2997253200473,278.8384945643929,0.12394276512395304,0.08678761373417535,0.16198930882321577,0.18862643783331487,0.14321584111192884,0.23496668067331825,0.866159447541479,0.8382649906593965,0.8885000386003499,0.058896626877817604,0.04013491325797817,0.07922657296650548,0.06504613824613543,0.047391363175682925,0.08405388552615528,0.12389962435363956,0.08668847752265543,0.163048551938473,-0.0008066424525351411,-0.002850105630909328,0.0011313458210790793,0.004205178036639065,-0.0005302662128394162,0.00918916003749427,7
raw,none,real,0,current,5,4.0,6.0,5.0537208469924035,5.047165983471367,5.059798497495835,393.0879970517635,383.98918228999463,400.1974889547099,0.12243941335899354,0.08774789988639775,0.15962352307573796,0.18353538798014776,0.1366309421014806,0.22996151073388726,0.8727231615143548,0.844907336392886,0.9006332492917307,0.05912492423281207,0.04107321762648899,0.07789761226764069,0.06331448912618147,0.04628033325324824,0.08056441258249217,0.12242473357415655,0.0875859167571882,0.16014311260778197,-0.0004099760992672873,-0.002388254240294448,0.0012434554817163305,0.0005168686809533722,-0.0017523757211878963,0.002549352084105652,7
raw,none,real,0,current,6,6.0,8.0,7.0423671886939285,7.03557533763812,7.048597229131062,547.7843470659108,534.6294863350328,557.9169298158441,0.11905739591637657,0.08384569383820589,0.1574173857390985,0.18251915977383165,0.1353014129402868,0.22870198159279737,0.8738642541127943,0.8431120234617088,0.9042982264573486,0.059918061016106465,0.0415812922570668,0.07816129982794438,0.05913933490027011,0.03991955326403034,0.07786681619047002,0.11910312505582063,0.08258347615540493,0.15682004208399916,-3.080414377185226e-05,-0.003354944511472894,0.003331465464910198,-0.0001932824124315891,-0.002119745693420432,0.0019541268488981974,7
raw,none,real,0,current,7,8.0,12.0,10.074385452639659,10.06722384771507,10.081373112566004,783.614285810383,765.3424138019151,797.9008708804128,0.11617033826704544,0.08160195435544372,0.15138992090277428,0.17479873555572076,0.1292948282338779,0.22015456033575703,0.884495557319501,0.8537744357582022,0.9137500498513365,0.05744212352429711,0.040062133411936304,0.07437501314784682,0.05872821474274835,0.04120102533650874,0.07719543282213792,0.11640879073661217,0.08232953563184395,0.1517146032166032,0.0014664474875211164,-0.0004746170673113271,0.0032069367907518833,0.0012042847722548468,-0.0002473930296883425,0.0025440206090540022,7
raw,none,real,1,endpoint,0,0.0,1.0,0.6858916100267098,0.6702568295945054,0.7005014633179384,53.389926901876926,51.146370726884456,55.233360916865,-0.04836068933795253,-0.07387871781573718,-0.022707005304054027,-0.07123050459632152,-0.10218014869841976,-0.03819848961514457,1.0280711914714,0.988268626121122,1.0720723012456976,-0.029671261150549726,-0.04153868609241567,-0.016680311221232036,-0.018689428187402813,-0.032307642511441845,-0.005243871643155807,-0.048151638010301985,-0.07307977384036946,-0.022091067785768987,-0.0009986861234093894,-0.006313115901506223,0.0035208312437749294,-0.004898168559203821,-0.01387396041837009,0.004231767565584014,7
raw,none,real,1,endpoint,1,1.0,1.5,1.263116575543481,1.2600754877504325,1.2660704358841521,98.2907477999109,96.06842340558403,100.16770277036834,-0.05407039426899185,-0.0776810705906278,-0.0303817619969665,-0.08682261527857035,-0.11767417750793066,-0.05652390053237146,1.0258900020791777,1.0065208391878553,1.0495429214354883,-0.030279723735283422,-0.042472170477575476,-0.018674814874068663,-0.02379067053370842,-0.0366078296413558,-0.012035359888646211,-0.05416333525059118,-0.07855266203543373,-0.031128182988660203,-0.005798059592234792,-0.011944474729735827,0.0016082176917114855,-0.0024781165592970616,-0.007538540437278156,0.0023619268776943862,7
raw,none,real,1,endpoint,2,1.5,2.0,1.761824766118805,1.7592086822842337,1.7644111489738794,137.09818727001465,133.82972463895294,139.59468793143566,-0.06327076284460745,-0.08559677044681065,-0.04119564880683883,-0.09732020546982369,-0.12311497904844651,-0.07117393242423715,1.047788325315348,1.006186728722744,1.0867168748271832,-0.03639703024144547,-0.047536109567125576,-0.026168217560568058,-0.02687373260316198,-0.03853024173408663,-0.014870132569454683,-0.06335055356041934,-0.08569530179592164,-0.04152108625964291,-0.0007921144905593871,-0.00553370035399149,0.0035084951650237403,4.0664987550361205e-05,-0.00590475891764662,0.006314441126855498,7
raw,none,real,1,endpoint,3,2.0,3.0,2.530955494836713,2.5274894947491426,2.5356113193368652,196.94004582175984,192.3310429917938,200.2464063009878,-0.07144602594824954,-0.09310988938156863,-0.04976930427305053,-0.10360510941843244,-0.13097867511294178,-0.0774885893437476,1.0558127136963154,1.027680848373619,1.0856748049720666,-0.0380159368799452,-0.049508022118644406,-0.027782826010761482,-0.033430089068304344,-0.04421305586251986,-0.022038636815875232,-0.07139554107618552,-0.09309532257474071,-0.051872632110357086,-0.0017445982232771938,-0.0038203417580721195,0.0003575419416132403,0.00023139359874839143,-0.001391005392841707,0.001962030118820141,7
raw,none,real,1,endpoint,4,3.0,4.0,3.520303091569531,3.5170448649710258,3.5236692234553026,273.93523190601564,267.36444267094714,278.8807504707571,-0.07349456446610989,-0.09616808921367112,-0.051804121238317444,-0.10631581427189529,-0.13204107694539632,-0.08008273550804913,1.0648709946729669,1.0221122505828693,1.1003096373432026,-0.04084053239700829,-0.05210520751233868,-0.029994364151914688,-0.03265403206910158,-0.04394860787683262,-0.022344847602381552,-0.07355698467859184,-0.09580220980699009,-0.05233271132185264,-0.0007842557077673886,-0.005481703934897296,0.0038882640560516297,0.0008760749024931714,-0.002604207273472057,0.004216161693444141,7
raw,none,real,1,endpoint,5,4.0,6.0,5.053554077061141,5.046949706021236,5.059595100703913,393.23220423918866,384.3298803712936,400.13519903347014,-0.07191614061419536,-0.09433204334010736,-0.05050717591194638,-0.10412710021715375,-0.13158869875661822,-0.07540621994170367,1.0661361209351903,1.0369371924398028,1.0944000367199898,-0.03706019397118242,-0.046933324986175466,-0.02661831193877933,-0.03485594664301294,-0.046910476461947945,-0.02377211349259781,-0.07179853763504807,-0.09349766572188069,-0.05113720093524183,0.000675750049393514,-0.001222219079830659,0.0031459215131176325,0.0026263158338641762,0.0003785815443924766,0.004948617064836059,7
raw,none,real,1,endpoint,6,6.0,8.0,7.042371056014006,7.035356274582846,7.049084708530736,548.0029812003198,535.0135963934113,557.5984804904167,-0.06656274247745585,-0.08896214661381306,-0.04421796105804214,-0.09789127924430104,-0.12462252221423052,-0.06989193210673099,1.0585035669940746,1.0301310049914065,1.0864882329215415,-0.03283856261246495,-0.04355616636095138,-0.021954529901299147,-0.03372417986499089,-0.04515624640178054,-0.022068877545613767,-0.06662145992384967,-0.08856503097430277,-0.044618565869068615,-0.0004097804181330439,-0.002551234146701381,0.0019682627780285094,0.0017470340294586458,2.5754631183912378e-05,0.0033697681167104985,7
raw,none,real,1,endpoint,7,8.0,12.0,10.074402921867875,10.067489807340086,10.081605367013548,783.9279973699688,765.8950568319967,797.7016928364358,-0.06437703754823725,-0.0861578127517114,-0.0421649503392338,-0.0937459900569307,-0.12002034554632675,-0.06595264648998735,1.0638461963285952,1.0353196973372556,1.0940141048527867,-0.03208110348151569,-0.04319933305748998,-0.021715529693587227,-0.03229593406672156,-0.04337789923469222,-0.020766973856697585,-0.06442837534520716,-0.08671572273010027,-0.042782854856441406,-0.0003534235407090771,-0.004281054624764719,0.0037983656251749003,5.469822362657332e-05,-0.0008636689967594866,0.0012087635909245362,7
raw,none,real,1,start,0,0.0,1.0,0.6862199461973985,0.6708276597328238,0.7008858858800793,53.418254463624706,51.25350284568753,55.15096554950287,-0.04851224278122651,-0.07488336403112839,-0.021707316279194772,-0.07220741018147206,-0.10283282092332367,-0.0403290901185202,1.030082649055216,0.988476374903269,1.0756978898706406,-0.02824913565310318,-0.041013085781677096,-0.015567805201809254,-0.02026310712812333,-0.03397649153822761,-0.006456288146351764,-0.04848663096638312,-0.07546343518566836,-0.02267938817044507,0.002301894004647221,-0.002514964342732263,0.00606602644931245,-0.0020318326556586436,-0.008694568459427728,0.0037628513357138393,7
raw,none,real,1,start,1,1.0,1.5,1.2642742491311856,1.2608901986830288,1.2676166313654034,98.38135569774154,96.11622116889824,100.2091006919198,-0.05513639292545539,-0.07865407946110306,-0.031638904892804284,-0.08494782418512116,-0.11570816404202004,-0.05459823527465665,1.0226591931226154,0.999446765054678,1.0503117988214772,-0.03064183506617959,-0.042346433701323224,-0.019381542672269037,-0.024494557859275807,-0.036455853892808025,-0.012174018280311939,-0.05514553500503906,-0.0789743966057132,-0.03187584423214256,-0.005640588606254713,-0.013967226042982403,0.0027247626118336505,-0.0013459931834986778,-0.006472405416432756,0.003905085111809463,7
raw,none,real,1,start,2,1.5,2.0,1.7620299265445,1.759506902298908,1.764444871449641,137.11327704665422,133.83077336864258,139.58118825336916,-0.0642925797427926,-0.08778702303720949,-0.041646767793241016,-0.09786596227207466,-0.12433368486973131,-0.07022653938196134,1.0510215908625253,1.0095414659829431,1.0897944295467854,-0.03643528065976822,-0.04773926751933676,-0.025206088907016762,-0.02785729908302436,-0.04005225961837764,-0.015862508181317417,-0.06427352003615465,-0.08766008687207827,-0.041697995300978875,-0.0015255776344335371,-0.005097593811587484,0.0025993512542100547,-0.000989080856035117,-0.005676688159988371,0.004576747044029339,7
raw,none,real,1,start,3,2.0,3.0,2.531165368060607,2.527514271937122,2.5362374146001794,196.95473409203603,192.41987302589024,200.3767245587898,-0.07103206301182553,-0.09423420400520557,-0.04886779124085798,-0.1038390069699362,-0.13129685708657457,-0.07747326450216852,1.0535772111577035,1.0251554879934879,1.084625803476061,-0.03829677557673365,-0.050298625096865154,-0.027899244030493698,-0.03273528743509189,-0.04397459360292703,-0.021073262043369616,-0.07107975128983299,-0.09427176376725623,-0.051156487045927936,-0.003307085978794249,-0.005665988385973874,-0.0007380694251710641,0.00020841368759807997,-0.0014076706868009765,0.001881295255543081,7
raw,none,real,1,start,4,3.0,4.0,3.5203676075819557,3.5169255704160607,3.523832059516439,273.93979850052494,267.37310501428954,278.8753078192285,-0.07354285312118998,-0.09561829900288618,-0.052565830955787346,-0.10671302849941708,-0.13140071424011066,-0.08030786734165603,1.0657193020479339,1.023814946422777,1.1016967302857847,-0.040601041731575964,-0.0520199697805932,-0.030462569369288355,-0.03294181138961401,-0.04384163904670916,-0.021797310364681615,-0.07358945737353663,-0.09584716991229977,-0.051339866299962754,-0.0003381238528854797,-0.004942354924175435,0.004150335955513304,0.00010505522444210687,-0.003018992479516837,0.002589252336852573,7
raw,none,real,1,start,5,4.0,6.0,5.053595972818958,5.046952183953791,5.059614931639176,393.23644828503967,384.320212429759,400.25862545528423,-0.07189734994774521,-0.09370869030651502,-0.05056293765441564,-0.10412356643237151,-0.13162695746874348,-0.07638042886985465,1.0653131316260067,1.0360523773543857,1.094295838672658,-0.03712429846626204,-0.04705818408496225,-0.027194193035857288,-0.03477305148148317,-0.0461022383982038,-0.023577236964129694,-0.07179965720096068,-0.0928486115276321,-0.0505220417835036,0.0004525070616396209,-0.001353187319190405,0.002604347335188148,0.002859999334528443,0.0008705724016279538,0.004757207812675626,7
raw,none,real,1,start,6,6.0,8.0,7.042103517705114,7.035388356435994,7.048722355239434,547.9819812184685,534.9200559294235,557.7192068969109,-0.06635138199133986,-0.08871847528417029,-0.04404514716255007,-0.0976268165095151,-0.12397574054164086,-0.06966606258266696,1.057617626114433,1.0287922138671306,1.083826972704898,-0.03264411438946136,-0.04371870349130791,-0.02189947219992263,-0.0337072676018785,-0.04519774823636747,-0.022440355232805912,-0.06640211398740535,-0.08910125564003049,-0.044009186500514344,-0.000364160339831179,-0.002518178874018066,0.0021296511289539766,0.0013917993874504576,-0.0004405406500061798,0.0028749312632589943,7
raw,none,real,1,start,7,8.0,12.0,10.074270412407326,10.067411215572829,10.081464798061328,783.9174251559618,765.6679979935615,797.8467628402477,-0.06445803435152374,-0.08541345803219184,-0.042683135284488326,-0.09382888466760893,-0.1214669051506804,-0.06609793152945218,1.063855462101427,1.0340209936274687,1.0936899305753853,-0.032088998751392726,-0.042479955969021044,-0.02122853058753647,-0.03236903560013101,-0.044117308479114756,-0.021527624334201523,-0.06449191943897957,-0.08684413200760818,-0.042980950460461666,-0.00018733508614273155,-0.004112293375098764,0.004030936427686042,0.0001942052025029987,-0.0007065651006964233,0.0012536610278291499,7
raw,none,real,2,endpoint,0,0.0,1.0,0.68599156835557,0.6704228486617433,0.7004173883410276,53.42181828659513,51.18878052570444,55.214398581245995,0.02468659829623648,0.01240724317228288,0.03771568982362025,0.02749250739036702,0.010995857765526609,0.0438812911287525,0.9563293695364946,0.9376348041690042,0.9802243600575188,0.012548864255197209,0.004950986911434674,0.0209053938481319,0.01213773404103927,0.006026423746979383,0.01795336711021364,0.024591095148720432,0.012589642749407659,0.03806657878580992,0.015913824498857945,0.00958990607421554,0.022851550437225407,-0.005401701879554012,-0.013295100719390827,0.002463618775905801,7
raw,none,real,2,endpoint,1,1.0,1.5,1.264154067064003,1.2605608391363055,1.2674449069389193,98.4096136052609,96.07136293806398,100.21327706642954,0.024635882839285455,0.01609579174787863,0.03588498743284548,0.028286343248586237,0.015770627538796572,0.04282308682559292,0.950310145746555,0.9337769546237727,0.9690893748652398,0.012585925971937108,0.00715019353121277,0.018211403019813433,0.012049956867348345,0.007461629742937441,0.018262858366710603,0.025054283317902964,0.016316226533041833,0.03690056398148534,0.013760387084398362,0.006554278753710813,0.020402648583855706,0.0016242900003326257,-0.0030790580115063726,0.006926763653737269,7
raw,none,real,2,endpoint,2,1.5,2.0,1.762045598661495,1.759438801374291,1.764522370939934,137.16646821854178,133.92028020883598,139.5321453320566,0.015127647857381266,0.005989720752042669,0.025569552038984554,0.018284773912838947,0.005097966306081747,0.03530990150588543,0.967036885631976,0.9486500735923798,0.9858954801771058,0.007072699876449111,0.0028470209125927696,0.0111361925084487,0.008054947980932155,0.002996391912919987,0.01480042547908022,0.015428852035440584,0.006575425930234186,0.025523266152772027,0.005774929211359759,0.002079053091098557,0.009540724987258633,0.003969137837448583,0.0003974240028510729,0.007908869482268512,7
raw,none,real,2,endpoint,3,2.0,3.0,2.531166376000141,2.5274368805841947,2.536336967261144,197.0299483886975,192.52062434945614,200.2502083538217,0.008767111638966379,0.0008879514212506661,0.019654875501962907,0.008763059661926793,-0.0030406812592418736,0.024285425666270663,0.9767970591882288,0.9569062032331545,0.9968090073443208,0.0020213622829397585,-0.0022255997509653394,0.00823470420459112,0.006745749356026619,0.002557300023277311,0.011805716548314815,0.008785154255770368,0.0011075423062566747,0.020097197102377867,0.0021542928693640342,-8.27262182692466e-05,0.004415163878178646,-0.001921914273304011,-0.004376601957229885,0.0005730659806752815,7
raw,none,real,2,endpoint,4,3.0,4.0,3.520347927928868,3.5166537133373366,3.523825215557522,274.04325525141957,267.4539656281131,278.722737853111,0.0018396140232062993,-0.0048445634978349,0.012888877477407253,0.0027933507899121465,-0.00878913572151271,0.01823307276350252,0.992631286186698,0.968017023380457,1.0141901588921398,-0.0023639990211310083,-0.006652961089409756,0.0039623223873095316,0.0042036130443373065,0.0008828428857527701,0.009392736185637044,0.001696814708680274,-0.00507686990845894,0.012842172158762303,-0.0023124056000010653,-0.004704206042081784,0.0007129138909478609,-0.004444927457253902,-0.007546826637381902,-0.0012595787435468239,7
raw,none,real,2,endpoint,5,4.0,6.0,5.0534245729245635,5.046772163772622,5.059509260883693,393.374146436659,384.16190926462167,400.2417210963698,0.0019701489264056576,-0.00524146317678024,0.013317385152015042,0.0003312515705540464,-0.01131751969039971,0.016985355168822686,0.9925117819367307,0.9736283624138402,1.010360331064523,-0.0005859009666024905,-0.0047363468927908514,0.005376017445364579,0.002556049893008149,-0.0007932126627628704,0.007724661125900786,0.0019300677257353062,-0.005492810507954013,0.012953341200737475,-0.0002514829425861411,-0.0019900209128652724,0.0011812101758857964,0.00014621318332791304,-0.0016612367183159002,0.0021042848504133835,7
raw,none,real,2,endpoint,6,6.0,8.0,7.042071953289451,7.035329740967121,7.048639918242907,548.1893317757409,535.5160408624206,557.6196697629166,0.002973095030772229,-0.004056519140623975,0.013076230486969181,0.001079411666929962,-0.009864717197845253,0.01596520987394773,0.9906066783265681,0.980697395616855,1.0000133432141287,0.001129149838816462,-0.002618985461514785,0.0063610795860462605,0.0018439451919557688,-0.0016569397831886692,0.0072673799958314295,0.0031721182489047764,-0.003633060370724269,0.013028311577318827,0.0007847567509028551,-0.0022644980922127936,0.003662938222852622,0.00015758423247921635,-0.0014351801123333337,0.0019187590545872769,7
raw,none,real,2,endpoint,7,8.0,12.0,10.074308446825452,10.067486869660106,10.08165656684304,784.221447186267,766.4866916985926,797.5467350505905,0.0022417838674664535,-0.004657070293274912,0.013180976699466647,0.00018441807767542246,-0.01137927307356357,0.016089917591585377,0.9985834413486544,0.9880641502415334,1.0096229846335172,0.0014533238497240711,-0.0022963399675963157,0.006978375600124576,0.000788460017742381,-0.0025780279577035177,0.006161699887548715,0.002358164706190823,-0.004283544774747562,0.013053758511404301,0.000695599787066156,-0.0014793385695200496,0.0028395972826579245,-9.90479805195118e-05,-0.0012641618304531786,0.000819809523487075,7
raw,none,real,2,start,0,0.0,1.0,0.6852844862844533,0.6702538437036362,0.6988927075927269,53.36863987445923,51.252181373529694,55.083351002140915,0.026401485274669557,0.014489851054073924,0.039090195966593876,0.029722275361289335,0.013794455452598501,0.04581429169601423,0.9554236776428091,0.9353441168114085,0.9826695073724466,0.014034191933775583,0.008328969380867962,0.02014052902331845,0.012367293340893976,0.005432513439677486,0.020084736759349582,0.02646248178164482,0.014732393155082516,0.039164261802805904,0.016255668659441235,0.009969546959400569,0.023658105540258687,-0.007125490765944988,-0.015318662556717764,-0.00043188930773135323,7
raw,none,real,2,start,1,1.0,1.5,1.2647507699442102,1.2616509378621263,1.2678490046485946,98.45681161055965,96.20279166952831,100.251818293888,0.024598822306196123,0.015475279299637454,0.0352066636301193,0.026039537237039664,0.013282644229148611,0.04165911591832954,0.9480747683674678,0.9339998956050931,0.9624195413412064,0.011918586267929568,0.006244010942660895,0.01782561290211102,0.012680236038266552,0.008787477719049846,0.018237322629263107,0.025216157534078156,0.016023625112733964,0.03590008436493686,0.012407369865669265,0.006475092485299233,0.017233769875991307,0.004585373714593681,-0.0032360409397887506,0.011614397193935264,7
raw,none,real,2,start,2,1.5,2.0,1.7615890970876407,1.7594002232006964,1.7641095396374484,137.130917184383,133.9840488209455,139.47159752459467,0.01420492630586616,0.005499928846758158,0.02577166447475241,0.018735980100817763,0.005513041254515675,0.03496544368102468,0.9664417976516918,0.9456948281074603,0.9854276139166218,0.006248537439885236,0.0019054855213131226,0.010959008093163617,0.007956388865980926,0.0032352702270025784,0.014491092565692107,0.014435889954709125,0.005511102117654579,0.024688008756796855,0.005567883196463403,0.002580579914231483,0.008368693813867687,0.0004450647758904423,-0.0028435618397150723,0.003920095667523348,7
raw,none,real,2,start,3,2.0,3.0,2.531364190957564,2.5280532239365283,2.5359053886132883,197.04430397187622,192.6820639045489,200.26882461103622,0.008316508864129418,0.0007788897168589874,0.019173576319050683,0.008889607906561665,-0.002140299585126426,0.02485017937375534,0.9777067363950532,0.9595145878049607,0.9953560891712002,0.0014123735485025084,-0.002326173050179427,0.007139825010440565,0.006904135315626907,0.0027461782878408433,0.012123995037582666,0.00835487722683026,0.0009868973761969393,0.018815519401124508,0.0015630726431310911,-0.0010187674543121275,0.004584987408003216,-0.0004193615272752894,-0.002745306857193101,0.0018495280030339759,7
raw,none,real,2,start,4,3.0,4.0,3.52051803901361,3.517264738844385,3.523521374379473,274.0562104224431,267.4233141132983,278.8464811286391,0.0015756716457434167,-0.005311999094723895,0.01311850864495373,0.00232534888759198,-0.009406107805023432,0.017681413031642047,0.992788115138778,0.9675932538668995,1.0161343364624866,-0.002317958516330126,-0.006453781912765142,0.003948231188675149,0.0038936301620735416,0.000352567250863606,0.009049891246368076,0.001440527293269772,-0.005627775080673741,0.013071227595660557,-0.0016813747370881837,-0.003677652370434998,0.0013639782781570814,-0.003818546802953286,-0.007788414265940658,-1.92155886855956e-06,7
raw,none,real,2,start,5,4.0,6.0,5.053500634343329,5.046901903580056,5.059345204580817,393.3815897695528,384.51181023757863,400.257422464092,0.002152832653566133,-0.00501580451563315,0.013382595069388842,0.00045083379074344857,-0.011030497645389025,0.016237393051977314,0.9913267672893271,0.9722850460704987,1.0087112941596923,-0.00044005295736446876,-0.0045138902828470205,0.005475292148231283,0.0025928856109306035,-0.0006299680971373481,0.007811720161706171,0.0021016224514165236,-0.005073059138477051,0.012951599898087049,-0.0004361453173695763,-0.002184956475286816,0.0010824262250506973,-2.674310783305463e-05,-0.0018374713520181618,0.0017885908684701604,7
raw,none,real,2,start,6,6.0,8.0,7.042302181272963,7.035912732453825,7.048286136175453,548.2076713983562,535.3369382893827,557.5641576415873,0.0029358675374012706,-0.004107015112558032,0.013181633565870352,0.0009652571581722531,-0.009881704903999401,0.01591935673793483,0.9902014132285606,0.9800471193798765,0.9997574578613017,0.0010687653762350992,-0.002816833135328504,0.00646090869067769,0.0018671021611661718,-0.0015144194768388268,0.007114341296098963,0.0031245804302621927,-0.003673576943211992,0.013022014987495495,0.0007736274604279805,-0.0021976156590700273,0.003628308236250812,-3.117772805458417e-05,-0.0014514385679384228,0.0013209520579386647,7
raw,none,real,2,start,7,8.0,12.0,10.074366995778433,10.067423833359845,10.08155546605393,784.2258017356623,766.6657277930516,797.7126627231542,0.002305981142621139,-0.004571192519477777,0.013152997069336814,0.0002003708277595238,-0.011529606948911725,0.016741801564941854,0.9983798722382995,0.9875883359061365,1.0089925480063358,0.0015683062095469377,-0.0021798785011153234,0.007013683441526347,0.0007376749330742026,-0.002604572773761745,0.006257766909767204,0.0024233331769323006,-0.004126394396979036,0.01307779858629969,0.0007025334928926203,-0.0015541224876907856,0.002930348065684931,-0.00014968665045230598,-0.0011631526208164158,0.0007181701974028092,7
raw,none,real,3,endpoint,0,0.0,1.0,0.6850503019240232,0.6701684234474109,0.6986315243314417,53.369387723264545,51.23761064952853,54.99907357416732,0.031451404711339497,0.01337542014544628,0.0495444282736575,0.040715375828723026,0.018176118160769198,0.06134966641124949,0.9442423817420922,0.9168682671959149,0.9738132618314763,0.015643261530070483,0.00584096121962584,0.026455955247078843,0.01580814318126901,0.006257381652175319,0.025349223775998915,0.03103219806436644,0.013246929916631567,0.04960499526420201,0.004220353871613795,-0.0002168083746296471,0.008580205519929423,0.0007059920880319938,-0.010657625348371887,0.009983017977034997,7
raw,none,real,3,endpoint,1,1.0,1.5,1.2646657980482523,1.261483042485063,1.2677511456247794,98.48481525520516,96.33589470439301,100.24058511820631,0.03139863851012369,0.018366824238985092,0.04532152914930295,0.04559131333802058,0.028465638705939402,0.06178373704220698,0.9494095651449264,0.9224909611186343,0.9771413375978739,0.015421411336385943,0.007268337054597717,0.023860795567190653,0.01597722717373775,0.01054559036448355,0.02128019583580878,0.031356728256022794,0.018107113743680653,0.04494758136913036,0.0028969464450162674,-0.0037481998925055124,0.010163046526496512,-0.002412705080890063,-0.004784154098912354,-3.455540529408336e-05,7
raw,none,real,3,endpoint,2,1.5,2.0,1.7616620266140657,1.7593719658024682,1.7641911200510785,137.1852260078318,133.94705606006497,139.45396987411516,0.026465345475908824,0.012113663669866876,0.04362582282368196,0.034851897409438455,0.01846674866156527,0.053033644708358404,0.9531515493170103,0.9331243042070927,0.9726731701771489,0.013573475766027018,0.0066784010063299796,0.022173192743128452,0.012891869709881812,0.004845939274117779,0.021868834346401377,0.026529739408576152,0.01204951923103583,0.0434889136033954,0.0009248196929336884,-0.00541390530474909,0.007471520871400635,0.004921553427156744,-0.0006684133485868814,0.011002846048752643,7
raw,none,real,3,endpoint,3,2.0,3.0,2.5313615467977866,2.527956647816796,2.5361054046890747,197.1143375529924,192.68237438012002,200.2019303125058,0.020802516744858245,0.006669802326860577,0.03461881950587876,0.02631001163514509,0.00816045945029858,0.04483657635520363,0.9655575172552106,0.9509348779435377,0.978763966647554,0.008158495095691288,0.0002404287874805137,0.015300612394648014,0.012644021649166958,0.006181022466160077,0.01938585704466698,0.020766667372771153,0.006629538153088164,0.03420477926131909,0.0003054207499387751,-0.003030014480223125,0.003805347357679492,-8.828449300007891e-05,-0.0019395568473994976,0.0017187648946116647,7
raw,none,real,3,endpoint,4,3.0,4.0,3.5205654993657136,3.5171451101425815,3.523686214232963,274.1576139958666,267.857853771657,278.73051650037996,0.015134530158485163,0.003457641015975264,0.02741541379479292,0.019241850894235024,0.0011830365406042982,0.03718885382675548,0.9806032308467756,0.9610822803708151,0.9973520907410255,0.005290551584073016,-0.001268492271487459,0.012217885732269302,0.009843978574412146,0.004558515705700413,0.015641547554291604,0.01523122160682229,0.003257055877491747,0.02798859729851916,0.0018003773614578987,0.00021339403128266214,0.003518652087625139,0.003624299190153535,0.0008173825807054671,0.00673073510660858,7
raw,none,real,3,endpoint,5,4.0,6.0,5.05336843697686,5.0469432195284485,5.0591350089741995,393.5117938218422,384.828731975137,400.0720453005999,0.012374652091926985,-0.0003673479929272999,0.025948575134504263,0.016967219288200254,-0.0008857182340972274,0.035011720065336156,0.9824787604061819,0.971165813558754,0.994399189868523,0.005223846261715695,-0.000699469364431654,0.012358458058926425,0.007150805830211289,0.0005049473780768884,0.014648331475922646,0.012518962434627532,-0.00012862176246166484,0.02612665568907848,0.0017708844735489608,-0.0006397805988923088,0.004629422567026426,0.0003767339543624606,-0.002538303624552104,0.0033871019339149627,7
raw,none,real,3,endpoint,6,6.0,8.0,7.042288651229225,7.035622595756118,7.048254384714731,548.4016147392858,535.7797204577874,557.5138211631396,0.014566923446584818,0.002908035061666153,0.02713870530791772,0.02040984457670775,0.001728327150328479,0.03791834637666144,0.9790907350213152,0.9692454345563178,0.9908422815719412,0.007106782926085786,0.0012695117285377014,0.014069699618480523,0.007460140520499035,0.001742113589898657,0.01337114382876971,0.014340328808005428,0.002682546693682514,0.027073599790401727,-0.0017376072172935414,-0.0035864553909594186,-0.00017565339672810976,0.0007668743289193095,-0.000311132074882733,0.0019968619224447035,7
raw,none,real,3,endpoint,7,8.0,12.0,10.074432286497025,10.067347188795672,10.081675554909355,784.510871514697,767.4199951840238,797.3574789232825,0.014693983562876479,0.002560251708595869,0.028558814066626324,0.020907971128893334,0.0027484512173474363,0.040722779521194616,0.9874541329448381,0.9703322062375801,1.006099604253107,0.006985824119744366,0.0008206451178875519,0.014379318198197714,0.007708159443132114,0.0016139443600627055,0.014704489581912335,0.014475656712564922,0.0026888958694463354,0.02857663340283192,-0.001439261140847667,-0.003679023909752788,0.0007394287397409254,0.00036494504981882163,-0.001109230762526732,0.001986423098303273,7
raw,none,real,3,start,0,0.0,1.0,0.6834820987515736,0.6701796521226496,0.6961170023023193,53.246956914172735,51.23898937075212,54.81848340713619,0.03481486249018821,0.01558066290793281,0.05495119069188461,0.04190585367386325,0.018233234794899696,0.06235977921697115,0.9423831683129847,0.9143661368587442,0.9725692889237143,0.01940077641223001,0.00933104797511868,0.029157715216550365,0.015414086077958198,0.005461570922244832,0.0257915004406303,0.034591581480829185,0.01585207201933394,0.05343173619354052,0.004059475996356104,0.0013932145097230435,0.006683533553252042,-0.0002879682566298132,-0.013819703126464123,0.01006784957025182,7
raw,none,real,3,start,1,1.0,1.5,1.265460585968235,1.2628397984147877,1.2682145798263276,98.54689768191864,96.31357972488766,100.24581851722286,0.029692877041509046,0.017171029244867016,0.04228288824298506,0.0450144339757454,0.03059953961804702,0.05998082058735399,0.9511700503999568,0.9270324762049186,0.9744647844004709,0.014067345548291057,0.006158998069063025,0.022090745071077566,0.01562553149321799,0.010001732268568365,0.020943537619588237,0.029697534005896736,0.01710689024180535,0.04258860804921734,0.0028894133205557395,-0.0036427504845802133,0.009491928625535983,0.0005733340826821062,-0.006626696237769703,0.007457972977501584,7
raw,none,real,3,start,2,1.5,2.0,1.7615165632724765,1.7600011010318513,1.7634466770427768,137.17467678691065,134.02677644531445,139.50450824432193,0.024642685428721715,0.010182299098752531,0.04093388489644656,0.03531017240359727,0.018878975998832818,0.053395635983945054,0.9562305739197264,0.9357626715373709,0.9759434031593978,0.012677962874953447,0.006215721916828382,0.020838900764642777,0.011964722553768273,0.004099828759304866,0.02040187458959798,0.0245765166082837,0.01046062922561366,0.04117339813798814,-0.0011260887197022168,-0.005878457422579117,0.003316630879176183,0.0032046727465780823,-0.0016698997790985538,0.007655778338957744,7
raw,none,real,3,start,3,2.0,3.0,2.531468931435108,2.5281058293679908,2.535618812557419,197.12261492931398,192.70462820405967,200.23726422750119,0.02196096581510466,0.0076109503442142725,0.03597617110909377,0.026246592918572103,0.007148732455824368,0.04435636864169869,0.9639412276083014,0.9506690699801442,0.976597666579495,0.008735785502400138,0.0012454472503145362,0.015467725272334877,0.013225180312704518,0.006305683191291013,0.020475554651264567,0.021897760919294164,0.00794090858376226,0.03601270495698281,0.0005555383486197828,-0.004122551592627274,0.005580651172694796,0.0006235767431846279,-0.0014567699233628822,0.0026279084244104204,7
raw,none,real,3,start,4,3.0,4.0,3.5205194775380773,3.5171895820488612,3.5236503008869957,274.1532737387426,267.62035548551927,278.7261315657264,0.014604013182922508,0.002437988808079651,0.027894300641357807,0.019008504215846177,0.0009565010923637288,0.03741927240800326,0.9793982283749706,0.9600855166635177,0.9952415853676755,0.005123273847978052,-0.002166490331265519,0.01267020416900338,0.009480739334944454,0.004431571510525405,0.015428458577243388,0.01466566569061179,0.0027861566269457806,0.027774271920586246,0.00132509476566328,-0.0015176016131500524,0.004181178878850707,0.0031078351552349605,0.0009518751278266188,0.005223899325014263,7
raw,none,real,3,start,5,4.0,6.0,5.053323562934443,5.04678156502458,5.059316909644435,393.50863697836564,384.5770132126809,400.20107061166976,0.012355781344045514,0.00019656361080194404,0.026199600714236975,0.01696842776715712,-0.0008685350482033527,0.03563458412590901,0.9813696316235463,0.9707537387038757,0.9924819509464945,0.005264491866071283,-0.0006796136086500223,0.01177934994400792,0.007091289477974232,0.0004110593612480337,0.014172303743470156,0.012493284569850318,0.00010477441651291705,0.026575678665537856,0.0017957910634429203,-0.00037602889488550336,0.004468482031877657,0.0005024623895628389,-0.0024299894651316893,0.003612647414260425,7
raw,none,real,3,start,6,6.0,8.0,7.042209748274673,7.035566465304222,7.048718559674805,548.3953370094858,536.0722036510648,557.599800495209,0.014497680857443324,0.0026364952574894,0.027262872375550445,0.02035789994117531,0.0018375341768951386,0.038978711164648606,0.9797380370012342,0.9694394649077518,0.9923349652388983,0.007033955158284649,0.0012813439216919512,0.013909890358755082,0.007463725699158674,0.001563174053480602,0.013639732355935213,0.014273764455532348,0.0024272963687261813,0.027339244454440942,-0.0015504006343898657,-0.003156883884019902,2.4039334024114508e-05,0.0004885030770621438,-0.00070609973678514,0.001797540711491088,7
raw,none,real,3,start,7,8.0,12.0,10.074204734349452,10.067191663703385,10.081408228381594,784.4928752807156,766.9482074659528,797.4339487924957,0.014745471237509494,0.003215418944347241,0.02902087171473979,0.02093264779339501,0.0028863501399557993,0.04021953823699124,0.986721140981164,0.9695710116934332,1.0053549014392615,0.007012226803331678,0.0007449863797791662,0.014411430582066,0.007733244434177815,0.0018816745593718276,0.014445879022605145,0.014527140904186756,0.002471142271907324,0.027947017966348214,-0.001429486863217453,-0.003720969767303181,0.0008256882412489083,0.00035179603662953277,-0.0012619820582915162,0.002168842730855432,7
raw,none,real,4,endpoint,0,0.0,1.0,0.6833154591718581,0.6701522450165505,0.6956275939917242,53.24921605949369,51.163420112909364,54.852867219135184,0.011259861194811963,-0.007311573923566577,0.028091400761152234,0.010848124119454352,-0.009891029655940317,0.030178443948352392,0.9653597117315469,0.9433968837538371,0.9981330240249784,0.005599935045580589,-0.006509219412395328,0.015709188367669883,0.005659926149231373,-0.0013441967478862935,0.012097347004504802,0.011816195540000522,-0.0070616931706136915,0.027589920233784652,0.006626795914096599,-0.0008539467784036093,0.014963370677805605,0.0013523557122063787,-0.0113296238684142,0.015483577155523523,7
raw,none,real,4,endpoint,1,1.0,1.5,1.2654648744826347,1.2628967216246056,1.2681716576810185,98.5744781033045,96.25638489291747,100.24091669583306,0.009550324041321947,-0.008650504662348544,0.024146691733701126,0.008672971420675036,-0.013517923194718525,0.028336517657621525,0.972430204744973,0.9631577952381635,0.9832423061717719,0.005041661018465501,-0.005474697115107197,0.013355667738071052,0.004508663022856447,-0.0038358834041101143,0.011860897054375196,0.00926022106036309,-0.008778038870642825,0.023773207097201442,0.0034056090454103708,-0.0010261193460057263,0.007785944847369846,-0.006259842076442126,-0.013192481177367805,0.0016949768868436384,7
raw,none,real,4,endpoint,2,1.5,2.0,1.7616518816547995,1.760001551583564,1.7636519844629925,137.2240746504843,134.11879967491788,139.51741918642563,0.004000155234090806,-0.012978254196635678,0.018934206060175294,0.0032040761605164523,-0.01876024592980199,0.0244909014357557,0.9743890525320522,0.9503253373950711,0.9985023994684914,0.0013522692586273937,-0.00782827385769925,0.009347591236013465,0.0026478859754634136,-0.005758299307132365,0.010214754083044826,0.004040867688312023,-0.013291488523645307,0.019491595120419775,0.004230642636089905,-0.00040544905932123,0.008968688359431267,-0.0005514619763246795,-0.005225632032940811,0.004003063003106453,7
raw,none,real,4,endpoint,3,2.0,3.0,2.5314343905679486,2.5281050052537393,2.5356447157097906,197.1753602766863,192.9393476247284,200.20516115497094,-0.004862809706401536,-0.021686356393759175,0.009484142433202175,-0.0022213566219537483,-0.02442732071045948,0.01844355535115405,0.9895182255748626,0.9662427831404035,1.0158577426419533,-0.0029289023936617926,-0.012552928078419876,0.0047234246537924416,-0.0019339073127397424,-0.009743364796063247,0.005122154995217846,-0.0046592178763330645,-0.021578194284792844,0.009709668397165607,0.002187179145723218,0.0003030446372027442,0.0038975689878288705,0.0020877188409444128,-0.0020438700585302593,0.005265436118829568,7
raw,none,real,4,endpoint,4,3.0,4.0,3.520585063973057,3.5173333400201248,3.523699300423715,274.2347352179612,268.07509303541406,278.64892696511515,-0.007086613462721721,-0.0226211640121032,0.006365957074309739,-0.00831227893472042,-0.030999207245953345,0.01249315881416708,1.0003684299287654,0.9706252543970931,1.028116589168688,-0.004500212927204469,-0.013953356003926904,0.0033930218296262253,-0.0025864005355172508,-0.00954203534586763,0.0035635806212114328,-0.00697876994359556,-0.023650999283098325,0.00652026275447663,0.002523583234943988,0.00014477981564241937,0.004788593600353601,-0.0008822669437591569,-0.003796411410499876,0.0016383066333696618,7
raw,none,real,4,endpoint,5,4.0,6.0,5.053250343615018,5.046454212094549,5.059275486866958,393.6129172712397,385.1922346964895,400.04075588579053,-0.009427319621661438,-0.025637254718024936,0.005220564582969528,-0.010052136053943608,-0.0315404852285665,0.009343510378789114,1.0024521142026657,0.9784439758111084,1.0258479162910505,-0.006025802618436872,-0.014446636719888857,0.001584809099401386,-0.0034015170032245657,-0.011194657343749389,0.003680287659609073,-0.009339515390360832,-0.02547095978945734,0.005208075205711783,0.0008306333883001945,-0.0015337319949005677,0.0031977746455780958,7.970529828545769e-05,-0.0009695199384799584,0.0012067145676019518,7
raw,none,real,4,endpoint,6,6.0,8.0,7.042142814746162,7.035450909397109,7.048466004835156,548.5433969129768,536.0671837518449,557.4407762465484,-0.009340336471645162,-0.02521372848200779,0.005502261734820911,-0.008380314961224314,-0.030857948070083657,0.012397123112853018,1.0018723878644504,0.9853541571470811,1.0207949298970953,-0.004112009401602282,-0.012523519272562246,0.0032726025883415585,-0.005228327070042879,-0.013363970830783957,0.002134524386568206,-0.009249176537262609,-0.025127340513923676,0.005225591805397546,0.0007394025864830072,-0.001558607288816861,0.003327946444271765,-0.0002629630848194671,-0.0020588139795826026,0.0013908042147529212,7
raw,none,real,4,endpoint,7,8.0,12.0,10.074288470786229,10.067387076613281,10.081374883347204,784.7191250602103,767.7351838897225,797.409276010515,-0.008378992474935325,-0.024878776622586446,0.005771302343349346,-0.00946313326399964,-0.03153262752549447,0.011211047443117385,1.0089116861029306,0.9932743616775348,1.0265712970608891,-0.004197340092485406,-0.012586093688147509,0.003082622508738361,-0.004181652382449919,-0.012448848934484445,0.0031347947225943943,-0.008134083439186776,-0.024284901515187817,0.006474626964621429,0.0007361227634252419,-0.0014176127926592232,0.002477143945342857,-0.00044076176299781035,-0.0016483123901970943,0.0004905144977622738,7
raw,none,real,4,start,0,0.0,1.0,0.6818873312172725,0.6701274372260557,0.6930483503573964,53.13626561738109,51.307145554562226,54.64811624204528,0.009671315618029749,-0.007290804353524897,0.024142777392622078,0.012062644735391915,-0.007855726038659461,0.030103423455478954,0.9698431695864806,0.9474520380289324,1.001820473647441,0.005573143218443838,-0.004790646454152336,0.014299809072572481,0.004098172399585912,-0.0025172036834033625,0.01054842779258661,0.010161643354030357,-0.006970822483741381,0.024639010085449022,0.0053701247417960295,-0.000834015257978375,0.013302119260858947,0.0006021681486093115,-0.009605555028267468,0.011534533310768978,7
raw,none,real,4,start,1,1.0,1.5,1.2662500163671775,1.2638047627129128,1.2684569322849135,98.63501457434897,96.37916885773802,100.31449834430072,0.010823726012560828,-0.008287877504805016,0.02621827751709843,0.006997683652525232,-0.015907362167448386,0.027475233881697918,0.9691538692350651,0.9602655663588875,0.9794540067205469,0.004971690922664356,-0.005951759433747523,0.014294972619592483,0.0058520350898964716,-0.0017655988987815023,0.011647621675369238,0.010855634127287784,-0.0074149055204757565,0.026000433841676045,0.007136999987947544,0.002425450290180468,0.011893153005147521,-0.00396327187851647,-0.01202154828271872,0.0027739690687145556,7
raw,none,real,4,start,2,1.5,2.0,1.7617464648179577,1.7604104508404783,1.7632785204671393,137.23256912977635,134.16516415323247,139.55108356394805,0.00485677099798384,-0.012822544298173687,0.02093286236934206,0.004414850572055638,-0.019126013210198658,0.024845891371348426,0.9743770059408863,0.9467516908984911,0.9999392029665432,0.003331018737376046,-0.005653267760683773,0.011622986895214606,0.0015257522606077951,-0.007713047496542532,0.00951952363036192,0.004678348425679273,-0.01346111633993955,0.02067839846229874,-0.0005427790921097314,-0.006260807559095914,0.005000929615260068,-0.0012955721351778447,-0.00434125801687026,0.003442246863159953,7
raw,none,real,4,start,3,2.0,3.0,2.531949318550552,2.529243263277382,2.53546092204542,197.21567690370043,192.85878261219727,200.2485431790532,-0.005179746092048291,-0.021811774170326426,0.008994195422020653,-0.002362340129392492,-0.024881239230063024,0.0180281020413764,0.9888819965523146,0.9673034908159449,1.0139861123383263,-0.0036419751682067155,-0.012765618383179904,0.0036444561409218917,-0.001537770923841574,-0.009593028670147608,0.005337449037056484,-0.005040612597857679,-0.022154333390315934,0.008947463140838748,0.0014478974605208969,-2.811081500862429e-05,0.003411850488525349,0.002087915540106132,-0.0020145250023954732,0.005738179186727936,7
raw,none,real,4,start,4,3.0,4.0,3.520451390986898,3.5175190941990926,3.523428191309208,274.22326034908764,267.771867894441,278.6744113351599,-0.007693859408866295,-0.024478421864277393,0.006197997487096736,-0.008801188296770507,-0.03126832654149278,0.011850834501525995,1.0000532249045304,0.9698984633229324,1.0296277999891321,-0.004642500689038963,-0.014050100975348544,0.003757624126263691,-0.003051358719827334,-0.010231257121107182,0.003183992444580238,-0.0075325805225079315,-0.024739258648256563,0.00701882580944072,0.002742989017999281,0.0002507514261732145,0.005102344563447468,-0.001642848618436995,-0.004723091109012114,0.0008595349526292525,7
raw,none,real,4,start,5,4.0,6.0,5.052869663066079,5.046715077803126,5.058560754668178,393.5832594681973,384.9373593908858,400.010890709117,-0.009593079714538797,-0.024916553009035607,0.004939789624843031,-0.009852094152813764,-0.031116346667815424,0.010590355180542521,1.0013939141046393,0.9782427218037414,1.0251483961878067,-0.006077475232032921,-0.014074609393401159,0.0013014358722660045,-0.0035156044825058745,-0.011452520992751722,0.0035339867411025025,-0.009473076583521435,-0.025471579801142463,0.004992984932568075,0.001142434905808756,-0.0013755384396356325,0.0035949442796355787,0.00011931096875653396,-0.0007932564947833908,0.0011859778044489581,7
raw,none,real,4,start,6,6.0,8.0,7.042084358140536,7.035524453345862,7.048163337472099,548.5385459882124,535.6443731126338,557.4440264664512,-0.00902505005294868,-0.025231960722036983,0.00544921924681232,-0.008429696970272346,-0.02923264119034231,0.012192279375060346,1.0011320772773549,0.9853612776020729,1.0194879815838085,-0.003919811047933629,-0.012475284566047521,0.0032915045935486406,-0.005105239005015054,-0.013234495573093034,0.0022179061263326717,-0.008959704467235069,-0.025818623545227706,0.005553890154742301,0.0005641949648806869,-0.0018845163608075496,0.0032040299926575336,-0.00015510798708905522,-0.0019353841329603943,0.0016508164157194095,7
raw,none,real,4,start,7,8.0,12.0,10.074142190624869,10.067129480586235,10.0815860576496,784.7065195404006,767.9006834704888,797.1524525884168,-0.008422740648983625,-0.025469138522444697,0.0062523682330992226,-0.00950467281399638,-0.03163155588052289,0.01100527200229897,1.0087710853173963,0.9930361689396847,1.0271004373089991,-0.004263406643422248,-0.012633303725876777,0.0028701459876946537,-0.004159334005561377,-0.012367531198151777,0.002772882196178858,-0.008147253674814359,-0.024936938701750316,0.006464257490132331,0.0009163512715505269,-0.0009823900577883963,0.0025672857945681694,-0.0005378623000066672,-0.001835871480457959,0.000495172411016359,7
raw,none,real,5,endpoint,0,0.0,1.0,0.6817412228399989,0.6706058522076529,0.6928538882532257,53.159717318021684,51.1813407946268,54.655336873231576,0.01246768108748818,-0.002455904490345599,0.029909035010838268,0.014898644953872857,-0.009468666212200891,0.03852589280289942,0.96678668742304,0.946192420515724,0.9857434954624289,0.0041708998669586885,-0.004517980388869389,0.015898318429834413,0.008296781220529492,0.001770726210914796,0.014470293265201268,0.011911491291273214,-0.0031137417761014077,0.028951327961955146,0.005888283414562107,-0.0002495247236258628,0.012925212428993174,-0.0010307735109103195,-0.008112382699540416,0.005857131115289302,7
raw,none,real,5,endpoint,1,1.0,1.5,1.2662564389612576,1.2637692628480328,1.2684718198130784,98.69929200117076,96.40089400565194,100.30774343261932,0.012581309716740272,9.966921837974929e-05,0.026075475260206763,0.018786848347556746,-0.004590963040325987,0.04266926628861339,0.9699704675243345,0.942751052852522,0.9979929888121949,0.006719293226439975,0.00012599093058466847,0.015075006755183196,0.005862016490300294,-0.0005386409286175126,0.012074235699542508,0.012688087811036666,-7.596731798788522e-05,0.026602887350274135,0.0024278224366154682,-0.0037649191947724025,0.008986046726711466,-0.0010330635806493408,-0.0035960223394622993,0.002032030533255709,7
raw,none,real,5,endpoint,2,1.5,2.0,1.7617871075788523,1.7604060347755905,1.7633522316647954,137.3250232367031,134.22330200307263,139.64194586526543,0.009422744456385222,-0.0020110359445100028,0.020710502324433278,0.012325683959118169,-0.007490615780972941,0.03267296930297106,0.9680567630853545,0.9447600964498214,0.9948607355264175,0.005521633768661472,0.0007549886716597432,0.010271429316207026,0.0039011106877237488,-0.0029381134442556618,0.01083939434341122,0.009760654690157756,-0.0017138140610686821,0.02116535516908123,0.0010728941605059404,-0.00687041618260225,0.009125061046906024,-0.004782316417832923,-0.008614799072416607,-0.0007575733318896094,7
raw,none,real,5,endpoint,3,2.0,3.0,2.5319263186792953,2.5292098335467452,2.535384039903846,197.34231937985706,193.0167385913784,200.34066456977064,0.011314416116815032,-0.0017801580882819137,0.025419748418436375,0.01444928543937553,-0.006812241245958779,0.0358063341813617,0.9753915597763899,0.9639640113773671,0.9877754059178951,0.0057942267036627014,0.00022022292217709568,0.012670641194534149,0.005520189413152331,-0.0017669651543859766,0.013028970816367768,0.011486112747827164,-0.0016753078456694362,0.02507864604699766,0.003529514650245533,0.0015488608724197397,0.005487380129072354,-0.0013378591599167002,-0.005932106834986265,0.0039731230321523375,7
raw,none,real,5,endpoint,4,3.0,4.0,3.520530833185392,3.51766187086323,3.5234719911176127,274.407178561854,268.00027311270867,278.75220926499503,0.00822953370502153,-0.0049667828853498805,0.022621246646763887,0.010544863703475576,-0.010921043231777802,0.03254370352122649,0.9858988132861474,0.9638808519529034,1.003460766782467,0.003273354002945115,-0.0035863544195083486,0.011132112743296788,0.004956179702076414,-0.001258505631933458,0.011391242543115673,0.008156587359247427,-0.00438072386590759,0.02198759421281107,-0.001004605922130673,-0.002682179144950458,0.0006568500633572563,-0.0021266649267486985,-0.0058183247079816505,0.001061046029894686,7
raw,none,real,5,endpoint,5,4.0,6.0,5.052743578431607,5.046198944542839,5.058543841213923,393.82903922204576,385.05261621073,400.17474722191577,0.00510321303668447,-0.0077184478111128425,0.018856650249584262,0.004907772008383031,-0.016973472504798907,0.026796543962478648,0.9883674579241172,0.9752622688459494,1.0023249591819403,0.0017830455683693367,-0.005080645529486619,0.00872518352845747,0.0033201674683151334,-0.00294630354105707,0.010028485487640843,0.005135026947529336,-0.00793966379404137,0.01900093295539935,0.0007972031695806133,-0.0013086367749148805,0.0032295844924193602,0.0022258275480291066,-0.000561214268374905,0.004762146012132519,7
raw,none,real,5,endpoint,6,6.0,8.0,7.042001159776575,7.035426250539463,7.048313975236769,548.8883627893557,536.5704775280753,557.4639986467015,0.005089404590652074,-0.009049322305522339,0.01965974562913383,0.006778862312300343,-0.015566310323214016,0.029839415184258172,0.9870557067978132,0.9726128743769493,1.0033483410510498,0.00234260762443516,-0.005132418572380931,0.009930593102023882,0.002746796966216915,-0.004284541167733413,0.009927312011985882,0.005101929233359551,-0.009559122765967414,0.0199583907091456,0.000663335316708822,-0.002026237792242514,0.003480960021168086,0.0012524243030825502,0.0001544017943532315,0.002341651576638211,7
raw,none,real,5,endpoint,7,8.0,12.0,10.074201624363528,10.06709847312702,10.081580881860322,785.2206170268718,767.6349139423965,797.5318037090352,0.00455135092757828,-0.009219437657429734,0.01922954580842381,0.006411275196503806,-0.015417885936806304,0.028936781692772338,0.9961918419568773,0.9772651490112565,1.0168508069437001,0.002374828853643562,-0.0042001783965847864,0.009607019148501898,0.00217652207393472,-0.005123142248861015,0.009805853489478553,0.004564332500835439,-0.009570579604366747,0.019009817774258274,5.630858428360996e-05,-0.001636231087207568,0.0018112211624441263,0.001340742186942502,-7.977688219743765e-05,0.002795679653699061,7
raw,none,real,5,start,0,0.0,1.0,0.6798352167400603,0.669754805714652,0.6894410384828806,53.0092198229227,51.14792595793836,54.39423046484252,0.01164076440253864,-0.002305993687018569,0.0269301159734426,0.015302882342689146,-0.007358240276327442,0.03813881396462384,0.971989864170559,0.9521568478213102,0.9925052040079062,0.003936561602906476,-0.0035509192113418395,0.013335229236204062,0.007704202799632167,-7.869552626263357e-05,0.014275147631859554,0.01123167988292661,-0.003269245586728824,0.026772020634693694,0.005822302835381122,-0.0009720573057734981,0.013638301619777556,0.0013340901917555613,-0.008885121966908901,0.011765924420067752,7
raw,none,real,5,start,1,1.0,1.5,1.2668896785477153,1.2648322486244052,1.2685809047161773,98.74601985978336,96.5134580027025,100.30776315521462,0.013144723992766259,0.0006197104399644464,0.02778192096451868,0.019537060210844354,-0.002873372404062123,0.04327683901953303,0.9650029306070133,0.9386528549564787,0.9914800774979027,0.007287098104753535,0.0006660158367646745,0.016108029669099452,0.005857625888012724,-2.6340659186731437e-05,0.012079713712516182,0.013080104082487835,0.0006780112362438235,0.027864995997988924,0.0037679413010665444,-0.0019331723525074184,0.00954938498535719,-0.003390991225096032,-0.008100860671681333,0.0016144457106959768,7
raw,none,real,5,start,2,1.5,2.0,1.7621166954960839,1.7609108384833703,1.7634227809006977,137.34907639958337,134.32366620376735,139.5696487514618,0.010164041192306173,-0.0028399105792858105,0.02300912132732864,0.011027856608967978,-0.009151395014458873,0.03132173442527334,0.9710042024999597,0.9492534025164552,0.9946593296153318,0.0070874888767016725,0.000933451970201247,0.0132415257832021,0.0030765523156045015,-0.004437056147655866,0.010721826240079647,0.010376794725764806,-0.0027994269828464213,0.023452725499134554,0.0023292021488474112,-0.0053053980599477935,0.009599834630737441,-0.004157644504258671,-0.008681229410082928,9.888273655810314e-05,7
raw,none,real,5,start,3,2.0,3.0,2.5323093142836295,2.52964320133012,2.5354435356932563,197.3719928520142,193.20312999481442,200.35438819295794,0.01119402152455451,-0.0015797539717113665,0.024997379083074447,0.014239160378492351,-0.008443340485914027,0.03614446926426909,0.9738053427126958,0.9615603397103664,0.9860553756001693,0.005542106948107693,0.00020285011695550436,0.012023682193403374,0.005651914576446813,-0.0014666609100885564,0.013065609532698516,0.0112769434634951,-0.0011433120665199563,0.025502651081892362,0.0024511421689818623,0.0003419324745245206,0.004384487566322068,-0.0012072330705175723,-0.005488750102977743,0.0034454041230952965,7
raw,none,real,5,start,4,3.0,4.0,3.5204707612110435,3.5181227228180347,3.523060577305248,274.4026069638706,267.98105052253294,278.7275344600791,0.008458376430802873,-0.004566749921894533,0.021784035591710427,0.010836533303583029,-0.011015905468274774,0.03249810461824281,0.9846919110856172,0.9648826071525293,1.0008971406838278,0.0035333926025099024,-0.0032186137109077354,0.011211902748770312,0.00492498382829297,-0.0016388455058732475,0.011537125975013798,0.00843833559244735,-0.004733865071426079,0.02284338719511152,-0.0003996219755619555,-0.001916071303054528,0.0011362362757028964,-0.0017196339676125506,-0.004705310507786842,0.0010953949966245743,7
raw,none,real,5,start,5,4.0,6.0,5.0526872311156685,5.046594689783495,5.058283076570865,393.82494250433535,385.2583818347603,400.1015663271262,0.004947887054032867,-0.007657664642577723,0.018700516483691944,0.0048924151972822095,-0.01732892494096762,0.026365101118222593,0.9869932279586061,0.9738842995759286,1.0007854016361795,0.0017167272724087743,-0.004891087417441508,0.008990707562490066,0.0032311597816240918,-0.0029259374003228135,0.009980272492216526,0.004953631723721499,-0.008296569878987433,0.01881119774417256,0.0007136422847914783,-0.0013828669931141495,0.0029571784171612547,0.0017235011464183886,-0.000835553670222211,0.004150974196431119,7
raw,none,real,5,start,6,6.0,8.0,7.042276595186701,7.036018264375956,7.048435561979048,548.9093143626937,536.283049671079,557.5921559758489,0.00515301209631929,-0.009323664366027455,0.019954579736925424,0.006807786040121244,-0.01610456444001835,0.029781868037841604,0.9875227302760591,0.9721113009859831,1.0045806424508341,0.0023296520211182415,-0.005186780563803441,0.009718374811043816,0.002823360075201047,-0.004169851818695037,0.010043078399347566,0.005167770484410707,-0.009442099110577279,0.020072143932486713,0.0006082560439016468,-0.0022087893837330268,0.0034324520928938136,0.0014508308546199355,0.00011688995892903517,0.0026665662598097622,7
raw,none,real,5,start,7,8.0,12.0,10.074138024250503,10.06716925669279,10.08151770540191,785.2153983507818,767.4713576061956,797.5681886103912,0.004536758570032606,-0.009696060532861931,0.019242665988053045,0.0063996063191062505,-0.01634902699383858,0.02850042150276324,0.9956997129002484,0.9770639632375782,1.016136560523243,0.0023585091101638554,-0.004248389784644252,0.009440810347143506,0.00217824945986875,-0.0051055176026538595,0.009884431112900183,0.004574817100510951,-0.009817335878289755,0.01933097225195011,0.0002485550866536305,-0.0013958846736593278,0.0019694098214779834,0.0013089958179629605,-0.00010826057588694989,0.0027334306581707256,7
raw,none,real,6,endpoint,0,0.0,1.0,0.679694096752626,0.6696528877069167,0.6891678519373718,53.024301565472165,51.16077881687052,54.4121146293258,0.005285234069186468,-0.00817738694432443,0.018320023574835025,0.008940662933151055,-0.01377555430934328,0.03327075281400621,0.9723978898790923,0.9435837986071232,1.0085416742776456,0.004962190839703431,-0.0015098559921795194,0.010924237263613508,0.00032304322948303714,-0.007093931767772966,0.007003362788513725,0.0055465993510661355,-0.00837077995021739,0.018639585247659556,-0.0022823031196477542,-0.015644984461203573,0.010718581903676878,-0.0035381079026521904,-0.013277131999325164,0.005512546913306861,7
raw,none,real,6,endpoint,1,1.0,1.5,1.2668251000403643,1.2647890791700362,1.26858023114829,98.78884698759201,96.59335514063848,100.32680554155877,0.005237151030257146,-0.004179481968704456,0.01522666803393444,0.010657561558286179,-0.006744353629021059,0.029905923873968187,0.9744602129467067,0.9650519885096587,0.9847534375133671,0.0034565918762102777,-0.0011468210397780868,0.008566163552557151,0.0017805591540468665,-0.003167276790274044,0.006957013551668726,0.005543348533810851,-0.004156503713642173,0.01598916035371476,0.0034353640632336707,-0.003735620398612559,0.009927600601958997,0.001080281548734224,-0.005457449260522444,0.008777852779996606,7
raw,none,real,6,endpoint,2,1.5,2.0,1.7621011547446805,1.7607705811996606,1.7634688607088052,137.4144795422765,134.36294164427864,139.6218060172082,0.010729997786601287,-0.001420800795731859,0.023959737298864452,0.012973998824906834,-0.006519334992639196,0.03572737201790157,0.9720876777147974,0.953860767373715,0.9900490879571988,0.006385178760424173,0.0013217061037957222,0.01173652617284514,0.004344819026177112,-0.0032944828383709465,0.012256817903514605,0.010922436169218442,-0.001830098015144683,0.02465864646069291,0.004717976285889468,-0.0005210769655568778,0.007965392984323394,-0.001031420101521467,-0.0062028981984362085,0.004114815263332391,7
raw,none,real,6,endpoint,3,2.0,3.0,2.5321681849734405,2.529493399965083,2.535217852961085,197.45711243158857,193.29937767055654,200.38381557131456,0.0029540882795988954,-0.009311373479971661,0.01549029065111857,0.005268583935435451,-0.014440222677549727,0.027355775235275527,0.9836018519521393,0.9610612365697897,1.009316693600864,0.003276161599005946,-0.0029059830859119867,0.009216150124077975,-0.000322073319407051,-0.006377931255662409,0.005887628349901092,0.0030756338442886155,-0.008479030480887469,0.015540788815362055,0.0018513047444845415,-0.00044313596183834486,0.004078029204950136,-0.00010180600491926371,-0.003340107583807137,0.0032250650481804354,7
raw,none,real,6,endpoint,4,3.0,4.0,3.5204768458073246,3.5180747668493817,3.522985033450419,274.5361679365722,268.32783535179146,278.90216603953525,0.0017670587738813446,-0.010286035768996523,0.01377660684551823,0.002592077355857846,-0.01680784987717095,0.02490201275649884,0.991042979697987,0.9618891648536918,1.018964565149407,0.00037554000002424504,-0.00556958236982347,0.006385772601792361,0.0013915187738571006,-0.004550591362953311,0.007411692440447032,0.0020479377692006174,-0.010153993539668267,0.014125918948529517,0.0029853598803655057,0.000600189950991505,0.005033642604918864,0.0016255517983875725,-0.00119149154046007,0.004964896311405386,7
raw,none,real,6,endpoint,5,4.0,6.0,5.05256684628039,5.046217691784812,5.0582002060997,394.0069449804807,385.3947931423904,400.32711074442693,4.5017549961617045e-05,-0.010354098324157436,0.0112332004561325,-0.0006215742231142812,-0.018786175074208395,0.020019678563913564,0.9955107131579205,0.9781457896418533,1.0150308709870315,-0.0004236413746395504,-0.005390363147214183,0.00508904515744002,0.0004686589246011664,-0.005360847623490584,0.006437529678291491,1.2013469550423174e-05,-0.010889363602631168,0.011747034200493583,-0.0006584651628363553,-0.004357988976020955,0.0028831004929318884,-0.0007287178016080605,-0.0015988387693660693,0.00040458379091157313,7
raw,none,real,6,endpoint,6,6.0,8.0,7.042200310754936,7.0356397427350235,7.0485290639640175,549.1696587036357,536.4702170501039,557.7059221440968,-0.00036118233342166656,-0.011682086537815455,0.011895150214477831,-0.0003848284506244004,-0.01872431144066827,0.021183973266834022,0.9935113284502792,0.980641300354994,1.0078111726611947,-0.0007247863572949444,-0.006473185268828491,0.005603282369130804,0.0003636040238732779,-0.005155112638989552,0.006127387127729573,-0.00030251312729154706,-0.011637219053321279,0.011664811081658222,9.593456203973949e-05,-0.00348561673750175,0.002935290694193497,0.0010284266055157457,-0.0005690862639626419,0.0024652557645200197,7
raw,none,real,6,endpoint,7,8.0,12.0,10.074189748839446,10.067070016675368,10.081371000662491,785.6006960908724,768.3891388148228,797.885314339035,-0.000446624300423223,-0.011770547996990637,0.01167042956677555,-0.0005357643371968408,-0.019157040279677854,0.021145428206051236,1.0027166436796342,0.9871040732836202,1.0197995283067947,1.805216899392629e-05,-0.005966545485652883,0.00621738299659421,-0.0004646764694171491,-0.006127188562383223,0.005418788123489284,-0.0007336040874335828,-0.012621070238882598,0.011077651925671951,-0.0016622976856004827,-0.0045879015628682495,0.0008863848875016666,-0.0003353617028817312,-0.0021545716936504926,0.0012638130602000365,7
raw,none,real,6,start,0,0.0,1.0,0.6782467352821663,0.6696451064877174,0.6868505257759822,52.91039447583806,51.13251547173921,54.23822693992871,0.006633688259414892,-0.00839208723595512,0.021696722937683682,0.010604696746750037,-0.012206706084073454,0.03592647057213454,0.9754004902287533,0.9491740618303363,1.0052203718031087,0.00625476072113497,-0.0012213919257475787,0.013679017486600395,0.00037892753827992263,-0.008520255458020886,0.008401510916251851,0.0066064641742851855,-0.00955696248833241,0.021900922544430216,0.0005218222538824127,-0.01009268140812956,0.010282583941247425,-0.0006396284909038536,-0.005373401696203095,0.004083661802893116,7
raw,none,real,6,start,1,1.0,1.5,1.2676652275808828,1.2663942034348126,1.269009840302603,98.85280969583525,96.63168059206177,100.35446154901648,0.004851209641975276,-0.002639796046930085,0.013450586351618022,0.00933001788829863,-0.007176155961325709,0.030799010081584997,0.9669875958416358,0.9559297573954859,0.9748731240124201,0.0031760287071966107,-0.0016469308495149684,0.008019230854384824,0.0016751809347786664,-0.0021631103643431245,0.0059026300273715224,0.005191916676054833,-0.0030565984811053346,0.013938799265906103,0.002789758117302613,-0.006897999423175816,0.012164700466739396,-0.003300642226156534,-0.011590491880813281,0.0047071109253875015,7
raw,none,real,6,start,2,1.5,2.0,1.762735429765541,1.7618039678944173,1.7638205087627021,137.46252596907956,134.2833934936335,139.65123492836852,0.010279312627353872,-0.0023251669944287885,0.024778623049734726,0.012729897043925407,-0.007124388021205357,0.034751876890154076,0.974939476820356,0.9586947587958842,0.9916813918058881,0.006082312618687088,0.00037146196823205303,0.012162476203420843,0.004197000008666784,-0.0031023245889711206,0.01241218120392456,0.010349211464019166,-0.002896518621667978,0.024724739217641744,0.002901101061382229,-0.0016754360724052962,0.00707148937696197,0.0021946710121539406,-0.0025221014652311025,0.007554664669481356,7
raw,none,real,6,start,3,2.0,3.0,2.5331807997538864,2.530390043136599,2.5358899480347437,197.53616637259296,193.17303469259926,200.48572687897345,0.0035324754947509414,-0.008831705304147907,0.0159281073172699,0.005603828280893401,-0.013843937371278179,0.0269147594947981,0.9838238049621835,0.960750786440043,1.0085701016768331,0.0038701160482360647,-0.002276492827164369,0.009811358177923278,-0.0003376405534851247,-0.0067457918168273,0.006245106128244869,0.003695042148190543,-0.008927319224945501,0.015912752533919248,0.0030619085247408397,0.0009352783388519155,0.0047897279341458515,-0.0007074452539586275,-0.004404659815793053,0.0031968784843313183,7
raw,none,real,6,start,4,3.0,4.0,3.5210856927080676,3.5192272713445396,3.5231572520868832,274.5824641892078,268.2664565474279,278.89440055784314,0.0014302535453499278,-0.010842030036105524,0.013618104478500107,0.0025112482621326804,-0.017597951363065384,0.024117780100016476,0.9902989297272118,0.9630331663334026,1.0194447361850048,9.523443692672118e-05,-0.005948942643157373,0.005918798243850648,0.0013350191084232055,-0.004807794386972385,0.007531207051677713,0.0016943743408075218,-0.010518291930981067,0.013867993442451348,0.001826696684164889,-0.000320089525208921,0.003991834612738041,0.0015059071687409226,-0.0022052068344705095,0.0056547627444118505,7
raw,none,real,6,start,5,4.0,6.0,5.052543187847318,5.046494369714277,5.057990413675477,394.0045053140857,385.4244562265346,400.33822326878504,-0.0002175392211158337,-0.011405675780444423,0.011018520857991546,-0.0008515104928566172,-0.0193865263518205,0.020130657202470398,0.9940739833502769,0.9759984411700593,1.0136214399498453,-0.0005666537789792702,-0.0055053270016553165,0.004942320949655623,0.00034911455786343766,-0.005316275828330638,0.006255884436699543,-0.0002588439666448826,-0.01131807010165269,0.010935358824617809,-0.0006866672728562726,-0.004139833063731194,0.0027541249046461502,-0.0007440322716502511,-0.0018793387794842063,0.0006456215188150305,7
raw,none,real,6,start,6,6.0,8.0,7.0423019772380835,7.03617518411197,7.048342717498081,549.1766547543446,536.960090654218,557.6534761942404,-0.00018076699118693348,-0.011466639280577891,0.011386530703215544,-0.00019811769780463316,-0.01871104990488065,0.02118559768859941,0.9939280271101444,0.9816028637753442,1.0076093870051044,-0.0006208874561345666,-0.006201942152796113,0.00562600565739363,0.0004401204649476347,-0.005229294905812103,0.0064085830737450646,-8.90017228230635e-05,-0.011097901616810844,0.01208617709314348,0.0004417614704091558,-0.003244078586615121,0.0033531777106477548,0.0013844556555823646,-0.000228250910676505,0.0028074788109801354,7
raw,none,real,6,start,7,8.0,12.0,10.074226688033374,10.06717254038502,10.081755225900825,785.6028564095885,768.0212652500096,797.6349472411869,-0.0005364710083507766,-0.012359743515798561,0.01180834066215929,-0.0006243734394052674,-0.01926417356917305,0.02055997303840389,1.002144682911249,0.9863897422760447,1.0194315385302415,-1.9419837080152276e-05,-0.006009501156079096,0.006245369805372761,-0.0005170511712706248,-0.006491897837633179,0.005293912907443043,-0.0008344478747117581,-0.012748847174499072,0.01156590336402012,-0.0017414915143339864,-0.004525290790931165,0.0005882402400311049,-0.0005242330911054867,-0.002328146025876144,0.001095947979602936,7
raw,translation,real,0,current,0,0.0,1.0,0.686078138307831,0.6706994565137785,0.7004758291355971,53.382845863427804,51.21679009929529,55.20634548385429,0.1466585189029541,0.13268858673982226,0.16066039683044028,0.19569939770213307,0.18369047041528466,0.20587813319849455,0.8269066775390262,0.795822141337277,0.8555596304194898,0.08891139059036815,0.07724917832103328,0.10270319576665447,0.057747128312585924,0.05244213951888118,0.06403636661152037,0.14664510264922567,0.13257311589355344,0.16022088076131738,0.0005239943521919649,-0.0032039976373242508,0.0040190190721529125,-0.005486241526102401,-0.016581216033768144,0.005260524510389815,7
raw,translation,real,0,current,1,1.0,1.5,1.2631960026996971,1.2601212257260053,1.2662123152696587,98.25736302053664,95.84443003429983,100.18872547075821,0.07021938976131356,0.058574490044927395,0.08071389974537742,0.10604764035542844,0.09152336613879093,0.12086471102800146,0.8956813828952124,0.8557299017400851,0.9393807606398339,0.03204267112853876,0.025488650916051195,0.03813497267189657,0.03817671863277481,0.03272319449510001,0.0436302427704496,0.07007908503731779,0.05812414351485069,0.0811178546392812,0.0008310091209429571,-0.0030523723709183046,0.004182201390304746,0.0031915688841180267,-0.0035207431182290643,0.010274883052295498,7
raw,translation,real,0,current,2,1.5,2.0,1.7617350122272861,1.7592171630376343,1.7644212077568828,137.03676354983955,133.8249434913931,139.57200767571342,0.04480973485351974,0.03756909439107701,0.051882030880052776,0.0730998285287957,0.06278240704328372,0.08409002711680358,0.9400997971174981,0.9068508302520292,0.9687083731176903,0.015669405599999832,0.011826928752856373,0.018687712032098475,0.02914032925351991,0.024736853392222303,0.03414219988889239,0.04469298535949936,0.03733373612635422,0.05157388472310005,0.002017959678497437,-0.0007894546967501944,0.004791747964174666,-0.0030628757120466014,-0.008717392506571928,0.002105501012956226,7
raw,translation,real,0,current,3,2.0,3.0,2.530956722864286,2.527376083686447,2.535652113327707,196.86178658713723,192.25807193447238,200.3295925058576,0.030306368467063843,0.02290094382287951,0.03841316863075945,0.05261689421432352,0.043116535707968154,0.06411548045093844,0.9512478414739584,0.9424190321978662,0.9593655865966552,0.009662802096124362,0.005917618607375906,0.014102647796332546,0.02064356637093948,0.01653486171049524,0.02512841965367122,0.030429305406268724,0.023150438867244594,0.038464496708182715,0.000850170842934445,-0.0004909964773549612,0.002140236848179769,0.0017996862186271789,-0.0012704640315049126,0.004914116848602174,7
raw,translation,real,0,current,4,3.0,4.0,3.5203193067530907,3.5171355313828556,3.523629263309167,273.8272814557655,267.3365372871688,278.80825700481523,0.018021969660706794,0.01282163254007054,0.024190745413114657,0.03789998242431689,0.028485523830724103,0.04814728762884055,0.9713849582723261,0.9505762928608494,0.9900645860665557,0.005500732597515164,0.0019387981160848657,0.008895045050695142,0.012521237063191627,0.009174937673290976,0.015835229212363876,0.01801541761676483,0.012763387739097073,0.023869892558500905,-0.00013010326473078925,-0.001695845787818885,0.0018972339960574743,0.00285819332344001,-0.0019273909646422833,0.008052315249867536,7
raw,translation,real,0,current,5,4.0,6.0,5.0537208469924035,5.047097637167502,5.059907682701467,393.0879970517635,383.98918228999463,400.10270884199804,0.015028390139392955,0.010589029106919787,0.020009618368401195,0.029659669182944375,0.021449978778421325,0.038275371834004666,0.9775397455411999,0.9655668118346922,0.9887253446940415,0.005261818745293047,0.003457771955251384,0.00734510958564423,0.009766571394099907,0.006561146363476419,0.013277707056729208,0.014989559204170803,0.010491933331824398,0.02017878161975219,-0.0003161330324446709,-0.0020989940734909623,0.0010751418084845412,-0.0006027131819057182,-0.0022184932413848433,0.001153372249422613,7
raw,translation,real,0,current,6,6.0,8.0,7.0423671886939285,7.035507497367748,7.049007461541926,547.7843470659108,534.8465291336609,558.0648791372408,0.01094645284060326,0.005632253359795915,0.015812441481620435,0.0255551055863675,0.017408820661551295,0.033145387635692254,0.9787557811449876,0.970507231739156,0.9869575486441705,0.006090188606983989,0.003956643179643267,0.008013724850205559,0.00485626423361927,0.0015879983141835977,0.007900212452551804,0.010923808686237154,0.005510803315850629,0.01592890959511319,-0.00042480840098784036,-0.0027909234839718533,0.0018923073937996693,-0.0007678401343008296,-0.002855704174174036,0.0010716974570749457,7
raw,translation,real,0,current,7,8.0,12.0,10.074385452639659,10.067606093139405,10.081537650087055,783.614285810383,765.0191804761638,797.830829876874,0.005958592039859638,0.0037238756779594986,0.008175579402803975,0.014001800964105535,0.009932111257518141,0.017830754754290568,0.9908717282924576,0.9778108095678995,1.003358466037504,0.0025192582758636925,0.0017781266834855408,0.0031746306982543327,0.0034393337639959456,0.0016569462852464576,0.005243645648809092,0.005938446819594475,0.0035285104075352316,0.00809337142287315,0.0002131907660540241,-0.0007934948289716336,0.0013440104796663154,-0.0005694983420103351,-0.0022331011196192055,0.0009287932703369267,7
raw,translation,real,1,endpoint,0,0.0,1.0,0.6858916100267098,0.6701136865719298,0.7006938175135057,53.389926901876926,51.21996410912674,55.23336091686501,0.012467688776059358,0.0025793986260736184,0.022190873898621614,0.02261075803114554,0.007737900747051736,0.036060606456888085,0.9638189259891307,0.9360871097432112,0.9915511707043982,0.0011217446522784752,-0.005646302769971152,0.006929504562467793,0.011345944123780882,0.006861301784830189,0.016337309463615182,0.012617362209501826,0.0011782558258358795,0.022522853674747684,-0.0005905460590210175,-0.007506328079825849,0.005754977630273076,-0.004896142927100039,-0.013023229476918613,0.0025572045285067076,7
raw,translation,real,1,endpoint,1,1.0,1.5,1.263116575543481,1.260077654583026,1.2661579831625056,98.2907477999109,96.00439638478943,100.1510657802043,0.006721093407299947,0.0004990841952939092,0.014854159493623734,0.0006081403551368812,-0.011425799731595208,0.012859295392280135,0.9636348463211987,0.9331665205792535,0.9935516010628952,6.830223829406007e-05,-0.00372926064149549,0.0045588705472321385,0.0066527911690058865,0.0020344157865214,0.011127818343603723,0.006843106331976977,0.00045163411187051445,0.015176119118155529,-0.0003527506012439057,-0.006052239617979585,0.007329355680585086,-0.0007974772432215651,-0.005264719163791283,0.003734564444098214,7
raw,translation,real,1,endpoint,2,1.5,2.0,1.761824766118805,1.7593433454477434,1.7644184261491616,137.09818727001465,133.87442862351742,139.62435148532273,-0.0033233499257349815,-0.010248316364398978,0.004564643993871856,-0.015737777076869446,-0.027122953683869366,-0.004834100979878104,0.9876016234673566,0.9631663542504377,1.014670561389579,-0.0063502407637479556,-0.010078086833304443,-0.0020300279333180732,0.0030268908380129745,-0.0006880546134944489,0.006939889251613169,-0.0032925935329125846,-0.010378935284589743,0.004515178542817003,0.0021806025352815645,-0.0012838598306492196,0.005440066130215972,0.0023315750232062726,-0.004507981872590282,0.008535116931251563,7
raw,translation,real,1,endpoint,3,2.0,3.0,2.530955494836713,2.5274424540535563,2.5356524067625297,196.94004582175984,192.29316220255325,200.3083331515095,-0.012999199059459123,-0.01847244486362882,-0.007877854219933646,-0.023332877073336717,-0.030197043017020263,-0.016754487942044753,0.9955708905179897,0.9769777980524205,1.0146474266598662,-0.00991167406819791,-0.012749670863473159,-0.007135694994821541,-0.003087524991261217,-0.006308463156128039,-0.000248458519514911,-0.012883301658273333,-0.01818397161824737,-0.0075225255377036546,0.000600733452094964,-0.0017851288612658184,0.002973021820532639,0.000362976639864981,-0.002073005627686479,0.0027523868669943686,7
raw,translation,real,1,endpoint,4,3.0,4.0,3.520303091569531,3.5171057363018323,3.5238218244899024,273.93523190601564,267.56016912699465,278.91938273536874,-0.016254456411178973,-0.020724318079990468,-0.012086607885181913,-0.02809140165198066,-0.034475531313814485,-0.021062954326486413,1.009000430233068,0.9840543861867851,1.0287575409099574,-0.012689663874253751,-0.015058519559138124,-0.01069010013340695,-0.003564792536925223,-0.006411644862764873,-0.0004621563125877015,-0.01621734694605534,-0.02067731920196624,-0.012093644042287424,0.0005922015623289025,-0.0038902090037711604,0.004567944274525762,0.0005497306576602662,-0.0038480376424518464,0.003725473461061799,7
raw,translation,real,1,endpoint,5,4.0,6.0,5.053554077061141,5.046730640006818,5.059655700764721,393.23220423918866,384.0606196002819,400.24943627138236,-0.01325336217468684,-0.01639525891917229,-0.010507880915571461,-0.023726383021398113,-0.028982218963780414,-0.018772277746735438,1.006239884876328,0.9912312231898263,1.0220343636642701,-0.008167706862454814,-0.009260105039518633,-0.0072555208673294345,-0.005085655312232027,-0.0073328089765892215,-0.0029812009919810206,-0.013072161675407534,-0.016037436329130406,-0.01051527648241589,0.0014419928982516636,-0.0009453455183595442,0.003722734362663469,0.001278555647852638,-0.0009618350668790252,0.003589850451365859,7
raw,translation,real,1,endpoint,6,6.0,8.0,7.042371056014006,7.035509212482289,7.049117423966246,548.0029812003198,535.1119133172737,557.8221987092815,-0.007698082615098234,-0.010778971704067528,-0.004974491703927847,-0.015191673444006652,-0.019940292778269718,-0.010715857954907825,0.9976701439899748,0.9894361055109127,1.0067536959778862,-0.0036205392783721447,-0.004843870236958753,-0.0023791335569694266,-0.004077543336726088,-0.006403363289366916,-0.0022646077602136746,-0.007555090102645998,-0.010611211647974347,-0.004836598740206526,0.0011585542674454133,-0.0011530097658130922,0.004334454052229502,0.0009004933887554317,-0.0005304503924390108,0.002239565914538532,7
raw,translation,real,1,endpoint,7,8.0,12.0,10.074402921867875,10.06748871736046,10.081459193346324,783.9279973699688,765.6801653145528,797.4674846038333,-0.00403791264020161,-0.006117611392560013,-0.0018493950369579922,-0.008689483960278934,-0.012273981240847808,-0.005266501302767369,1.0011637834685583,0.9877919423834742,1.0129355057756073,-0.0019359433887674866,-0.0029127285119084734,-0.000822926526909887,-0.002101969251434122,-0.003401202614785867,-0.0008479734342434329,-0.003709769400198308,-0.0057797958279585645,-0.001384281801622402,0.0020464938854999897,0.0007362392542515198,0.002981579457837539,0.0005521103863486609,-0.00025193603719438973,0.0013370402634480967,7
raw,translation,real,1,start,0,0.0,1.0,0.6862199461973985,0.6708262695650103,0.7006810236371696,53.418254463624706,51.22370273388129,55.16475806820004,0.013562362879580608,0.0019284579873039029,0.023428926518600752,0.02283373399524923,0.0076364185285331815,0.03619736176696436,0.963422850852025,0.9336007103245417,0.9959833667932858,0.003330113902356351,-0.0015510634312877957,0.00807577760165183,0.010232248977224257,0.0035457331878117324,0.016385355375161892,0.013570428344447013,0.002210500037168702,0.023671437735582872,0.0036134472816171034,-0.0034730815250264726,0.010094464964890472,-0.0005600207548126945,-0.007346388532652548,0.004988684002348175,7
raw,translation,real,1,start,1,1.0,1.5,1.2642742491311856,1.2609709952697847,1.2674900573404106,98.38135569774154,96.09224497019571,100.24459234607714,0.004407140489879914,-0.0027230466705737665,0.012985835239272919,0.00035199906420903406,-0.012256636251838687,0.012891253141214339,0.962539943380588,0.9354242720506073,0.9926004026454078,-0.001001483773998926,-0.0041453987259089786,0.0029295043286246096,0.005408624263878842,0.001249204380221193,0.009886290317900373,0.004614010738506774,-0.002527908374972473,0.01290162981420452,-0.0007376521954243794,-0.007340143243439581,0.007521402400396721,-0.0003839682208108727,-0.004145678031888847,0.0030711516233434544,7
raw,translation,real,1,start,2,1.5,2.0,1.7620299265445,1.7595061201145406,1.7644545990062195,137.11327704665422,133.90518668789534,139.53723488493455,-0.004336149721943417,-0.011426157824733111,0.0033772039134157806,-0.015567011073186967,-0.026468313609524178,-0.005070153804512592,0.9909940374148201,0.9632268254196542,1.017262416100238,-0.00684792425953395,-0.01077323028053842,-0.002739237692969899,0.002511774537590536,-0.0017986171273132432,0.006634258899143722,-0.004260551925678946,-0.011064068620811456,0.0032988597938252338,0.000736618800314963,-0.0028899558357648176,0.005021488940095164,0.000764730338729819,-0.00458667158454914,0.00624352494682723,7
raw,translation,real,1,start,3,2.0,3.0,2.531165368060607,2.5275107666045877,2.5361145268185736,196.95473409203603,192.41889064568747,200.26684258788535,-0.012584670561895791,-0.018272051208069653,-0.007228924612998067,-0.023875181958125182,-0.03048465255356689,-0.017398184800548933,0.9928056637442018,0.9730567075713702,1.010243900815313,-0.010159338798956979,-0.013266422237872437,-0.007279443384313474,-0.0024253317629388126,-0.005687191903090193,0.0006012985923797924,-0.012532967106797594,-0.01818087187800241,-0.007050905797472834,-0.0004191923487026604,-0.0027238106718053454,0.001958355913741582,0.00047400702495718023,-0.0008248698509771299,0.0020294145475327203,7
raw,translation,real,1,start,4,3.0,4.0,3.5203676075819557,3.5169255704160607,3.5238321865847153,273.93979850052494,267.4752394095647,278.9186962887205,-0.01598069122938305,-0.019929092090497497,-0.012305124082739111,-0.02779970642208789,-0.03436546333044212,-0.021108261681998083,1.0090807996503977,0.9851045354330527,1.0286157136742111,-0.012262747443397322,-0.014354093718547945,-0.010244525708612777,-0.0037179437859857284,-0.00633295085927776,-0.0008812081906224295,-0.015927134082300738,-0.019818225065856135,-0.012300608922579776,0.000988824954084684,-0.0030137270238060464,0.004717610227105997,-0.00045704330849943565,-0.0048583143334036735,0.0024644990979183494,7
raw,translation,real,1,start,5,4.0,6.0,5.053595972818958,5.04706281652171,5.059603620814809,393.23644828503967,384.44372546823325,400.1714186823828,-0.013320971923738831,-0.01653654688721293,-0.010283644608472961,-0.023935222568648724,-0.029362064165708336,-0.019288563793236606,1.0055361120437456,0.9910023621378671,1.0208270692756423,-0.008231177885672113,-0.009497647772894224,-0.007142883417262254,-0.005089794038066719,-0.007339942288836714,-0.002909825712012076,-0.01314947988298241,-0.016206447759667033,-0.010132849825914985,0.0011379115682874478,-0.0010233179000873384,0.0031322501549232514,0.0015817577417141053,-0.00020192727711565068,0.0033614857752335145,7
raw,translation,real,1,start,6,6.0,8.0,7.042103517705114,7.035367550352972,7.048356680178082,547.9819812184685,535.0032907832658,558.0081648744092,-0.007432216292192877,-0.010410106820465804,-0.004835745586424787,-0.014866715155134044,-0.01957207267149828,-0.010447350046577418,0.9967909261867559,0.9884182226202309,1.004880800613817,-0.0034679192712505527,-0.004583585579732736,-0.0023524142622670273,-0.003964297020942325,-0.0062780769641717065,-0.0021590048172549594,-0.0072811704132630575,-0.009930647917239924,-0.00482395758717927,0.0012147652270156103,-0.0009322628421041255,0.0042484659342649205,0.0006053157091374582,-0.0008675532640805421,0.002049164244788454,7
raw,translation,real,1,start,7,8.0,12.0,10.074270412407326,10.067143122070087,10.08124891886722,783.9174251559618,765.6679979935614,797.6817517483598,-0.004125876493644801,-0.006247108744204053,-0.001853445849977017,-0.008768824204851413,-0.012190968418398031,-0.005337068617361169,1.001111523516654,0.9877486978046234,1.0129896772022255,-0.0019322528531545186,-0.0029136624784585996,-0.0008093085957606258,-0.0021936236404902824,-0.003461710797327672,-0.000970769468604116,-0.0037865022686436036,-0.0059332060384047185,-0.0014261642273781375,0.002144531542917235,0.0008219673340381908,0.0031442385719979158,0.0006471526364775857,-0.00011219059621577367,0.001422370294557782,7
raw,translation,real,2,endpoint,0,0.0,1.0,0.68599156835557,0.6699599188289002,0.7005546937179831,53.42181828659513,51.19731251095704,55.172624687361335,0.02754187524142122,0.02011342361290854,0.03696995060837469,0.03917472474712412,0.0334673657674336,0.046990734028850935,0.947884900435928,0.9251429662117376,0.971947115545533,0.01432031354264102,0.008956438388562197,0.020235120083821,0.013221561698780202,0.008873054573004116,0.018700358195420826,0.027511386690433962,0.020179285447132572,0.036506274901848365,0.016204530207729738,0.009694871398735075,0.02360780343218341,-0.007697111118121968,-0.014950432984204244,-0.00040052528505592466,7
raw,translation,real,2,endpoint,1,1.0,1.5,1.264154067064003,1.2606866310120928,1.2674173063200702,98.4096136052609,96.07923166131005,100.17256571588742,0.02594399808464012,0.021535377479801675,0.03061046806778901,0.038422715353800166,0.03225670619044181,0.045457640276356265,0.9464201259558375,0.9206884427600123,0.973657008638188,0.013628538386726912,0.010716064521884044,0.01663728627948264,0.012315459697913209,0.008835194686943805,0.015418932966469475,0.026214850447055467,0.02168200732470347,0.031121706296878417,0.014127427251352574,0.007141671766709915,0.021306393899916422,-0.0012654679404215492,-0.006165426346573948,0.0034268018588796095,7
raw,translation,real,2,endpoint,2,1.5,2.0,1.762045598661495,1.7594753314804292,1.764434930899262,137.16646821854178,134.01171277956533,139.54721939241466,0.016028792151376488,0.010622227806402715,0.022299059306963485,0.02626352690348453,0.021314019708824985,0.03193034462816828,0.9626899907175304,0.9464729937822135,0.9772118665520555,0.007348587218207707,0.003808841422276309,0.010490093509077893,0.008680204933168784,0.0055008787640677004,0.012168159599850346,0.01630929056555099,0.010757971579848693,0.02262573402254683,0.006393590639145133,0.003930506772674601,0.009093668787930796,0.0035061833124212572,-0.002572767315099908,0.009229712863510367,7
raw,translation,real,2,endpoint,3,2.0,3.0,2.531166376000141,2.527444954009076,2.536090264193598,197.0299483886975,192.5284538505787,200.19257521379865,0.009038189887096136,0.005493035523679391,0.012207530248179596,0.015216426926528925,0.011867590275228055,0.01823797698790161,0.9734198053067774,0.9579635130659426,0.9903976519344775,0.0021061994734947716,0.00011777002058186098,0.00437199251465385,0.0069319904136013666,0.005045437577044778,0.00844867573287118,0.00907023384573501,0.005604991153544323,0.012293999273394682,0.002028211075530729,-1.9978024361880366e-05,0.004290578087623755,-0.0033705139821958523,-0.006715648717283487,0.0004780502330693591,7
raw,translation,real,2,endpoint,4,3.0,4.0,3.520347927928868,3.5169890963735098,3.524006043282072,274.04325525141957,267.68379395390235,278.85986499498256,0.0011385866508369692,-0.0027387019897429253,0.004720732668612051,0.005827713143793006,0.0014251117777647597,0.010488749803999938,0.9931453291171181,0.9696220878023925,1.0142018302537479,-0.00298460608175303,-0.005689602657582253,-0.0005524949872246268,0.004123192732590001,0.002324426048055851,0.00618793634737883,0.0009834148533664699,-0.002802252014161135,0.004539632750790503,-0.0024658003301143818,-0.004733251451532265,0.0005575445049952785,-0.004446365629654979,-0.007499445341945512,-0.0012745838891122022,7
raw,translation,real,2,endpoint,5,4.0,6.0,5.0534245729245635,5.04685017263527,5.059521065095841,393.374146436659,384.7445006674074,400.05370896820784,0.0013360035784652155,-0.0007719781709288994,0.0033673118424677848,0.0027942014389269057,-0.0004325153377092399,0.006304339244821593,0.9904187547374691,0.977144343585644,1.0033733377853247,-0.0007380576000042646,-0.0025364975153945838,0.000919684970178138,0.0020740611784694804,0.0013056287457745037,0.0029337871488273773,0.0012571953884916688,-0.0008649077267819846,0.0033397780191119883,-0.0006356824032042611,-0.0035087094938194936,0.0018362080894653533,-0.0008249615803215166,-0.002801293910267484,0.0012785425342980651,7
raw,translation,real,2,endpoint,6,6.0,8.0,7.042071953289451,7.035091029877564,7.04849615832332,548.1893317757409,535.4386774614069,557.6187566648285,0.0033635736265053284,0.001497721776048998,0.005237995899258556,0.005145920958932909,0.0020133114690524287,0.00849499213234609,0.9865133285176529,0.978945128067056,0.9934122130421041,0.001519906229205541,0.0004159421048808996,0.002435399627090657,0.001843667397299787,0.0005510312311302323,0.0031966299291813333,0.0033915145282850936,0.0016008491092720655,0.005088859930393257,-0.0006497822501879693,-0.0042004713813516914,0.0026899898100555047,0.00011291917153678567,-0.002162454970621834,0.002667652523653194,7
raw,translation,real,2,endpoint,7,8.0,12.0,10.074308446825452,10.067408911410066,10.081568906313056,784.221447186267,766.885599161025,797.8634804172168,0.0021145841064411043,0.0009049110805265815,0.0032958170596759134,0.0027537674879823462,0.0011878239411849231,0.004302257328683543,0.9948724024902049,0.9826863749802287,1.0071381475950172,0.001193944761576458,0.0003434838121737647,0.0020707689229335605,0.0009206393448646459,0.00010925653717377978,0.0019152735047529897,0.0019847405018770946,0.0009592844147236257,0.002982634473333635,-0.0009463421897475709,-0.0032974446361443014,0.0013043245934265936,1.7383962890013846e-05,-0.001336345299165869,0.0013396623403105139,7
raw,translation,real,2,start,0,0.0,1.0,0.6852844862844533,0.6705836571198908,0.6990545353468348,53.36863987445923,51.2284379818778,55.05059666458751,0.029193442706249916,0.02248290958050428,0.037629345277111814,0.04184243023067003,0.03662915641248793,0.04802315998363819,0.9459011243851575,0.9222185049213412,0.9735652080301225,0.015582354440689995,0.011263777121197997,0.020203869253146663,0.013611088265559925,0.009955669720833182,0.019223004461912545,0.029252636057213642,0.022665581682531865,0.03780170742109306,0.017642443494935493,0.010422498162760512,0.025469853555744628,-0.00904827825950233,-0.016584331123683092,-0.00221878209821073,7
raw,translation,real,2,start,1,1.0,1.5,1.2647507699442102,1.2616427180791525,1.2679281156186204,98.45681161055965,96.16447378881887,100.2536530682037,0.025690635169834653,0.020259024324859383,0.03133859210665851,0.036872095428363505,0.030803523572928867,0.04413175742183892,0.9445286189726909,0.9177961011043896,0.973773331656945,0.01292034724499964,0.008924423584830851,0.017291434282155134,0.01277028792483501,0.010871681834416792,0.014890713566838078,0.02615785006939425,0.020837534562314346,0.03212439642429898,0.011348448606160954,0.005789129928226279,0.016477165214297734,0.0008221650188380898,-0.003399837960483875,0.00463532907989912,7
raw,translation,real,2,start,2,1.5,2.0,1.7615890970876407,1.7593930849905313,1.7640892252811469,137.130917184383,133.95849615832796,139.4969626250185,0.014554751339328726,0.009191175874933668,0.020795471307622212,0.02567993218367565,0.02110685068575088,0.03111668064268185,0.9632351941614521,0.9412675846063172,0.9802653185703353,0.006271883905566033,0.00311932163888825,0.009317924989939445,0.008282867433762695,0.004990638433528311,0.011956711048089335,0.014799774527792962,0.009579434096486844,0.021186960760517588,0.005628163488355055,0.003323939001275221,0.008000222344458232,0.0008177205101437677,-0.005421778900982027,0.006890648322278289,7
raw,translation,real,2,start,3,2.0,3.0,2.531364190957564,2.528049341067845,2.5359053886132883,197.04430397187622,192.7015153990343,200.27065693413357,0.00873456623267858,0.005203504674741609,0.012002043740846116,0.015450978378232673,0.012026486885928587,0.018838991028813624,0.9734984165115285,0.9600440554011832,0.987541724895445,0.0015269289754162418,-0.0003170183312083719,0.003645040988910272,0.007207637257262338,0.005148266579045683,0.008840097362748284,0.00878416439183259,0.005356347570190751,0.012177750047834269,0.001638404806141636,-0.0010072440162624326,0.004470661867742129,-0.002041516152341182,-0.005121678038005,0.0010783077880641779,7
raw,translation,real,2,start,4,3.0,4.0,3.52051803901361,3.5172450756466054,3.5235861963193056,274.0562104224431,267.77957981952534,278.76881938460286,0.0009521177425207984,-0.0025171983046824754,0.004289466630892668,0.005675320760135183,0.0016783233487266949,0.00991391280898084,0.9931744157744777,0.9687744556302457,1.0156414274033532,-0.002732791819237354,-0.00515498373556655,-0.0007266273117575549,0.003684909561758153,0.0017783777697679638,0.005645297764640399,0.0007947692002737438,-0.002809456976915952,0.004002703588680838,-0.0019891156890735756,-0.00467945273468627,0.0014740965550924326,-0.004362912295625258,-0.00817245359402891,-0.00045210856690690825,7
raw,translation,real,2,start,5,4.0,6.0,5.053500634343329,5.046632364584999,5.059317963175046,393.3815897695528,384.4767174804121,400.2574224640919,0.0015710725031262748,-0.000659790619974457,0.0036789528884898963,0.002905012735788688,-0.0005692316796520602,0.00653516637072681,0.9892864044675431,0.9758160322389341,1.0025583034725827,-0.0006855345627050435,-0.002452183520970628,0.0009241377124883024,0.002256607065831318,0.0013920322276082453,0.0032062785852203773,0.0014842852031262566,-0.0006549641165353253,0.00358436465305105,-0.0007036666485558111,-0.0034540204556811906,0.0014954441836189938,-0.0007457315302994383,-0.0027434685821478406,0.0012520055215489647,7
raw,translation,real,2,start,6,6.0,8.0,7.042302181272963,7.03599759372343,7.048543198400283,548.2076713983562,535.4372851186826,557.543720268774,0.0032182819966989277,0.0015113189146374998,0.0049406363932662095,0.004979556176647547,0.00185271357531972,0.008327918192922584,0.98609188690682,0.9791778272335795,0.9924310103169927,0.0014576443757067267,0.00040552610023733847,0.002408127688822525,0.001760637620992201,0.0004917414017200218,0.0031293676075754284,0.003232066852237565,0.0016422521115196718,0.004816374427323603,-0.0007338410412010977,-0.004102090205168385,0.0026972440218848933,-0.00015482778461142177,-0.002085745819850524,0.002058819428392876,7
raw,translation,real,2,start,7,8.0,12.0,10.074366995778433,10.067240837541064,10.081309002769007,784.2258017356623,766.9339168609362,797.7110449948004,0.0021954315370496685,0.000956185267547275,0.003386821365843754,0.0027325068930396765,0.0011304171627576018,0.0043394333697733024,0.9945843559469087,0.9813836815630858,1.007015379773259,0.0013220408834474086,0.0004496411954850014,0.0021830583116115407,0.0008733906536022599,3.912229817681338e-05,0.001867109246342008,0.0020582262863085843,0.0010218736682836395,0.0030436043613319345,-0.001000978628237631,-0.003331595691132124,0.0013272680358529724,-0.0001274817029311644,-0.0014805268476604171,0.0011162913576286627,7
raw,translation,real,3,endpoint,0,0.0,1.0,0.6850503019240232,0.6701684234474111,0.6988046358444499,53.369387723264545,51.265644298070875,55.05355117708553,0.021930719466140218,0.013308898162376494,0.03177924849173632,0.0314630094863374,0.024563161841971548,0.03975625272360044,0.9479683554608721,0.9167516253409789,0.9766538449765729,0.009571745728972366,0.002576090099671434,0.01658920471202355,0.01235897373716785,0.00821920148361556,0.016878534805732953,0.021590905385113383,0.012953636073235809,0.03158303841344569,0.006382954946402937,0.0023189289575204996,0.010268833045477172,-0.0008739963409053544,-0.009970725671014008,0.006789596327749587,7
raw,translation,real,3,endpoint,1,1.0,1.5,1.2646657980482523,1.2615319175549666,1.2677315467137285,98.48481525520516,96.21610952240778,100.24058511820631,0.019472334166248734,0.015668280782386298,0.023839223671235605,0.029705782530226287,0.025177058903924715,0.034012435484931235,0.9575189367257655,0.9326764678916065,0.9823579413257126,0.008073643597446578,0.005188854971818091,0.011387968275476648,0.011398690568802156,0.00938262078306903,0.013410312573436032,0.01954844688781556,0.015637871896955792,0.02435613629156693,0.0029210848642020515,-0.0026572468231337884,0.009406733832391398,-0.0026989004961172854,-0.007272156164033615,0.0017313650254133443,7
raw,translation,real,3,endpoint,2,1.5,2.0,1.7616620266140657,1.7594377839941504,1.7642415323117864,137.1852260078318,134.03608082275824,139.49413859012722,0.014611484472093964,0.01067249772732568,0.01901622462797728,0.01966516430905308,0.015073230077366337,0.023928094175900357,0.9602151896716741,0.9413171885271793,0.9758062400902555,0.00803633487737187,0.005331037450651639,0.010741320004073667,0.006575149594722092,0.004024764094503704,0.009458220163291864,0.01460459156987916,0.010432866976830206,0.019401849212266644,0.0005142454514594358,-0.006022541057414664,0.0064901151823764675,0.002625161061330848,-0.002919775677626564,0.008382719416823576,7
raw,translation,real,3,endpoint,3,2.0,3.0,2.5313615467977866,2.527908431208523,2.535906560502042,197.1143375529924,192.68237438012002,200.2157019255266,0.006933735831076389,0.0032608576045718516,0.0101060520430522,0.008390530445971952,0.005961689886585264,0.010862070964021447,0.9761954746985075,0.9593462890906845,0.9942932012773827,0.0013003844810524554,-0.0009724477161576722,0.0035301578296789466,0.005633351350023933,0.004042731170053463,0.007177744470688112,0.006870043011121903,0.0031456542326661284,0.010116289452822617,0.00015729225933980656,-0.002945726816830721,0.0035424389898539048,0.0009839533803955695,-0.0013031675197336383,0.003030281229846486,7
raw,translation,real,3,endpoint,4,3.0,4.0,3.5205654993657136,3.5173839158520566,3.5237486636543536,274.1576139958666,267.87853956476926,278.77872125117597,0.0009008514037037211,-0.0007972495978675494,0.002577757331246039,0.0007643372557618971,-0.0006313114173931314,0.0023367587299301436,0.9941235826899197,0.9697311127250511,1.0147439779233556,-0.00215393400123837,-0.0032130538336955666,-0.0011384354718902351,0.0030547854049420902,0.0014890721471903573,0.004578307079285688,0.000988532362421512,-0.0006330538075216893,0.0026801868559695554,0.0018428241651001626,-0.00024008708959506785,0.00401480341769199,0.0017047351054372366,-0.0013319380633084142,0.004719139781931685,7
raw,translation,real,3,endpoint,5,4.0,6.0,5.05336843697686,5.046512024743017,5.059318893212682,393.5117938218422,384.5904320530147,400.11352653454384,-0.0017517729934491031,-0.003653955628035061,-2.633724425362372e-05,-0.0014685087368890304,-0.0035288705662677292,0.0009500684314824022,0.9938807555004994,0.9812392398522755,1.0072672061691428,-0.0019508912752146405,-0.0031104911077212585,-0.0007906469536698008,0.0001991182817655374,-0.0012466377026863263,0.001549608096614896,-0.0015696696066394872,-0.0033837451635545285,7.528708249818837e-05,0.0025828843432927342,5.0054592784151025e-06,0.005227653824310316,-0.0010998391066456678,-0.0035728317790047516,0.001982557916314852,7
raw,translation,real,3,endpoint,6,6.0,8.0,7.042288651229225,7.0357800118364855,7.048724317184692,548.4016147392858,536.0868689573917,557.6021656518566,-9.321038128617154e-05,-0.0012675760675332811,0.000997203395863141,0.000953904541501776,-0.00045955645103440754,0.0023962584084388405,0.989479929468909,0.9828288941251193,0.9967303784734544,-0.00018580280739531174,-0.0006607578522314152,0.00021855918966428756,9.259242610914004e-05,-0.0010829935814417916,0.0011298837927995623,-0.00016431707226782392,-0.0012781922759848394,0.0009094497673424167,-0.0002941510649225854,-0.0013952891062508448,0.000901840069874058,0.00028901526627961294,-0.0006276146342951052,0.0013931050753731836,7
raw,translation,real,3,endpoint,7,8.0,12.0,10.074432286497025,10.067293018540207,10.081723426987498,784.510871514697,767.8223929987688,797.3576994076009,5.7507679002370155e-05,-0.0009421230395210857,0.00105165006015795,0.0010232831312428647,7.017382757780093e-07,0.0021206249206159023,0.9978753217062918,0.9854122579434386,1.0095147984547974,-0.00031242977279965096,-0.0012002706361175064,0.00048098021654256106,0.00036993745180202096,-0.00027696024237758944,0.0009918323468733764,5.9836249976190315e-05,-0.0008852462716217256,0.0009314021992648849,-2.6926503524875225e-06,-0.0015028942350319085,0.0016113857556724128,-0.0003107071579851201,-0.0012476350693473646,0.0006706059195672567,7
raw,translation,real,3,start,0,0.0,1.0,0.6834820987515736,0.6710734109289329,0.6962007068125551,53.246956914172735,51.241669910344385,54.845825104492675,0.025291522019670266,0.0162913708421476,0.03490442187862273,0.032625921360073244,0.025487468997910125,0.041313082345008315,0.9460821808626071,0.9146987747865019,0.9744762677198234,0.014015698460140833,0.00801776819601506,0.01962359067274427,0.011275823559529427,0.006275266362416573,0.016651993982039596,0.025055343951117574,0.0160467228379817,0.034565806612568556,0.006378749143087157,0.0006239022803184423,0.011750502260132845,0.00034541925680815517,-0.009407721592843492,0.008080666216108525,7
raw,translation,real,3,start,1,1.0,1.5,1.265460585968235,1.2628640371295858,1.2681615600377665,98.54689768191864,96.29282302043364,100.30472618816717,0.01783029127717967,0.013545829475476076,0.0232664518171215,0.029047109432355674,0.023801015353834908,0.03431595025081753,0.9598442691890224,0.938652273881135,0.9787073577173999,0.006633507182095413,0.0024278507330068935,0.011331624040163999,0.011196784095084258,0.009152520111584645,0.013374267101915416,0.01790071828511066,0.013557364398384494,0.023476062183364836,0.0030508752352759994,-0.003704675786303248,0.010596642241740605,-0.000659206269391235,-0.010206492735423043,0.008858860202542672,7
raw,translation,real,3,start,2,1.5,2.0,1.7615165632724765,1.7599611778922206,1.7634186948836812,137.17467678691065,133.8708305685045,139.5117414023814,0.012810166278578436,0.00761950902549594,0.01838138031562123,0.02001121816756093,0.016274741342774936,0.023431693820106674,0.9632895872275206,0.9449682667192999,0.9784526383286316,0.006719495928671402,0.00387213771863867,0.009644851399009183,0.006090670349907034,0.0034501647648201342,0.00903189936646184,0.01270445850386931,0.007251464257089786,0.018317506497273865,-0.00167356413803605,-0.005742925265719242,0.002927147631797441,0.0007719223475766421,-0.004360096418470029,0.005314068658138491,7
raw,translation,real,3,start,3,2.0,3.0,2.531468931435108,2.5282148518835115,2.535604281837147,197.12261492931398,192.70462820405967,200.26340817608937,0.008156621840040111,0.004612357196980235,0.011299557898930012,0.009010076459727767,0.007018306805380737,0.011507852476077598,0.9738864828609664,0.9596448135797198,0.9891009579216858,0.0019325395392658998,-0.0005399051851707635,0.004382132420339127,0.00622408230077421,0.00455667891568415,0.00789148568586427,0.00802193989162475,0.004375747465476147,0.011385333699612504,-4.1174171860580796e-05,-0.004623557738642532,0.004933513428280877,0.0017555014544805084,-0.00034216124902053873,0.0038698938297303557,7
raw,translation,real,3,start,4,3.0,4.0,3.5205194775380773,3.517170864812195,3.5236060390065935,274.1532737387426,267.62035548551927,278.7728383554922,0.0003052156330157996,-0.001428513364291249,0.0021844289782165273,0.00010118668872310317,-0.001496693772381354,0.0019068234361782007,0.992947764065493,0.9696662019743458,1.0131727106176658,-0.0023807109121062597,-0.0038192895290907257,-0.0010911514712163642,0.00268592654512206,0.0009493595012347668,0.004355175713894385,0.00038562764945255075,-0.0013919740234387985,0.002261383064942869,0.0018067727754384755,-0.0004073854354710223,0.004217384603998846,0.001386305650482244,-0.0004507429480135874,0.002789040666534251,7
raw,translation,real,3,start,5,4.0,6.0,5.053323562934443,5.0466761664088065,5.059157299134427,393.50863697836564,384.61070530555173,400.1173262022257,-0.001790845826381116,-0.003582032599118086,-7.841905971836451e-05,-0.0015210065673834773,-0.0035959161946846536,0.0008541554791543822,0.9925747590902899,0.9802718340436866,1.0054725594806482,-0.0018690649188837381,-0.003044388861101497,-0.000717118139621712,7.821909250262198e-05,-0.0012227154246761088,0.0013796907742861474,-0.0016265280374791798,-0.0033321450706358577,5.372368682370546e-05,0.002382543615955194,-0.00016696315901762592,0.005024326325891435,-0.0010683880162135017,-0.0035970336908599343,0.0022901278616255733,7
raw,translation,real,3,start,6,6.0,8.0,7.042209748274673,7.035513793108756,7.048531415909022,548.3953370094858,535.7284707508209,557.4297500235549,-2.6590642154560468e-05,-0.0010599854305697986,0.0010702221617026422,0.0010051518052759838,-0.00032205387254478744,0.002366731550252536,0.9900896543395267,0.9831517293469096,0.9967220932043641,-0.000191380497747682,-0.0008138717899030892,0.0003097525924141074,0.00016478985559312116,-0.000991579266199759,0.0012252010276889193,-9.577095491252741e-05,-0.0010712746795969808,0.0008785760850755451,-0.00015879462609953195,-0.0015460830753700762,0.0014604813522152518,8.590107633448844e-05,-0.0009565257079359368,0.001247566708372107,7
raw,translation,real,3,start,7,8.0,12.0,10.074204734349452,10.067386017803914,10.081334117101832,784.4928752807156,767.3748828478766,797.4720128903128,5.738714677347276e-05,-0.0009275935046006245,0.001091849141350906,0.0009772109233511202,-4.356123575342956e-06,0.0020665404101184873,0.9971287051087343,0.9846999675183312,1.008728882324574,-0.0003053681103955514,-0.0011359000274022534,0.0004935529017715912,0.0003627552571690243,-0.00028203654213587417,0.0009984532918248562,5.5038968629417964e-05,-0.0008572504027280339,0.0009904768374026976,-1.0293274472391748e-05,-0.0016117398282799295,0.001478915969975406,-0.000347584254082661,-0.0013365521715913203,0.0007406597987681075,7
raw,translation,real,4,endpoint,0,0.0,1.0,0.6833154591718581,0.670710682307396,0.695943704937693,53.24921605949369,51.25801809434852,54.83604693151212,0.018496167044229968,0.01318811423880002,0.025465233448425086,0.022998298352049387,0.016484786139035902,0.028865527352452045,0.9543344359809083,0.926652145221445,0.9840928645711535,0.008854517228199412,0.00450658709527937,0.013162416999135841,0.009641649816030553,0.006538762037141796,0.013670877291270766,0.018927933806348378,0.013548031060456751,0.026220962202455917,0.00999370511428117,0.002292303424351599,0.017551172267054323,0.0018164545290883381,-0.011161638645524512,0.015436585452477487,7
raw,translation,real,4,endpoint,1,1.0,1.5,1.2654648744826347,1.2630216750246102,1.2681716576810182,98.5744781033045,96.34263309784977,100.24472689957895,0.019613377006440225,0.014517284931000518,0.025365323841977348,0.02395550986503308,0.018788458691809867,0.027071211980042642,0.9589781491843187,0.9402978973045397,0.9779316945237315,0.011864389774307954,0.008024010168817545,0.016368306169359605,0.007748987232132275,0.0046064411047979925,0.011359471137048563,0.019405553506170976,0.014331721082412993,0.024768655075746427,0.005236829809359927,0.0008665496623558401,0.008413225011911624,-0.005168007121071144,-0.009984119033376374,0.001379930759688227,7
raw,translation,real,4,endpoint,2,1.5,2.0,1.7616518816547995,1.7600562187416064,1.763597707285905,137.2240746504843,134.14858176561648,139.4839409954666,0.012644958874625594,0.006734685456616805,0.018827459297051215,0.015440028926729505,0.011697250261679696,0.018735415436638054,0.9602260475204967,0.9392303088489975,0.9788932755773505,0.005919490233259431,0.0024431951319934904,0.009057821274791903,0.006725468641366162,0.0032726965549157373,0.0105925287112666,0.0126913652268619,0.006889332349239734,0.01881087329147682,0.008446783756042632,0.00392723446437474,0.01328545458955364,-0.0023089452649760283,-0.008992304579331704,0.003275121551837253,7
raw,translation,real,4,endpoint,3,2.0,3.0,2.5314343905679486,2.5281050052537397,2.535462718337063,197.1753602766863,192.81899215678774,200.12353448670646,0.005670197538747704,0.003358450271923232,0.007881637464285522,0.009519632671399566,0.006587646804943739,0.012226512570208011,0.9769526939022908,0.9615010744808662,0.9938004579635233,0.00187049739799195,-0.00036929544716941457,0.003919795451738677,0.003799700140755753,0.0024782827328792686,0.005224931746666415,0.005928198841615655,0.003461968416114499,0.008184189528466414,0.0034873097421083796,0.0014903660618157178,0.005685660425085447,0.00018157457399102815,-0.0035262861053163967,0.0034328205948620646,7
raw,translation,real,4,endpoint,4,3.0,4.0,3.520585063973057,3.5173333400201248,3.5236852458711643,274.2347352179612,268.00075924572036,278.6818308901043,0.0015684725704860607,0.00010431980386786522,0.003267493926204364,0.0005342092723078913,-0.0019479705450549734,0.002931717079045344,0.9924862868262174,0.9696837641507351,1.012440770645604,-0.0006462226217344411,-0.0020942151132102,0.000809203236770655,0.002214695192220502,0.001064568524997139,0.003527037118978563,0.0018249381502868773,0.0002512127761695105,0.003576271673423921,0.0036012663103170877,0.0013022295973914087,0.005467456878342579,-0.0009945175695779617,-0.0030672484845138985,0.0007485176883194796,7
raw,translation,real,4,endpoint,5,4.0,6.0,5.053250343615018,5.046544824997765,5.059186379085346,393.6129172712397,384.8082384657814,400.036697082428,-0.001260555360611005,-0.003059481683649385,0.0005106524439500046,-0.0016527155167634856,-0.004588023960058157,0.0007706482114534428,0.9926489147092222,0.9783661597057955,1.0066344729724965,-0.0022642159405013886,-0.003934367999742551,-0.000588103957721716,0.0010036605798903837,0.0004154569009240471,0.0016270016987092867,-0.0011856961166250494,-0.0029627543639847956,0.0005822529681926049,0.0006170444436611214,-0.0018406964902349906,0.0033084705729835707,-0.0003519107316382203,-0.0017649232274047871,0.0011221626467237487,7
raw,translation,real,4,endpoint,6,6.0,8.0,7.042142814746162,7.035365954992085,7.048490721816075,548.5433969129768,535.6480570922573,557.243949770403,-0.0008651375651551956,-0.001993135091608749,0.00026847558266160013,0.0005834896935254892,-0.0021973871194965766,0.003165598644155643,0.9906437715258416,0.9839259798897318,0.9968314860815838,-7.060263650376377e-05,-0.0011064599185828282,0.0008460008875978213,-0.0007945349286514319,-0.0014362953832329592,-0.00028731184627301065,-0.0008687061726666301,-0.0019905860895122777,0.00021512052197258577,4.7219912621387075e-05,-0.00161187081846628,0.0020290381382226936,-0.0012488742996004175,-0.0024304612280199385,-0.0002067619270633738,7
raw,translation,real,4,endpoint,7,8.0,12.0,10.074288470786229,10.067210918322525,10.081573722365096,784.7191250602103,767.0007859913183,797.4076765535277,0.0005440805787872082,-0.0003274939951866566,0.0012499451274541776,-0.00012346391722401105,-0.0017532740875971081,0.0010526205291486125,0.9969363590432883,0.9831544406592788,1.009047621116633,0.0004059508867796671,0.00010062568362505546,0.000794957237516135,0.00013812969200754124,-0.0006378525989927579,0.0008781185611340942,0.0007753314511294732,-7.311060102899371e-05,0.0015568645349643905,0.0010633154860813392,-0.00011666749114736984,0.0020222581941947274,0.00042189134668427333,-0.0005288851240630015,0.0015366890898770827,7
raw,translation,real,4,start,0,0.0,1.0,0.6818873312172725,0.6708325398929572,0.6926589722101476,53.13626561738109,51.17765490622372,54.633637887113196,0.01678594047180595,0.011256286028314104,0.023361402085315317,0.02344842995226668,0.014923699608505842,0.031054579774578865,0.9576249586709863,0.9287817963917464,0.9866017953865384,0.008817164615405174,0.005281787661848202,0.012712391396295729,0.007968775856400778,0.00443675255151636,0.012273172637651014,0.017223960777714736,0.01144484826622499,0.024188206052399106,0.00860640593896191,0.0029018605527519,0.01605408982806754,0.0020455162445863584,-0.007400454579762293,0.01189410224222444,7
raw,translation,real,4,start,1,1.0,1.5,1.2662500163671775,1.2637977237468232,1.268418618698314,98.63501457434897,96.47614106449502,100.26371759186522,0.021477077793575366,0.014923058314255914,0.028182280518789994,0.02342798318565484,0.017007613278664315,0.027545798493049303,0.9558413632109567,0.9367940658329544,0.9778938268391093,0.011713754403646562,0.0077011780286693355,0.015107155179722383,0.009763323389928804,0.006500500029420114,0.01391816954712823,0.021593015116690144,0.015121791534471173,0.02793189513096984,0.008478652045948372,0.0034105476066486054,0.013380737465815888,-0.003911849449732152,-0.008528119337701765,0.0007131171498797466,7
raw,translation,real,4,start,2,1.5,2.0,1.7617464648179577,1.7603943413113947,1.7632535550342183,137.23256912977635,134.0141160393059,139.54815935138893,0.013318464754205613,0.008134146186910225,0.01884093388994603,0.01611254736770915,0.013434676056471013,0.018597504397867837,0.9615681105101482,0.9408633683441269,0.980708536926139,0.007672885878941109,0.004502058009282824,0.010629573169410184,0.005645578875264504,0.002685630282444251,0.008911146773637251,0.01316466743998498,0.00817782538968514,0.01863396278176826,0.003563120160275495,-0.0006093235613143751,0.00857303744379159,-0.0015829260051145014,-0.006719990051332771,0.005389380713890528,7
raw,translation,real,4,start,3,2.0,3.0,2.531949318550552,2.5292509572731237,2.5354613085258224,197.21567690370043,192.94706786014186,200.26370529191007,0.005044836700195536,0.0028709192936369537,0.007335348320301487,0.009633054649027735,0.006934405429775812,0.01212142483854676,0.9759718816604627,0.9608888197140706,0.9919116240228052,0.0011689914612511986,-0.0009615826831614342,0.0032267993170889686,0.0038758452389443384,0.002485122386875277,0.005293284378283491,0.005260761015489043,0.0031644007388934555,0.007586220948244063,0.003239895432751411,0.0013505841754893266,0.005366928060281824,-0.0001944755982298594,-0.004274258131191778,0.003747554945590163,7
raw,translation,real,4,start,4,3.0,4.0,3.520451390986898,3.5175035124135827,3.523430456433247,274.22326034908764,268.0222840307532,278.66055291212285,0.0013782736603001181,-2.8689971073333987e-05,0.0027990628695946816,-0.00012191635751142383,-0.002781139794713215,0.002624384146920718,0.9915657206803983,0.968751997198928,1.0124368924699287,-0.0006418071593904023,-0.002126604243769825,0.0006798652408316376,0.00202008081969052,0.0008453980071260556,0.0032616243615215088,0.0016751101378423012,7.15425854757765e-05,0.0030605385817156863,0.003749260767244324,0.0008672627188038033,0.0062358142332738144,-0.001803648468956255,-0.004469306656606563,0.0007579797156690252,7
raw,translation,real,4,start,5,4.0,6.0,5.052869663066079,5.0467419761196775,5.058533515172432,393.5832594681973,384.93742982781026,400.0109629069648,-0.0015194281591865751,-0.003311691149732981,0.0001670333660860845,-0.0015476058460540479,-0.004366953050970977,0.0008491997763552824,0.9915097047175416,0.9775628261715511,1.0056123926923872,-0.0023976023574058146,-0.004017385721656894,-0.0007894903834592865,0.0008781741982192394,0.00027211272979660734,0.0014881513144260577,-0.0014341728433583838,-0.003163694581576455,0.00017714103362798293,0.0006776176658178387,-0.0015369107992432706,0.0031797739897942456,-0.0003592184578286767,-0.0017433802275625793,0.0011412674119649037,7
raw,translation,real,4,start,6,6.0,8.0,7.042084358140536,7.03563494041193,7.048214574692259,548.5385459882124,535.7089870965133,557.3114849610577,-0.0005250769096002297,-0.0017601163586292937,0.0007992782900491975,0.0005190866445376076,-0.002189336072530279,0.003058571355238185,0.9898065960958704,0.9831363007638778,0.996008147842594,0.00012696162179748064,-0.0010161073919668583,0.0011286690923264702,-0.0006520385313977113,-0.0014671182256704922,-2.502247372770204e-05,-0.0005470370406571891,-0.0017435356247344322,0.0007203319222989988,-3.3488244960104205e-05,-0.0016714299502934168,0.001886819894660107,-0.0010497814479422248,-0.002028751963631427,-0.00019187341666520964,7
raw,translation,real,4,start,7,8.0,12.0,10.074142190624869,10.06712546041524,10.081367358038978,784.7065195404006,766.7048281657765,797.2292678675913,0.0005036750545559934,-0.000320554007195412,0.0012440470261555,-0.00011700458014890317,-0.0018094074657613525,0.0010556812025077455,0.9967462624116142,0.9838377754451259,1.0086370698777793,0.00033255953278151597,-4.787091976373099e-05,0.000771984812105971,0.00017111552177447744,-0.0006740179603207636,0.0009283718058212334,0.0007451549420360168,-0.00011078620181339775,0.0015132038472026857,0.001142451589261434,0.00013057904957676755,0.001997857830864284,0.000268534385195745,-0.0006285107090925111,0.0012717266098020534,7
raw,translation,real,5,endpoint,0,0.0,1.0,0.6817412228399989,0.6697238301919952,0.6930146225762389,53.159717318021684,51.19795038162181,54.65533687323157,0.010107307949971046,0.0028282369176088635,0.01861143958389325,0.010983474910784602,0.002545960429105725,0.02004756051158663,0.9635815418181322,0.9384093214767982,0.9885929955429782,0.0035484305211263382,-0.0011207295344650113,0.008629281119330855,0.00655887742884471,0.0019976416354464724,0.012153070308983252,0.009684097391306294,0.0020840859248356432,0.01824863477238085,0.005067851437089309,-0.001839636475748693,0.012493004419857732,-0.000917426178225564,-0.009321447142865608,0.006702764688539327,7
raw,translation,real,5,endpoint,1,1.0,1.5,1.2662564389612576,1.2637880399782038,1.2683649331735736,98.69929200117076,96.54824491407359,100.35076934629625,0.010126448473740989,0.007888202058911586,0.013131288969498594,0.017848118061418,0.011074928035925207,0.024099306085464085,0.9681977787332938,0.9455199710329103,0.9931411457818998,0.004935450213826011,0.002466347749580686,0.007225422535879398,0.005190998259914979,0.0025895757433865895,0.007574932903560816,0.010232945688166097,0.008070557415673902,0.013135563432049566,0.0032656560351114155,-0.004337455942715207,0.010947594368053619,0.0009195128514553282,-0.004006752766619283,0.006324597431604585,7
raw,translation,real,5,endpoint,2,1.5,2.0,1.7617871075788523,1.7603920976398348,1.7633548289611525,137.3250232367031,134.18874965404203,139.61094022173748,0.006269715965638574,0.0023701464545453957,0.009721572359398106,0.013741677701649585,0.010532509446613261,0.017108304759828406,0.9647070127184537,0.9474426054367022,0.9832024206959682,0.004319422447497805,0.0019379391485363268,0.006679221279916914,0.001950293518140769,5.069523519207641e-05,0.0036257674156890416,0.006499089890414307,0.0027407587639677977,0.009886400879192814,-0.0012763320969136189,-0.008499958375500103,0.006284369993318317,-0.0046745206612451495,-0.009039531990093564,0.0001880861592638888,7
raw,translation,real,5,endpoint,3,2.0,3.0,2.5319263186792953,2.5292331824071694,2.5353840538645165,197.34231937985706,192.893319596966,200.28918206971994,0.006683227040990481,0.003925302404854792,0.009193022896496181,0.010731208700431025,0.006162686358607575,0.016662540713583484,0.9774043655561674,0.9631559688083308,0.9928336077685598,0.003434944950121903,0.0007792349714893789,0.005884038422814676,0.003248282090868576,0.0016428865274642625,0.004675313878618325,0.006851317150266955,0.0040906509053846365,0.009469927982111917,0.00233549733338398,0.0006369615193696896,0.0037770987779601503,-0.00040667268962674895,-0.00467446088564694,0.004197627605965387,7
raw,translation,real,5,endpoint,4,3.0,4.0,3.520530833185392,3.5177182276875207,3.523484793362882,274.407178561854,268.30677770256113,278.8461825497638,0.0034251841727644173,0.0018325602401267726,0.005099484638663483,0.0048674931639126635,0.0003339987422136165,0.009105223699370139,0.9909946898281569,0.9666787582143728,1.0117623601050811,0.0006277394429499138,-0.0008177042491361687,0.002030081889463704,0.0027974447298145036,0.0009408601709860883,0.004492258057966078,0.0033167921303163535,0.0017066761944877634,0.005034793218406388,-0.0013459700651231037,-0.004051627520905084,0.001114185066008455,-0.0035004634283517344,-0.006005005917938135,-0.0009774304984405387,7
raw,translation,real,5,endpoint,5,4.0,6.0,5.052743578431607,5.046217336097948,5.058354885361296,393.82903922204576,385.18381878888295,400.1283198085881,0.0007477662419718093,-0.00140707923906916,0.0029097903193003338,0.0007444279835662986,-0.0032934390541467357,0.004991055470726554,0.9912232275689438,0.9787208117629781,1.004546220788565,-0.00039679956769174434,-0.0019839927735515457,0.0013419288252922974,0.0011445658096635538,0.00032318346444655446,0.0019499260519340244,0.0008039661282516899,-0.0013406061001093607,0.0029730994725319705,0.0007729137396728763,-0.001464303756706348,0.0028426913328400564,0.0002812052407749798,-0.002181797912967784,0.0027752282301400704,7
raw,translation,real,5,endpoint,6,6.0,8.0,7.042001159776575,7.0353639019322,7.048471100341611,548.8883627893557,536.6778742208307,557.5582306000027,0.0008305555405231138,-0.000800598168502418,0.0024798860082704275,0.0007058201927528657,-0.001622830040069276,0.0033052055720352025,0.9885742192582095,0.9812566800706601,0.9961968763566116,0.0004064652568045728,-0.0007240271187114361,0.0014674413571256215,0.0004240902837185408,-0.00018385714447152762,0.0011401841922048573,0.0007964763529401104,-0.0009136109746656528,0.0024995656505511603,0.00011126041353661275,-0.0024500923401775086,0.002579401605636886,-8.837979425208542e-05,-0.001020707180827933,0.0009365993880429519,7
raw,translation,real,5,endpoint,7,8.0,12.0,10.074201624363528,10.067320865896232,10.081367434920177,785.2206170268718,768.1584680584308,797.522891773721,-0.0001303584080913304,-0.0008264084667683285,0.0005348415092986966,0.0006881477796906963,-0.0009103538954785333,0.002319231584312538,0.9976756963140032,0.9837724855005341,1.0102762570709667,-0.0001274568789949075,-0.0005601577246905017,0.00016746771335745349,-2.9015290964229407e-06,-0.0005764932347596655,0.0005223999405693042,-0.0002002620550187656,-0.0010416849356565622,0.0006800642381344874,-0.0006660111178954534,-0.002250277302497799,0.0008751750277353261,0.00038907774931024134,-0.0010164654425917437,0.0017162671877962,7
raw,translation,real,5,start,0,0.0,1.0,0.6798352167400603,0.6697441106814525,0.6894409648889431,53.0092198229227,51.14792595793836,54.42661429288512,0.008712100305730299,0.00241794870642305,0.01675391750082718,0.010853933627407076,0.0027116965926859736,0.020215249217471126,0.9689701311916222,0.9426588828966025,0.9952046702543822,0.0032521008976292487,-0.0011587975217296487,0.007504441261232731,0.0054599994081010505,0.0013207128709306346,0.010504744395119432,0.008501469567689409,0.0023086607147132874,0.016762477994573678,0.005411640837934795,-0.0018742999622469198,0.014629965188819332,0.0014888113717240632,-0.010053116856898412,0.012962546135974076,7
raw,translation,real,5,start,1,1.0,1.5,1.2668896785477153,1.2649267071740264,1.2685328918966297,98.74601985978336,96.62502406233367,100.3112461853747,0.011349968545042948,0.008515276224413565,0.014576417565153179,0.018170225388893558,0.0123607189735568,0.024056591408361434,0.9637515607032114,0.9451610537094813,0.9843369465058718,0.005445540134895952,0.002891924067126249,0.007862603672272452,0.005904428410146999,0.0028114318142601824,0.008699747587017682,0.011289304453042113,0.008758733337740828,0.014212674403913123,0.004155032228527565,-0.0029487773208491243,0.01135990291936601,-0.0012083715401178298,-0.005631813704990537,0.004313500472308207,7
raw,translation,real,5,start,2,1.5,2.0,1.7621166954960839,1.7608692480923156,1.7634062673550797,137.34907639958337,134.3080349086951,139.5696487514618,0.007320397650355903,0.004977257641491209,0.009953071154049227,0.013745592350839424,0.010793675723922546,0.01667593773175499,0.9674153735518441,0.9524662732059923,0.9815509249598164,0.006120876486956834,0.004832632430494024,0.007419510134513222,0.00119952116339907,-0.0004905134932829065,0.0034357894060571908,0.007429816957491728,0.00542191277385457,0.009892826181654522,0.0006104013045712618,-0.007137559659330649,0.008234179516051498,-0.003538883131658014,-0.008453940689256733,0.0016222114237334718,7
raw,translation,real,5,start,3,2.0,3.0,2.5323093142836295,2.529666760895029,2.5354177734222,197.3719928520142,193.0736530230732,200.32401534402268,0.00640379096310508,0.003518541078516519,0.008995539407137624,0.010393568687426242,0.005437381995913544,0.016621032968822745,0.9752365471155418,0.9617022795014308,0.9915369897794072,0.0031427716778117923,0.0007716077696084515,0.00561444255790551,0.0032610192852932885,0.0019782814916301746,0.0045542539897111016,0.006463599180976622,0.0036192266033279667,0.009211624467354037,0.0011835408436217977,-0.001551751387956185,0.003669663530616768,-0.00042034749827052034,-0.004299455884933605,0.0041845240926558,7
raw,translation,real,5,start,4,3.0,4.0,3.5204707612110435,3.518041870242645,3.522946465566247,274.4026069638706,267.99782669254955,278.7488224714635,0.0035897765268189294,0.0017275627033319523,0.005589603113357947,0.0051795734944986805,0.0008421654186461669,0.00956689726772143,0.9900262103780145,0.9673468339654778,1.011233017254862,0.0008101445519619543,-0.0004510464400230199,0.0019940469232237854,0.002779631974856975,0.0007508480967979612,0.004589597415539792,0.0035238067062950164,0.0016268937308192067,0.005495742998425404,-0.0008146754985561642,-0.003148328995238708,0.0013512095598393044,-0.003187822992282757,-0.0052701237141256985,-0.0006235801649108737,7
raw,translation,real,5,start,5,4.0,6.0,5.0526872311156685,5.046249158360859,5.058221168852431,393.82494250433535,385.2583818347603,400.24636533556935,0.0005500874523747943,-0.001507636842339366,0.002543747286890418,0.0005791123539793258,-0.003435174725747847,0.004837168636800021,0.9895871147624483,0.9769872183745572,1.0030267425051191,-0.00045011164354339425,-0.0020274079930187885,0.001123501755533104,0.0010001990959181883,0.0001975730318993243,0.001752891625753401,0.0005730902654908366,-0.0014906857702335337,0.0025482494740809696,0.0006035675484703926,-0.0013414201900577686,0.0026900117943148183,-0.00013495358774512969,-0.0024173315826311434,0.002297559826630164,7
raw,translation,real,5,start,6,6.0,8.0,7.042276595186701,7.035789612979519,7.048481242537037,548.9093143626937,536.559399625207,557.4958552446235,0.0009420063546808352,-0.000767539834531787,0.002703955317481815,0.0007817828488516541,-0.0018023075892716,0.0035879371346769213,0.9889262919896852,0.9819589616974661,0.9962940401813107,0.00038797303577542977,-0.0007274597146619091,0.0015516187828708036,0.0005540333189054048,-0.00015385982684388194,0.0013221934152169645,0.00090118840253075,-0.000971924828264219,0.0027826785478646393,-8.30723496653645e-05,-0.002515202988582742,0.002520046616683023,0.00010141527687390823,-0.0010167652639348221,0.0012903556111622558,7
raw,translation,real,5,start,7,8.0,12.0,10.074138024250503,10.06714124306252,10.081357377807958,785.2153983507818,767.9445938358314,797.541076466398,-0.00014780964106909917,-0.0008892633246894625,0.0005482306597015394,0.0007068485784271018,-0.000794143956339502,0.002253845519419966,0.9972042322694048,0.9838562654833076,1.0098884509290547,-0.0001332239246629211,-0.000607373573921591,0.00019480028208811875,-1.458571640617816e-05,-0.0005749255218753858,0.0005199193284800824,-0.0001915319843542355,-0.0011006264091472145,0.0007168219246755754,-0.00048619270261935585,-0.0020615305417817985,0.0010706024441502707,0.00039056475492633714,-0.0008902096060938429,0.00150873079398974,7
raw,translation,real,6,endpoint,0,0.0,1.0,0.679694096752626,0.669975750035256,0.6892553471326555,53.024301565472165,51.197746901931,54.41254761578042,0.007629327878046189,0.0019473624128394072,0.013051464101616462,0.012335555483608682,0.004558236236850849,0.019688232325574793,0.9651547931403487,0.9341900904414038,0.9969945473175214,0.005824110086926521,0.002299518183762035,0.009019022242780663,0.0018052177911196676,-0.0008002183508070873,0.004756618757263356,0.007743108983658126,0.001565789812577014,0.013836838579727997,-0.0007347536831737296,-0.015015553770323053,0.012045632933429803,-0.007462281728862863,-0.01784376543127878,0.0031072603567328925,7
raw,translation,real,6,endpoint,1,1.0,1.5,1.2668251000403643,1.264665283848553,1.26858023114829,98.78884698759201,96.72022182026457,100.3374139169877,0.004741594247424019,0.00040641317645944574,0.009598614044164028,0.01008210212515687,0.005425967671924148,0.013683709818851407,0.970463640472841,0.9460605593919845,0.9964810316031192,0.002777535860945557,-0.00015559799469742,0.005765134814580616,0.0019640583864784606,-0.001457160911810308,0.005413943251305177,0.0049113774844760415,0.0001388479332610279,0.009991658491983944,0.005005397846275271,-0.001783647853527608,0.011246276268884307,-0.002506616073420796,-0.006973794305323887,0.0023171496525905455,7
raw,translation,real,6,endpoint,2,1.5,2.0,1.7621011547446805,1.760790717347263,1.7634723025741614,137.4144795422765,134.40662429419018,139.62184013138477,0.012364500774884752,0.008272027371108978,0.016827954697802256,0.01326910041710059,0.00509890252810116,0.020387571351029993,0.9649558736653155,0.9500826175238708,0.9852557074669009,0.006906895887118384,0.00531521789255963,0.00885311083752791,0.005457604887766368,0.002195783299305761,0.008723517684051534,0.012579396890951607,0.008379380304275267,0.017262516151527674,0.00504752344028606,0.0015501544673559328,0.008111443152328476,-0.004592782453894864,-0.010832690947610557,0.0010926414029148982,7
raw,translation,real,6,endpoint,3,2.0,3.0,2.5321681849734405,2.529493292062391,2.535194578834056,197.45711243158857,193.29937767055648,200.4034671960251,0.003812761645540715,0.0006325984672930281,0.007018920287951942,0.006327586209231383,0.0008022176255142009,0.011233991486658407,0.9795906357537992,0.9628518071490652,0.9974862028269766,0.0038292391814920335,0.001588199851554633,0.006308268672902169,-1.6477535951317508e-05,-0.0018602030525222025,0.001513591607108185,0.003841507328190957,0.0008255777811035994,0.006964005896587299,0.0007617151864132508,-0.0016186602549045279,0.0029537842719931408,-0.00127186278481931,-0.0049439673139955705,0.0016664216196950797,7
raw,translation,real,6,endpoint,4,3.0,4.0,3.5204768458073246,3.5181171494349748,3.5230995022590954,274.5361679365722,268.5169817901342,278.9351562496793,0.0037883073776575804,0.0016863686331903035,0.006084342703011937,0.004289729907447727,-0.0006186147725182216,0.008767904234758893,0.9881740352640358,0.9634166403578402,1.0100174650155302,0.0013946261754732338,0.000253063665542708,0.0027703063899934474,0.0023936812021843473,0.001014743985097033,0.0038662631048233084,0.004008105412592268,0.0020040240199935863,0.006311672616175317,0.002190133091014452,0.0008426527355086897,0.0035154471582084586,0.0012036481041148514,-0.001728949946962724,0.0045972246185045145,7
raw,translation,real,6,endpoint,5,4.0,6.0,5.05256684628039,5.046154009877433,5.0582002060997,394.0069449804807,385.3970807132186,400.24545025487197,0.000901984966204981,-0.0008303792260342056,0.0026788333227179806,-0.0008664912996571338,-0.0043004088242087285,0.0026288929362469396,0.9921779205377608,0.9803189904275266,1.0042411846079393,-0.00021227469748929235,-0.001288303599633269,0.0007969483442378225,0.0011142596636942738,8.259887622092932e-05,0.0021616730425762106,0.0008473546543484924,-0.0006958243298055874,0.002468661146318156,-0.0009037251515451986,-0.0032103713781204157,0.0016953503225407872,-0.0009797203202230706,-0.0019476853948071815,4.541204241164997e-05,7
raw,translation,real,6,endpoint,6,6.0,8.0,7.042200310754936,7.035825451240212,7.0484676358598515,549.1696587036357,536.5785948425831,557.7059221440969,0.00029861969147033837,-0.0006899275046925085,0.0011670869651583579,0.0001183303223730217,-0.0019468111596657276,0.002079253510476179,0.9892356112145165,0.9833620706312333,0.9951212290461899,-0.00043461950076799686,-0.0008494705027317372,-6.374234265112867e-06,0.000733239192238335,7.856058337103805e-05,0.0013300663859127065,0.00029989778743010054,-0.0008312642621256596,0.0012167630678899572,-0.00028827834518774947,-0.0024491900678409195,0.0015138472651989485,0.0020340560628162112,0.000533569760428086,0.0038642830789269527,7
raw,translation,real,6,endpoint,7,8.0,12.0,10.074189748839446,10.067243378148806,10.081441609504422,785.6006960908724,767.6725588336236,797.885314339035,0.000998851109165323,0.0004980283865671061,0.001505899928596611,0.00015909151409190258,-0.0013673882377813545,0.0016500774558581607,0.9971945314291063,0.9835364448444868,1.0097795052526652,0.0008088412657318351,0.00039214805295391186,0.0012071671536908017,0.000190009843433488,-0.00018952050132401687,0.0006059823826292379,0.0009311644799453473,0.000271102206729639,0.0014390795842732216,-0.0004038893900230722,-0.002163718461694273,0.0013804553796326789,0.0001369883526984906,-0.0009264473459328443,0.0013675046311484083,7
raw,translation,real,6,start,0,0.0,1.0,0.6782467352821663,0.6696432677274768,0.6871433104378575,52.91039447583806,51.25171751151982,54.261507709865164,0.009451859137799534,0.0019332899612880747,0.016418325955002006,0.014055620382119749,0.0057359052852060015,0.022020960600993712,0.9669177314776939,0.9392945595363131,0.9944006766229784,0.007373894726160861,0.0031551991260940597,0.010262099546462558,0.00207796441163867,-0.0022331283102804715,0.006534041341609255,0.009409478466739393,0.0016777399774352579,0.016863403597601273,0.00212989180818525,-0.008651197960923696,0.011114270720815129,-0.0028171042628918714,-0.007237657961567586,0.003086219241656002,7
raw,translation,real,6,start,1,1.0,1.5,1.2676652275808828,1.2663887602676567,1.2690351666509454,98.85280969583525,96.78517881715447,100.36888709277484,0.004271813886682086,-0.00024136361815536335,0.008406751555079542,0.009071217217288251,0.0034320202842281254,0.013821686511029921,0.9633112983212401,0.9422787011212764,0.9854543244525409,0.0024066751217638803,-0.000971331641370997,0.005206843944531929,0.001865138764918206,-0.0018453055116882855,0.005877896919417772,0.004470164001036528,-5.157990704478052e-05,0.008909275880835203,0.003462191185984762,-0.005791184568836506,0.012746638575820259,-0.00652071483662518,-0.01497627242013627,0.001625528992551851,7
raw,translation,real,6,start,2,1.5,2.0,1.762735429765541,1.7618346177575188,1.7638379829290793,137.46252596907956,134.28371028433415,139.6653064323452,0.01146406883941486,0.0064665731504044656,0.017388356105473096,0.012254361952459757,0.005498811444814733,0.019137510938797016,0.969102949424393,0.9538617986512845,0.9858265528631371,0.006795525793954252,0.004337095140797569,0.009937083746612835,0.004668543045460605,0.0012951883636416139,0.00795494513244294,0.011586665102189116,0.006635576757668768,0.01777888690711513,0.00417159126857109,0.0014991909774060162,0.00722768545943518,-0.002981594490117962,-0.008170536637170583,0.003295504950302406,7
raw,translation,real,6,start,3,2.0,3.0,2.5331807997538864,2.5305931533887858,2.535924181643936,197.53616637259296,193.32841317994556,200.43853029780016,0.004564210742999291,0.0015266507265460597,0.007668867561557908,0.006848419281409161,0.0011206180529326148,0.012007948190930824,0.9790790699523916,0.9635747474013329,0.9956582645774856,0.004350154263661396,0.002180611112461024,0.006710924066400258,0.00021405647933789526,-0.0017955806603100419,0.0017666452080641844,0.004626543964184579,0.0015983152269596738,0.007666446212965512,0.0016816588370337727,-0.00044366289180426135,0.0033608670079075978,-0.001436267218202476,-0.006086644083399016,0.0022431225206592776,7
raw,translation,real,6,start,4,3.0,4.0,3.5210856927080676,3.519171585722153,3.523204027045733,274.5824641892078,268.4198876499235,278.8988135881184,0.003249063929100193,0.001190569016368503,0.005345798344107207,0.004287820969274398,-0.0010035057121343938,0.00918904288831354,0.987819464034871,0.9623118974267578,1.0113129842043065,0.0009915214346580125,-3.788703647107947e-06,0.002105310045124132,0.00225754249444218,0.000786170577679715,0.0037143793778292005,0.003468312273091359,0.0014343169293293651,0.005631774924878645,0.0013930400261697093,0.00013899389417515565,0.0029843807542921335,0.0006695234456872069,-0.0029818655944236563,0.005072848484791995,7
raw,translation,real,6,start,5,4.0,6.0,5.052543187847318,5.0463409002157835,5.057990413675476,394.0045053140857,385.80146777036134,400.31716469326227,0.0006474299503243674,-0.0009133259081930574,0.0023382917725542638,-0.0011144126379347057,-0.004296051586868449,0.0022245990762373023,0.9905171185600757,0.9785739145633113,1.0028967833051028,-0.00026643435492620796,-0.0013115376083626018,0.0006522239202095843,0.0009138643052505757,2.3237820915339952e-05,0.0018533350967132693,0.0005714266657120077,-0.0008392349737843307,0.002110426748924135,-0.001060560349912979,-0.0033935222469612504,0.0016477818455712652,-0.0007035944836119802,-0.00177707593800935,0.0005966417840367878,7
raw,translation,real,6,start,6,6.0,8.0,7.0423019772380835,7.035863513773262,7.048413623335299,549.1766547543446,536.9427048820177,557.7113051637227,0.00046180059676925636,-0.0006750564456058903,0.0014682033633880828,0.0002432180666501422,-0.0019023860413923384,0.0022222908151058682,0.9895877398559509,0.9844929444714784,0.9946893999613219,-0.00037142495189850574,-0.0009534411891133614,0.00016194515258185078,0.0008332255486677625,0.00022616378266606933,0.0014076518973132077,0.0004943496516019149,-0.0007175767585533001,0.0014850305997807544,1.5360690003781395e-05,-0.0018392189702055495,0.001877366374330398,0.002176880519479324,0.0006627047060573757,0.003966746060328903,7
raw,translation,real,6,start,7,8.0,12.0,10.074226688033374,10.066987986108204,10.081284547610538,785.6028564095885,768.0212652500096,797.6354330536392,0.0009344237594187183,0.0003293096695524203,0.0014819871206776818,8.787467766092924e-05,-0.001499096609153806,0.0016953125048763007,0.9965813751630178,0.9828882835136468,1.0097147207890529,0.0007757441157776053,0.0003042937716224557,0.0012094848300905697,0.00015867964364111318,-0.00020251674571500838,0.0005643544462198684,0.0008575812021158821,0.00015770453888995438,0.0013708633486902919,-0.0004929337170811622,-0.0021496365745721393,0.0011265089330501116,-4.544769674265655e-06,-0.0009545173183073203,0.0011090587826160074,7
