outer_group,variant,control,term,coefficient_standardized,term_scale,coefficient_physical,validation_rmse,alpha,threshold
cn03_1_4/island01,relaxation,real,u_prev,-0.04385027402298503,0.11444690572756852,-0.3831494940314683,0.08621527340261598,0.01,0.0
cn03_1_4/island01,relaxation,kin_time_shuffled,u_prev,-0.0034015048801148257,0.11444690572756851,-0.029721248106190215,0.09453206449586574,0.01,0.0
cn03_1_4/island01,relaxation,kin_spatial_shifted,u_prev,-0.013209107856826429,0.11444690572756851,-0.11541690684298297,0.09481786324607379,100.0,0.0
cn03_1_4/island01,relaxation,kin_wrong_island,u_prev,-0.008065165393434917,0.11426232530726964,-0.07058464259104127,0.09496531877667666,100.0,0.0
cn03_1_4/island01,isotropic_pde,real,u_prev,-0.03618849969571412,0.11444690572756852,-0.31620339113280943,0.08585116901107905,0.01,0.0
cn03_1_4/island01,isotropic_pde,real,lap_u,0.011871601177007505,0.0007639418461511505,15.53992785814568,0.08585116901107905,0.01,0.0
cn03_1_4/island01,helmholtz_pde,real,u_prev,-0.03617864053906361,0.11444690572756852,-0.31611724501476607,0.08592145258416234,0.01,0.0
cn03_1_4/island01,helmholtz_pde,real,lap_u,0.009473032507906484,0.0007639418461511505,12.400201082887383,0.08592145258416234,0.01,0.0
cn03_1_4/island01,helmholtz_pde,real,grad_div_u,0.0036308288850554257,0.0005931208058959767,6.121567223679911,0.08592145258416234,0.01,0.0
cn03_1_4/island01,helmholtz_pde,kin_time_shuffled,u_prev,-0.00221085729904312,0.11444690572756851,-0.019317755119617516,0.09454636321346363,100.0,0.0
cn03_1_4/island01,helmholtz_pde,kin_time_shuffled,lap_u,0.0027742016559118444,0.0007639418461511505,3.631430415664063,0.09454636321346363,100.0,0.0
cn03_1_4/island01,helmholtz_pde,kin_time_shuffled,grad_div_u,-0.001400471065031215,0.0005931208058959767,-2.3611902518166485,0.09454636321346363,100.0,0.0
cn03_1_4/island01,helmholtz_pde,kin_spatial_shifted,u_prev,-0.022044906700330876,0.11444690572756851,-0.19262125577083727,0.09478436978210918,100.0,0.0
cn03_1_4/island01,helmholtz_pde,kin_spatial_shifted,lap_u,-0.013287791763261973,0.0007639418461511503,-17.39372156428895,0.09478436978210918,100.0,0.0
cn03_1_4/island01,helmholtz_pde,kin_spatial_shifted,grad_div_u,-0.000616371533749371,0.0005931208058959767,-1.0392006613530802,0.09478436978210918,100.0,0.0
cn03_1_4/island01,helmholtz_pde,kin_wrong_island,u_prev,-0.014522242964893014,0.11426232530726964,-0.1270956365174644,0.09518960912131777,100.0,0.0
cn03_1_4/island01,helmholtz_pde,kin_wrong_island,lap_u,-0.00991023050341499,0.000757380114821581,-13.084883415178625,0.09518960912131777,100.0,0.0
cn03_1_4/island01,helmholtz_pde,kin_wrong_island,grad_div_u,-0.00014647770178064887,0.0005891203624218063,-0.248637988302587,0.09518960912131777,100.0,0.0
cn03_1_4/island01,advective_pde,real,u_prev,-0.031822284469727735,0.11444690572756852,-0.27805281643418195,0.08607760992090695,0.01,0.01
cn03_1_4/island01,advective_pde,real,lap_u,0.0076314270785060945,0.0007639418461511505,9.989539278355188,0.08607760992090695,0.01,0.01
cn03_1_4/island01,advective_pde,real,grad_div_u,0.0029835811057901287,0.0005931208058959767,5.03030929977762,0.08607760992090695,0.01,0.01
cn03_1_4/island01,advective_pde,real,advect_v_u,-0.005729886118216652,0.0025841005690182468,-2.2173618886642457,0.08607760992090695,0.01,0.01
cn03_1_4/island01,advective_pde,real,advect_u_u,0.0006779864055813724,0.0036829558862815676,0.18408757164503797,0.08607760992090695,0.01,0.01
cn03_1_4/island01,advective_pde,real,cubic_u,-0.009012172583025831,0.08911944132920417,-0.10112465303429331,0.08607760992090695,0.01,0.01
cn03_1_4/island01,advective_pde,kin_time_shuffled,u_prev,-0.003688634126972794,0.11444690572756851,-0.032230090481898094,0.09443833158427972,0.01,0.0
cn03_1_4/island01,advective_pde,kin_time_shuffled,lap_u,0.003419243109294386,0.0007639418461511505,4.475789782325745,0.09443833158427972,0.01,0.0
cn03_1_4/island01,advective_pde,kin_time_shuffled,grad_div_u,-0.0011721415244960861,0.0005931208058959767,-1.976227292727377,0.09443833158427972,0.01,0.0
cn03_1_4/island01,advective_pde,kin_time_shuffled,advect_v_u,0.0002766429867382096,0.0025841005690182468,0.10705581278646287,0.09443833158427972,0.01,0.0
cn03_1_4/island01,advective_pde,kin_time_shuffled,advect_u_u,-0.00045923394135040114,0.003682955886281568,-0.12469167579795767,0.09443833158427972,0.01,0.0
cn03_1_4/island01,advective_pde,kin_time_shuffled,cubic_u,0.003122898261188609,0.08911944132920416,0.03504171721243999,0.09443833158427972,0.01,0.0
cn03_1_4/island01,advective_pde,kin_spatial_shifted,u_prev,-0.024145831121606762,0.11444690572756851,-0.2109784530049588,0.09475840760394914,100.0,0.03
cn03_1_4/island01,advective_pde,kin_spatial_shifted,lap_u,-0.012560044346165122,0.0007639418461511503,-16.441100077766972,0.09475840760394914,100.0,0.03
cn03_1_4/island01,advective_pde,kin_spatial_shifted,cubic_u,0.004471466679924903,0.08911944132920416,0.05017386344924963,0.09475840760394914,100.0,0.03
cn03_1_4/island01,advective_pde,kin_wrong_island,u_prev,-0.015803357972808692,0.11426232530726964,-0.13830768742287486,0.09514164135665867,100.0,0.01
cn03_1_4/island01,advective_pde,kin_wrong_island,lap_u,-0.009329314525190566,0.000757380114821581,-12.317876245520797,0.09514164135665867,100.0,0.01
cn03_1_4/island01,advective_pde,kin_wrong_island,advect_v_u,0.001029040741238604,0.0026109669153013032,0.39412247440134784,0.09514164135665867,100.0,0.01
cn03_1_4/island01,advective_pde,kin_wrong_island,advect_u_u,-0.0012864005981014905,0.0037489818981335473,-0.34313331807281666,0.09514164135665867,100.0,0.01
cn03_1_4/island01,advective_pde,kin_wrong_island,cubic_u,0.0026161388279928722,0.08983136599476162,0.029122776872227776,0.09514164135665867,100.0,0.01
cn03_1_4/island01,boundary_pde,real,u_prev,-0.031822284469727735,0.11444690572756852,-0.27805281643418195,0.08607760992090695,0.01,0.01
cn03_1_4/island01,boundary_pde,real,lap_u,0.0076314270785060945,0.0007639418461511505,9.989539278355188,0.08607760992090695,0.01,0.01
cn03_1_4/island01,boundary_pde,real,grad_div_u,0.0029835811057901287,0.0005931208058959767,5.03030929977762,0.08607760992090695,0.01,0.01
cn03_1_4/island01,boundary_pde,real,advect_v_u,-0.005729886118216652,0.0025841005690182468,-2.2173618886642457,0.08607760992090695,0.01,0.01
cn03_1_4/island01,boundary_pde,real,advect_u_u,0.0006779864055813724,0.0036829558862815676,0.18408757164503797,0.08607760992090695,0.01,0.01
cn03_1_4/island01,boundary_pde,real,cubic_u,-0.009012172583025831,0.08911944132920417,-0.10112465303429331,0.08607760992090695,0.01,0.01
cn03_1_4/island01,mechanics_source_pde,real,u_prev,-0.03618636838636876,0.11444690572756852,-0.3161847684419485,0.08591997082222853,0.1,0.0
cn03_1_4/island01,mechanics_source_pde,real,lap_u,0.009473130947669809,0.0007639418461511505,12.400329940553476,0.08591997082222853,0.1,0.0
cn03_1_4/island01,mechanics_source_pde,real,grad_div_u,0.0036287753452262277,0.0005931208058959767,6.118104961340124,0.08591997082222853,0.1,0.0
cn03_1_4/island01,mechanics_source_pde,real,traction,0.03051061721626842,92.10776893999957,0.00033124911793427014,0.08591997082222853,0.1,0.0
cn03_1_4/island01,mechanics_source_pde,real,stress_div,0.029963852919475707,16.217782476949424,0.0018475924783220997,0.08591997082222853,0.1,0.0
cn03_1_4/island01,mechanics_source_pde,real,force_balance,-0.0595784620301864,34.556992385733984,-0.0017240638700601132,0.08591997082222853,0.1,0.0
cn03_1_4/island01,mechanics_source_pde,time_shuffled,u_prev,-0.03618036249042624,0.11444690572756852,-0.3161322908681396,0.08592131578535137,1.0,0.0
cn03_1_4/island01,mechanics_source_pde,time_shuffled,lap_u,0.009472655090840505,0.0007639418461511505,12.399707043887059,0.08592131578535137,1.0,0.0
cn03_1_4/island01,mechanics_source_pde,time_shuffled,grad_div_u,0.003629382495666599,0.0005931208058959767,6.11912861526414,0.08592131578535137,1.0,0.0
cn03_1_4/island01,mechanics_source_pde,time_shuffled,traction,0.007976064468170209,92.10776893999957,8.659491549910345e-05,0.08592131578535137,1.0,0.0
cn03_1_4/island01,mechanics_source_pde,time_shuffled,stress_div,0.008962374700162019,16.21778247694942,0.0005526263971600543,0.08592131578535137,1.0,0.0
cn03_1_4/island01,mechanics_source_pde,time_shuffled,force_balance,-0.01654215888710232,34.556992385733984,-0.0004786920893593549,0.08592131578535137,1.0,0.0
cn03_1_4/island01,mechanics_source_pde,spatial_shifted,u_prev,-0.036178523182495696,0.11444690572756852,-0.3161162195910801,0.08585135034913362,1.0,0.03
cn03_1_4/island01,mechanics_source_pde,spatial_shifted,lap_u,0.009473164289968278,0.0007639418461511505,12.400373585627557,0.08585135034913362,1.0,0.03
cn03_1_4/island01,mechanics_source_pde,spatial_shifted,grad_div_u,0.003631164548731347,0.0005931208058959767,6.122133151687468,0.08585135034913362,1.0,0.03
cn03_1_4/island01,mechanics_source_pde,spatial_shifted,traction,0.045268264628565404,92.10776893999957,0.0004914706451966484,0.08585135034913362,1.0,0.03
cn03_1_4/island01,mechanics_source_pde,spatial_shifted,stress_div,0.041371488872327764,16.217782476949424,0.00255099542314923,0.08585135034913362,1.0,0.03
cn03_1_4/island01,mechanics_source_pde,spatial_shifted,force_balance,-0.08639803643789623,34.556992385733984,-0.002500160762646797,0.08585135034913362,1.0,0.03
cn03_1_4/island01,mechanics_source_pde,wrong_island,u_prev,-0.036178647668964795,0.11444690572756852,-0.31611730731353366,0.08592116469210631,0.01,0.0
cn03_1_4/island01,mechanics_source_pde,wrong_island,lap_u,0.00947406411057146,0.0007639418461511505,12.401551450942458,0.08592116469210631,0.01,0.0
cn03_1_4/island01,mechanics_source_pde,wrong_island,grad_div_u,0.003629905490534059,0.0005931208058959767,6.120010383130418,0.08592116469210631,0.01,0.0
cn03_1_4/island01,mechanics_source_pde,wrong_island,traction,0.03844503310654147,93.01663099373074,0.0004133135407702805,0.08592116469210631,0.01,0.0
cn03_1_4/island01,mechanics_source_pde,wrong_island,stress_div,0.03349556072374449,16.33437299172447,0.0020506180886596895,0.08592116469210631,0.01,0.0
cn03_1_4/island01,mechanics_source_pde,wrong_island,force_balance,-0.07164972858189202,34.842369544608935,-0.0020563965516225396,0.08592116469210631,0.01,0.0
cn03_1_4/island01,mechanics_source_pde,kin_time_shuffled,u_prev,-0.0022150129362773054,0.11444690572756851,-0.019354065732016926,0.0945326710934706,1.0,0.03
cn03_1_4/island01,mechanics_source_pde,kin_time_shuffled,lap_u,0.0027778135697106576,0.0007639418461511505,3.636158411410088,0.0945326710934706,1.0,0.03
cn03_1_4/island01,mechanics_source_pde,kin_time_shuffled,grad_div_u,-0.0014048683199504473,0.0005931208058959767,-2.3686040111646958,0.0945326710934706,1.0,0.03
cn03_1_4/island01,mechanics_source_pde,kin_time_shuffled,traction,0.015755365735794825,92.10776893999957,0.0001710536029382941,0.0945326710934706,1.0,0.03
cn03_1_4/island01,mechanics_source_pde,kin_time_shuffled,stress_div,0.014601957001976194,16.217782476949424,0.0009003670521990398,0.0945326710934706,1.0,0.03
cn03_1_4/island01,mechanics_source_pde,kin_time_shuffled,force_balance,-0.02984797991106309,34.556992385733984,-0.0008637319931634184,0.0945326710934706,1.0,0.03
cn03_1_4/island01,mechanics_source_pde,kin_spatial_shifted,u_prev,-0.02204517083727165,0.11444690572756851,-0.19262356371388822,0.09478529611706348,100.0,0.0
cn03_1_4/island01,mechanics_source_pde,kin_spatial_shifted,lap_u,-0.013288920110752715,0.0007639418461511503,-17.395198571336575,0.09478529611706348,100.0,0.0
cn03_1_4/island01,mechanics_source_pde,kin_spatial_shifted,grad_div_u,-0.0006159883650478928,0.0005931208058959767,-1.0385546400068904,0.09478529611706348,100.0,0.0
cn03_1_4/island01,mechanics_source_pde,kin_spatial_shifted,traction,0.00019251586118459798,92.10776893999957,2.090115344233403e-06,0.09478529611706348,100.0,0.0
cn03_1_4/island01,mechanics_source_pde,kin_spatial_shifted,stress_div,0.0007093619561064762,16.217782476949424,4.3739762641082585e-05,0.09478529611706348,100.0,0.0
cn03_1_4/island01,mechanics_source_pde,kin_spatial_shifted,force_balance,-0.0005031510956330977,34.556992385733984,-1.4560037228263284e-05,0.09478529611706348,100.0,0.0
cn03_1_4/island01,mechanics_source_pde,kin_wrong_island,u_prev,-0.014522686017253721,0.11426232530726964,-0.1270995140191651,0.09519029305560178,100.0,0.0
cn03_1_4/island01,mechanics_source_pde,kin_wrong_island,lap_u,-0.009909735287963193,0.000757380114821581,-13.084229561925675,0.09519029305560178,100.0,0.0
cn03_1_4/island01,mechanics_source_pde,kin_wrong_island,grad_div_u,-0.00014694655981743512,0.0005891203624218063,-0.24943384949953973,0.09519029305560178,100.0,0.0
cn03_1_4/island01,mechanics_source_pde,kin_wrong_island,traction,0.00036585675752723014,92.10776893999957,3.972051019556829e-06,0.09519029305560178,100.0,0.0
cn03_1_4/island01,mechanics_source_pde,kin_wrong_island,stress_div,0.0006929148379705706,16.217782476949424,4.2725621641270674e-05,0.09519029305560178,100.0,0.0
cn03_1_4/island01,mechanics_source_pde,kin_wrong_island,force_balance,-0.0006570745595783281,34.556992385733984,-1.901422879178529e-05,0.09519029305560178,100.0,0.0
cn03_1_4/island01,full_sparse_pde,real,u_prev,-0.03184148386813756,0.11444690572756852,-0.27822057455999377,0.08600615739170081,0.01,0.03
cn03_1_4/island01,full_sparse_pde,real,lap_u,0.007630428008286697,0.0007639418461511505,9.988231495276631,0.08600615739170081,0.01,0.03
cn03_1_4/island01,full_sparse_pde,real,grad_div_u,0.0029878921673072247,0.0005931208058959767,5.037577737293623,0.08600615739170081,0.01,0.03
cn03_1_4/island01,full_sparse_pde,real,advect_v_u,-0.0053131571281696925,0.0025841005690182468,-2.056095336176591,0.08600615739170081,0.01,0.03
cn03_1_4/island01,full_sparse_pde,real,cubic_u,-0.009014335336653467,0.08911944132920417,-0.10114892106824167,0.08600615739170081,0.01,0.03
cn03_1_4/island01,full_sparse_pde,real,traction,0.02981361130148588,92.10776893999957,0.0003236818310180429,0.08600615739170081,0.01,0.03
cn03_1_4/island01,full_sparse_pde,real,stress_div,0.029161054935153786,16.217782476949424,0.0017980913837388577,0.08600615739170081,0.01,0.03
cn03_1_4/island01,full_sparse_pde,real,force_balance,-0.05811335266096106,34.556992385733984,-0.0016816669695176292,0.08600615739170081,0.01,0.03
cn03_1_4/island01,full_sparse_pde,time_shuffled,u_prev,-0.031821325730296765,0.11444690572756852,-0.2780444392795103,0.08607722606365734,10.0,0.01
cn03_1_4/island01,full_sparse_pde,time_shuffled,lap_u,0.007631818954517138,0.0007639418461511505,9.990052244116939,0.08607722606365734,10.0,0.01
cn03_1_4/island01,full_sparse_pde,time_shuffled,grad_div_u,0.0029822587984280947,0.0005931208058959767,5.028079893307827,0.08607722606365734,10.0,0.01
cn03_1_4/island01,full_sparse_pde,time_shuffled,advect_v_u,-0.005730202897887132,0.0025841005690182468,-2.217484476644868,0.08607722606365734,10.0,0.01
cn03_1_4/island01,full_sparse_pde,time_shuffled,advect_u_u,0.0006787328072938056,0.0036829558862815676,0.18429023541171882,0.08607722606365734,10.0,0.01
cn03_1_4/island01,full_sparse_pde,time_shuffled,cubic_u,-0.009013194368660993,0.08911944132920417,-0.10113611838483773,0.08607722606365734,10.0,0.01
cn03_1_4/island01,full_sparse_pde,time_shuffled,stress_div,0.0019251820026648853,16.21778247694942,0.00011870809128197248,0.08607722606365734,10.0,0.01
cn03_1_4/island01,full_sparse_pde,time_shuffled,force_balance,-0.0015674283421272424,34.556992385733984,-4.535777664419422e-05,0.08607722606365734,10.0,0.01
cn03_1_4/island01,full_sparse_pde,spatial_shifted,u_prev,-0.031831478578403696,0.11444690572756852,-0.27813315157839147,0.08600768108973628,1.0,0.03
cn03_1_4/island01,full_sparse_pde,spatial_shifted,lap_u,0.007629361371702851,0.0007639418461511505,9.9868352678161,0.08600768108973628,1.0,0.03
cn03_1_4/island01,full_sparse_pde,spatial_shifted,grad_div_u,0.0029897685525158754,0.0005931208058959767,5.040741317444578,0.08600768108973628,1.0,0.03
cn03_1_4/island01,full_sparse_pde,spatial_shifted,advect_v_u,-0.0053138620350112785,0.0025841005690182468,-2.0563681223251016,0.08600768108973628,1.0,0.03
cn03_1_4/island01,full_sparse_pde,spatial_shifted,cubic_u,-0.00901970931296422,0.08911944132920417,-0.10120922189857229,0.08600768108973628,1.0,0.03
cn03_1_4/island01,full_sparse_pde,spatial_shifted,traction,0.04578929125280585,92.10776893999957,0.0004971273517941109,0.08600768108973628,1.0,0.03
cn03_1_4/island01,full_sparse_pde,spatial_shifted,stress_div,0.04196500484051254,16.217782476949424,0.0025875920397969345,0.08600768108973628,1.0,0.03
cn03_1_4/island01,full_sparse_pde,spatial_shifted,force_balance,-0.08750644223708717,34.556992385733984,-0.0025322354810371774,0.08600768108973628,1.0,0.03
cn03_1_4/island01,full_sparse_pde,wrong_island,u_prev,-0.031832001948230264,0.11444690572756852,-0.278137724614449,0.08607725216137223,0.01,0.01
cn03_1_4/island01,full_sparse_pde,wrong_island,lap_u,0.007630301445216917,0.0007639418461511505,9.988065824197848,0.08607725216137223,0.01,0.01
cn03_1_4/island01,full_sparse_pde,wrong_island,grad_div_u,0.0029886368032705462,0.0005931208058959767,5.038833191420202,0.08607725216137223,0.01,0.01
cn03_1_4/island01,full_sparse_pde,wrong_island,advect_v_u,-0.0053145656154651106,0.0025841005690182468,-2.0566403951856347,0.08607725216137223,0.01,0.01
cn03_1_4/island01,full_sparse_pde,wrong_island,cubic_u,-0.009018809013535458,0.08911944132920417,-0.10119911973213887,0.08607725216137223,0.01,0.01
cn03_1_4/island01,full_sparse_pde,wrong_island,traction,0.03739350247017336,93.01663099373074,0.00040200878134033534,0.08607725216137223,0.01,0.01
cn03_1_4/island01,full_sparse_pde,wrong_island,stress_div,0.03249880622979204,16.33437299172447,0.0019895961875155536,0.08607725216137223,0.01,0.01
cn03_1_4/island01,full_sparse_pde,wrong_island,force_balance,-0.06957754339281616,34.842369544608935,-0.0019969234096933485,0.08607725216137223,0.01,0.01
cn03_1_4/island01,full_sparse_pde,kin_time_shuffled,u_prev,-0.0036869898370311903,0.11444690572756851,-0.03221572320887179,0.09442880272664239,1.0,0.03
cn03_1_4/island01,full_sparse_pde,kin_time_shuffled,lap_u,0.003421559220973199,0.0007639418461511505,4.478821572887399,0.09442880272664239,1.0,0.03
cn03_1_4/island01,full_sparse_pde,kin_time_shuffled,grad_div_u,-0.001177568069947313,0.0005931208058959767,-1.9853764329991122,0.09442880272664239,1.0,0.03
cn03_1_4/island01,full_sparse_pde,kin_time_shuffled,cubic_u,0.0031294150961562804,0.08911944132920416,0.03511484194112403,0.09442880272664239,1.0,0.03
cn03_1_4/island01,full_sparse_pde,kin_time_shuffled,traction,0.01586472983139345,92.10776893999957,0.00017224095224505962,0.09442880272664239,1.0,0.03
cn03_1_4/island01,full_sparse_pde,kin_time_shuffled,stress_div,0.01477009031784152,16.217782476949424,0.0009107342720149608,0.09442880272664239,1.0,0.03
cn03_1_4/island01,full_sparse_pde,kin_time_shuffled,force_balance,-0.030117774627256594,34.556992385733984,-0.0008715392326703173,0.09442880272664239,1.0,0.03
cn03_1_4/island01,full_sparse_pde,kin_spatial_shifted,u_prev,-0.024145831121606762,0.11444690572756851,-0.2109784530049588,0.09475937558482828,100.0,0.03
cn03_1_4/island01,full_sparse_pde,kin_spatial_shifted,lap_u,-0.012560044346165122,0.0007639418461511503,-16.441100077766972,0.09475937558482828,100.0,0.03
cn03_1_4/island01,full_sparse_pde,kin_spatial_shifted,cubic_u,0.004471466679924903,0.08911944132920416,0.05017386344924963,0.09475937558482828,100.0,0.03
cn03_1_4/island01,full_sparse_pde,kin_wrong_island,u_prev,-0.015803484452547346,0.11426232530726964,-0.13830879434712406,0.09514233578967457,100.0,0.01
cn03_1_4/island01,full_sparse_pde,kin_wrong_island,lap_u,-0.009329299429549805,0.000757380114821581,-12.31785631412774,0.09514233578967457,100.0,0.01
cn03_1_4/island01,full_sparse_pde,kin_wrong_island,advect_v_u,0.0010287593506977232,0.0026109669153013032,0.3940147018596003,0.09514233578967457,100.0,0.01
cn03_1_4/island01,full_sparse_pde,kin_wrong_island,advect_u_u,-0.0012851962633995333,0.0037489818981335473,-0.342812074936765,0.09514233578967457,100.0,0.01
cn03_1_4/island01,full_sparse_pde,kin_wrong_island,cubic_u,0.002615533817436786,0.08983136599476162,0.029116041913348028,0.09514233578967457,100.0,0.01
cn03_1_4/island01,full_sparse_pde,kin_wrong_island,traction,0.00035321300951270986,92.10776893999957,3.8347797756647245e-06,0.09514233578967457,100.0,0.01
cn03_1_4/island01,full_sparse_pde,kin_wrong_island,stress_div,0.0006917133594907521,16.217782476949424,4.265153762383326e-05,0.09514233578967457,100.0,0.01
cn03_1_4/island01,full_sparse_pde,kin_wrong_island,force_balance,-0.0006479668118872068,34.556992385733984,-1.87506714894177e-05,0.09514233578967457,100.0,0.01
cn03_1_4/island02,relaxation,real,u_prev,-0.04399242259317379,0.11466666826045085,-0.38365484286375673,0.15689349639087638,0.01,0.0
cn03_1_4/island02,relaxation,kin_time_shuffled,u_prev,-0.0034394680021071658,0.11466666826045084,-0.0299953600665788,0.16842603189941235,100.0,0.0
cn03_1_4/island02,relaxation,kin_spatial_shifted,u_prev,-0.013005894126960273,0.11466666826045085,-0.11342349371675321,0.1689942593499345,100.0,0.0
cn03_1_4/island02,relaxation,kin_wrong_island,u_prev,-0.008189301583944215,0.11197882987491548,-0.07313258758902884,0.16860397214222464,100.0,0.0
cn03_1_4/island02,isotropic_pde,real,u_prev,-0.036160014616427705,0.11466666826045085,-0.31534896029502485,0.15584684889762937,0.01,0.0
cn03_1_4/island02,isotropic_pde,real,lap_u,0.012088723520813955,0.0007641065853599008,15.82072940140944,0.15584684889762937,0.01,0.0
cn03_1_4/island02,helmholtz_pde,real,u_prev,-0.03614610186877272,0.11466666826045085,-0.315227628195069,0.1556588170507273,0.01,0.0
cn03_1_4/island02,helmholtz_pde,real,lap_u,0.009474832165640636,0.0007641065853599008,12.399882879137742,0.1556588170507273,0.01,0.0
cn03_1_4/island02,helmholtz_pde,real,grad_div_u,0.003951254468864312,0.0005961665341852515,6.627769662153677,0.1556588170507273,0.01,0.0
cn03_1_4/island02,helmholtz_pde,kin_time_shuffled,u_prev,-0.0022428228093825,0.11466666826045084,-0.019559500972751834,0.1684462722744345,100.0,0.0
cn03_1_4/island02,helmholtz_pde,kin_time_shuffled,lap_u,0.003021075285036225,0.0007641065853599006,3.9537354381172793,0.1684462722744345,100.0,0.0
cn03_1_4/island02,helmholtz_pde,kin_time_shuffled,grad_div_u,-0.0017590406361105324,0.0005961665341852515,-2.9505860111965494,0.1684462722744345,100.0,0.0
cn03_1_4/island02,helmholtz_pde,kin_spatial_shifted,u_prev,-0.021851495129291833,0.11466666826045085,-0.19056536185091663,0.16924248883988818,100.0,0.0
cn03_1_4/island02,helmholtz_pde,kin_spatial_shifted,lap_u,-0.013199271994229341,0.0007641065853599008,-17.274124117137887,0.16924248883988818,100.0,0.0
cn03_1_4/island02,helmholtz_pde,kin_spatial_shifted,grad_div_u,-0.0006897342438777257,0.0005961665341852515,-1.1569489468581933,0.16924248883988818,100.0,0.0
cn03_1_4/island02,helmholtz_pde,kin_wrong_island,u_prev,-0.014597235591393132,0.11197882987491548,-0.1303571006028442,0.16856544631633583,100.0,0.01
cn03_1_4/island02,helmholtz_pde,kin_wrong_island,lap_u,-0.009987454371206609,0.000736721310522493,-13.556624775959538,0.16856544631633583,100.0,0.01
cn03_1_4/island02,advective_pde,real,u_prev,-0.03189338230859643,0.11466666826045085,-0.27813995812762815,0.15367929348484013,0.01,0.0
cn03_1_4/island02,advective_pde,real,lap_u,0.007685374878384378,0.0007641065853599008,10.057988015853182,0.15367929348484013,0.01,0.0
cn03_1_4/island02,advective_pde,real,grad_div_u,0.0032892476576300476,0.0005961665341852515,5.5173302576020715,0.15367929348484013,0.01,0.0
cn03_1_4/island02,advective_pde,real,advect_v_u,-0.005628312919796576,0.002601025645201314,-2.163882132488915,0.15367929348484013,0.01,0.0
cn03_1_4/island02,advective_pde,real,advect_u_u,-0.00017084856101686233,0.003742723858986278,-0.04564818764458271,0.15367929348484013,0.01,0.0
cn03_1_4/island02,advective_pde,real,cubic_u,-0.00881886124460955,0.09155623126794704,-0.09632180270505465,0.15367929348484013,0.01,0.0
cn03_1_4/island02,advective_pde,kin_time_shuffled,u_prev,-0.0035639730280210367,0.11466666826045084,-0.031081159696084677,0.16845731085516594,100.0,0.0
cn03_1_4/island02,advective_pde,kin_time_shuffled,lap_u,0.0035626263349953094,0.0007641065853599006,4.662473015223763,0.16845731085516594,100.0,0.0
cn03_1_4/island02,advective_pde,kin_time_shuffled,grad_div_u,-0.0015201723146660887,0.0005961665341852515,-2.549912193148557,0.16845731085516594,100.0,0.0
cn03_1_4/island02,advective_pde,kin_time_shuffled,advect_v_u,0.00011242704216160938,0.002601025645201314,0.04322411905819858,0.16845731085516594,100.0,0.0
cn03_1_4/island02,advective_pde,kin_time_shuffled,advect_u_u,-0.00011037892466206945,0.0037427238589862787,-0.02949160259233384,0.16845731085516594,100.0,0.0
cn03_1_4/island02,advective_pde,kin_time_shuffled,cubic_u,0.002797577012840709,0.09155623126794704,0.030555834093403907,0.16845731085516594,100.0,0.0
cn03_1_4/island02,advective_pde,kin_spatial_shifted,u_prev,-0.023995334314261322,0.11466666826045085,-0.2092616335529951,0.16917850345654792,100.0,0.03
cn03_1_4/island02,advective_pde,kin_spatial_shifted,lap_u,-0.012517505581310385,0.0007641065853599008,-16.38188417838924,0.16917850345654792,100.0,0.03
cn03_1_4/island02,advective_pde,kin_spatial_shifted,advect_u_u,-0.0004089969887047256,0.0037427238589862783,-0.10927789602289893,0.16917850345654792,100.0,0.03
cn03_1_4/island02,advective_pde,kin_spatial_shifted,cubic_u,0.00454533928507858,0.09155623126794704,0.04964532967479036,0.16917850345654792,100.0,0.03
cn03_1_4/island02,advective_pde,kin_wrong_island,u_prev,-0.015827791429040523,0.11197882987491548,-0.14134628346019293,0.16856667335619094,100.0,0.03
cn03_1_4/island02,advective_pde,kin_wrong_island,lap_u,-0.009340379025054699,0.000736721310522493,-12.678307104256795,0.16856667335619094,100.0,0.03
cn03_1_4/island02,advective_pde,kin_wrong_island,advect_v_u,0.0009676115096583374,0.002496247174198281,0.38762648172815856,0.16856667335619094,100.0,0.03
cn03_1_4/island02,advective_pde,kin_wrong_island,advect_u_u,-0.001206926810548785,0.00357989559575669,-0.3371402260946871,0.16856667335619094,100.0,0.03
cn03_1_4/island02,advective_pde,kin_wrong_island,cubic_u,0.0025108843044448336,0.08401293221819807,0.02988687858106862,0.16856667335619094,100.0,0.03
cn03_1_4/island02,boundary_pde,real,u_prev,-0.03189125605103266,0.11466666826045085,-0.2781214151840158,0.15367929348484013,0.01,0.01
cn03_1_4/island02,boundary_pde,real,lap_u,0.007683679908732142,0.0007641065853599008,10.05576977865341,0.15367929348484013,0.01,0.01
cn03_1_4/island02,boundary_pde,real,grad_div_u,0.0032890919695597863,0.0005961665341852515,5.517069108977763,0.15367929348484013,0.01,0.01
cn03_1_4/island02,boundary_pde,real,advect_v_u,-0.005733639066585357,0.002601025645201314,-2.2043762148841037,0.15367929348484013,0.01,0.01
cn03_1_4/island02,boundary_pde,real,cubic_u,-0.008817175883134716,0.09155623126794704,-0.0963033947665507,0.15367929348484013,0.01,0.01
cn03_1_4/island02,mechanics_source_pde,real,u_prev,-0.03615452903783189,0.11466666826045085,-0.3153011209474705,0.1556456712382408,0.01,0.0
cn03_1_4/island02,mechanics_source_pde,real,lap_u,0.009475148223731963,0.0007641065853599008,12.40029651003346,0.1556456712382408,0.01,0.0
cn03_1_4/island02,mechanics_source_pde,real,grad_div_u,0.003949247963834672,0.0005961665341852515,6.624403983413621,0.1556456712382408,0.01,0.0
cn03_1_4/island02,mechanics_source_pde,real,traction,0.04350582101324778,91.8140674886766,0.0004738470062729041,0.1556456712382408,0.01,0.0
cn03_1_4/island02,mechanics_source_pde,real,stress_div,0.041605212151607236,16.17180571121347,0.0025727004698528093,0.1556456712382408,0.01,0.0
cn03_1_4/island02,mechanics_source_pde,real,force_balance,-0.08408717420901582,34.44764609157538,-0.002441013646780946,0.1556456712382408,0.01,0.0
cn03_1_4/island02,mechanics_source_pde,time_shuffled,u_prev,-0.03614792069039685,0.11466666826045085,-0.31524349001133806,0.15565794507776187,1.0,0.0
cn03_1_4/island02,mechanics_source_pde,time_shuffled,lap_u,0.009474543761000388,0.0007641065853599008,12.399505438809687,0.15565794507776187,1.0,0.0
cn03_1_4/island02,mechanics_source_pde,time_shuffled,grad_div_u,0.00394980950068409,0.0005961665341852515,6.6253458961464196,0.15565794507776187,1.0,0.0
cn03_1_4/island02,mechanics_source_pde,time_shuffled,traction,0.005662867785249,91.8140674886766,6.167756140362041e-05,0.15565794507776187,1.0,0.0
cn03_1_4/island02,mechanics_source_pde,time_shuffled,stress_div,0.007324941622373008,16.171805711213473,0.00045294519073364324,0.15565794507776187,1.0,0.0
cn03_1_4/island02,mechanics_source_pde,time_shuffled,force_balance,-0.012615614269859968,34.44764609157538,-0.00036622572806056786,0.15565794507776187,1.0,0.0
cn03_1_4/island02,mechanics_source_pde,spatial_shifted,u_prev,-0.03614622240606714,0.11466666826045085,-0.3152286793923894,0.1556587726600304,0.01,0.0
cn03_1_4/island02,mechanics_source_pde,spatial_shifted,lap_u,0.009474842390180562,0.0007641065853599008,12.399896260176622,0.1556587726600304,0.01,0.0
cn03_1_4/island02,mechanics_source_pde,spatial_shifted,grad_div_u,0.003952064269571595,0.0005961665341852515,6.629128008623744,0.1556587726600304,0.01,0.0
cn03_1_4/island02,mechanics_source_pde,spatial_shifted,traction,0.09312145985814607,91.8140674886766,0.0010142395648644006,0.1556587726600304,0.01,0.0
cn03_1_4/island02,mechanics_source_pde,spatial_shifted,stress_div,0.0836118826309176,16.171805711213473,0.005170225522369553,0.1556587726600304,0.01,0.0
cn03_1_4/island02,mechanics_source_pde,spatial_shifted,force_balance,-0.17622453799614737,34.44764609157538,-0.005115720752810607,0.1556587726600304,0.01,0.0
cn03_1_4/island02,mechanics_source_pde,wrong_island,u_prev,-0.036146102185498366,0.11466666826045085,-0.31522763095721124,0.15565764481455363,0.01,0.0
cn03_1_4/island02,mechanics_source_pde,wrong_island,lap_u,0.009475977890685296,0.0007641065853599008,12.401382310063495,0.15565764481455363,0.01,0.0
cn03_1_4/island02,mechanics_source_pde,wrong_island,grad_div_u,0.003950367428761284,0.0005961665341852515,6.626281755583677,0.15565764481455363,0.01,0.0
cn03_1_4/island02,mechanics_source_pde,wrong_island,traction,0.03646565853357355,92.40632894738472,0.0003946229543902426,0.15565764481455363,0.01,0.0
cn03_1_4/island02,mechanics_source_pde,wrong_island,stress_div,0.031960853238793226,16.23181271983853,0.0019690255050645485,0.15565764481455363,0.01,0.0
cn03_1_4/island02,mechanics_source_pde,wrong_island,force_balance,-0.06819996464039603,34.61849457380113,-0.001970044205561988,0.15565764481455363,0.01,0.0
cn03_1_4/island02,mechanics_source_pde,kin_time_shuffled,u_prev,-0.002241207063186257,0.11466666826045084,-0.019545410163096726,0.16840189893378119,0.01,0.03
cn03_1_4/island02,mechanics_source_pde,kin_time_shuffled,lap_u,0.0018581811561334232,0.0007641065853599006,2.4318350237201587,0.16840189893378119,0.01,0.03
cn03_1_4/island02,mechanics_source_pde,kin_time_shuffled,traction,0.034370641734097075,91.8140674886766,0.0003743504963260232,0.16840189893378119,0.01,0.03
cn03_1_4/island02,mechanics_source_pde,kin_time_shuffled,stress_div,0.031079574704879216,16.17180571121347,0.0019218370081782986,0.16840189893378119,0.01,0.03
cn03_1_4/island02,mechanics_source_pde,kin_time_shuffled,force_balance,-0.0648009192847869,34.44764609157538,-0.0018811421573631068,0.16840189893378119,0.01,0.03
cn03_1_4/island02,mechanics_source_pde,kin_spatial_shifted,u_prev,-0.02185180990295311,0.11466666826045085,-0.19056810697001753,0.16923850528825304,100.0,0.0
cn03_1_4/island02,mechanics_source_pde,kin_spatial_shifted,lap_u,-0.01320045197612585,0.0007641065853599008,-17.275668380620385,0.16923850528825304,100.0,0.0
cn03_1_4/island02,mechanics_source_pde,kin_spatial_shifted,grad_div_u,-0.0006893391558680697,0.0005961665341852515,-1.1562862326885763,0.16923850528825304,100.0,0.0
cn03_1_4/island02,mechanics_source_pde,kin_spatial_shifted,traction,0.00022053240220467238,91.8140674886766,2.4019456738682293e-06,0.16923850528825304,100.0,0.0
cn03_1_4/island02,mechanics_source_pde,kin_spatial_shifted,stress_div,0.0007513763111471928,16.17180571121347,4.646211589261125e-05,0.16923850528825304,100.0,0.0
cn03_1_4/island02,mechanics_source_pde,kin_spatial_shifted,force_balance,-0.0005396294727924661,34.44764609157538,-1.5665206016048788e-05,0.16923850528825304,100.0,0.0
cn03_1_4/island02,mechanics_source_pde,kin_wrong_island,u_prev,-0.014615721349593073,0.11197882987491548,-0.13052218321909043,0.16856141216540954,0.01,0.01
cn03_1_4/island02,mechanics_source_pde,kin_wrong_island,lap_u,-0.010004247777455347,0.000736721310522493,-13.579419564177119,0.16856141216540954,0.01,0.01
cn03_1_4/island02,mechanics_source_pde,kin_wrong_island,traction,0.035548476954646954,91.8140674886766,0.00038717897950693814,0.16856141216540954,0.01,0.01
cn03_1_4/island02,mechanics_source_pde,kin_wrong_island,stress_div,0.031826015542216306,16.17180571121347,0.0019679939340446237,0.16856141216540954,0.01,0.01
cn03_1_4/island02,mechanics_source_pde,kin_wrong_island,force_balance,-0.06673482861434733,34.44764609157538,-0.0019372826937707132,0.16856141216540954,0.01,0.01
cn03_1_4/island02,full_sparse_pde,real,u_prev,-0.03190371706502444,0.11466666826045085,-0.27823008681615463,0.15366793686433222,0.01,0.0
cn03_1_4/island02,full_sparse_pde,real,lap_u,0.007686626152143936,0.0007641065853599008,10.05962558027617,0.15366793686433222,0.01,0.0
cn03_1_4/island02,full_sparse_pde,real,grad_div_u,0.003287653010929084,0.0005961665341852515,5.514655423290645,0.15366793686433222,0.01,0.0
cn03_1_4/island02,full_sparse_pde,real,advect_v_u,-0.005629145483399846,0.002601025645201314,-2.164202222990447,0.15366793686433222,0.01,0.0
cn03_1_4/island02,full_sparse_pde,real,advect_u_u,-0.00016737675932908258,0.003742723858986278,-0.04472057400847543,0.15366793686433222,0.01,0.0
cn03_1_4/island02,full_sparse_pde,real,cubic_u,-0.008813767651043199,0.09155623126794704,-0.09626616920533747,0.15366793686433222,0.01,0.0
cn03_1_4/island02,full_sparse_pde,real,boundary_normal,-4.964640019791797e-05,0.29104201412607045,-0.00017058155794789364,0.15366793686433222,0.01,0.0
cn03_1_4/island02,full_sparse_pde,real,traction,0.04064090867575783,91.8140674886766,0.0004426435925058005,0.15366793686433222,0.01,0.0
cn03_1_4/island02,full_sparse_pde,real,stress_div,0.03885720736005741,16.17180571121347,0.0024027748078320017,0.15366793686433222,0.01,0.0
cn03_1_4/island02,full_sparse_pde,real,force_balance,-0.07852197242905794,34.44764609157538,-0.00227945828926353,0.15366793686433222,0.01,0.0
cn03_1_4/island02,full_sparse_pde,time_shuffled,u_prev,-0.03189322119858939,0.11466666826045085,-0.2781385530985165,0.15367811723163805,0.01,0.01
cn03_1_4/island02,full_sparse_pde,time_shuffled,lap_u,0.007683312684782751,0.0007641065853599008,10.055289186081081,0.15367811723163805,0.01,0.01
cn03_1_4/island02,full_sparse_pde,time_shuffled,grad_div_u,0.003287623987307412,0.0005961665341852515,5.514606739542048,0.15367811723163805,0.01,0.01
cn03_1_4/island02,full_sparse_pde,time_shuffled,advect_v_u,-0.00573337190304463,0.002601025645201314,-2.204273500194912,0.15367811723163805,0.01,0.01
cn03_1_4/island02,full_sparse_pde,time_shuffled,cubic_u,-0.008817290524123483,0.09155623126794704,-0.09630464690403144,0.15367811723163805,0.01,0.01
cn03_1_4/island02,full_sparse_pde,time_shuffled,traction,0.0030311248866266055,91.8140674886766,3.301373057021391e-05,0.15367811723163805,0.01,0.01
cn03_1_4/island02,full_sparse_pde,time_shuffled,stress_div,0.004973976581317271,16.171805711213473,0.0003075708841758056,0.15367811723163805,0.01,0.01
cn03_1_4/island02,full_sparse_pde,time_shuffled,force_balance,-0.007646816621456385,34.44764609157538,-0.0002219837199072512,0.15367811723163805,0.01,0.01
cn03_1_4/island02,full_sparse_pde,spatial_shifted,u_prev,-0.031893101312427466,0.11466666826045085,-0.2781375075796771,0.15367941144754527,0.01,0.0
cn03_1_4/island02,full_sparse_pde,spatial_shifted,lap_u,0.007685225500265609,0.0007641065853599008,10.057792522028587,0.15367941144754527,0.01,0.0
cn03_1_4/island02,full_sparse_pde,spatial_shifted,grad_div_u,0.003289971087096965,0.0005961665341852515,5.518543726365302,0.15367941144754527,0.01,0.0
cn03_1_4/island02,full_sparse_pde,spatial_shifted,advect_v_u,-0.005628113958055514,0.002601025645201314,-2.1638056389174545,0.15367941144754527,0.01,0.0
cn03_1_4/island02,full_sparse_pde,spatial_shifted,advect_u_u,-0.0001710227051186223,0.003742723858986278,-0.045694716351567556,0.15367941144754527,0.01,0.0
cn03_1_4/island02,full_sparse_pde,spatial_shifted,cubic_u,-0.008819769438565753,0.09155623126794704,-0.0963317222260269,0.15367941144754527,0.01,0.0
cn03_1_4/island02,full_sparse_pde,spatial_shifted,boundary_normal,6.396547573122823e-06,0.29104201412607045,2.197808997553197e-05,0.15367941144754527,0.01,0.0
cn03_1_4/island02,full_sparse_pde,spatial_shifted,traction,0.09405041217217389,91.8140674886766,0.0010243573206662813,0.15367941144754527,0.01,0.0
cn03_1_4/island02,full_sparse_pde,spatial_shifted,stress_div,0.08454937362926863,16.171805711213473,0.005228196228615484,0.15367941144754527,0.01,0.0
cn03_1_4/island02,full_sparse_pde,spatial_shifted,force_balance,-0.17808070327885814,34.44764609157538,-0.005169604413766028,0.15367941144754527,0.01,0.0
cn03_1_4/island02,full_sparse_pde,wrong_island,u_prev,-0.03189143253865567,0.11466666826045085,-0.27812295432024164,0.15367844987444462,0.01,0.01
cn03_1_4/island02,full_sparse_pde,wrong_island,lap_u,0.007684740886968038,0.0007641065853599008,10.057158299909768,0.15367844987444462,0.01,0.01
cn03_1_4/island02,full_sparse_pde,wrong_island,grad_div_u,0.0032882519104501743,0.0005961665341852515,5.515660007558207,0.15367844987444462,0.01,0.01
cn03_1_4/island02,full_sparse_pde,wrong_island,advect_v_u,-0.005734027624600236,0.002601025645201314,-2.2045256013446317,0.15367844987444462,0.01,0.01
cn03_1_4/island02,full_sparse_pde,wrong_island,cubic_u,-0.008816918417814753,0.09155623126794704,-0.0963005826660918,0.15367844987444462,0.01,0.01
cn03_1_4/island02,full_sparse_pde,wrong_island,traction,0.035423667449144894,92.40632894738472,0.0003833467669656565,0.15367844987444462,0.01,0.01
cn03_1_4/island02,full_sparse_pde,wrong_island,stress_div,0.03103936587741636,16.23181271983853,0.0019122550520485019,0.15367844987444462,0.01,0.01
cn03_1_4/island02,full_sparse_pde,wrong_island,force_balance,-0.06621271538151119,34.61849457380113,-0.001912639939912933,0.15367844987444462,0.01,0.01
cn03_1_4/island02,full_sparse_pde,kin_time_shuffled,u_prev,-0.003626475085611101,0.11466666826045084,-0.0316262357721428,0.16841412196397104,0.01,0.03
cn03_1_4/island02,full_sparse_pde,kin_time_shuffled,lap_u,0.0025901307779486638,0.0007641065853599006,3.3897506284789976,0.16841412196397104,0.01,0.03
cn03_1_4/island02,full_sparse_pde,kin_time_shuffled,cubic_u,0.0029352714560367597,0.09155623126794704,0.03205976715496775,0.16841412196397104,0.01,0.03
cn03_1_4/island02,full_sparse_pde,kin_time_shuffled,traction,0.03468194508783287,91.8140674886766,0.00037774108082195776,0.16841412196397104,0.01,0.03
cn03_1_4/island02,full_sparse_pde,kin_time_shuffled,stress_div,0.03142557531371912,16.17180571121347,0.0019432323065771647,0.16841412196397104,0.01,0.03
cn03_1_4/island02,full_sparse_pde,kin_time_shuffled,force_balance,-0.06544878491429812,34.44764609157538,-0.0018999494113562806,0.16841412196397104,0.01,0.03
cn03_1_4/island02,full_sparse_pde,kin_spatial_shifted,u_prev,-0.024028396206737107,0.11466666826045085,-0.20954996400662518,0.16917539822221753,0.01,0.01
cn03_1_4/island02,full_sparse_pde,kin_spatial_shifted,lap_u,-0.01253950958330837,0.0007641065853599008,-16.410681210661405,0.16917539822221753,0.01,0.01
cn03_1_4/island02,full_sparse_pde,kin_spatial_shifted,advect_u_u,-0.00041036538910278595,0.0037427238589862783,-0.10964351220234933,0.16917539822221753,0.01,0.01
cn03_1_4/island02,full_sparse_pde,kin_spatial_shifted,cubic_u,0.00455696493085039,0.09155623126794704,0.049772307878357805,0.16917539822221753,0.01,0.01
cn03_1_4/island02,full_sparse_pde,kin_spatial_shifted,traction,0.02900612354318838,91.8140674886766,0.0003159224325484294,0.16917539822221753,0.01,0.01
cn03_1_4/island02,full_sparse_pde,kin_spatial_shifted,stress_div,0.026169372602875336,16.17180571121347,0.0016182096835809492,0.16917539822221753,0.01,0.01
cn03_1_4/island02,full_sparse_pde,kin_spatial_shifted,force_balance,-0.05457010642409913,34.44764609157538,-0.0015841461642699865,0.16917539822221753,0.01,0.01
cn03_1_4/island02,full_sparse_pde,kin_wrong_island,u_prev,-0.015849650370835498,0.11197882987491548,-0.14154148948100412,0.16855704847517955,0.01,0.01
cn03_1_4/island02,full_sparse_pde,kin_wrong_island,lap_u,-0.009355872093935699,0.000736721310522493,-12.69933685955193,0.16855704847517955,0.01,0.01
cn03_1_4/island02,full_sparse_pde,kin_wrong_island,advect_v_u,0.0009689941991860211,0.002496247174198281,0.3881803890262721,0.16855704847517955,0.01,0.01
cn03_1_4/island02,full_sparse_pde,kin_wrong_island,advect_u_u,-0.0012072906840574933,0.00357989559575669,-0.33724186970383024,0.16855704847517955,0.01,0.01
cn03_1_4/island02,full_sparse_pde,kin_wrong_island,cubic_u,0.002516468342254156,0.08401293221819807,0.02995334498882141,0.16855704847517955,0.01,0.01
cn03_1_4/island02,full_sparse_pde,kin_wrong_island,traction,0.035119584358391694,91.8140674886766,0.000382507662703463,0.16855704847517955,0.01,0.01
cn03_1_4/island02,full_sparse_pde,kin_wrong_island,stress_div,0.03145439044929754,16.17180571121347,0.0019450141196964287,0.16855704847517955,0.01,0.01
cn03_1_4/island02,full_sparse_pde,kin_wrong_island,force_balance,-0.06594158261095806,34.44764609157538,-0.00191425511152952,0.16855704847517955,0.01,0.01
cn03_1_4/island03,relaxation,real,u_prev,-0.04291644158787818,0.11252615911884027,-0.38139079769490397,0.09839684676405226,0.01,0.0
cn03_1_4/island03,relaxation,kin_time_shuffled,u_prev,-0.003512407429681842,0.11252615911884024,-0.03121414129111388,0.10729846114141925,0.01,0.0
cn03_1_4/island03,relaxation,kin_spatial_shifted,u_prev,-0.01339248642643797,0.11252615911884027,-0.11901664938455776,0.10789034239554059,100.0,0.0
cn03_1_4/island03,relaxation,kin_wrong_island,u_prev,-0.008204090361181252,0.1142883170498169,-0.07178415583462645,0.10745917362480337,100.0,0.0
cn03_1_4/island03,isotropic_pde,real,u_prev,-0.035630184503974,0.11252615911884027,-0.31663912447544323,0.09774435386539321,0.01,0.0
cn03_1_4/island03,isotropic_pde,real,lap_u,0.011333681512280076,0.0007413962620075154,15.286941805710358,0.09774435386539321,0.01,0.0
cn03_1_4/island03,helmholtz_pde,real,u_prev,-0.03563983549806144,0.11252615911884027,-0.3167248911466157,0.09765722694432079,0.01,0.0
cn03_1_4/island03,helmholtz_pde,real,lap_u,0.008965983531555071,0.0007413962620075154,12.09337568991437,0.09765722694432079,0.01,0.0
cn03_1_4/island03,helmholtz_pde,real,grad_div_u,0.0035598135441247806,0.0005800984133637181,6.136568316887983,0.09765722694432079,0.01,0.0
cn03_1_4/island03,helmholtz_pde,kin_time_shuffled,u_prev,-0.0023332693774554634,0.11252615911884024,-0.020735350746231986,0.10726824729772289,0.01,0.0
cn03_1_4/island03,helmholtz_pde,kin_time_shuffled,lap_u,0.00309949977278605,0.0007413962620075151,4.180625033626932,0.10726824729772289,0.01,0.0
cn03_1_4/island03,helmholtz_pde,kin_time_shuffled,grad_div_u,-0.001914605113043857,0.0005800984133637181,-3.300483278245775,0.10726824729772289,0.01,0.0
cn03_1_4/island03,helmholtz_pde,kin_spatial_shifted,u_prev,-0.022346962689152625,0.11252615911884027,-0.19859349029723586,0.10791021786304265,100.0,0.0
cn03_1_4/island03,helmholtz_pde,kin_spatial_shifted,lap_u,-0.013566346781570163,0.0007413962620075151,-18.298374940326646,0.10791021786304265,100.0,0.0
cn03_1_4/island03,helmholtz_pde,kin_spatial_shifted,grad_div_u,-0.0005586547451222186,0.000580098413363718,-0.9630344304561055,0.10791021786304265,100.0,0.0
cn03_1_4/island03,helmholtz_pde,kin_wrong_island,u_prev,-0.014514920067902023,0.1142883170498169,-0.12700265821199505,0.10757729616426127,100.0,0.01
cn03_1_4/island03,helmholtz_pde,kin_wrong_island,lap_u,-0.009802240763667865,0.0007620480915387835,-12.863021208903575,0.10757729616426127,100.0,0.01
cn03_1_4/island03,advective_pde,real,u_prev,-0.03131465401177484,0.11252615911884027,-0.27828777110132275,0.09719086096083657,0.01,0.01
cn03_1_4/island03,advective_pde,real,lap_u,0.007170743430551982,0.0007413962620075154,9.671944408156854,0.09719086096083657,0.01,0.01
cn03_1_4/island03,advective_pde,real,grad_div_u,0.0028516958205325837,0.0005800984133637181,4.915882813740068,0.09719086096083657,0.01,0.01
cn03_1_4/island03,advective_pde,real,advect_v_u,-0.004949444441216774,0.002482519937590208,-1.993717901827294,0.09719086096083657,0.01,0.01
cn03_1_4/island03,advective_pde,real,cubic_u,-0.008982877583755019,0.08602773695469335,-0.10441838762405044,0.09719086096083657,0.01,0.01
cn03_1_4/island03,advective_pde,kin_time_shuffled,u_prev,-0.003846768629402441,0.11252615911884024,-0.034185549915907304,0.107264163460496,0.01,0.0
cn03_1_4/island03,advective_pde,kin_time_shuffled,lap_u,0.00371939024293284,0.0007413962620075151,5.01673724771914,0.107264163460496,0.01,0.0
cn03_1_4/island03,advective_pde,kin_time_shuffled,grad_div_u,-0.0016461341114161955,0.0005800984133637181,-2.8376807684596783,0.107264163460496,0.01,0.0
cn03_1_4/island03,advective_pde,kin_time_shuffled,advect_v_u,1.7538152916608775e-05,0.0024825199375902076,0.007064657427739788,0.107264163460496,0.01,0.0
cn03_1_4/island03,advective_pde,kin_time_shuffled,advect_u_u,-0.00041805314196667885,0.0035844051174863207,-0.11663110844453098,0.107264163460496,0.01,0.0
cn03_1_4/island03,advective_pde,kin_time_shuffled,cubic_u,0.003193036096974079,0.08602773695469336,0.03711635584062494,0.107264163460496,0.01,0.0
cn03_1_4/island03,advective_pde,kin_spatial_shifted,u_prev,-0.02444265867226431,0.11252615911884027,-0.21721756846290394,0.10785277902891718,100.0,0.03
cn03_1_4/island03,advective_pde,kin_spatial_shifted,lap_u,-0.012832201811360596,0.0007413962620075151,-17.30815552888574,0.10785277902891718,100.0,0.03
cn03_1_4/island03,advective_pde,kin_spatial_shifted,advect_u_u,-0.0004176774944567149,0.0035844051174863207,-0.11652630792738759,0.10785277902891718,100.0,0.03
cn03_1_4/island03,advective_pde,kin_spatial_shifted,cubic_u,0.004426336184687437,0.08602773695469336,0.051452430824939326,0.10785277902891718,100.0,0.03
cn03_1_4/island03,advective_pde,kin_wrong_island,u_prev,-0.015812922722775624,0.1142883170498169,-0.1383599227896843,0.10757349344851817,100.0,0.0
cn03_1_4/island03,advective_pde,kin_wrong_island,lap_u,-0.009244338574583656,0.0007620480915387835,-12.130912310162485,0.10757349344851817,100.0,0.0
cn03_1_4/island03,advective_pde,kin_wrong_island,grad_div_u,0.0001984606388156892,0.0005935982270167323,0.3343349588712552,0.10757349344851817,100.0,0.0
cn03_1_4/island03,advective_pde,kin_wrong_island,advect_v_u,0.0010931613562840579,0.0026232457440222893,0.4167209110221926,0.10757349344851817,100.0,0.0
cn03_1_4/island03,advective_pde,kin_wrong_island,advect_u_u,-0.001252682695415573,0.0037675532287659995,-0.3324923682168835,0.10757349344851817,100.0,0.0
cn03_1_4/island03,advective_pde,kin_wrong_island,cubic_u,0.0026587503357004324,0.08975807662392639,0.029621293544871946,0.10757349344851817,100.0,0.0
cn03_1_4/island03,boundary_pde,real,u_prev,-0.031315799726351616,0.11252615911884027,-0.2782979528633747,0.09719081225118192,0.01,0.0
cn03_1_4/island03,boundary_pde,real,lap_u,0.007171494106548723,0.0007413962620075154,9.672956924722163,0.09719081225118192,0.01,0.0
cn03_1_4/island03,boundary_pde,real,grad_div_u,0.0028521537970398058,0.0005800984133637181,4.9166722944500165,0.09719081225118192,0.01,0.0
cn03_1_4/island03,boundary_pde,real,advect_v_u,-0.004886573318447958,0.002482519937590208,-1.9683923760110358,0.09719081225118192,0.01,0.0
cn03_1_4/island03,boundary_pde,real,advect_u_u,-0.00010375133996252001,0.0035844051174863203,-0.028945204730451615,0.09719081225118192,0.01,0.0
cn03_1_4/island03,boundary_pde,real,cubic_u,-0.008984341608602757,0.08602773695469335,-0.10443540568008171,0.09719081225118192,0.01,0.0
cn03_1_4/island03,boundary_pde,real,boundary_normal,6.980651581651597e-05,0.29074780331882927,0.0002400930119494911,0.09719081225118192,0.01,0.0
cn03_1_4/island03,mechanics_source_pde,real,u_prev,-0.03564654003602188,0.11252615911884027,-0.316784473185254,0.09765001234943822,0.01,0.0
cn03_1_4/island03,mechanics_source_pde,real,lap_u,0.008966324995146997,0.0007413962620075154,12.093836258181874,0.09765001234943822,0.01,0.0
cn03_1_4/island03,mechanics_source_pde,real,grad_div_u,0.003558215010428052,0.0005800984133637181,6.133812691876945,0.09765001234943822,0.01,0.0
cn03_1_4/island03,mechanics_source_pde,real,traction,0.030531642228881082,91.71734771303338,0.0003328884119546168,0.09765001234943822,0.01,0.0
cn03_1_4/island03,mechanics_source_pde,real,stress_div,0.029513486097136353,16.154258417934102,0.0018269787032978951,0.09765001234943822,0.01,0.0
cn03_1_4/island03,mechanics_source_pde,real,force_balance,-0.05920025142880024,34.41646267708588,-0.001720114352955138,0.09765001234943822,0.01,0.0
cn03_1_4/island03,mechanics_source_pde,time_shuffled,u_prev,-0.035641674733035145,0.11252615911884027,-0.3167412361013187,0.09765670400427175,0.01,0.0
cn03_1_4/island03,mechanics_source_pde,time_shuffled,lap_u,0.008965252130060202,0.0007413962620075154,12.09238917091994,0.09765670400427175,0.01,0.0
cn03_1_4/island03,mechanics_source_pde,time_shuffled,grad_div_u,0.0035586716005890466,0.0005800984133637181,6.134599782740281,0.09765670400427175,0.01,0.0
cn03_1_4/island03,mechanics_source_pde,time_shuffled,traction,0.010913325511790018,91.71734771303338,0.00011898867317811889,0.09765670400427175,0.01,0.0
cn03_1_4/island03,mechanics_source_pde,time_shuffled,stress_div,0.01203757861709936,16.154258417934102,0.0007451644207780845,0.09765670400427175,0.01,0.0
cn03_1_4/island03,mechanics_source_pde,time_shuffled,force_balance,-0.02261495782146399,34.41646267708588,-0.0006570971001189146,0.09765670400427175,0.01,0.0
cn03_1_4/island03,mechanics_source_pde,spatial_shifted,u_prev,-0.03563735656500862,0.11252615911884027,-0.3167028613086453,0.0976571164879805,10.0,0.0
cn03_1_4/island03,mechanics_source_pde,spatial_shifted,lap_u,0.008967154188920523,0.0007413962620075154,12.094954680024573,0.0976571164879805,10.0,0.0
cn03_1_4/island03,mechanics_source_pde,spatial_shifted,grad_div_u,0.0035599509577451884,0.0005800984133637181,6.13680519672982,0.0976571164879805,10.0,0.0
cn03_1_4/island03,mechanics_source_pde,spatial_shifted,traction,0.009453692661711923,91.71734771303338,0.00010307420458004062,0.0976571164879805,10.0,0.0
cn03_1_4/island03,mechanics_source_pde,spatial_shifted,stress_div,0.009651396390569125,16.154258417934102,0.000597452147964549,0.0976571164879805,10.0,0.0
cn03_1_4/island03,mechanics_source_pde,spatial_shifted,force_balance,-0.019137338444856447,34.41646267708588,-0.0005560518704206603,0.0976571164879805,10.0,0.0
cn03_1_4/island03,mechanics_source_pde,wrong_island,u_prev,-0.03563728424116292,0.11252615911884027,-0.3167022185794678,0.09765731131844474,10.0,0.03
cn03_1_4/island03,mechanics_source_pde,wrong_island,lap_u,0.00896703727477898,0.0007413962620075154,12.094796985485857,0.09765731131844474,10.0,0.03
cn03_1_4/island03,mechanics_source_pde,wrong_island,grad_div_u,0.003560020083655443,0.0005800984133637181,6.136924359114447,0.09765731131844474,10.0,0.03
cn03_1_4/island03,mechanics_source_pde,kin_time_shuffled,u_prev,-0.0023366622415451,0.11252615911884024,-0.02076550252708193,0.10726666327637485,0.01,0.0
cn03_1_4/island03,mechanics_source_pde,kin_time_shuffled,lap_u,0.003099926699392926,0.0007413962620075151,4.181200874953297,0.10726666327637485,0.01,0.0
cn03_1_4/island03,mechanics_source_pde,kin_time_shuffled,grad_div_u,-0.001916139733767155,0.0005800984133637181,-3.303128727169518,0.10726666327637485,0.01,0.0
cn03_1_4/island03,mechanics_source_pde,kin_time_shuffled,traction,0.023953881478906487,91.71734771303338,0.00026117067355516815,0.10726666327637485,0.01,0.0
cn03_1_4/island03,mechanics_source_pde,kin_time_shuffled,stress_div,0.02156791736101596,16.154258417934102,0.00133512271520132,0.10726666327637485,0.01,0.0
cn03_1_4/island03,mechanics_source_pde,kin_time_shuffled,force_balance,-0.045010405845568445,34.41646267708588,-0.0013078161537947914,0.10726666327637485,0.01,0.0
cn03_1_4/island03,mechanics_source_pde,kin_spatial_shifted,u_prev,-0.02234720927568126,0.11252615911884027,-0.1985956816679408,0.10790909108680397,100.0,0.0
cn03_1_4/island03,mechanics_source_pde,kin_spatial_shifted,lap_u,-0.013567341403060594,0.0007413962620075151,-18.299716492127484,0.10790909108680397,100.0,0.0
cn03_1_4/island03,mechanics_source_pde,kin_spatial_shifted,grad_div_u,-0.0005581792802379943,0.000580098413363718,-0.9622148024873488,0.10790909108680397,100.0,0.0
cn03_1_4/island03,mechanics_source_pde,kin_spatial_shifted,traction,0.00033168398843899324,91.71734771303338,3.6163713485999522e-06,0.10790909108680397,100.0,0.0
cn03_1_4/island03,mechanics_source_pde,kin_spatial_shifted,stress_div,0.0004891270023926524,16.154258417934102,3.0278517882915277e-05,0.10790909108680397,100.0,0.0
cn03_1_4/island03,mechanics_source_pde,kin_spatial_shifted,force_balance,-0.0004648864876368081,34.41646267708588,-1.3507677764522983e-05,0.10790909108680397,100.0,0.0
cn03_1_4/island03,mechanics_source_pde,kin_wrong_island,u_prev,-0.014515386724631369,0.1142883170498169,-0.12700674136538634,0.10757607562089348,100.0,0.01
cn03_1_4/island03,mechanics_source_pde,kin_wrong_island,lap_u,-0.00980217647501158,0.0007620480915387835,-12.862936845912579,0.10757607562089348,100.0,0.01
cn03_1_4/island03,mechanics_source_pde,kin_wrong_island,traction,0.0004912971635123446,91.71734771303338,5.356643816713089e-06,0.10757607562089348,100.0,0.01
cn03_1_4/island03,mechanics_source_pde,kin_wrong_island,stress_div,0.0004880865211904916,16.154258417934102,3.0214108785620803e-05,0.10757607562089348,100.0,0.01
cn03_1_4/island03,mechanics_source_pde,kin_wrong_island,force_balance,-0.000620431881079505,34.41646267708588,-1.8027183295992298e-05,0.10757607562089348,100.0,0.01
cn03_1_4/island03,full_sparse_pde,real,u_prev,-0.0313226595573415,0.11252615911884027,-0.2783589149635975,0.09718449149790065,0.01,0.01
cn03_1_4/island03,full_sparse_pde,real,lap_u,0.00717176817277245,0.0007413962620075154,9.6733265869902,0.09718449149790065,0.01,0.01
cn03_1_4/island03,full_sparse_pde,real,grad_div_u,0.0028504343470426977,0.0005800984133637181,4.913708228426913,0.09718449149790065,0.01,0.01
cn03_1_4/island03,full_sparse_pde,real,advect_v_u,-0.00494862207373298,0.002482519937590208,-1.993386638633254,0.09718449149790065,0.01,0.01
cn03_1_4/island03,full_sparse_pde,real,cubic_u,-0.008979469648977017,0.08602773695469335,-0.1043787732520044,0.09718449149790065,0.01,0.01
cn03_1_4/island03,full_sparse_pde,real,traction,0.02833918199930719,91.71734771303338,0.000308983880432034,0.09718449149790065,0.01,0.01
cn03_1_4/island03,full_sparse_pde,real,stress_div,0.027354550632612388,16.154258417934102,0.0016933337281669315,0.09718449149790065,0.01,0.01
cn03_1_4/island03,full_sparse_pde,real,force_balance,-0.05488603593189458,34.41646267708588,-0.001594761101594474,0.09718449149790065,0.01,0.01
cn03_1_4/island03,full_sparse_pde,time_shuffled,u_prev,-0.03131463340469479,0.11252615911884027,-0.2782875879698606,0.09719054825275317,10.0,0.0
cn03_1_4/island03,full_sparse_pde,time_shuffled,lap_u,0.0071717586097060715,0.0007413962620075154,9.673313688265363,0.09719054825275317,10.0,0.0
cn03_1_4/island03,full_sparse_pde,time_shuffled,grad_div_u,0.002851124359418653,0.0005800984133637181,4.914897703109241,0.09719054825275317,10.0,0.0
cn03_1_4/island03,full_sparse_pde,time_shuffled,advect_v_u,-0.004886727081753269,0.002482519937590208,-1.9684543144079778,0.09719054825275317,10.0,0.0
cn03_1_4/island03,full_sparse_pde,time_shuffled,advect_u_u,-0.00010325760356391306,0.0035844051174863203,-0.02880745902860606,0.09719054825275317,10.0,0.0
cn03_1_4/island03,full_sparse_pde,time_shuffled,cubic_u,-0.008985259142537115,0.08602773695469335,-0.10444607123943313,0.09719054825275317,10.0,0.0
cn03_1_4/island03,full_sparse_pde,time_shuffled,boundary_normal,4.508146447879531e-05,0.29074780331882927,0.00015505349985175886,0.09719054825275317,10.0,0.0
cn03_1_4/island03,full_sparse_pde,time_shuffled,traction,-0.00017601084035099164,91.71734771303338,-1.9190572420573806e-06,0.09719054825275317,10.0,0.0
cn03_1_4/island03,full_sparse_pde,time_shuffled,stress_div,0.0021513573356130838,16.154258417934102,0.00013317586483726758,0.09719054825275317,10.0,0.0
cn03_1_4/island03,full_sparse_pde,time_shuffled,force_balance,-0.0016972997566678783,34.41646267708588,-4.931650799191291e-05,0.09719054825275317,10.0,0.0
cn03_1_4/island03,full_sparse_pde,spatial_shifted,u_prev,-0.03131318014557232,0.11252615911884027,-0.2782746731140275,0.09719070216744768,10.0,0.0
cn03_1_4/island03,full_sparse_pde,spatial_shifted,lap_u,0.007172453552856858,0.0007413962620075154,9.674251032013098,0.09719070216744768,10.0,0.0
cn03_1_4/island03,full_sparse_pde,spatial_shifted,grad_div_u,0.00285212316039027,0.0005800984133637181,4.9166194816016615,0.09719070216744768,10.0,0.0
cn03_1_4/island03,full_sparse_pde,spatial_shifted,advect_v_u,-0.00488601611678145,0.002482519937590208,-1.9681679259842422,0.09719070216744768,10.0,0.0
cn03_1_4/island03,full_sparse_pde,spatial_shifted,advect_u_u,-0.00010428377726533486,0.0035844051174863203,-0.029093747455217124,0.09719070216744768,10.0,0.0
cn03_1_4/island03,full_sparse_pde,spatial_shifted,cubic_u,-0.008985288610288819,0.08602773695469335,-0.10444641377723253,0.09719070216744768,10.0,0.0
cn03_1_4/island03,full_sparse_pde,spatial_shifted,boundary_normal,7.196563918268813e-05,0.29074780331882927,0.00024751911574641134,0.09719070216744768,10.0,0.0
cn03_1_4/island03,full_sparse_pde,spatial_shifted,traction,0.00955359250005634,91.71734771303338,0.00010416341878907973,0.09719070216744768,10.0,0.0
cn03_1_4/island03,full_sparse_pde,spatial_shifted,stress_div,0.00990784612526408,16.154258417934102,0.000613327202582361,0.09719070216744768,10.0,0.0
cn03_1_4/island03,full_sparse_pde,spatial_shifted,force_balance,-0.01948277796474965,34.41646267708588,-0.0005660889135396556,0.09719070216744768,10.0,0.0
cn03_1_4/island03,full_sparse_pde,wrong_island,u_prev,-0.0312887054514016,0.11252615911884027,-0.27805717085177684,0.09719108814600795,100.0,0.01
cn03_1_4/island03,full_sparse_pde,wrong_island,lap_u,0.007179431527097396,0.0007413962620075154,9.683662968110054,0.09719108814600795,100.0,0.01
cn03_1_4/island03,full_sparse_pde,wrong_island,grad_div_u,0.0028527666476111622,0.0005800984133637181,4.917728754107961,0.09719108814600795,100.0,0.01
cn03_1_4/island03,full_sparse_pde,wrong_island,advect_v_u,-0.004947133308226222,0.002482519937590208,-1.9927869393179671,0.09719108814600795,100.0,0.01
cn03_1_4/island03,full_sparse_pde,wrong_island,cubic_u,-0.008989606900454269,0.08602773695469335,-0.10449661026406705,0.09719108814600795,100.0,0.01
cn03_1_4/island03,full_sparse_pde,kin_time_shuffled,u_prev,-0.0038479326344274967,0.11252615911884024,-0.0341958942219262,0.10726163606370527,0.01,0.01
cn03_1_4/island03,full_sparse_pde,kin_time_shuffled,lap_u,0.0037185779438625288,0.0007413962620075151,5.015641613559734,0.10726163606370527,0.01,0.01
cn03_1_4/island03,full_sparse_pde,kin_time_shuffled,grad_div_u,-0.0016511664898047585,0.0005800984133637181,-2.8463558109570064,0.10726163606370527,0.01,0.01
cn03_1_4/island03,full_sparse_pde,kin_time_shuffled,cubic_u,0.0031949034507043604,0.08602773695469336,0.03713806225528124,0.10726163606370527,0.01,0.01
cn03_1_4/island03,full_sparse_pde,kin_time_shuffled,traction,0.024131591945283918,91.71734771303338,0.0002631082619264919,0.10726163606370527,0.01,0.01
cn03_1_4/island03,full_sparse_pde,kin_time_shuffled,stress_div,0.021793176536579837,16.154258417934102,0.001349066974958475,0.10726163606370527,0.01,0.01
cn03_1_4/island03,full_sparse_pde,kin_time_shuffled,force_balance,-0.045405607963040495,34.41646267708588,-0.0013192990920961518,0.10726163606370527,0.01,0.01
cn03_1_4/island03,full_sparse_pde,kin_spatial_shifted,u_prev,-0.02444265867226431,0.11252615911884027,-0.21721756846290394,0.10785167586162628,100.0,0.03
cn03_1_4/island03,full_sparse_pde,kin_spatial_shifted,lap_u,-0.012832201811360596,0.0007413962620075151,-17.30815552888574,0.10785167586162628,100.0,0.03
cn03_1_4/island03,full_sparse_pde,kin_spatial_shifted,advect_u_u,-0.0004176774944567149,0.0035844051174863207,-0.11652630792738759,0.10785167586162628,100.0,0.03
cn03_1_4/island03,full_sparse_pde,kin_spatial_shifted,cubic_u,0.004426336184687437,0.08602773695469336,0.051452430824939326,0.10785167586162628,100.0,0.03
cn03_1_4/island03,full_sparse_pde,kin_wrong_island,u_prev,-0.015812997508478015,0.1142883170498169,-0.1383605771496777,0.10757231554850813,100.0,0.0
cn03_1_4/island03,full_sparse_pde,kin_wrong_island,lap_u,-0.009244337577905586,0.0007620480915387835,-12.130911002268558,0.10757231554850813,100.0,0.0
cn03_1_4/island03,full_sparse_pde,kin_wrong_island,grad_div_u,0.00019844476943502653,0.0005935982270167323,0.33430822465956045,0.10757231554850813,100.0,0.0
cn03_1_4/island03,full_sparse_pde,kin_wrong_island,advect_v_u,0.0010928675944081112,0.0026232457440222893,0.41660892689847256,0.10757231554850813,100.0,0.0
cn03_1_4/island03,full_sparse_pde,kin_wrong_island,advect_u_u,-0.0012517000918588286,0.0037675532287659995,-0.33223156140220017,0.10757231554850813,100.0,0.0
cn03_1_4/island03,full_sparse_pde,kin_wrong_island,cubic_u,0.002658175726545521,0.08975807662392639,0.029614891790550504,0.10757231554850813,100.0,0.0
cn03_1_4/island03,full_sparse_pde,kin_wrong_island,boundary_normal,-1.9992956287140106e-05,0.29074780331882927,-6.87639117438702e-05,0.10757231554850813,100.0,0.0
cn03_1_4/island03,full_sparse_pde,kin_wrong_island,traction,0.0004748711341837577,91.71734771303338,5.1775497877407196e-06,0.10757231554850813,100.0,0.0
cn03_1_4/island03,full_sparse_pde,kin_wrong_island,stress_div,0.0004933585964185402,16.154258417934102,3.054046701833272e-05,0.10757231554850813,100.0,0.0
cn03_1_4/island03,full_sparse_pde,kin_wrong_island,force_balance,-0.0006124813219606282,34.41646267708588,-1.7796172945118262e-05,0.10757231554850813,100.0,0.0
cn03_1_4/island04,relaxation,real,u_prev,-0.04408253868913329,0.11528253813239159,-0.38238695472256584,0.15689643731372477,0.01,0.0
cn03_1_4/island04,relaxation,kin_time_shuffled,u_prev,-0.0035334686120148196,0.11528253813239157,-0.030650510209594365,0.1684270771632469,100.0,0.0
cn03_1_4/island04,relaxation,kin_spatial_shifted,u_prev,-0.013173798689065416,0.11528253813239159,-0.11427401671132967,0.1690050578547042,100.0,0.0
cn03_1_4/island04,relaxation,kin_wrong_island,u_prev,-0.008223666289804926,0.11453100040043628,-0.07180297265414963,0.16859882058076184,100.0,0.0
cn03_1_4/island04,isotropic_pde,real,u_prev,-0.03625048842844488,0.11528253813239159,-0.31444908323248805,0.15582569252385634,0.01,0.0
cn03_1_4/island04,isotropic_pde,real,lap_u,0.012131255131680705,0.0007708888887694515,15.736710320271303,0.15582569252385634,0.01,0.0
cn03_1_4/island04,helmholtz_pde,real,u_prev,-0.03624224969113941,0.11528253813239159,-0.3143776176190574,0.155641867830202,0.01,0.0
cn03_1_4/island04,helmholtz_pde,real,lap_u,0.009525186779742869,0.0007708888887694515,12.356108537181875,0.155641867830202,0.01,0.0
cn03_1_4/island04,helmholtz_pde,real,grad_div_u,0.003929255432063985,0.0006033230113370619,6.512689485116962,0.155641867830202,0.01,0.0
cn03_1_4/island04,helmholtz_pde,kin_time_shuffled,u_prev,-0.002382339041497157,0.11528253813239157,-0.02066522025010636,0.16844465118082935,100.0,0.0
cn03_1_4/island04,helmholtz_pde,kin_time_shuffled,lap_u,0.0028744934516442087,0.0007708888887694515,3.728803843875195,0.16844465118082935,100.0,0.0
cn03_1_4/island04,helmholtz_pde,kin_time_shuffled,grad_div_u,-0.0016362859792664857,0.0006033230113370619,-2.71212260848498,0.16844465118082935,100.0,0.0
cn03_1_4/island04,helmholtz_pde,kin_spatial_shifted,u_prev,-0.022056437921580557,0.11528253813239159,-0.19132505476458828,0.16925103126976287,100.0,0.0
cn03_1_4/island04,helmholtz_pde,kin_spatial_shifted,lap_u,-0.013346624007946275,0.0007708888887694515,-17.313291451445252,0.16925103126976287,100.0,0.0
cn03_1_4/island04,helmholtz_pde,kin_spatial_shifted,grad_div_u,-0.0006284961350360408,0.0006033230113370618,-1.0417241232738517,0.16925103126976287,100.0,0.0
cn03_1_4/island04,helmholtz_pde,kin_wrong_island,u_prev,-0.014654289266798778,0.11453100040043628,-0.12795041705357318,0.16856101069200377,100.0,0.01
cn03_1_4/island04,helmholtz_pde,kin_wrong_island,lap_u,-0.009981618523716249,0.0007609980704546207,-13.116483354226146,0.16856101069200377,100.0,0.01
cn03_1_4/island04,advective_pde,real,u_prev,-0.03186421949980949,0.11528253813239159,-0.27640109262008367,0.1536668872298293,0.01,0.0
cn03_1_4/island04,advective_pde,real,lap_u,0.007662611841429522,0.0007708888887694515,9.939969239485519,0.1536668872298293,0.01,0.0
cn03_1_4/island04,advective_pde,real,grad_div_u,0.003232375777616826,0.0006033230113370619,5.357620572855915,0.1536668872298293,0.01,0.0
cn03_1_4/island04,advective_pde,real,advect_v_u,-0.0056324477389301094,0.0026328135323555294,-2.1393264922528954,0.1536668872298293,0.01,0.0
cn03_1_4/island04,advective_pde,real,advect_u_u,0.00035264074215289126,0.003794545905685703,0.09293358175598786,0.1536668872298293,0.01,0.0
cn03_1_4/island04,advective_pde,real,cubic_u,-0.009105226120110145,0.09242909436278664,-0.09851038986027377,0.1536668872298293,0.01,0.0
cn03_1_4/island04,advective_pde,kin_time_shuffled,u_prev,-0.003933668739798464,0.11528253813239157,-0.03412198242270656,0.1684653094631487,100.0,0.03
cn03_1_4/island04,advective_pde,kin_time_shuffled,lap_u,0.0035234468827047886,0.0007708888887694515,4.57062870413033,0.1684653094631487,100.0,0.03
cn03_1_4/island04,advective_pde,kin_time_shuffled,grad_div_u,-0.0013633540728315264,0.0006033230113370619,-2.259741543439744,0.1684653094631487,100.0,0.03
cn03_1_4/island04,advective_pde,kin_time_shuffled,advect_v_u,0.00019347265312579242,0.0026328135323555294,0.07348513320375409,0.1684653094631487,100.0,0.03
cn03_1_4/island04,advective_pde,kin_time_shuffled,advect_u_u,-0.00043260478774028864,0.0037945459056857034,-0.11400699806848526,0.1684653094631487,100.0,0.03
cn03_1_4/island04,advective_pde,kin_time_shuffled,cubic_u,0.0032909162658808677,0.09242909436278667,0.03560476588642028,0.1684653094631487,100.0,0.03
cn03_1_4/island04,advective_pde,kin_spatial_shifted,u_prev,-0.024220324297165825,0.11528253813239159,-0.21009534218747827,0.16918579458499458,100.0,0.03
cn03_1_4/island04,advective_pde,kin_spatial_shifted,lap_u,-0.012605293516433436,0.0007708888887694515,-16.35163471684605,0.16918579458499458,100.0,0.03
cn03_1_4/island04,advective_pde,kin_spatial_shifted,advect_u_u,-0.0004857537605895175,0.0037945459056857034,-0.1280136734837414,0.16918579458499458,100.0,0.03
cn03_1_4/island04,advective_pde,kin_spatial_shifted,cubic_u,0.004603012857850691,0.09242909436278665,0.04980047559249843,0.16918579458499458,100.0,0.03
cn03_1_4/island04,advective_pde,kin_wrong_island,u_prev,-0.015982138237223168,0.11453100040043628,-0.13954421232107117,0.1685645893484486,100.0,0.03
cn03_1_4/island04,advective_pde,kin_wrong_island,lap_u,-0.009271564184634897,0.0007609980704546207,-12.18342666637257,0.1685645893484486,100.0,0.03
cn03_1_4/island04,advective_pde,kin_wrong_island,advect_v_u,0.0010198472770103688,0.00263445420315293,0.3871190001290627,0.1685645893484486,100.0,0.03
cn03_1_4/island04,advective_pde,kin_wrong_island,advect_u_u,-0.001292705679247452,0.003769784136749808,-0.3429123876472097,0.1685645893484486,100.0,0.03
cn03_1_4/island04,advective_pde,kin_wrong_island,cubic_u,0.0027136758072640156,0.0897426846233204,0.03023840682562826,0.1685645893484486,100.0,0.03
cn03_1_4/island04,boundary_pde,real,u_prev,-0.03186421949980949,0.11528253813239159,-0.27640109262008367,0.1536668872298293,0.01,0.01
cn03_1_4/island04,boundary_pde,real,lap_u,0.007662611841429522,0.0007708888887694515,9.939969239485519,0.1536668872298293,0.01,0.01
cn03_1_4/island04,boundary_pde,real,grad_div_u,0.003232375777616826,0.0006033230113370619,5.357620572855915,0.1536668872298293,0.01,0.01
cn03_1_4/island04,boundary_pde,real,advect_v_u,-0.0056324477389301094,0.0026328135323555294,-2.1393264922528954,0.1536668872298293,0.01,0.01
cn03_1_4/island04,boundary_pde,real,advect_u_u,0.00035264074215289126,0.003794545905685703,0.09293358175598786,0.1536668872298293,0.01,0.01
cn03_1_4/island04,boundary_pde,real,cubic_u,-0.009105226120110145,0.09242909436278664,-0.09851038986027377,0.1536668872298293,0.01,0.01
cn03_1_4/island04,mechanics_source_pde,real,u_prev,-0.03625201359633343,0.11528253813239159,-0.3144623130582124,0.15562741527622387,0.01,0.0
cn03_1_4/island04,mechanics_source_pde,real,lap_u,0.009525641969891741,0.0007708888887694515,12.356699011575142,0.15562741527622387,0.01,0.0
cn03_1_4/island04,mechanics_source_pde,real,grad_div_u,0.003926233879328892,0.0006033230113370619,6.507681300979585,0.15562741527622387,0.01,0.0
cn03_1_4/island04,mechanics_source_pde,real,traction,0.008250002576983882,87.89301144725462,9.386414734389641e-05,0.15562741527622387,0.01,0.0
cn03_1_4/island04,mechanics_source_pde,real,stress_div,0.011525187456283918,15.430394105929032,0.0007469146528056232,0.15562741527622387,0.01,0.0
cn03_1_4/island04,mechanics_source_pde,real,force_balance,-0.0189225159544567,32.9177894239621,-0.0005748416368652717,0.15562741527622387,0.01,0.0
cn03_1_4/island04,mechanics_source_pde,time_shuffled,u_prev,-0.03624451702067198,0.11528253813239159,-0.31439728520765586,0.15564093339722523,1.0,0.0
cn03_1_4/island04,mechanics_source_pde,time_shuffled,lap_u,0.009524991502304427,0.0007708888887694515,12.355855222545634,0.15564093339722523,1.0,0.0
cn03_1_4/island04,mechanics_source_pde,time_shuffled,grad_div_u,0.00392728070623895,0.0006033230113370619,6.509416402890811,0.15564093339722523,1.0,0.0
cn03_1_4/island04,mechanics_source_pde,time_shuffled,traction,-0.00990859974905714,87.89301144725462,-0.00011273478500623885,0.15564093339722523,1.0,0.0
cn03_1_4/island04,mechanics_source_pde,time_shuffled,stress_div,-0.00528769416255719,15.430394105929032,-0.00034268043487790283,0.15564093339722523,1.0,0.0
cn03_1_4/island04,mechanics_source_pde,time_shuffled,force_balance,0.015530356440365614,32.9177894239621,0.00047179220452332326,0.15564093339722523,1.0,0.0
cn03_1_4/island04,mechanics_source_pde,spatial_shifted,u_prev,-0.036242868403012565,0.11528253813239159,-0.3143829845365731,0.15564226709273804,0.01,0.0
cn03_1_4/island04,mechanics_source_pde,spatial_shifted,lap_u,0.009526993477490753,0.0007708888887694515,12.358452192375514,0.15564226709273804,0.01,0.0
cn03_1_4/island04,mechanics_source_pde,spatial_shifted,grad_div_u,0.003927991249020969,0.0006033230113370619,6.510594118258314,0.15564226709273804,0.01,0.0
cn03_1_4/island04,mechanics_source_pde,spatial_shifted,traction,0.11998596739991349,87.89301144725462,0.0013651366067018666,0.15564226709273804,0.01,0.0
cn03_1_4/island04,mechanics_source_pde,spatial_shifted,stress_div,0.10657363141022382,15.43039410592903,0.0069067342466174325,0.15564226709273804,0.01,0.0
cn03_1_4/island04,mechanics_source_pde,spatial_shifted,force_balance,-0.22596402624858805,32.9177894239621,-0.006864495769697716,0.15564226709273804,0.01,0.0
cn03_1_4/island04,mechanics_source_pde,wrong_island,u_prev,-0.03621611296409348,0.11528253813239159,-0.3141508987467169,0.15564296361403576,100.0,0.03
cn03_1_4/island04,mechanics_source_pde,wrong_island,lap_u,0.009535736325009706,0.0007708888887694515,12.36979344744654,0.15564296361403576,100.0,0.03
cn03_1_4/island04,mechanics_source_pde,wrong_island,grad_div_u,0.0039314974883394305,0.0006033230113370619,6.5164056640680625,0.15564296361403576,100.0,0.03
cn03_1_4/island04,mechanics_source_pde,kin_time_shuffled,u_prev,-0.0023872618784782263,0.11528253813239157,-0.020707922614756034,0.16843951396861984,100.0,0.0
cn03_1_4/island04,mechanics_source_pde,kin_time_shuffled,lap_u,0.002874927072791937,0.0007708888887694515,3.729366338878101,0.16843951396861984,100.0,0.0
cn03_1_4/island04,mechanics_source_pde,kin_time_shuffled,grad_div_u,-0.0016377540015312692,0.0006033230113370619,-2.7145558361875506,0.16843951396861984,100.0,0.0
cn03_1_4/island04,mechanics_source_pde,kin_time_shuffled,traction,-0.0005950684108697416,87.89301144725462,-6.7703723091436846e-06,0.16843951396861984,100.0,0.0
cn03_1_4/island04,mechanics_source_pde,kin_time_shuffled,stress_div,0.0009337124769347059,15.430394105929032,6.0511252695479285e-05,0.16843951396861984,100.0,0.0
cn03_1_4/island04,mechanics_source_pde,kin_time_shuffled,force_balance,0.00013094916051004205,32.9177894239621,3.978066656405525e-06,0.16843951396861984,100.0,0.0
cn03_1_4/island04,mechanics_source_pde,kin_spatial_shifted,u_prev,-0.02205673608943488,0.11528253813239159,-0.19132764117411008,0.1692464199862736,100.0,0.0
cn03_1_4/island04,mechanics_source_pde,kin_spatial_shifted,lap_u,-0.013347689990695424,0.0007708888887694515,-17.31467424832387,0.1692464199862736,100.0,0.0
cn03_1_4/island04,mechanics_source_pde,kin_spatial_shifted,grad_div_u,-0.000628482557509337,0.0006033230113370618,-1.0417016187009303,0.1692464199862736,100.0,0.0
cn03_1_4/island04,mechanics_source_pde,kin_spatial_shifted,traction,-0.0005580358847956581,87.89301144725462,-6.349035897245828e-06,0.1692464199862736,100.0,0.0
cn03_1_4/island04,mechanics_source_pde,kin_spatial_shifted,stress_div,0.0008653394521651789,15.430394105929032,5.6080191226786466e-05,0.1692464199862736,100.0,0.0
cn03_1_4/island04,mechanics_source_pde,kin_spatial_shifted,force_balance,0.00013583718093013167,32.9177894239621,4.126558414376716e-06,0.1692464199862736,100.0,0.0
cn03_1_4/island04,mechanics_source_pde,kin_wrong_island,u_prev,-0.014655150589617071,0.11453100040043628,-0.12795793748747564,0.16855626886027741,100.0,0.01
cn03_1_4/island04,mechanics_source_pde,kin_wrong_island,lap_u,-0.009981673476255167,0.0007609980704546207,-13.116555565367085,0.16855626886027741,100.0,0.01
cn03_1_4/island04,mechanics_source_pde,kin_wrong_island,traction,-0.0005064600637569378,87.89301144725462,-5.762233599890578e-06,0.16855626886027741,100.0,0.01
cn03_1_4/island04,mechanics_source_pde,kin_wrong_island,stress_div,0.0008002360515394899,15.430394105929032,5.1861024808951846e-05,0.16855626886027741,100.0,0.01
cn03_1_4/island04,mechanics_source_pde,kin_wrong_island,force_balance,0.00015950099815696808,32.9177894239621,4.845434670678745e-06,0.16855626886027741,100.0,0.01
cn03_1_4/island04,full_sparse_pde,real,u_prev,-0.03187636656741138,0.11528253813239159,-0.276506460421649,0.15365419904420308,0.01,0.01
cn03_1_4/island04,full_sparse_pde,real,lap_u,0.0076642271992845455,0.0007708888887694515,9.942064687842029,0.15365419904420308,0.01,0.01
cn03_1_4/island04,full_sparse_pde,real,grad_div_u,0.003229974841585074,0.0006033230113370619,5.3536410527868386,0.15365419904420308,0.01,0.01
cn03_1_4/island04,full_sparse_pde,real,advect_v_u,-0.005633650810347143,0.0026328135323555294,-2.1397834450155004,0.15365419904420308,0.01,0.01
cn03_1_4/island04,full_sparse_pde,real,advect_u_u,0.00035515478019484254,0.003794545905685703,0.09359612164994045,0.15365419904420308,0.01,0.01
cn03_1_4/island04,full_sparse_pde,real,cubic_u,-0.009099127098389921,0.09242909436278664,-0.09844440390896407,0.15365419904420308,0.01,0.01
cn03_1_4/island04,full_sparse_pde,real,traction,0.0060689730231374694,87.89301144725462,6.904955153094867e-05,0.15365419904420308,0.01,0.01
cn03_1_4/island04,full_sparse_pde,real,stress_div,0.009409720315707443,15.430394105929032,0.0006098172380504407,0.15365419904420308,0.01,0.01
cn03_1_4/island04,full_sparse_pde,real,force_balance,-0.014673934025872635,32.9177894239621,-0.00044577519580312174,0.15365419904420308,0.01,0.01
cn03_1_4/island04,full_sparse_pde,time_shuffled,u_prev,-0.03186654896859034,0.11528253813239159,-0.27642129922568576,0.1536659675851516,1.0,0.01
cn03_1_4/island04,full_sparse_pde,time_shuffled,lap_u,0.007662425400284853,0.0007708888887694515,9.939727387323183,0.1536659675851516,1.0,0.01
cn03_1_4/island04,full_sparse_pde,time_shuffled,grad_div_u,0.0032303971186454223,0.0006033230113370619,5.354340971491103,0.1536659675851516,1.0,0.01
cn03_1_4/island04,full_sparse_pde,time_shuffled,advect_v_u,-0.005633059249755194,0.0026328135323555294,-2.139558757401023,0.1536659675851516,1.0,0.01
cn03_1_4/island04,full_sparse_pde,time_shuffled,advect_u_u,0.0003534001362242509,0.003794545905685703,0.09313370954208784,0.1536659675851516,1.0,0.01
cn03_1_4/island04,full_sparse_pde,time_shuffled,cubic_u,-0.009105125245720568,0.09242909436278664,-0.09850929848974513,0.1536659675851516,1.0,0.01
cn03_1_4/island04,full_sparse_pde,time_shuffled,traction,-0.009760815413243343,87.89301144725462,-0.0001110533733287873,0.1536659675851516,1.0,0.01
cn03_1_4/island04,full_sparse_pde,time_shuffled,stress_div,-0.005172847226387195,15.430394105929032,-0.0003352375312565452,0.1536659675851516,1.0,0.01
cn03_1_4/island04,full_sparse_pde,time_shuffled,force_balance,0.015270079940751602,32.9177894239621,0.000463885340053726,0.1536659675851516,1.0,0.01
cn03_1_4/island04,full_sparse_pde,spatial_shifted,u_prev,-0.031869433669407386,0.11528253813239159,-0.276446322103077,0.15366738491834586,1.0,0.01
cn03_1_4/island04,full_sparse_pde,spatial_shifted,lap_u,0.00766595714092137,0.0007708888887694515,9.94430877471632,0.15366738491834586,1.0,0.01
cn03_1_4/island04,full_sparse_pde,spatial_shifted,grad_div_u,0.0032338326569092894,0.0006033230113370619,5.360035331227612,0.15366738491834586,1.0,0.01
cn03_1_4/island04,full_sparse_pde,spatial_shifted,advect_v_u,-0.0054162493925583735,0.0026328135323555294,-2.057209645117767,0.15366738491834586,1.0,0.01
cn03_1_4/island04,full_sparse_pde,spatial_shifted,cubic_u,-0.009106204541420918,0.09242909436278664,-0.09852097550235454,0.15366738491834586,1.0,0.01
cn03_1_4/island04,full_sparse_pde,spatial_shifted,traction,0.02260754116172498,87.89301144725462,0.000257216595375071,0.15366738491834586,1.0,0.01
cn03_1_4/island04,full_sparse_pde,spatial_shifted,stress_div,0.02131924790783067,15.43039410592903,0.0013816398830434854,0.15366738491834586,1.0,0.01
cn03_1_4/island04,full_sparse_pde,spatial_shifted,force_balance,-0.04384343869302742,32.9177894239621,-0.0013319071377591392,0.15366738491834586,1.0,0.01
cn03_1_4/island04,full_sparse_pde,wrong_island,u_prev,-0.03186210375386093,0.11528253813239159,-0.27638273991912093,0.1536680186054482,10.0,0.01
cn03_1_4/island04,full_sparse_pde,wrong_island,lap_u,0.007662990459085612,0.0007708888887694515,9.940460383749764,0.1536680186054482,10.0,0.01
cn03_1_4/island04,full_sparse_pde,wrong_island,grad_div_u,0.0032325702242973994,0.0006033230113370619,5.35794286568566,0.1536680186054482,10.0,0.01
cn03_1_4/island04,full_sparse_pde,wrong_island,advect_v_u,-0.00563225646757543,0.0026328135323555294,-2.139253843220851,0.1536680186054482,10.0,0.01
cn03_1_4/island04,full_sparse_pde,wrong_island,advect_u_u,0.000351699425314894,0.003794545905685703,0.09268551074528093,0.1536680186054482,10.0,0.01
cn03_1_4/island04,full_sparse_pde,wrong_island,cubic_u,-0.009105729843071527,0.09242909436278664,-0.09851583969146444,0.1536680186054482,10.0,0.01
cn03_1_4/island04,full_sparse_pde,wrong_island,traction,0.0018934066293904174,84.8170918158589,2.2323408983428415e-05,0.1536680186054482,10.0,0.01
cn03_1_4/island04,full_sparse_pde,wrong_island,stress_div,0.0021113794169505713,14.86196640656749,0.0001420659527273292,0.1536680186054482,10.0,0.01
cn03_1_4/island04,full_sparse_pde,wrong_island,force_balance,-0.00384409167762827,31.739266859227634,-0.00012111469665250532,0.1536680186054482,10.0,0.01
cn03_1_4/island04,full_sparse_pde,kin_time_shuffled,u_prev,-0.003944046199872236,0.11528253813239157,-0.03421200004585998,0.16845390681749883,0.1,0.03
cn03_1_4/island04,full_sparse_pde,kin_time_shuffled,lap_u,0.0035285606360654508,0.0007708888887694515,4.577262284449311,0.16845390681749883,0.1,0.03
cn03_1_4/island04,full_sparse_pde,kin_time_shuffled,grad_div_u,-0.0013675741287352018,0.0006033230113370619,-2.2667362309029704,0.16845390681749883,0.1,0.03
cn03_1_4/island04,full_sparse_pde,kin_time_shuffled,advect_v_u,0.00019401177199195228,0.0026328135323555294,0.07368990230704776,0.16845390681749883,0.1,0.03
cn03_1_4/island04,full_sparse_pde,kin_time_shuffled,advect_u_u,-0.0004309833859289864,0.0037945459056857034,-0.11357970008564289,0.16845390681749883,0.1,0.03
cn03_1_4/island04,full_sparse_pde,kin_time_shuffled,cubic_u,0.0032990932256971666,0.09242909436278667,0.03569323326644463,0.16845390681749883,0.1,0.03
cn03_1_4/island04,full_sparse_pde,kin_time_shuffled,traction,-0.000810461077297565,87.89301144725462,-9.220995662253874e-06,0.16845390681749883,0.1,0.03
cn03_1_4/island04,full_sparse_pde,kin_time_shuffled,stress_div,0.0009091001466665189,15.430394105929032,5.8916197501216305e-05,0.16845390681749883,0.1,0.03
cn03_1_4/island04,full_sparse_pde,kin_time_shuffled,force_balance,0.00037849583868792083,32.9177894239621,1.1498215564025677e-05,0.16845390681749883,0.1,0.03
cn03_1_4/island04,full_sparse_pde,kin_spatial_shifted,u_prev,-0.024254119214242385,0.11528253813239159,-0.2103884908084581,0.16918329995673828,1.0,0.03
cn03_1_4/island04,full_sparse_pde,kin_spatial_shifted,lap_u,-0.012627659239151701,0.0007708888887694515,-16.380647617465186,0.16918329995673828,1.0,0.03
cn03_1_4/island04,full_sparse_pde,kin_spatial_shifted,advect_u_u,-0.0004869162769673367,0.0037945459056857034,-0.1283200385684482,0.16918329995673828,1.0,0.03
cn03_1_4/island04,full_sparse_pde,kin_spatial_shifted,cubic_u,0.004614999848599306,0.09242909436278665,0.049930164094060134,0.16918329995673828,1.0,0.03
cn03_1_4/island04,full_sparse_pde,kin_spatial_shifted,traction,-0.0015447603693194564,87.89301144725462,-1.7575462984864057e-05,0.16918329995673828,1.0,0.03
cn03_1_4/island04,full_sparse_pde,kin_spatial_shifted,force_balance,0.0019881347419697065,32.9177894239621,6.0396970050560815e-05,0.16918329995673828,1.0,0.03
cn03_1_4/island04,full_sparse_pde,kin_wrong_island,u_prev,-0.016002842313824695,0.11453100040043628,-0.13972498500732328,0.16856025247503817,10.0,0.03
cn03_1_4/island04,full_sparse_pde,kin_wrong_island,lap_u,-0.009285447671583114,0.0007609980704546207,-12.201670453692454,0.16856025247503817,10.0,0.03
cn03_1_4/island04,full_sparse_pde,kin_wrong_island,advect_v_u,0.0010213537335640149,0.00263445420315293,0.38769082884099976,0.16856025247503817,10.0,0.03
cn03_1_4/island04,full_sparse_pde,kin_wrong_island,advect_u_u,-0.001292879217155128,0.003769784136749808,-0.34295842155827216,0.16856025247503817,10.0,0.03
cn03_1_4/island04,full_sparse_pde,kin_wrong_island,cubic_u,0.002719314351307462,0.0897426846233204,0.030301236950079215,0.16856025247503817,10.0,0.03
cn03_1_4/island04,full_sparse_pde,kin_wrong_island,traction,-0.0007061141745175867,87.89301144725462,-8.033792026130906e-06,0.16856025247503817,10.0,0.03
cn03_1_4/island04,full_sparse_pde,kin_wrong_island,stress_div,0.0006696832640105246,15.430394105929032,4.3400269585674616e-05,0.16856025247503817,10.0,0.03
cn03_1_4/island04,full_sparse_pde,kin_wrong_island,force_balance,0.0004839062176185944,32.9177894239621,1.4700446964592977e-05,0.16856025247503817,10.0,0.03
cn03_5_8/island05,relaxation,real,u_prev,-0.04405498415487086,0.11517366365448377,-0.38250918445239346,0.0950055523202581,0.01,0.0
cn03_5_8/island05,relaxation,kin_time_shuffled,u_prev,-0.0037700151771691013,0.11517366365448377,-0.03273330948713233,0.1027297536775445,100.0,0.0
cn03_5_8/island05,relaxation,kin_spatial_shifted,u_prev,-0.013065718489094123,0.11517366365448374,-0.11344363003238954,0.10286778038961097,100.0,0.0
cn03_5_8/island05,relaxation,kin_wrong_island,u_prev,-0.008109561205414156,0.11452773359847415,-0.07080871113581697,0.10284089170153993,100.0,0.0
cn03_5_8/island05,isotropic_pde,real,u_prev,-0.03610531941319179,0.11517366365448377,-0.31348589831705154,0.09460833648534728,0.01,0.0
cn03_5_8/island05,isotropic_pde,real,lap_u,0.012289088894217447,0.0007680091269847473,16.001227670906975,0.09460833648534728,0.01,0.0
cn03_5_8/island05,helmholtz_pde,real,u_prev,-0.03609160753260742,0.11517366365448377,-0.3133668443584529,0.09455619535335434,0.01,0.0
cn03_5_8/island05,helmholtz_pde,real,lap_u,0.009800903775093593,0.0007680091269847473,12.761441798969974,0.09455619535335434,0.01,0.0
cn03_5_8/island05,helmholtz_pde,real,grad_div_u,0.0037572073749839365,0.0006004488123404242,6.257331678847238,0.09455619535335434,0.01,0.0
cn03_5_8/island05,helmholtz_pde,kin_time_shuffled,u_prev,-0.0026130491638408603,0.11517366365448377,-0.022687905211384956,0.10272520207880706,100.0,0.0
cn03_5_8/island05,helmholtz_pde,kin_time_shuffled,lap_u,0.0029416744096515744,0.0007680091269847472,3.8302597017313786,0.10272520207880706,100.0,0.0
cn03_5_8/island05,helmholtz_pde,kin_time_shuffled,grad_div_u,-0.0017252349860327058,0.0006004488123404243,-2.873242398978357,0.10272520207880706,100.0,0.0
cn03_5_8/island05,helmholtz_pde,kin_spatial_shifted,u_prev,-0.021858205978609126,0.11517366365448374,-0.1897847588158943,0.10284626551143135,100.0,0.0
cn03_5_8/island05,helmholtz_pde,kin_spatial_shifted,lap_u,-0.013057586486288011,0.0007680091269847472,-17.001863685595676,0.10284626551143135,100.0,0.0
cn03_5_8/island05,helmholtz_pde,kin_spatial_shifted,grad_div_u,-0.0008104296318169407,0.0006004488123404242,-1.3497064448475717,0.10284626551143135,100.0,0.0
cn03_5_8/island05,helmholtz_pde,kin_wrong_island,u_prev,-0.014557514346165508,0.11452773359847415,-0.12710907558166729,0.10273525619260496,100.0,0.0
cn03_5_8/island05,helmholtz_pde,kin_wrong_island,lap_u,-0.010113432512769626,0.0007587044785430253,-13.329870587018162,0.10273525619260496,100.0,0.0
cn03_5_8/island05,helmholtz_pde,kin_wrong_island,grad_div_u,0.00016350800940733855,0.0005911545945446876,0.2765909474716573,0.10273525619260496,100.0,0.0
cn03_5_8/island05,advective_pde,real,u_prev,-0.03164549744137765,0.11517366365448377,-0.2747633133935275,0.09389008389518304,0.01,0.0
cn03_5_8/island05,advective_pde,real,lap_u,0.007895506570267935,0.0007680091269847473,10.280485339108138,0.09389008389518304,0.01,0.0
cn03_5_8/island05,advective_pde,real,grad_div_u,0.0030576162740781187,0.0006004488123404242,5.092218039636332,0.09389008389518304,0.01,0.0
cn03_5_8/island05,advective_pde,real,advect_v_u,-0.005869588614884651,0.0026307822877218805,-2.231119101827087,0.09389008389518304,0.01,0.0
cn03_5_8/island05,advective_pde,real,advect_u_u,0.000709189725346639,0.003780481308517671,0.18759244325551572,0.09389008389518304,0.01,0.0
cn03_5_8/island05,advective_pde,real,cubic_u,-0.009202847477575632,0.09205513446990414,-0.09997103942729393,0.09389008389518304,0.01,0.0
cn03_5_8/island05,advective_pde,kin_time_shuffled,u_prev,-0.004178211296830461,0.11517366365448377,-0.03627748883082266,0.10277958546779246,100.0,0.0
cn03_5_8/island05,advective_pde,kin_time_shuffled,lap_u,0.003598303939121685,0.0007680091269847472,4.685235907610703,0.10277958546779246,100.0,0.0
cn03_5_8/island05,advective_pde,kin_time_shuffled,grad_div_u,-0.0014507088942305843,0.0006004488123404243,-2.416040908759605,0.10277958546779246,100.0,0.0
cn03_5_8/island05,advective_pde,kin_time_shuffled,advect_v_u,0.00034787390450902926,0.0026307822877218805,0.13223211442945734,0.10277958546779246,100.0,0.0
cn03_5_8/island05,advective_pde,kin_time_shuffled,advect_u_u,-0.0006051588780378539,0.003780481308517671,-0.16007455893893494,0.10277958546779246,100.0,0.0
cn03_5_8/island05,advective_pde,kin_time_shuffled,cubic_u,0.0032995124491447697,0.09205513446990413,0.03584278561043751,0.10277958546779246,100.0,0.0
cn03_5_8/island05,advective_pde,kin_spatial_shifted,u_prev,-0.02396731674217662,0.11517366365448374,-0.20809719845395894,0.10281803738223343,100.0,0.0
cn03_5_8/island05,advective_pde,kin_spatial_shifted,lap_u,-0.012172461069371627,0.0007680091269847472,-15.849370328659354,0.10281803738223343,100.0,0.0
cn03_5_8/island05,advective_pde,kin_spatial_shifted,grad_div_u,-0.00044157010260093113,0.0006004488123404242,-0.7354000766189928,0.10281803738223343,100.0,0.0
cn03_5_8/island05,advective_pde,kin_spatial_shifted,advect_v_u,0.00048051550531837383,0.0026307822877218805,0.18265118613614928,0.10281803738223343,100.0,0.0
cn03_5_8/island05,advective_pde,kin_spatial_shifted,advect_u_u,-0.0007184838315124361,0.003780481308517672,-0.19005088846587997,0.10281803738223343,100.0,0.0
cn03_5_8/island05,advective_pde,kin_spatial_shifted,cubic_u,0.004447147591280216,0.09205513446990413,0.04830960941927836,0.10281803738223343,100.0,0.0
cn03_5_8/island05,advective_pde,kin_wrong_island,u_prev,-0.015776301005093463,0.11452773359847415,-0.13775092293718147,0.1027344411014715,100.0,0.0
cn03_5_8/island05,advective_pde,kin_wrong_island,lap_u,-0.009612230892950267,0.0007587044785430253,-12.66926868734065,0.1027344411014715,100.0,0.0
cn03_5_8/island05,advective_pde,kin_wrong_island,grad_div_u,0.00036659965066664844,0.0005911545945446876,0.6201417599553746,0.1027344411014715,100.0,0.0
cn03_5_8/island05,advective_pde,kin_wrong_island,advect_v_u,0.0008094035317053335,0.0026186971191163905,0.30908634900795445,0.1027344411014715,100.0,0.0
cn03_5_8/island05,advective_pde,kin_wrong_island,advect_u_u,-0.0011703024603212575,0.0036879451855287328,-0.3173318478033381,0.1027344411014715,100.0,0.0
cn03_5_8/island05,advective_pde,kin_wrong_island,cubic_u,0.002477103713653866,0.0873887734275776,0.02834578878380455,0.1027344411014715,100.0,0.0
cn03_5_8/island05,boundary_pde,real,u_prev,-0.03164549744137765,0.11517366365448377,-0.2747633133935275,0.09389008389518304,0.01,0.01
cn03_5_8/island05,boundary_pde,real,lap_u,0.007895506570267935,0.0007680091269847473,10.280485339108138,0.09389008389518304,0.01,0.01
cn03_5_8/island05,boundary_pde,real,grad_div_u,0.0030576162740781187,0.0006004488123404242,5.092218039636332,0.09389008389518304,0.01,0.01
cn03_5_8/island05,boundary_pde,real,advect_v_u,-0.005869588614884651,0.0026307822877218805,-2.231119101827087,0.09389008389518304,0.01,0.01
cn03_5_8/island05,boundary_pde,real,advect_u_u,0.000709189725346639,0.003780481308517671,0.18759244325551572,0.09389008389518304,0.01,0.01
cn03_5_8/island05,boundary_pde,real,cubic_u,-0.009202847477575632,0.09205513446990414,-0.09997103942729393,0.09389008389518304,0.01,0.01
cn03_5_8/island05,mechanics_source_pde,real,u_prev,-0.036076494839487994,0.11517366365448377,-0.3132356277882762,0.09463879306626695,100.0,0.01
cn03_5_8/island05,mechanics_source_pde,real,lap_u,0.009810652617295237,0.0007680091269847473,12.774135453067444,0.09463879306626695,100.0,0.01
cn03_5_8/island05,mechanics_source_pde,real,grad_div_u,0.0037577675708540823,0.0006004488123404242,6.258264640756118,0.09463879306626695,100.0,0.01
cn03_5_8/island05,mechanics_source_pde,real,traction,-0.0003724066772687026,83.85463620758348,-4.441098239897004e-06,0.09463879306626695,100.0,0.01
cn03_5_8/island05,mechanics_source_pde,real,stress_div,0.0035215267463070267,14.757997247207612,0.00023861820051317202,0.09463879306626695,100.0,0.01
cn03_5_8/island05,mechanics_source_pde,real,force_balance,-0.002280046090289982,31.476983695862923,-7.243534235428195e-05,0.09463879306626695,100.0,0.01
cn03_5_8/island05,mechanics_source_pde,time_shuffled,u_prev,-0.0360683456700596,0.11517366365448377,-0.31316487229461715,0.09457902491578982,100.0,0.03
cn03_5_8/island05,mechanics_source_pde,time_shuffled,lap_u,0.009810197787808912,0.0007680091269847473,12.773543234211775,0.09457902491578982,100.0,0.03
cn03_5_8/island05,mechanics_source_pde,time_shuffled,grad_div_u,0.0037584318729784647,0.0006004488123404242,6.259370983396373,0.09457902491578982,100.0,0.03
cn03_5_8/island05,mechanics_source_pde,time_shuffled,stress_div,0.00221992190285935,14.757997247207612,0.00015042162331879995,0.09457902491578982,100.0,0.03
cn03_5_8/island05,mechanics_source_pde,time_shuffled,force_balance,-0.0018229297175433108,31.476983695862923,-5.791310041511067e-05,0.09457902491578982,100.0,0.03
cn03_5_8/island05,mechanics_source_pde,spatial_shifted,u_prev,-0.03608909745600984,0.11517366365448377,-0.3133450505167192,0.09455651978220138,10.0,0.0
cn03_5_8/island05,mechanics_source_pde,spatial_shifted,lap_u,0.009801885316848795,0.0007680091269847473,12.762719832942118,0.09455651978220138,10.0,0.0
cn03_5_8/island05,mechanics_source_pde,spatial_shifted,grad_div_u,0.0037577228830836065,0.0006004488123404242,6.258190216809301,0.09455651978220138,10.0,0.0
cn03_5_8/island05,mechanics_source_pde,spatial_shifted,traction,0.01034114960045267,83.85463620758348,0.00012332233574841335,0.09455651978220138,10.0,0.0
cn03_5_8/island05,mechanics_source_pde,spatial_shifted,stress_div,0.010063172595191336,14.757997247207612,0.00068187928393166,0.09455651978220138,10.0,0.0
cn03_5_8/island05,mechanics_source_pde,spatial_shifted,force_balance,-0.020442917262122415,31.476983695862927,-0.0006494560425371782,0.09455651978220138,10.0,0.0
cn03_5_8/island05,mechanics_source_pde,wrong_island,u_prev,-0.036065718087099324,0.11517366365448377,-0.3131420581991295,0.09455728518702924,100.0,0.03
cn03_5_8/island05,mechanics_source_pde,wrong_island,lap_u,0.009810953380247655,0.0007680091269847473,12.774527066841097,0.09455728518702924,100.0,0.03
cn03_5_8/island05,mechanics_source_pde,wrong_island,grad_div_u,0.003759809804714776,0.0006004488123404242,6.261665819705467,0.09455728518702924,100.0,0.03
cn03_5_8/island05,mechanics_source_pde,kin_time_shuffled,u_prev,-0.002618175593781966,0.11517366365448377,-0.022732415647004026,0.10275433052691353,100.0,0.0
cn03_5_8/island05,mechanics_source_pde,kin_time_shuffled,lap_u,0.002941928898750938,0.0007680091269847472,3.830591063808237,0.10275433052691353,100.0,0.0
cn03_5_8/island05,mechanics_source_pde,kin_time_shuffled,grad_div_u,-0.0017265339086907452,0.0006004488123404243,-2.8754056519173985,0.10275433052691353,100.0,0.0
cn03_5_8/island05,mechanics_source_pde,kin_time_shuffled,traction,0.00042580153348949706,83.85463620758348,5.077853208204477e-06,0.10275433052691353,100.0,0.0
cn03_5_8/island05,mechanics_source_pde,kin_time_shuffled,stress_div,0.00167679849148641,14.757997247207612,0.00011361965064762971,0.10275433052691353,100.0,0.0
cn03_5_8/island05,mechanics_source_pde,kin_time_shuffled,force_balance,-0.0015913515900760203,31.476983695862923,-5.055603819768711e-05,0.10275433052691353,100.0,0.0
cn03_5_8/island05,mechanics_source_pde,kin_spatial_shifted,u_prev,-0.02185887448939759,0.11517366365448374,-0.18979056318789436,0.10287230511536147,100.0,0.0
cn03_5_8/island05,mechanics_source_pde,kin_spatial_shifted,lap_u,-0.013058805030267951,0.0007680091269847472,-17.003450312547265,0.10287230511536147,100.0,0.0
cn03_5_8/island05,mechanics_source_pde,kin_spatial_shifted,grad_div_u,-0.0008102831566742692,0.0006004488123404242,-1.3494625020839905,0.10287230511536147,100.0,0.0
cn03_5_8/island05,mechanics_source_pde,kin_spatial_shifted,traction,0.00039901635593524317,83.85463620758348,4.758429276915255e-06,0.10287230511536147,100.0,0.0
cn03_5_8/island05,mechanics_source_pde,kin_spatial_shifted,stress_div,0.0014866641827474575,14.757997247207612,0.00010073617428196445,0.10287230511536147,100.0,0.0
cn03_5_8/island05,mechanics_source_pde,kin_spatial_shifted,force_balance,-0.0013915237390682068,31.476983695862923,-4.4207658284967666e-05,0.10287230511536147,100.0,0.0
cn03_5_8/island05,mechanics_source_pde,kin_wrong_island,u_prev,-0.014557439929705715,0.11452773359847415,-0.1271084258136377,0.10276295985381323,100.0,0.0
cn03_5_8/island05,mechanics_source_pde,kin_wrong_island,lap_u,-0.010112397339802045,0.0007587044785430253,-13.328506191529724,0.10276295985381323,100.0,0.0
cn03_5_8/island05,mechanics_source_pde,kin_wrong_island,grad_div_u,0.0001631529210724048,0.0005911545945446876,0.27599027830963,0.10276295985381323,100.0,0.0
cn03_5_8/island05,mechanics_source_pde,kin_wrong_island,traction,0.000485885487454579,83.85463620758348,5.794378336479354e-06,0.10276295985381323,100.0,0.0
cn03_5_8/island05,mechanics_source_pde,kin_wrong_island,stress_div,0.0014695852696749575,14.757997247207612,9.957890932341924e-05,0.10276295985381323,100.0,0.0
cn03_5_8/island05,mechanics_source_pde,kin_wrong_island,force_balance,-0.0014787322783540123,31.476983695862923,-4.697820771652796e-05,0.10276295985381323,100.0,0.0
cn03_5_8/island05,full_sparse_pde,real,u_prev,-0.03167114027005113,0.11517366365448377,-0.27498595829219463,0.09391094052373786,1.0,0.03
cn03_5_8/island05,full_sparse_pde,real,lap_u,0.007904033442283156,0.0007680091269847473,10.291587905100677,0.09391094052373786,1.0,0.03
cn03_5_8/island05,full_sparse_pde,real,grad_div_u,0.0030587943819369388,0.0006004488123404242,5.094180085084017,0.09391094052373786,1.0,0.03
cn03_5_8/island05,full_sparse_pde,real,advect_v_u,-0.005432588894750526,0.0026307822877218805,-2.065008921530661,0.09391094052373786,1.0,0.03
cn03_5_8/island05,full_sparse_pde,real,cubic_u,-0.009196674459948085,0.09205513446990414,-0.09990398159653746,0.09391094052373786,1.0,0.03
cn03_5_8/island05,full_sparse_pde,real,traction,0.021742898992270422,83.85463620758348,0.00025929274725425473,0.09391094052373786,1.0,0.03
cn03_5_8/island05,full_sparse_pde,real,stress_div,0.023140730942635704,14.757997247207612,0.0015680129596862612,0.09391094052373786,1.0,0.03
cn03_5_8/island05,full_sparse_pde,real,force_balance,-0.04391970298251731,31.476983695862923,-0.0013952957947584335,0.09391094052373786,1.0,0.03
cn03_5_8/island05,full_sparse_pde,time_shuffled,u_prev,-0.03163342184328466,0.11517366365448377,-0.2746584665239409,0.09390954082300638,100.0,0.03
cn03_5_8/island05,full_sparse_pde,time_shuffled,lap_u,0.007909947538830366,0.0007680091269847473,10.299288460132399,0.09390954082300638,100.0,0.03
cn03_5_8/island05,full_sparse_pde,time_shuffled,grad_div_u,0.003060125556867117,0.0006004488123404242,5.096397051631072,0.09390954082300638,100.0,0.03
cn03_5_8/island05,full_sparse_pde,time_shuffled,advect_v_u,-0.005431095614361035,0.0026307822877218805,-2.0644413031471633,0.09390954082300638,100.0,0.03
cn03_5_8/island05,full_sparse_pde,time_shuffled,cubic_u,-0.009211062084149643,0.09205513446990414,-0.10006027515131209,0.09390954082300638,100.0,0.03
cn03_5_8/island05,full_sparse_pde,time_shuffled,stress_div,0.0021764704222200365,14.757997247207612,0.00014747735656556315,0.09390954082300638,100.0,0.03
cn03_5_8/island05,full_sparse_pde,time_shuffled,force_balance,-0.0017766904020374494,31.476983695862923,-5.644411228230115e-05,0.09390954082300638,100.0,0.03
cn03_5_8/island05,full_sparse_pde,spatial_shifted,u_prev,-0.03165652629246212,0.11517366365448377,-0.2748590718398122,0.09381833590831,1.0,0.03
cn03_5_8/island05,full_sparse_pde,spatial_shifted,lap_u,0.007902407539194177,0.0007680091269847473,10.289470868945962,0.09381833590831,1.0,0.03
cn03_5_8/island05,full_sparse_pde,spatial_shifted,grad_div_u,0.0030605988328236615,0.0006004488123404242,5.097185255299425,0.09381833590831,1.0,0.03
cn03_5_8/island05,full_sparse_pde,spatial_shifted,advect_v_u,-0.005433201721604604,0.0026307822877218805,-2.065241866254722,0.09381833590831,1.0,0.03
cn03_5_8/island05,full_sparse_pde,spatial_shifted,cubic_u,-0.009205042017304144,0.09205513446990414,-0.09999487883333195,0.09381833590831,1.0,0.03
cn03_5_8/island05,full_sparse_pde,spatial_shifted,traction,0.028355325802064773,83.85463620758348,0.0003381485757313491,0.09381833590831,1.0,0.03
cn03_5_8/island05,full_sparse_pde,spatial_shifted,stress_div,0.02620720041351359,14.757997247207612,0.001775796537600812,0.09381833590831,1.0,0.03
cn03_5_8/island05,full_sparse_pde,spatial_shifted,force_balance,-0.05450209303945354,31.476983695862927,-0.001731490334844785,0.09381833590831,1.0,0.03
cn03_5_8/island05,full_sparse_pde,wrong_island,u_prev,-0.031654153750841164,0.11517366365448377,-0.2748384721510841,0.09389313253678931,10.0,0.03
cn03_5_8/island05,full_sparse_pde,wrong_island,lap_u,0.007903172105543725,0.0007680091269847473,10.290466386216114,0.09389313253678931,10.0,0.03
cn03_5_8/island05,full_sparse_pde,wrong_island,grad_div_u,0.0030602130356601194,0.0006004488123404242,5.096542740641034,0.09389313253678931,10.0,0.03
cn03_5_8/island05,full_sparse_pde,wrong_island,advect_v_u,-0.0054332794765309675,0.0026307822877218805,-2.065271422074193,0.09389313253678931,10.0,0.03
cn03_5_8/island05,full_sparse_pde,wrong_island,cubic_u,-0.00920488780462925,0.09205513446990414,-0.09999320361254409,0.09389313253678931,10.0,0.03
cn03_5_8/island05,full_sparse_pde,wrong_island,stress_div,-0.001197435024212412,14.07840943693588,-8.505470945253527e-05,0.09389313253678931,10.0,0.03
cn03_5_8/island05,full_sparse_pde,wrong_island,force_balance,0.0012173269612207709,30.0543357644517,4.050420447690035e-05,0.09389313253678931,10.0,0.03
cn03_5_8/island05,full_sparse_pde,kin_time_shuffled,u_prev,-0.004184559874244123,0.11517366365448377,-0.036332610611377526,0.10280962457843376,100.0,0.0
cn03_5_8/island05,full_sparse_pde,kin_time_shuffled,lap_u,0.0035993443666416545,0.0007680091269847472,4.686590614844526,0.10280962457843376,100.0,0.0
cn03_5_8/island05,full_sparse_pde,kin_time_shuffled,grad_div_u,-0.0014521676863928823,0.0006004488123404243,-2.418470411711925,0.10280962457843376,100.0,0.0
cn03_5_8/island05,full_sparse_pde,kin_time_shuffled,advect_v_u,0.0003478350139522497,0.0026307822877218805,0.13221733154264792,0.10280962457843376,100.0,0.0
cn03_5_8/island05,full_sparse_pde,kin_time_shuffled,advect_u_u,-0.0006028650775170569,0.003780481308517671,-0.1594678106617701,0.10280962457843376,100.0,0.0
cn03_5_8/island05,full_sparse_pde,kin_time_shuffled,cubic_u,0.0033023047886328715,0.09205513446990413,0.03587311894821581,0.10280962457843376,100.0,0.0
cn03_5_8/island05,full_sparse_pde,kin_time_shuffled,boundary_normal,-0.0001387356532740572,0.29216172333202456,-0.0004748591009520858,0.10280962457843376,100.0,0.0
cn03_5_8/island05,full_sparse_pde,kin_time_shuffled,traction,0.00037203814153236194,83.85463620758348,4.436703304172421e-06,0.10280962457843376,100.0,0.0
cn03_5_8/island05,full_sparse_pde,kin_time_shuffled,stress_div,0.0017949888365991066,14.757997247207612,0.00012162821326848666,0.10280962457843376,100.0,0.0
cn03_5_8/island05,full_sparse_pde,kin_time_shuffled,force_balance,-0.0016410351435510889,31.476983695862923,-5.213444716962423e-05,0.10280962457843376,100.0,0.0
cn03_5_8/island05,full_sparse_pde,kin_spatial_shifted,u_prev,-0.023968161016557455,0.11517366365448374,-0.2081045289004694,0.10284425866346036,100.0,0.0
cn03_5_8/island05,full_sparse_pde,kin_spatial_shifted,lap_u,-0.012173766481240002,0.0007680091269847472,-15.851070063496492,0.10284425866346036,100.0,0.0
cn03_5_8/island05,full_sparse_pde,kin_spatial_shifted,grad_div_u,-0.0004411274886680046,0.0006004488123404242,-0.734662938125536,0.10284425866346036,100.0,0.0
cn03_5_8/island05,full_sparse_pde,kin_spatial_shifted,advect_v_u,0.00048098009010178833,0.0026307822877218805,0.18282778181477413,0.10284425866346036,100.0,0.0
cn03_5_8/island05,full_sparse_pde,kin_spatial_shifted,advect_u_u,-0.0007192498396278089,0.003780481308517672,-0.1902535103155495,0.10284425866346036,100.0,0.0
cn03_5_8/island05,full_sparse_pde,kin_spatial_shifted,cubic_u,0.004447681051400708,0.09205513446990413,0.04831540442597259,0.10284425866346036,100.0,0.0
cn03_5_8/island05,full_sparse_pde,kin_spatial_shifted,boundary_normal,-0.00012649936466210753,0.29216172333202456,-0.0004329771991327846,0.10284425866346036,100.0,0.0
cn03_5_8/island05,full_sparse_pde,kin_spatial_shifted,traction,0.00040526148252948644,83.85463620758348,4.8329049037462305e-06,0.10284425866346036,100.0,0.0
cn03_5_8/island05,full_sparse_pde,kin_spatial_shifted,stress_div,0.001506316745575519,14.757997247207612,0.00010206782941774379,0.10284425866346036,100.0,0.0
cn03_5_8/island05,full_sparse_pde,kin_spatial_shifted,force_balance,-0.0014046895919417753,31.476983695862923,-4.462592748765811e-05,0.10284425866346036,100.0,0.0
cn03_5_8/island05,full_sparse_pde,kin_wrong_island,u_prev,-0.015775493311562853,0.11452773359847415,-0.13774387055340306,0.10276178674332022,100.0,0.0
cn03_5_8/island05,full_sparse_pde,kin_wrong_island,lap_u,-0.00961083698402301,0.0007587044785430253,-12.667431464855904,0.10276178674332022,100.0,0.0
cn03_5_8/island05,full_sparse_pde,kin_wrong_island,grad_div_u,0.0003661287558447649,0.0005911545945446876,0.619345191974293,0.10276178674332022,100.0,0.0
cn03_5_8/island05,full_sparse_pde,kin_wrong_island,advect_v_u,0.000809653865188767,0.0026186971191163905,0.3091819436766185,0.10276178674332022,100.0,0.0
cn03_5_8/island05,full_sparse_pde,kin_wrong_island,advect_u_u,-0.0011688231921321282,0.0036879451855287328,-0.3169307387535253,0.10276178674332022,100.0,0.0
cn03_5_8/island05,full_sparse_pde,kin_wrong_island,cubic_u,0.0024766521263123176,0.0873887734275776,0.02834062121680668,0.10276178674332022,100.0,0.0
cn03_5_8/island05,full_sparse_pde,kin_wrong_island,boundary_normal,-9.594458040759689e-05,0.29216172333202456,-0.000328395449319559,0.10276178674332022,100.0,0.0
cn03_5_8/island05,full_sparse_pde,kin_wrong_island,traction,0.0004579331542778813,83.85463620758348,5.461035608624674e-06,0.10276178674332022,100.0,0.0
cn03_5_8/island05,full_sparse_pde,kin_wrong_island,stress_div,0.0015086980242030416,14.757997247207612,0.0001022291845520235,0.10276178674332022,100.0,0.0
cn03_5_8/island05,full_sparse_pde,kin_wrong_island,force_balance,-0.0014878218479118807,31.476983695862923,-4.72669764767654e-05,0.10276178674332022,100.0,0.0
cn03_5_8/island06,relaxation,real,u_prev,-0.044155107482765854,0.11493041423975522,-0.38418992722548023,0.08616717934443661,0.01,0.0
cn03_5_8/island06,relaxation,kin_time_shuffled,u_prev,-0.003457900329404358,0.11493041423975524,-0.030086903908576063,0.09511700472649014,100.0,0.0
cn03_5_8/island06,relaxation,kin_spatial_shifted,u_prev,-0.013069198335973862,0.11493041423975524,-0.11371401053780536,0.0951508783062553,100.0,0.0
cn03_5_8/island06,relaxation,kin_wrong_island,u_prev,-0.008066246720252001,0.11455621033045679,-0.07041300246388692,0.09533163085952061,100.0,0.0
cn03_5_8/island06,isotropic_pde,real,u_prev,-0.036283798994187676,0.11493041423975522,-0.31570232504771445,0.0861472577222242,0.01,0.0
cn03_5_8/island06,isotropic_pde,real,lap_u,0.012159215032852104,0.0007659758434060379,15.874149475503232,0.0861472577222242,0.01,0.0
cn03_5_8/island06,helmholtz_pde,real,u_prev,-0.0362659963412077,0.11493041423975522,-0.31554742564099314,0.08609220806500827,0.01,0.0
cn03_5_8/island06,helmholtz_pde,real,lap_u,0.009625105874871425,0.0007659758434060379,12.56580864491993,0.08609220806500827,0.01,0.0
cn03_5_8/island06,helmholtz_pde,real,grad_div_u,0.003836812883794787,0.0005972347127302827,6.424296515275614,0.08609220806500827,0.01,0.0
cn03_5_8/island06,helmholtz_pde,kin_time_shuffled,u_prev,-0.002303987425093148,0.11493041423975524,-0.020046803453495105,0.09515140083771481,100.0,0.0
cn03_5_8/island06,helmholtz_pde,kin_time_shuffled,lap_u,0.002935916554872945,0.0007659758434060379,3.8329101108696952,0.09515140083771481,100.0,0.0
cn03_5_8/island06,helmholtz_pde,kin_time_shuffled,grad_div_u,-0.0017262467722982972,0.0005972347127302827,-2.890399260965074,0.09515140083771481,100.0,0.0
cn03_5_8/island06,helmholtz_pde,kin_spatial_shifted,u_prev,-0.021947675168654764,0.11493041423975524,-0.19096490092578913,0.09529193623325492,100.0,0.0
cn03_5_8/island06,helmholtz_pde,kin_spatial_shifted,lap_u,-0.013279017080408616,0.0007659758434060379,-17.33607814753175,0.09529193623325492,100.0,0.0
cn03_5_8/island06,helmholtz_pde,kin_spatial_shifted,grad_div_u,-0.0006634124563128847,0.0005972347127302827,-1.1108069276148866,0.09529193623325492,100.0,0.0
cn03_5_8/island06,helmholtz_pde,kin_wrong_island,u_prev,-0.014344362839792157,0.11455621033045679,-0.12521680665250198,0.09529205710931264,100.0,0.03
cn03_5_8/island06,helmholtz_pde,kin_wrong_island,lap_u,-0.009754278488276551,0.0007626031161436546,-12.790766627865573,0.09529205710931264,100.0,0.03
cn03_5_8/island06,advective_pde,real,u_prev,-0.03175873026236322,0.11493041423975522,-0.276330077398935,0.08515892883321122,0.01,0.0
cn03_5_8/island06,advective_pde,real,lap_u,0.007746156979813558,0.0007659758434060379,10.112795392305054,0.08515892883321122,0.01,0.0
cn03_5_8/island06,advective_pde,real,grad_div_u,0.00307612672965776,0.0005972347127302827,5.150616104672018,0.08515892883321122,0.01,0.0
cn03_5_8/island06,advective_pde,real,advect_v_u,-0.00594663217290425,0.0026070802964004948,-2.2809547450895775,0.08515892883321122,0.01,0.0
cn03_5_8/island06,advective_pde,real,advect_u_u,0.0010878822484843248,0.0036918041740406707,0.2946749603172046,0.08515892883321122,0.01,0.0
cn03_5_8/island06,advective_pde,real,cubic_u,-0.009323722144757842,0.08934422320006423,-0.10435730269745229,0.08515892883321122,0.01,0.0
cn03_5_8/island06,advective_pde,kin_time_shuffled,u_prev,-0.0038817229231788947,0.11493041423975524,-0.03377454913789199,0.09514537840165112,100.0,0.0
cn03_5_8/island06,advective_pde,kin_time_shuffled,lap_u,0.003586312201755254,0.0007659758434060379,4.682017367294672,0.09514537840165112,100.0,0.0
cn03_5_8/island06,advective_pde,kin_time_shuffled,grad_div_u,-0.0014421796365493187,0.0005972347127302827,-2.414761911537821,0.09514537840165112,100.0,0.0
cn03_5_8/island06,advective_pde,kin_time_shuffled,advect_v_u,0.0003689993818509019,0.0026070802964004943,0.14153740579466104,0.09514537840165112,100.0,0.0
cn03_5_8/island06,advective_pde,kin_time_shuffled,advect_u_u,-0.0004781358113157932,0.0036918041740406707,-0.1295127771613289,0.09514537840165112,100.0,0.0
cn03_5_8/island06,advective_pde,kin_time_shuffled,cubic_u,0.0033096013568742685,0.08934422320006422,0.037043260754119914,0.09514537840165112,100.0,0.0
cn03_5_8/island06,advective_pde,kin_spatial_shifted,u_prev,-0.02414489548563607,0.11493041423975524,-0.21008273262869856,0.09520475562379134,100.0,0.03
cn03_5_8/island06,advective_pde,kin_spatial_shifted,lap_u,-0.012551737255700399,0.0007659758434060379,-16.386596736376212,0.09520475562379134,100.0,0.03
cn03_5_8/island06,advective_pde,kin_spatial_shifted,cubic_u,0.004634553852027035,0.08934422320006424,0.05187301076700953,0.09520475562379134,100.0,0.03
cn03_5_8/island06,advective_pde,kin_wrong_island,u_prev,-0.015640475072031496,0.11455621033045679,-0.13653100977165616,0.09531906693190145,100.0,0.01
cn03_5_8/island06,advective_pde,kin_wrong_island,lap_u,-0.009072540808720966,0.0007626031161436546,-11.896805319389665,0.09531906693190145,100.0,0.01
cn03_5_8/island06,advective_pde,kin_wrong_island,advect_v_u,0.0010432903860089172,0.0026108579669876287,0.39959676060534655,0.09531906693190145,100.0,0.01
cn03_5_8/island06,advective_pde,kin_wrong_island,advect_u_u,-0.0012656543214258067,0.0037593756919484006,-0.33666609169615774,0.09531906693190145,100.0,0.01
cn03_5_8/island06,advective_pde,kin_wrong_island,cubic_u,0.0026381894837358214,0.08992074076578246,0.029339054163349726,0.09531906693190145,100.0,0.01
cn03_5_8/island06,boundary_pde,real,u_prev,-0.03175873026236322,0.11493041423975522,-0.276330077398935,0.08515892883321122,0.01,0.01
cn03_5_8/island06,boundary_pde,real,lap_u,0.007746156979813558,0.0007659758434060379,10.112795392305054,0.08515892883321122,0.01,0.01
cn03_5_8/island06,boundary_pde,real,grad_div_u,0.00307612672965776,0.0005972347127302827,5.150616104672018,0.08515892883321122,0.01,0.01
cn03_5_8/island06,boundary_pde,real,advect_v_u,-0.00594663217290425,0.0026070802964004948,-2.2809547450895775,0.08515892883321122,0.01,0.01
cn03_5_8/island06,boundary_pde,real,advect_u_u,0.0010878822484843248,0.0036918041740406707,0.2946749603172046,0.08515892883321122,0.01,0.01
cn03_5_8/island06,boundary_pde,real,cubic_u,-0.009323722144757842,0.08934422320006423,-0.10435730269745229,0.08515892883321122,0.01,0.01
cn03_5_8/island06,mechanics_source_pde,real,u_prev,-0.0362535600820557,0.11493041423975522,-0.31543921878178827,0.08616939705923846,100.0,0.03
cn03_5_8/island06,mechanics_source_pde,real,lap_u,0.009635162269509846,0.0007659758434060379,12.578937511482748,0.08616939705923846,100.0,0.03
cn03_5_8/island06,mechanics_source_pde,real,grad_div_u,0.0038371260032687192,0.0005972347127302827,6.424820797383231,0.08616939705923846,100.0,0.03
cn03_5_8/island06,mechanics_source_pde,real,traction,-0.0020297726090400163,80.575306201395,-2.5191000875214485e-05,0.08616939705923846,100.0,0.03
cn03_5_8/island06,mechanics_source_pde,real,stress_div,0.0030196160851819944,14.124002261493551,0.00021379323149886578,0.08616939705923846,100.0,0.03
cn03_5_8/island06,mechanics_source_pde,time_shuffled,u_prev,-0.03626716497584904,0.11493041423975522,-0.3155575938340608,0.08612113121543208,10.0,0.0
cn03_5_8/island06,mechanics_source_pde,time_shuffled,lap_u,0.009625520238003848,0.0007659758434060379,12.566349606016797,0.08612113121543208,10.0,0.0
cn03_5_8/island06,mechanics_source_pde,time_shuffled,grad_div_u,0.003834937982209164,0.0005972347127302827,6.421157210835234,0.08612113121543208,10.0,0.0
cn03_5_8/island06,mechanics_source_pde,time_shuffled,traction,-0.0013462986895306274,80.575306201395,-1.6708576771220746e-05,0.08612113121543208,10.0,0.0
cn03_5_8/island06,mechanics_source_pde,time_shuffled,stress_div,0.0026916263299135708,14.124002261493553,0.00019057107752324466,0.08612113121543208,10.0,0.0
cn03_5_8/island06,mechanics_source_pde,time_shuffled,force_balance,-0.0008940015322398829,30.149434461916037,-2.965234831748376e-05,0.08612113121543208,10.0,0.0
cn03_5_8/island06,mechanics_source_pde,spatial_shifted,u_prev,-0.03626345578681534,0.11493041423975522,-0.3155253204879824,0.08609456872887185,10.0,0.0
cn03_5_8/island06,mechanics_source_pde,spatial_shifted,lap_u,0.009626116791148928,0.0007659758434060379,12.567128420584142,0.08609456872887185,10.0,0.0
cn03_5_8/island06,mechanics_source_pde,spatial_shifted,grad_div_u,0.003837011458875103,0.0005972347127302827,6.424629006130688,0.08609456872887185,10.0,0.0
cn03_5_8/island06,mechanics_source_pde,spatial_shifted,traction,0.0018491642918166333,80.575306201395,2.2949516160630103e-05,0.08609456872887185,10.0,0.0
cn03_5_8/island06,mechanics_source_pde,spatial_shifted,stress_div,0.0021354664883175977,14.124002261493551,0.00015119414800290337,0.08609456872887185,10.0,0.0
cn03_5_8/island06,mechanics_source_pde,spatial_shifted,force_balance,-0.003948695055808873,30.149434461916037,-0.00013097078357462256,0.08609456872887185,10.0,0.0
cn03_5_8/island06,mechanics_source_pde,wrong_island,u_prev,-0.036265842411339955,0.11493041423975522,-0.3155460863099835,0.08609144316770644,1.0,0.0
cn03_5_8/island06,mechanics_source_pde,wrong_island,lap_u,0.009624975029956385,0.0007659758434060379,12.565637823716928,0.08609144316770644,1.0,0.0
cn03_5_8/island06,mechanics_source_pde,wrong_island,grad_div_u,0.0038367097879532896,0.0005972347127302827,6.424123893290823,0.08609144316770644,1.0,0.0
cn03_5_8/island06,mechanics_source_pde,wrong_island,traction,0.014372058512781758,87.86446327165923,0.0001635707768264201,0.08609144316770644,1.0,0.0
cn03_5_8/island06,mechanics_source_pde,wrong_island,stress_div,0.011881655013464314,15.446122123985157,0.0007692322330544155,0.08609144316770644,1.0,0.0
cn03_5_8/island06,mechanics_source_pde,wrong_island,force_balance,-0.02605185208925175,32.92932108805036,-0.0007911445249536482,0.08609144316770644,1.0,0.0
cn03_5_8/island06,mechanics_source_pde,kin_time_shuffled,u_prev,-0.0023105365412848466,0.11493041423975524,-0.02010378677018303,0.09518379053427611,100.0,0.0
cn03_5_8/island06,mechanics_source_pde,kin_time_shuffled,lap_u,0.0029359868353294994,0.0007659758434060379,3.833001863706497,0.09518379053427611,100.0,0.0
cn03_5_8/island06,mechanics_source_pde,kin_time_shuffled,grad_div_u,-0.00172755144032697,0.0005972347127302827,-2.8925837756974953,0.09518379053427611,100.0,0.0
cn03_5_8/island06,mechanics_source_pde,kin_time_shuffled,traction,-0.0006618684198931328,80.575306201395,-8.21428364465432e-06,0.09518379053427611,100.0,0.0
cn03_5_8/island06,mechanics_source_pde,kin_time_shuffled,stress_div,0.0013764548902454863,14.124002261493551,9.745501768986068e-05,0.09518379053427611,100.0,0.0
cn03_5_8/island06,mechanics_source_pde,kin_time_shuffled,force_balance,-0.00011909526758797876,30.149434461916037,-3.950165889128592e-06,0.09518379053427611,100.0,0.0
cn03_5_8/island06,mechanics_source_pde,kin_spatial_shifted,u_prev,-0.021947671279895862,0.11493041423975524,-0.19096486709002053,0.09532278973496673,100.0,0.0
cn03_5_8/island06,mechanics_source_pde,kin_spatial_shifted,lap_u,-0.013280858820807193,0.0007659758434060379,-17.338482584191773,0.09532278973496673,100.0,0.0
cn03_5_8/island06,mechanics_source_pde,kin_spatial_shifted,grad_div_u,-0.000662195716366701,0.0005972347127302827,-1.1087696382205354,0.09532278973496673,100.0,0.0
cn03_5_8/island06,mechanics_source_pde,kin_spatial_shifted,traction,-0.0005307143784412965,80.575306201395,-6.5865635944937715e-06,0.09532278973496673,100.0,0.0
cn03_5_8/island06,mechanics_source_pde,kin_spatial_shifted,stress_div,0.0011674225391807686,14.124002261493551,8.265522176837423e-05,0.09532278973496673,100.0,0.0
cn03_5_8/island06,mechanics_source_pde,kin_spatial_shifted,force_balance,-7.113521716722606e-05,30.149434461916037,-2.359421277274112e-06,0.09532278973496673,100.0,0.0
cn03_5_8/island06,mechanics_source_pde,kin_wrong_island,u_prev,-0.014345438836369049,0.11455621033045679,-0.12522619939143587,0.09532087652820408,100.0,0.03
cn03_5_8/island06,mechanics_source_pde,kin_wrong_island,lap_u,-0.009755277792618504,0.0007626031161436546,-12.792077013727889,0.09532087652820408,100.0,0.03
cn03_5_8/island06,mechanics_source_pde,kin_wrong_island,traction,-0.0005356507382319023,80.575306201395,-6.647827522902154e-06,0.09532087652820408,100.0,0.03
cn03_5_8/island06,mechanics_source_pde,kin_wrong_island,stress_div,0.001119314648737868,14.124002261493551,7.924911282331567e-05,0.09532087652820408,100.0,0.03
cn03_5_8/island06,full_sparse_pde,real,u_prev,-0.03177514783962398,0.11493041423975522,-0.27647292537672535,0.08521373545364604,1.0,0.03
cn03_5_8/island06,full_sparse_pde,real,lap_u,0.007747318050586823,0.0007659758434060379,10.11431119829719,0.08521373545364604,1.0,0.03
cn03_5_8/island06,full_sparse_pde,real,grad_div_u,0.0030747375588794624,0.0005972347127302827,5.148290099922651,0.08521373545364604,1.0,0.03
cn03_5_8/island06,full_sparse_pde,real,advect_v_u,-0.005947837225499756,0.0026070802964004948,-2.2814169681354763,0.08521373545364604,1.0,0.03
cn03_5_8/island06,full_sparse_pde,real,advect_u_u,0.0010929630542123015,0.0036918041740406707,0.29605119954562925,0.08521373545364604,1.0,0.03
cn03_5_8/island06,full_sparse_pde,real,cubic_u,-0.009316515697310145,0.08934422320006423,-0.1042766433421008,0.08521373545364604,1.0,0.03
cn03_5_8/island06,full_sparse_pde,real,traction,0.014042486502838196,80.575306201395,0.0001742777925998757,0.08521373545364604,1.0,0.03
cn03_5_8/island06,full_sparse_pde,real,stress_div,0.017065906598861345,14.124002261493551,0.0012082911261907926,0.08521373545364604,1.0,0.03
cn03_5_8/island06,full_sparse_pde,real,force_balance,-0.030052357685334638,30.149434461916037,-0.0009967801460188574,0.08521373545364604,1.0,0.03
cn03_5_8/island06,full_sparse_pde,time_shuffled,u_prev,-0.031760317957596665,0.11493041423975522,-0.2763438918034505,0.08518697973853745,10.0,0.03
cn03_5_8/island06,full_sparse_pde,time_shuffled,lap_u,0.0077466221272739525,0.0007659758434060379,10.113402653571057,0.08518697973853745,10.0,0.03
cn03_5_8/island06,full_sparse_pde,time_shuffled,grad_div_u,0.0030742628209601964,0.0005972347127302827,5.147495206542968,0.08518697973853745,10.0,0.03
cn03_5_8/island06,full_sparse_pde,time_shuffled,advect_v_u,-0.0059471404424001695,0.0026070802964004948,-2.2811497024511214,0.08518697973853745,10.0,0.03
cn03_5_8/island06,full_sparse_pde,time_shuffled,advect_u_u,0.0010894198878981412,0.0036918041740406707,0.2950914611231326,0.08518697973853745,10.0,0.03
cn03_5_8/island06,full_sparse_pde,time_shuffled,cubic_u,-0.009323248749400895,0.08934422320006423,-0.10435200414159729,0.08518697973853745,10.0,0.03
cn03_5_8/island06,full_sparse_pde,time_shuffled,traction,-0.0017704658563936972,80.575306201395,-2.197280953507621e-05,0.08518697973853745,10.0,0.03
cn03_5_8/island06,full_sparse_pde,time_shuffled,stress_div,0.002213117786444639,14.124002261493553,0.00015669197338478842,0.08518697973853745,10.0,0.03
cn03_5_8/island06,full_sparse_pde,spatial_shifted,u_prev,-0.03175861181765202,0.11493041423975522,-0.2763290468213287,0.08513767681780954,0.1,0.01
cn03_5_8/island06,full_sparse_pde,spatial_shifted,lap_u,0.007746195756759513,0.0007659758434060379,10.11284601654639,0.08513767681780954,0.1,0.01
cn03_5_8/island06,full_sparse_pde,spatial_shifted,grad_div_u,0.00307625126522459,0.0005972347127302827,5.150824624980994,0.08513767681780954,0.1,0.01
cn03_5_8/island06,full_sparse_pde,spatial_shifted,advect_v_u,-0.005946558489733519,0.0026070802964004948,-2.280926482373299,0.08513767681780954,0.1,0.01
cn03_5_8/island06,full_sparse_pde,spatial_shifted,advect_u_u,0.0010877661148463965,0.0036918041740406707,0.2946435031671355,0.08513767681780954,0.1,0.01
cn03_5_8/island06,full_sparse_pde,spatial_shifted,cubic_u,-0.00932386770529593,0.08934422320006423,-0.10435893190785756,0.08513767681780954,0.1,0.01
cn03_5_8/island06,full_sparse_pde,spatial_shifted,traction,0.0288131100268605,80.575306201395,0.0003575923119031431,0.08513767681780954,0.1,0.01
cn03_5_8/island06,full_sparse_pde,spatial_shifted,stress_div,0.025839599318062373,14.124002261493551,0.0018294813920066556,0.08513767681780954,0.1,0.01
cn03_5_8/island06,full_sparse_pde,spatial_shifted,force_balance,-0.05445541459884389,30.149434461916037,-0.0018061836173952292,0.08513767681780954,0.1,0.01
cn03_5_8/island06,full_sparse_pde,wrong_island,u_prev,-0.031758707098045826,0.11493041423975522,-0.27632987584813096,0.08515788679787456,1.0,0.01
cn03_5_8/island06,full_sparse_pde,wrong_island,lap_u,0.007745828790279031,0.0007659758434060379,10.112366932925621,0.08515788679787456,1.0,0.01
cn03_5_8/island06,full_sparse_pde,wrong_island,grad_div_u,0.0030761001576400417,0.0005972347127302827,5.150571612921703,0.08515788679787456,1.0,0.01
cn03_5_8/island06,full_sparse_pde,wrong_island,advect_v_u,-0.005947139280591182,0.0026070802964004948,-2.2811492568150626,0.08515788679787456,1.0,0.01
cn03_5_8/island06,full_sparse_pde,wrong_island,advect_u_u,0.0010871800806164223,0.0036918041740406707,0.294484763915987,0.08515788679787456,1.0,0.01
cn03_5_8/island06,full_sparse_pde,wrong_island,cubic_u,-0.009323703120465796,0.08934422320006423,-0.10435708976491603,0.08515788679787456,1.0,0.01
cn03_5_8/island06,full_sparse_pde,wrong_island,traction,0.013787956561785043,87.86446327165923,0.0001569230158403797,0.08515788679787456,1.0,0.01
cn03_5_8/island06,full_sparse_pde,wrong_island,stress_div,0.011475361016427202,15.446122123985157,0.0007429282848028211,0.08515788679787456,1.0,0.01
cn03_5_8/island06,full_sparse_pde,wrong_island,force_balance,-0.025032512706158416,32.92932108805036,-0.0007601891529808189,0.08515788679787456,1.0,0.01
cn03_5_8/island06,full_sparse_pde,kin_time_shuffled,u_prev,-0.003889909626203932,0.11493041423975524,-0.033845780961767255,0.09517834557106589,100.0,0.0
cn03_5_8/island06,full_sparse_pde,kin_time_shuffled,lap_u,0.0035873297826083538,0.0007659758434060379,4.683345843723609,0.09517834557106589,100.0,0.0
cn03_5_8/island06,full_sparse_pde,kin_time_shuffled,grad_div_u,-0.0014435149712240748,0.0005972347127302827,-2.416997773999083,0.09517834557106589,100.0,0.0
cn03_5_8/island06,full_sparse_pde,kin_time_shuffled,advect_v_u,0.0003690188033844317,0.0026070802964004943,0.1415448553287458,0.09517834557106589,100.0,0.0
cn03_5_8/island06,full_sparse_pde,kin_time_shuffled,advect_u_u,-0.00047408265558734116,0.0036918041740406707,-0.12841489776757548,0.09517834557106589,100.0,0.0
cn03_5_8/island06,full_sparse_pde,kin_time_shuffled,cubic_u,0.003313238863485101,0.08934422320006422,0.03708397414868027,0.09517834557106589,100.0,0.0
cn03_5_8/island06,full_sparse_pde,kin_time_shuffled,boundary_normal,-0.00010616060661164572,0.2921378518481437,-0.0003633921655137969,0.09517834557106589,100.0,0.0
cn03_5_8/island06,full_sparse_pde,kin_time_shuffled,traction,-0.0007153845428607715,80.575306201395,-8.878458880102724e-06,0.09517834557106589,100.0,0.0
cn03_5_8/island06,full_sparse_pde,kin_time_shuffled,stress_div,0.00145677581596427,14.124002261493551,0.00010314185660645898,0.09517834557106589,100.0,0.0
cn03_5_8/island06,full_sparse_pde,kin_time_shuffled,force_balance,-0.00013192630722072494,30.149434461916037,-4.37574732578718e-06,0.09517834557106589,100.0,0.0
cn03_5_8/island06,full_sparse_pde,kin_spatial_shifted,u_prev,-0.024145131372609402,0.11493041423975524,-0.21008478506168501,0.09523606852150128,100.0,0.03
cn03_5_8/island06,full_sparse_pde,kin_spatial_shifted,lap_u,-0.012552712088046186,0.0007659758434060379,-16.387869403594348,0.09523606852150128,100.0,0.03
cn03_5_8/island06,full_sparse_pde,kin_spatial_shifted,cubic_u,0.004634880352478167,0.08934422320006424,0.05187666517732771,0.09523606852150128,100.0,0.03
cn03_5_8/island06,full_sparse_pde,kin_spatial_shifted,stress_div,0.0005755885275342407,14.124002261493551,4.0752508876572125e-05,0.09523606852150128,100.0,0.03
cn03_5_8/island06,full_sparse_pde,kin_wrong_island,u_prev,-0.015662434902703488,0.11455621033045679,-0.1367227045790232,0.0953473927375898,1.0,0.03
cn03_5_8/island06,full_sparse_pde,kin_wrong_island,lap_u,-0.009088556140144971,0.0007626031161436546,-11.917806192694501,0.0953473927375898,1.0,0.03
cn03_5_8/island06,full_sparse_pde,kin_wrong_island,advect_v_u,0.0010439928762344013,0.0026108579669876287,0.3998658255006287,0.0953473927375898,1.0,0.03
cn03_5_8/island06,full_sparse_pde,kin_wrong_island,advect_u_u,-0.001264579498174595,0.0037593756919484006,-0.3363801869770541,0.0953473927375898,1.0,0.03
cn03_5_8/island06,full_sparse_pde,kin_wrong_island,cubic_u,0.002643603347913574,0.08992074076578246,0.029399261231615032,0.0953473927375898,1.0,0.03
cn03_5_8/island06,full_sparse_pde,kin_wrong_island,traction,0.00816221513055575,80.575306201395,0.00010129921331176324,0.0953473927375898,1.0,0.03
cn03_5_8/island06,full_sparse_pde,kin_wrong_island,stress_div,0.008837039612586013,14.124002261493551,0.0006256753184384959,0.0953473927375898,1.0,0.03
cn03_5_8/island06,full_sparse_pde,kin_wrong_island,force_balance,-0.016367922183851608,30.149434461916037,-0.0005428931744815025,0.0953473927375898,1.0,0.03
cn03_5_8/island07,relaxation,real,u_prev,-0.04438993016043515,0.11543265042731321,-0.38455263737002254,0.09498499046604698,0.01,0.0
cn03_5_8/island07,relaxation,kin_time_shuffled,u_prev,-0.0035100590419738964,0.11543265042731324,-0.03040785279537651,0.10272862969759149,100.0,0.0
cn03_5_8/island07,relaxation,kin_spatial_shifted,u_prev,-0.013122879908718802,0.11543265042731321,-0.11368429868100575,0.10286897862997053,100.0,0.0
cn03_5_8/island07,relaxation,kin_wrong_island,u_prev,-0.008168677301630059,0.11416409741038082,-0.07155206835531193,0.10284389065204554,100.0,0.0
cn03_5_8/island07,isotropic_pde,real,u_prev,-0.03647403084567936,0.11543265042731321,-0.3159767250484012,0.09458509414615533,0.01,0.0
cn03_5_8/island07,isotropic_pde,real,lap_u,0.012262728159666217,0.0007701359085628545,15.92281053684357,0.09458509414615533,0.01,0.0
cn03_5_8/island07,helmholtz_pde,real,u_prev,-0.036462528901415776,0.11543265042731321,-0.3158770830127986,0.09453291014796453,0.01,0.0
cn03_5_8/island07,helmholtz_pde,real,lap_u,0.009771860982527011,0.0007701359085628545,12.688488971722167,0.09453291014796453,0.01,0.0
cn03_5_8/island07,helmholtz_pde,real,grad_div_u,0.0037758442425596633,0.0005975859433781054,6.318495748435979,0.09453291014796453,0.01,0.0
cn03_5_8/island07,helmholtz_pde,kin_time_shuffled,u_prev,-0.0023134366861545658,0.11543265042731324,-0.020041441287110644,0.10272281282378459,100.0,0.0
cn03_5_8/island07,helmholtz_pde,kin_time_shuffled,lap_u,0.0029591182773505372,0.0007701359085628545,3.8423325603301994,0.10272281282378459,100.0,0.0
cn03_5_8/island07,helmholtz_pde,kin_time_shuffled,grad_div_u,-0.0016623310929471079,0.0005975859433781054,-2.781743967319719,0.10272281282378459,100.0,0.0
cn03_5_8/island07,helmholtz_pde,kin_spatial_shifted,u_prev,-0.02193139498908913,0.11543265042731321,-0.18999299511795503,0.10284784660069966,100.0,0.0
cn03_5_8/island07,helmholtz_pde,kin_spatial_shifted,lap_u,-0.013175644582811397,0.0007701359085628546,-17.10820705321789,0.10284784660069966,100.0,0.0
cn03_5_8/island07,helmholtz_pde,kin_spatial_shifted,grad_div_u,-0.0007176025068679305,0.0005975859433781053,-1.2008356535486446,0.10284784660069966,100.0,0.0
cn03_5_8/island07,helmholtz_pde,kin_wrong_island,u_prev,-0.014682202177855234,0.11416409741038082,-0.1286061249630674,0.10273900696266673,100.0,0.01
cn03_5_8/island07,helmholtz_pde,kin_wrong_island,lap_u,-0.010093556253457708,0.0007612450613914179,-13.259273216181551,0.10273900696266673,100.0,0.01
cn03_5_8/island07,advective_pde,real,u_prev,-0.031982957700028604,0.11543265042731321,-0.2770702880132511,0.0937942499800709,0.01,0.03
cn03_5_8/island07,advective_pde,real,lap_u,0.007860099836233892,0.0007701359085628545,10.206120437756981,0.0937942499800709,0.01,0.03
cn03_5_8/island07,advective_pde,real,grad_div_u,0.0031486826836031167,0.0005975859433781054,5.269003929048039,0.0937942499800709,0.01,0.03
cn03_5_8/island07,advective_pde,real,advect_v_u,-0.005540355201508093,0.0026240529605887834,-2.1113732400678953,0.0937942499800709,0.01,0.03
cn03_5_8/island07,advective_pde,real,cubic_u,-0.00924249718412131,0.09215140774550545,-0.10029686371852632,0.0937942499800709,0.01,0.03
cn03_5_8/island07,advective_pde,kin_time_shuffled,u_prev,-0.003798329804852509,0.11543265042731324,-0.03290515976884961,0.10277311063660745,100.0,0.0
cn03_5_8/island07,advective_pde,kin_time_shuffled,lap_u,0.0035885734592702922,0.0007701359085628545,4.659662560036844,0.10277311063660745,100.0,0.0
cn03_5_8/island07,advective_pde,kin_time_shuffled,grad_div_u,-0.001426950755895367,0.0005975859433781054,-2.3878586364145864,0.10277311063660745,100.0,0.0
cn03_5_8/island07,advective_pde,kin_time_shuffled,advect_v_u,0.0002763219785130374,0.0026240529605887834,0.10530350669867443,0.10277311063660745,100.0,0.0
cn03_5_8/island07,advective_pde,kin_time_shuffled,advect_u_u,-0.0004906897233855377,0.00377449857684781,-0.13000130040990146,0.10277311063660745,100.0,0.0
cn03_5_8/island07,advective_pde,kin_time_shuffled,cubic_u,0.003123158081533661,0.09215140774550545,0.03389159382305788,0.10277311063660745,100.0,0.0
cn03_5_8/island07,advective_pde,kin_spatial_shifted,u_prev,-0.02411722678410149,0.11543265042731321,-0.2089289875509518,0.10282126974395149,100.0,0.0
cn03_5_8/island07,advective_pde,kin_spatial_shifted,lap_u,-0.012248794899856466,0.0007701359085628546,-15.904718587546267,0.10282126974395149,100.0,0.0
cn03_5_8/island07,advective_pde,kin_spatial_shifted,grad_div_u,-0.0003722815184569475,0.0005975859433781053,-0.6229756950982983,0.10282126974395149,100.0,0.0
cn03_5_8/island07,advective_pde,kin_spatial_shifted,advect_v_u,0.0005091977813392966,0.002624052960588783,0.19405011597976407,0.10282126974395149,100.0,0.0
cn03_5_8/island07,advective_pde,kin_spatial_shifted,advect_u_u,-0.0007563576206217502,0.0037744985768478107,-0.20038625137154129,0.10282126974395149,100.0,0.0
cn03_5_8/island07,advective_pde,kin_spatial_shifted,cubic_u,0.004592829328326291,0.09215140774550545,0.04984003435965198,0.10282126974395149,100.0,0.0
cn03_5_8/island07,advective_pde,kin_wrong_island,u_prev,-0.01597768703326186,0.11416409741038082,-0.13995369293577076,0.1027401262624291,100.0,0.0
cn03_5_8/island07,advective_pde,kin_wrong_island,lap_u,-0.009503263403423548,0.0007612450613914179,-12.483842438403878,0.1027401262624291,100.0,0.0
cn03_5_8/island07,advective_pde,kin_wrong_island,grad_div_u,0.00020483113018874508,0.0005895198710999303,0.34745415757838616,0.1027401262624291,100.0,0.0
cn03_5_8/island07,advective_pde,kin_wrong_island,advect_v_u,0.0011037711989161701,0.002594566360283092,0.4254164456197367,0.1027401262624291,100.0,0.0
cn03_5_8/island07,advective_pde,kin_wrong_island,advect_u_u,-0.001308559194290613,0.003738680466024282,-0.35000562529542323,0.1027401262624291,100.0,0.0
cn03_5_8/island07,advective_pde,kin_wrong_island,cubic_u,0.002693065612386245,0.08941533044522906,0.030118611640493457,0.1027401262624291,100.0,0.0
cn03_5_8/island07,boundary_pde,real,u_prev,-0.031982957700028604,0.11543265042731321,-0.2770702880132511,0.0937942499800709,0.01,0.03
cn03_5_8/island07,boundary_pde,real,lap_u,0.007860099836233892,0.0007701359085628545,10.206120437756981,0.0937942499800709,0.01,0.03
cn03_5_8/island07,boundary_pde,real,grad_div_u,0.0031486826836031167,0.0005975859433781054,5.269003929048039,0.0937942499800709,0.01,0.03
cn03_5_8/island07,boundary_pde,real,advect_v_u,-0.005540355201508093,0.0026240529605887834,-2.1113732400678953,0.0937942499800709,0.01,0.03
cn03_5_8/island07,boundary_pde,real,cubic_u,-0.00924249718412131,0.09215140774550545,-0.10029686371852632,0.0937942499800709,0.01,0.03
cn03_5_8/island07,mechanics_source_pde,real,u_prev,-0.03644652437447388,0.11543265042731321,-0.3157384348323865,0.09460788406561008,100.0,0.03
cn03_5_8/island07,mechanics_source_pde,real,lap_u,0.009782397886135896,0.0007701359085628545,12.702170847208984,0.09460788406561008,100.0,0.03
cn03_5_8/island07,mechanics_source_pde,real,grad_div_u,0.003775656320864373,0.0005975859433781054,6.318181280370971,0.09460788406561008,100.0,0.03
cn03_5_8/island07,mechanics_source_pde,real,stress_div,0.0035363454386948203,15.246084945311052,0.00023195105178673602,0.09460788406561008,100.0,0.03
cn03_5_8/island07,mechanics_source_pde,real,force_balance,-0.0026430067708909564,32.46355476708296,-8.141458290239008e-05,0.09460788406561008,100.0,0.03
cn03_5_8/island07,mechanics_source_pde,time_shuffled,u_prev,-0.03643824666170794,0.11543265042731321,-0.3156667245083551,0.09455430779409617,100.0,0.03
cn03_5_8/island07,mechanics_source_pde,time_shuffled,lap_u,0.00978205610212543,0.0007701359085628545,12.701727050202944,0.09455430779409617,100.0,0.03
cn03_5_8/island07,mechanics_source_pde,time_shuffled,grad_div_u,0.003776778936024327,0.0005975859433781054,6.320059863982908,0.09455430779409617,100.0,0.03
cn03_5_8/island07,mechanics_source_pde,time_shuffled,stress_div,0.0004075304301791914,15.246084945311052,2.6730169196947034e-05,0.09455430779409617,100.0,0.03
cn03_5_8/island07,mechanics_source_pde,spatial_shifted,u_prev,-0.03645997669187384,0.11543265042731321,-0.3158549730678871,0.09453323573349312,10.0,0.0
cn03_5_8/island07,mechanics_source_pde,spatial_shifted,lap_u,0.009773008799413117,0.0007701359085628545,12.689979379938878,0.09453323573349312,10.0,0.0
cn03_5_8/island07,mechanics_source_pde,spatial_shifted,grad_div_u,0.0037759303985155004,0.0005975859433781054,6.318639921766681,0.09453323573349312,10.0,0.0
cn03_5_8/island07,mechanics_source_pde,spatial_shifted,traction,0.010259159310640122,86.43098862516872,0.00011869769713189017,0.09453323573349312,10.0,0.0
cn03_5_8/island07,mechanics_source_pde,spatial_shifted,stress_div,0.0104157753877097,15.24608494531105,0.0006831770533269318,0.09453323573349312,10.0,0.0
cn03_5_8/island07,mechanics_source_pde,spatial_shifted,force_balance,-0.02066958548586922,32.46355476708296,-0.0006367012372541389,0.09453323573349312,10.0,0.0
cn03_5_8/island07,mechanics_source_pde,wrong_island,u_prev,-0.03645988175374655,0.11543265042731321,-0.31585415061317484,0.0945330169710034,10.0,0.03
cn03_5_8/island07,mechanics_source_pde,wrong_island,lap_u,0.009773296546178693,0.0007701359085628545,12.690353011089401,0.0945330169710034,10.0,0.03
cn03_5_8/island07,mechanics_source_pde,wrong_island,grad_div_u,0.0037759946514953047,0.0005975859433781054,6.318747442668932,0.0945330169710034,10.0,0.03
cn03_5_8/island07,mechanics_source_pde,wrong_island,traction,0.001570739751421454,85.78721509993689,1.830971840724329e-05,0.0945330169710034,10.0,0.03
cn03_5_8/island07,mechanics_source_pde,wrong_island,stress_div,0.00178559384995087,15.025023118873133,0.00011884133793497872,0.0945330169710034,10.0,0.03
cn03_5_8/island07,mechanics_source_pde,wrong_island,force_balance,-0.0034249969172310316,32.095435781272094,-0.0001067128965181255,0.0945330169710034,10.0,0.03
cn03_5_8/island07,mechanics_source_pde,kin_time_shuffled,u_prev,-0.002319636684992893,0.11543265042731324,-0.02009515225030326,0.10274424300337458,0.1,0.03
cn03_5_8/island07,mechanics_source_pde,kin_time_shuffled,lap_u,0.0029631955557197854,0.0007701359085628545,3.8476267925870187,0.10274424300337458,0.1,0.03
cn03_5_8/island07,mechanics_source_pde,kin_time_shuffled,grad_div_u,-0.0016677595879240272,0.0005975859433781054,-2.79082800792856,0.10274424300337458,0.1,0.03
cn03_5_8/island07,mechanics_source_pde,kin_time_shuffled,traction,0.024985178024728206,86.43098862516871,0.0002890766196495006,0.10274424300337458,0.1,0.03
cn03_5_8/island07,mechanics_source_pde,kin_time_shuffled,stress_div,0.023323615053902007,15.246084945311052,0.0015298101209304364,0.10274424300337458,0.1,0.03
cn03_5_8/island07,mechanics_source_pde,kin_time_shuffled,force_balance,-0.0476137656190417,32.46355476708296,-0.0014666836691378169,0.10274424300337458,0.1,0.03
cn03_5_8/island07,mechanics_source_pde,kin_spatial_shifted,u_prev,-0.0219316464215599,0.11543265042731321,-0.18999517329258622,0.1028728127228992,100.0,0.0
cn03_5_8/island07,mechanics_source_pde,kin_spatial_shifted,lap_u,-0.01317699174333031,0.0007701359085628546,-17.109956303582578,0.1028728127228992,100.0,0.0
cn03_5_8/island07,mechanics_source_pde,kin_spatial_shifted,grad_div_u,-0.0007171127331710608,0.0005975859433781053,-1.2000160665046438,0.1028728127228992,100.0,0.0
cn03_5_8/island07,mechanics_source_pde,kin_spatial_shifted,traction,0.0001271994486140707,86.43098862516871,1.4716879979899967e-06,0.1028728127228992,100.0,0.0
cn03_5_8/island07,mechanics_source_pde,kin_spatial_shifted,stress_div,0.0011744437744528196,15.246084945311052,7.703248267772645e-05,0.1028728127228992,100.0,0.0
cn03_5_8/island07,mechanics_source_pde,kin_spatial_shifted,force_balance,-0.0007774934384657701,32.46355476708296,-2.394973206243342e-05,0.1028728127228992,100.0,0.0
cn03_5_8/island07,mechanics_source_pde,kin_wrong_island,u_prev,-0.014683056881339265,0.11416409741038082,-0.1286136115854243,0.10276728647809127,100.0,0.01
cn03_5_8/island07,mechanics_source_pde,kin_wrong_island,lap_u,-0.010093631614463047,0.0007612450613914179,-13.259372213218327,0.10276728647809127,100.0,0.01
cn03_5_8/island07,mechanics_source_pde,kin_wrong_island,traction,0.00033652020772394984,86.43098862516871,3.893513346044906e-06,0.10276728647809127,100.0,0.01
cn03_5_8/island07,mechanics_source_pde,kin_wrong_island,stress_div,0.0011523567923008911,15.246084945311052,7.558378406223557e-05,0.10276728647809127,100.0,0.01
cn03_5_8/island07,mechanics_source_pde,kin_wrong_island,force_balance,-0.0009535163523042409,32.46355476708296,-2.937190209591825e-05,0.10276728647809127,100.0,0.01
cn03_5_8/island07,full_sparse_pde,real,u_prev,-0.031969155189319476,0.11543265042731321,-0.2769507160320306,0.09386438229495773,100.0,0.03
cn03_5_8/island07,full_sparse_pde,real,lap_u,0.007870173817877626,0.0007701359085628545,10.219201221981852,0.09386438229495773,100.0,0.03
cn03_5_8/island07,full_sparse_pde,real,grad_div_u,0.003147988492939201,0.0005975859433781054,5.267842270760043,0.09386438229495773,100.0,0.03
cn03_5_8/island07,full_sparse_pde,real,advect_v_u,-0.005536329870777038,0.0026240529605887834,-2.1098392273053816,0.09386438229495773,100.0,0.03
cn03_5_8/island07,full_sparse_pde,real,cubic_u,-0.009242754264555125,0.09215140774550545,-0.1002996534798561,0.09386438229495773,100.0,0.03
cn03_5_8/island07,full_sparse_pde,real,stress_div,0.003248970459734809,15.246084945311052,0.0002131019518380706,0.09386438229495773,100.0,0.03
cn03_5_8/island07,full_sparse_pde,real,force_balance,-0.0023998634823819455,32.46355476708296,-7.392485202561158e-05,0.09386438229495773,100.0,0.03
cn03_5_8/island07,full_sparse_pde,time_shuffled,u_prev,-0.031958047249062205,0.11543265042731321,-0.27685448727685474,0.09381225021493966,100.0,0.03
cn03_5_8/island07,full_sparse_pde,time_shuffled,lap_u,0.007868374732750075,0.0007701359085628545,10.216865160115955,0.09381225021493966,100.0,0.03
cn03_5_8/island07,full_sparse_pde,time_shuffled,grad_div_u,0.0031484422573148135,0.0005975859433781054,5.268601599824993,0.09381225021493966,100.0,0.03
cn03_5_8/island07,full_sparse_pde,time_shuffled,advect_v_u,-0.0055375408211272605,0.0026240529605887834,-2.110300708216175,0.09381225021493966,100.0,0.03
cn03_5_8/island07,full_sparse_pde,time_shuffled,cubic_u,-0.009249916952138407,0.09215140774550545,-0.10037738086089691,0.09381225021493966,100.0,0.03
cn03_5_8/island07,full_sparse_pde,time_shuffled,stress_div,0.00040860956198238683,15.246084945311052,2.6800950109362673e-05,0.09381225021493966,100.0,0.03
cn03_5_8/island07,full_sparse_pde,spatial_shifted,u_prev,-0.031956365811304815,0.11543265042731321,-0.2768399208803355,0.09379399575866662,100.0,0.03
cn03_5_8/island07,full_sparse_pde,spatial_shifted,lap_u,0.007868681697724377,0.0007701359085628545,10.21726374557456,0.09379399575866662,100.0,0.03
cn03_5_8/island07,full_sparse_pde,spatial_shifted,grad_div_u,0.003149684452196597,0.0005975859433781054,5.270680288079875,0.09379399575866662,100.0,0.03
cn03_5_8/island07,full_sparse_pde,spatial_shifted,advect_v_u,-0.005537889919389812,0.0026240529605887834,-2.1104337460274523,0.09379399575866662,100.0,0.03
cn03_5_8/island07,full_sparse_pde,spatial_shifted,cubic_u,-0.009249558813675387,0.09215140774550545,-0.10037349444752808,0.09379399575866662,100.0,0.03
cn03_5_8/island07,full_sparse_pde,spatial_shifted,stress_div,0.0014643997498162197,15.24608494531105,9.605087175292155e-05,0.09379399575866662,100.0,0.03
cn03_5_8/island07,full_sparse_pde,spatial_shifted,force_balance,-0.001511409699173911,32.46355476708296,-4.6557122595410706e-05,0.09379399575866662,100.0,0.03
cn03_5_8/island07,full_sparse_pde,wrong_island,u_prev,-0.03198027907389978,0.11543265042731321,-0.2770470829138368,0.0937943007006062,10.0,0.03
cn03_5_8/island07,full_sparse_pde,wrong_island,lap_u,0.007861238482014862,0.0007701359085628545,10.207598937549433,0.0937943007006062,10.0,0.03
cn03_5_8/island07,full_sparse_pde,wrong_island,grad_div_u,0.003148736565927557,0.0005975859433781054,5.269094095701116,0.0937943007006062,10.0,0.03
cn03_5_8/island07,full_sparse_pde,wrong_island,advect_v_u,-0.005539795234691547,0.0026240529605887834,-2.11115984238692,0.0937943007006062,10.0,0.03
cn03_5_8/island07,full_sparse_pde,wrong_island,cubic_u,-0.009243196420670166,0.09215140774550545,-0.10030445162809777,0.0937943007006062,10.0,0.03
cn03_5_8/island07,full_sparse_pde,wrong_island,traction,0.001530797163776374,85.78721509993689,1.7844117704404885e-05,0.0937943007006062,10.0,0.03
cn03_5_8/island07,full_sparse_pde,wrong_island,stress_div,0.0016110644091455336,15.025023118873133,0.00010722541964823029,0.0937943007006062,10.0,0.03
cn03_5_8/island07,full_sparse_pde,wrong_island,force_balance,-0.0031849031657377835,32.095435781272094,-9.923227674622185e-05,0.0937943007006062,10.0,0.03
cn03_5_8/island07,full_sparse_pde,kin_time_shuffled,u_prev,-0.003803184437274378,0.11543265042731324,-0.03294721574178187,0.10280187007788771,10.0,0.03
cn03_5_8/island07,full_sparse_pde,kin_time_shuffled,lap_u,0.003590683891143877,0.0007701359085628545,4.662402896969741,0.10280187007788771,10.0,0.03
cn03_5_8/island07,full_sparse_pde,kin_time_shuffled,grad_div_u,-0.0014296247250971965,0.0005975859433781054,-2.39233325505557,0.10280187007788771,10.0,0.03
cn03_5_8/island07,full_sparse_pde,kin_time_shuffled,advect_u_u,-0.00031717699277063736,0.00377449857684781,-0.08403155712288567,0.10280187007788771,10.0,0.03
cn03_5_8/island07,full_sparse_pde,kin_time_shuffled,cubic_u,0.0031330181752629144,0.09215140774550545,0.03399859266301575,0.10280187007788771,10.0,0.03
cn03_5_8/island07,full_sparse_pde,kin_time_shuffled,traction,0.00454636066144911,86.43098862516871,5.260104892662549e-05,0.10280187007788771,10.0,0.03
cn03_5_8/island07,full_sparse_pde,kin_time_shuffled,stress_div,0.005277366177718884,15.246084945311052,0.00034614566274877954,0.10280187007788771,10.0,0.03
cn03_5_8/island07,full_sparse_pde,kin_time_shuffled,force_balance,-0.00923995653574751,32.46355476708296,-0.00028462553167826646,0.10280187007788771,10.0,0.03
cn03_5_8/island07,full_sparse_pde,kin_spatial_shifted,u_prev,-0.024117185045948772,0.11543265042731321,-0.20892862597082204,0.10284600300512745,100.0,0.0
cn03_5_8/island07,full_sparse_pde,kin_spatial_shifted,lap_u,-0.012250417932662239,0.0007701359085628546,-15.906826050382016,0.10284600300512745,100.0,0.0
cn03_5_8/island07,full_sparse_pde,kin_spatial_shifted,grad_div_u,-0.0003716655256239104,0.0005975859433781053,-0.6219448930189272,0.10284600300512745,100.0,0.0
cn03_5_8/island07,full_sparse_pde,kin_spatial_shifted,advect_v_u,0.000509168387021905,0.002624052960588783,0.19403891410318877,0.10284600300512745,100.0,0.0
cn03_5_8/island07,full_sparse_pde,kin_spatial_shifted,advect_u_u,-0.0007572201605934543,0.0037744985768478107,-0.20061476913466741,0.10284600300512745,100.0,0.0
cn03_5_8/island07,full_sparse_pde,kin_spatial_shifted,cubic_u,0.004592325082500177,0.09215140774550545,0.049834562432109576,0.10284600300512745,100.0,0.0
cn03_5_8/island07,full_sparse_pde,kin_spatial_shifted,boundary_normal,-0.00010147363026707443,0.2921248478184848,-0.0003473639131517024,0.10284600300512745,100.0,0.0
cn03_5_8/island07,full_sparse_pde,kin_spatial_shifted,traction,0.00013014535685451826,86.43098862516871,1.5057719334778028e-06,0.10284600300512745,100.0,0.0
cn03_5_8/island07,full_sparse_pde,kin_spatial_shifted,stress_div,0.0011712532742516929,15.246084945311052,7.682321582577257e-05,0.10284600300512745,100.0,0.0
cn03_5_8/island07,full_sparse_pde,kin_spatial_shifted,force_balance,-0.0007711741895459267,32.46355476708296,-2.3755075347690312e-05,0.10284600300512745,100.0,0.0
cn03_5_8/island07,full_sparse_pde,kin_wrong_island,u_prev,-0.015977726547701375,0.11416409741038082,-0.13995403905543896,0.10276780719112716,100.0,0.0
cn03_5_8/island07,full_sparse_pde,kin_wrong_island,lap_u,-0.009503301317544663,0.0007612450613914179,-12.483892243812198,0.10276780719112716,100.0,0.0
cn03_5_8/island07,full_sparse_pde,kin_wrong_island,grad_div_u,0.0002048450300422283,0.0005895198710999303,0.34747773583955194,0.10276780719112716,100.0,0.0
cn03_5_8/island07,full_sparse_pde,kin_wrong_island,advect_v_u,0.0011029854161367153,0.002594566360283092,0.42511358854447223,0.10276780719112716,100.0,0.0
cn03_5_8/island07,full_sparse_pde,kin_wrong_island,advect_u_u,-0.0013066916022308418,0.003738680466024282,-0.3495060928863973,0.10276780719112716,100.0,0.0
cn03_5_8/island07,full_sparse_pde,kin_wrong_island,cubic_u,0.0026922264867561127,0.08941533044522906,0.030109227057045024,0.10276780719112716,100.0,0.0
cn03_5_8/island07,full_sparse_pde,kin_wrong_island,boundary_normal,-6.921557067728582e-05,0.2921248478184848,-0.0002369383200168365,0.10276780719112716,100.0,0.0
cn03_5_8/island07,full_sparse_pde,kin_wrong_island,traction,0.0003093387615592777,86.43098862516871,3.579026070161116e-06,0.10276780719112716,100.0,0.0
cn03_5_8/island07,full_sparse_pde,kin_wrong_island,stress_div,0.0011747122534608646,15.246084945311052,7.705009237943073e-05,0.10276780719112716,100.0,0.0
cn03_5_8/island07,full_sparse_pde,kin_wrong_island,force_balance,-0.0009500004675968358,32.46355476708296,-2.9263599578445023e-05,0.10276780719112716,100.0,0.0
cn03_5_8/island08,relaxation,real,u_prev,-0.04401906274350368,0.11470052852278192,-0.3837738440303749,0.08372269404938207,0.01,0.0
cn03_5_8/island08,relaxation,kin_time_shuffled,u_prev,-0.0034366426081808826,0.11470052852278194,-0.029961872472961563,0.09271105995184976,100.0,0.0
cn03_5_8/island08,relaxation,kin_spatial_shifted,u_prev,-0.013006881938393718,0.11470052852278195,-0.11339862253389946,0.09264122045819298,100.0,0.0
cn03_5_8/island08,relaxation,kin_wrong_island,u_prev,-0.008148575845374456,0.11389373534878036,-0.07154542627319067,0.09266242355182816,100.0,0.0
cn03_5_8/island08,isotropic_pde,real,u_prev,-0.035973561121018065,0.11470052852278192,-0.31363029956634386,0.08357812807821392,0.01,0.0
cn03_5_8/island08,isotropic_pde,real,lap_u,0.012406372963303743,0.0007682751326918882,16.148346387099892,0.08357812807821392,0.01,0.0
cn03_5_8/island08,helmholtz_pde,real,u_prev,-0.03598737369906089,0.11470052852278192,-0.31375072253405567,0.08354030823443978,0.01,0.0
cn03_5_8/island08,helmholtz_pde,real,lap_u,0.009971058750886776,0.0007682751326918882,12.978499923523628,0.08354030823443978,0.01,0.0
cn03_5_8/island08,helmholtz_pde,real,grad_div_u,0.0036428044806685314,0.0005967593113472496,6.1043110872363275,0.08354030823443978,0.01,0.0
cn03_5_8/island08,helmholtz_pde,kin_time_shuffled,u_prev,-0.0020480769297822454,0.11470052852278194,-0.0178558630562496,0.09270884846036508,100.0,0.0
cn03_5_8/island08,helmholtz_pde,kin_time_shuffled,lap_u,0.003103895237225424,0.0007682751326918881,4.0400829145022215,0.09270884846036508,100.0,0.0
cn03_5_8/island08,helmholtz_pde,kin_time_shuffled,grad_div_u,-0.0014510931937203383,0.0005967593113472495,-2.4316222070240285,0.09270884846036508,100.0,0.0
cn03_5_8/island08,helmholtz_pde,kin_spatial_shifted,u_prev,-0.022004202381701442,0.11470052852278195,-0.19184046198471474,0.09242437662640492,100.0,0.03
cn03_5_8/island08,helmholtz_pde,kin_spatial_shifted,lap_u,-0.013881099668877796,0.0007682751326918882,-18.06787578850964,0.09242437662640492,100.0,0.03
cn03_5_8/island08,helmholtz_pde,kin_wrong_island,u_prev,-0.014481884142238416,0.11389373534878036,-0.12715259621514816,0.09273685097698026,100.0,0.01
cn03_5_8/island08,helmholtz_pde,kin_wrong_island,lap_u,-0.009704454289335186,0.0007597211038540794,-12.773706351060023,0.09273685097698026,100.0,0.01
cn03_5_8/island08,helmholtz_pde,kin_wrong_island,grad_div_u,-0.0002207289228333648,0.0005889429055787006,-0.3747883211471485,0.09273685097698026,100.0,0.01
cn03_5_8/island08,advective_pde,real,u_prev,-0.03171231302591603,0.11470052852278192,-0.2764792231939655,0.08327010745280033,0.01,0.03
cn03_5_8/island08,advective_pde,real,lap_u,0.007987317248129688,0.0007682751326918882,10.39642819121799,0.08327010745280033,0.01,0.03
cn03_5_8/island08,advective_pde,real,grad_div_u,0.003011007161654207,0.0005967593113472496,5.045597285874816,0.08327010745280033,0.01,0.03
cn03_5_8/island08,advective_pde,real,advect_v_u,-0.005036926313221435,0.002599292565193815,-1.9378066096402884,0.08327010745280033,0.01,0.03
cn03_5_8/island08,advective_pde,real,cubic_u,-0.009082245076481364,0.09102891047345231,-0.09977319325523633,0.08327010745280033,0.01,0.03
cn03_5_8/island08,advective_pde,kin_time_shuffled,u_prev,-0.0035130826120117593,0.11470052852278194,-0.030628303611643665,0.09275939236563178,100.0,0.0
cn03_5_8/island08,advective_pde,kin_time_shuffled,lap_u,0.003802572519701144,0.0007682751326918881,4.949493167086721,0.09275939236563178,100.0,0.0
cn03_5_8/island08,advective_pde,kin_time_shuffled,grad_div_u,-0.001228627256343054,0.0005967593113472495,-2.05883215055211,0.09275939236563178,100.0,0.0
cn03_5_8/island08,advective_pde,kin_time_shuffled,advect_v_u,0.00030820289564384987,0.0025992925651938154,0.11857183749566445,0.09275939236563178,100.0,0.0
cn03_5_8/island08,advective_pde,kin_time_shuffled,advect_u_u,-0.0003380753588963639,0.003745670126084954,-0.09025764349668633,0.09275939236563178,100.0,0.0
cn03_5_8/island08,advective_pde,kin_time_shuffled,cubic_u,0.0031605763419185642,0.0910289104734523,0.03472057751191382,0.09275939236563178,100.0,0.0
cn03_5_8/island08,advective_pde,kin_spatial_shifted,u_prev,-0.024028564965874535,0.11470052852278195,-0.20948957494212378,0.09236694397730963,100.0,0.03
cn03_5_8/island08,advective_pde,kin_spatial_shifted,lap_u,-0.012703408087243316,0.0007682751326918882,-16.534972364305244,0.09236694397730963,100.0,0.03
cn03_5_8/island08,advective_pde,kin_spatial_shifted,advect_u_u,-0.0004033858480457136,0.0037456701260849537,-0.10769390642185041,0.09236694397730963,100.0,0.03
cn03_5_8/island08,advective_pde,kin_spatial_shifted,cubic_u,0.004386752080871935,0.0910289104734523,0.04819075673932502,0.09236694397730963,100.0,0.03
cn03_5_8/island08,advective_pde,kin_wrong_island,u_prev,-0.01582952863459324,0.11389373534878036,-0.1389850687232092,0.092663048306104,100.0,0.03
cn03_5_8/island08,advective_pde,kin_wrong_island,lap_u,-0.009145349766104533,0.0007597211038540794,-12.037772440057282,0.092663048306104,100.0,0.03
cn03_5_8/island08,advective_pde,kin_wrong_island,advect_v_u,0.0010499506750980493,0.0025719653726953445,0.40822893116859177,0.092663048306104,100.0,0.03
cn03_5_8/island08,advective_pde,kin_wrong_island,advect_u_u,-0.0012973305270650225,0.0036931607018430798,-0.35127919736002466,0.092663048306104,100.0,0.03
cn03_5_8/island08,advective_pde,kin_wrong_island,cubic_u,0.0027532595764307305,0.08958483883829615,0.03073354389128793,0.092663048306104,100.0,0.03
cn03_5_8/island08,boundary_pde,real,u_prev,-0.03171231302591603,0.11470052852278192,-0.2764792231939655,0.08327010745280033,0.01,0.03
cn03_5_8/island08,boundary_pde,real,lap_u,0.007987317248129688,0.0007682751326918882,10.39642819121799,0.08327010745280033,0.01,0.03
cn03_5_8/island08,boundary_pde,real,grad_div_u,0.003011007161654207,0.0005967593113472496,5.045597285874816,0.08327010745280033,0.01,0.03
cn03_5_8/island08,boundary_pde,real,advect_v_u,-0.005036926313221435,0.002599292565193815,-1.9378066096402884,0.08327010745280033,0.01,0.03
cn03_5_8/island08,boundary_pde,real,cubic_u,-0.009082245076481364,0.09102891047345231,-0.09977319325523633,0.08327010745280033,0.01,0.03
cn03_5_8/island08,mechanics_source_pde,real,u_prev,-0.03599686603446397,0.11470052852278192,-0.3138334800899739,0.08357764394942065,10.0,0.0
cn03_5_8/island08,mechanics_source_pde,real,lap_u,0.009972448004845537,0.0007682751326918882,12.980308200141788,0.08357764394942065,10.0,0.0
cn03_5_8/island08,mechanics_source_pde,real,grad_div_u,0.0036399231724382674,0.0005967593113472496,6.099482828714883,0.08357764394942065,10.0,0.0
cn03_5_8/island08,mechanics_source_pde,real,traction,0.004890939190446658,85.20633921314051,5.740111869155831e-05,0.08357764394942065,10.0,0.0
cn03_5_8/island08,mechanics_source_pde,real,stress_div,0.00862809759127841,14.966515246567731,0.0005764934220914979,0.08357764394942065,10.0,0.0
cn03_5_8/island08,mechanics_source_pde,real,force_balance,-0.012528983702344402,31.932112002123624,-0.0003923631390717648,0.08357764394942065,10.0,0.0
cn03_5_8/island08,mechanics_source_pde,time_shuffled,u_prev,-0.035990875610747756,0.11470052852278192,-0.31378125344556906,0.08354977686619906,0.01,0.0
cn03_5_8/island08,mechanics_source_pde,time_shuffled,lap_u,0.009971109753374053,0.0007682751326918882,12.978566309229876,0.08354977686619906,0.01,0.0
cn03_5_8/island08,mechanics_source_pde,time_shuffled,grad_div_u,0.003640265298321766,0.0005967593113472496,6.100056135032846,0.08354977686619906,0.01,0.0
cn03_5_8/island08,mechanics_source_pde,time_shuffled,traction,0.017494991405155903,85.2063392131405,0.00020532499772573062,0.08354977686619906,0.01,0.0
cn03_5_8/island08,mechanics_source_pde,time_shuffled,stress_div,0.018124396880862828,14.966515246567731,0.001210996453233781,0.08354977686619906,0.01,0.0
cn03_5_8/island08,mechanics_source_pde,time_shuffled,force_balance,-0.03502746689400006,31.932112002123628,-0.001096935489004629,0.08354977686619906,0.01,0.0
cn03_5_8/island08,mechanics_source_pde,spatial_shifted,u_prev,-0.035984927145977154,0.11470052852278192,-0.3137293926141744,0.08354028137534021,10.0,0.0
cn03_5_8/island08,mechanics_source_pde,spatial_shifted,lap_u,0.009972151131634069,0.0007682751326918882,12.979921784912614,0.08354028137534021,10.0,0.0
cn03_5_8/island08,mechanics_source_pde,spatial_shifted,grad_div_u,0.003642915329062968,0.0005967593113472496,6.1044968378267725,0.08354028137534021,10.0,0.0
cn03_5_8/island08,mechanics_source_pde,spatial_shifted,traction,0.010606476122456694,85.20633921314051,0.00012447989457597733,0.08354028137534021,10.0,0.0
cn03_5_8/island08,mechanics_source_pde,spatial_shifted,stress_div,0.01067553516424917,14.966515246567731,0.0007132946439684675,0.08354028137534021,10.0,0.0
cn03_5_8/island08,mechanics_source_pde,spatial_shifted,force_balance,-0.021208724673472297,31.932112002123628,-0.0006641817074943812,0.08354028137534021,10.0,0.0
cn03_5_8/island08,mechanics_source_pde,wrong_island,u_prev,-0.035987287869044565,0.11470052852278192,-0.3137499742374486,0.08354152340890582,0.1,0.0
cn03_5_8/island08,mechanics_source_pde,wrong_island,lap_u,0.009972086155655452,0.0007682751326918882,12.979837211072004,0.08354152340890582,0.1,0.0
cn03_5_8/island08,mechanics_source_pde,wrong_island,grad_div_u,0.0036422152946466043,0.0005967593113472496,6.103323777929671,0.08354152340890582,0.1,0.0
cn03_5_8/island08,mechanics_source_pde,wrong_island,traction,0.02353233841155067,92.15768772896354,0.00025534862029914914,0.08354152340890582,0.1,0.0
cn03_5_8/island08,mechanics_source_pde,wrong_island,stress_div,0.021096837753469832,16.20979003520574,0.0013014874164100833,0.08354152340890582,0.1,0.0
cn03_5_8/island08,mechanics_source_pde,wrong_island,force_balance,-0.04452426685974819,34.55148994418275,-0.0012886352204109365,0.08354152340890582,0.1,0.0
cn03_5_8/island08,mechanics_source_pde,kin_time_shuffled,u_prev,-0.0020604132021270105,0.11470052852278194,-0.017963415065849232,0.09258232545271979,0.1,0.03
cn03_5_8/island08,mechanics_source_pde,kin_time_shuffled,lap_u,0.0021341903407098833,0.0007682751326918881,2.777898502626385,0.09258232545271979,0.1,0.03
cn03_5_8/island08,mechanics_source_pde,kin_time_shuffled,traction,0.027483142041725382,85.20633921314051,0.0003225480908524578,0.09258232545271979,0.1,0.03
cn03_5_8/island08,mechanics_source_pde,kin_time_shuffled,stress_div,0.025813621761364442,14.966515246567731,0.0017247583245728678,0.09258232545271979,0.1,0.03
cn03_5_8/island08,mechanics_source_pde,kin_time_shuffled,force_balance,-0.052539879167100415,31.932112002123624,-0.0016453618590466638,0.09258232545271979,0.1,0.03
cn03_5_8/island08,mechanics_source_pde,kin_spatial_shifted,u_prev,-0.022004624665878332,0.11470052852278195,-0.19184414360835092,0.09243822463000279,100.0,0.03
cn03_5_8/island08,mechanics_source_pde,kin_spatial_shifted,lap_u,-0.013882277457932666,0.0007682751326918882,-18.069408818806664,0.09243822463000279,100.0,0.03
cn03_5_8/island08,mechanics_source_pde,kin_spatial_shifted,stress_div,0.001430807652417218,14.966515246567731,9.560058763480997e-05,0.09243822463000279,100.0,0.03
cn03_5_8/island08,mechanics_source_pde,kin_spatial_shifted,force_balance,-0.0008625680057997253,31.932112002123624,-2.7012557319802736e-05,0.09243822463000279,100.0,0.03
cn03_5_8/island08,mechanics_source_pde,kin_wrong_island,u_prev,-0.014481683311056454,0.11389373534878036,-0.12715083289444096,0.09274702644506702,100.0,0.01
cn03_5_8/island08,mechanics_source_pde,kin_wrong_island,lap_u,-0.009703251595492379,0.0007597211038540794,-12.77212327822355,0.09274702644506702,100.0,0.01
cn03_5_8/island08,mechanics_source_pde,kin_wrong_island,grad_div_u,-0.00022115347283602243,0.0005889429055787006,-0.37550918899127417,0.09274702644506702,100.0,0.01
cn03_5_8/island08,mechanics_source_pde,kin_wrong_island,stress_div,0.001271876999540786,14.966515246567731,8.498150562018539e-05,0.09274702644506702,100.0,0.01
cn03_5_8/island08,mechanics_source_pde,kin_wrong_island,force_balance,-0.0007137930994705251,31.932112002123624,-2.235345721645517e-05,0.09274702644506702,100.0,0.01
cn03_5_8/island08,full_sparse_pde,real,u_prev,-0.03172489894029017,0.11470052852278192,-0.2765889516715604,0.08330488086514772,10.0,0.03
cn03_5_8/island08,full_sparse_pde,real,lap_u,0.00799025855602452,0.0007682751326918882,10.400256647678015,0.08330488086514772,10.0,0.03
cn03_5_8/island08,full_sparse_pde,real,grad_div_u,0.003008691143881244,0.0005967593113472496,5.041716294445065,0.08330488086514772,10.0,0.03
cn03_5_8/island08,full_sparse_pde,real,advect_v_u,-0.0050364583158316375,0.002599292565193815,-1.9376265616549004,0.08330488086514772,10.0,0.03
cn03_5_8/island08,full_sparse_pde,real,cubic_u,-0.009075040624254481,0.09102891047345231,-0.09969404859460695,0.08330488086514772,10.0,0.03
cn03_5_8/island08,full_sparse_pde,real,traction,0.004542554750504065,85.20633921314051,5.3312403659791465e-05,0.08330488086514772,10.0,0.03
cn03_5_8/island08,full_sparse_pde,real,stress_div,0.00812994399817736,14.966515246567731,0.0005432088809077851,0.08330488086514772,10.0,0.03
cn03_5_8/island08,full_sparse_pde,real,force_balance,-0.011723000417122239,31.932112002123624,-0.0003671226136355343,0.08330488086514772,10.0,0.03
cn03_5_8/island08,full_sparse_pde,time_shuffled,u_prev,-0.03171591059848962,0.11470052852278192,-0.27651058811111034,0.0832790511082002,0.01,0.03
cn03_5_8/island08,full_sparse_pde,time_shuffled,lap_u,0.007987541966602169,0.0007682751326918882,10.396720688609769,0.0832790511082002,0.01,0.03
cn03_5_8/island08,full_sparse_pde,time_shuffled,grad_div_u,0.0030085364467757887,0.0005967593113472496,5.041457065803779,0.0832790511082002,0.01,0.03
cn03_5_8/island08,full_sparse_pde,time_shuffled,advect_v_u,-0.005036963585642962,0.002599292565193815,-1.9378209490886547,0.0832790511082002,0.01,0.03
cn03_5_8/island08,full_sparse_pde,time_shuffled,cubic_u,-0.009081784277180583,0.09102891047345231,-0.09976813113487935,0.0832790511082002,0.01,0.03
cn03_5_8/island08,full_sparse_pde,time_shuffled,traction,0.012558787967402304,85.2063392131405,0.00014739264805153712,0.0832790511082002,0.01,0.03
cn03_5_8/island08,full_sparse_pde,time_shuffled,stress_div,0.013728787608369087,14.966515246567731,0.0009173002119860538,0.0832790511082002,0.01,0.03
cn03_5_8/island08,full_sparse_pde,time_shuffled,force_balance,-0.025721127976571712,31.932112002123628,-0.0008054941049580793,0.0832790511082002,0.01,0.03
cn03_5_8/island08,full_sparse_pde,spatial_shifted,u_prev,-0.03170964166614874,0.11470052852278192,-0.2764559333294662,0.0832700309615709,10.0,0.03
cn03_5_8/island08,full_sparse_pde,spatial_shifted,lap_u,0.007988160366876452,0.0007682751326918882,10.397525608940999,0.0832700309615709,10.0,0.03
cn03_5_8/island08,full_sparse_pde,spatial_shifted,grad_div_u,0.0030109167251958125,0.0005967593113472496,5.0454457399220765,0.0832700309615709,10.0,0.03
cn03_5_8/island08,full_sparse_pde,spatial_shifted,advect_v_u,-0.00503700105238009,0.002599292565193815,-1.937835363294131,0.0832700309615709,10.0,0.03
cn03_5_8/island08,full_sparse_pde,spatial_shifted,cubic_u,-0.009083347584639214,0.09102891047345231,-0.09978530488166486,0.0832700309615709,10.0,0.03
cn03_5_8/island08,full_sparse_pde,spatial_shifted,traction,0.010664352299958945,85.20633921314051,0.00012515914189532848,0.0832700309615709,10.0,0.03
cn03_5_8/island08,full_sparse_pde,spatial_shifted,stress_div,0.010975683924614728,14.966515246567731,0.000733349329740053,0.0832700309615709,10.0,0.03
cn03_5_8/island08,full_sparse_pde,spatial_shifted,force_balance,-0.02155769904422623,31.932112002123628,-0.0006751103416771352,0.0832700309615709,10.0,0.03
cn03_5_8/island08,full_sparse_pde,wrong_island,u_prev,-0.031712398514222376,0.11470052852278192,-0.2764799685114235,0.08327125195977139,0.1,0.03
cn03_5_8/island08,full_sparse_pde,wrong_island,lap_u,0.0079882236269373,0.0007682751326918882,10.39760794931381,0.08327125195977139,0.1,0.03
cn03_5_8/island08,full_sparse_pde,wrong_island,grad_div_u,0.0030104551286840903,0.0005967593113472496,5.04467223458593,0.08327125195977139,0.1,0.03
cn03_5_8/island08,full_sparse_pde,wrong_island,advect_v_u,-0.0050370008224456244,0.002599292565193815,-1.9378352748337289,0.08327125195977139,0.1,0.03
cn03_5_8/island08,full_sparse_pde,wrong_island,cubic_u,-0.009082079944693025,0.09102891047345231,-0.09977137919652158,0.08327125195977139,0.1,0.03
cn03_5_8/island08,full_sparse_pde,wrong_island,traction,0.022171089115047296,92.15768772896354,0.00024057774952267291,0.08327125195977139,0.1,0.03
cn03_5_8/island08,full_sparse_pde,wrong_island,stress_div,0.019952851499286908,16.20979003520574,0.001230913630340164,0.08327125195977139,0.1,0.03
cn03_5_8/island08,full_sparse_pde,wrong_island,force_balance,-0.041997289938794896,34.55148994418275,-0.0012154986660963302,0.08327125195977139,0.1,0.03
cn03_5_8/island08,full_sparse_pde,kin_time_shuffled,u_prev,-0.0035622328237638117,0.11470052852278194,-0.031056812637583246,0.09258254651785248,0.01,0.03
cn03_5_8/island08,full_sparse_pde,kin_time_shuffled,lap_u,0.003006585428954813,0.0007682751326918881,3.913422810419904,0.09258254651785248,0.01,0.03
cn03_5_8/island08,full_sparse_pde,kin_time_shuffled,cubic_u,0.0032581320626041267,0.0910289104734523,0.0357922779220161,0.09258254651785248,0.01,0.03
cn03_5_8/island08,full_sparse_pde,kin_time_shuffled,traction,0.02904772383903504,85.20633921314051,0.0003409103607464373,0.09258254651785248,0.01,0.03
cn03_5_8/island08,full_sparse_pde,kin_time_shuffled,stress_div,0.027279091033298213,14.966515246567731,0.0018226748567642774,0.09258254651785248,0.01,0.03
cn03_5_8/island08,full_sparse_pde,kin_time_shuffled,force_balance,-0.05555064503062601,31.932112002123624,-0.0017396483210046255,0.09258254651785248,0.01,0.03
cn03_5_8/island08,full_sparse_pde,kin_spatial_shifted,u_prev,-0.02402938660317231,0.11470052852278195,-0.2094967382682946,0.09238115883669624,100.0,0.03
cn03_5_8/island08,full_sparse_pde,kin_spatial_shifted,lap_u,-0.012704361619346977,0.0007682751326918882,-16.536213497934444,0.09238115883669624,100.0,0.03
cn03_5_8/island08,full_sparse_pde,kin_spatial_shifted,advect_u_u,-0.0004049566772296662,0.0037456701260849537,-0.10811327842501035,0.09238115883669624,100.0,0.03
cn03_5_8/island08,full_sparse_pde,kin_spatial_shifted,cubic_u,0.004387583810389857,0.0910289104734523,0.04819989372134091,0.09238115883669624,100.0,0.03
cn03_5_8/island08,full_sparse_pde,kin_spatial_shifted,stress_div,0.0014126265653910135,14.966515246567731,9.438580338298663e-05,0.09238115883669624,100.0,0.03
cn03_5_8/island08,full_sparse_pde,kin_spatial_shifted,force_balance,-0.0008393446707362978,31.932112002123624,-2.6285285191298267e-05,0.09238115883669624,100.0,0.03
cn03_5_8/island08,full_sparse_pde,kin_wrong_island,u_prev,-0.01582876019456115,0.11389373534878036,-0.138978321731992,0.09267345376032829,100.0,0.03
cn03_5_8/island08,full_sparse_pde,kin_wrong_island,lap_u,-0.00914475092122695,0.0007597211038540794,-12.036984197010531,0.09267345376032829,100.0,0.03
cn03_5_8/island08,full_sparse_pde,kin_wrong_island,advect_v_u,0.001049928145641277,0.0025719653726953445,0.4082201715418054,0.09267345376032829,100.0,0.03
cn03_5_8/island08,full_sparse_pde,kin_wrong_island,advect_u_u,-0.0012952290486260925,0.0036931607018430798,-0.3507101784061835,0.09267345376032829,100.0,0.03
cn03_5_8/island08,full_sparse_pde,kin_wrong_island,cubic_u,0.002752107530537675,0.08958483883829615,0.030720684060227287,0.09267345376032829,100.0,0.03
cn03_5_8/island08,full_sparse_pde,kin_wrong_island,stress_div,0.0012512041688826487,14.966515246567731,8.360023347249034e-05,0.09267345376032829,100.0,0.03
cn03_5_8/island08,full_sparse_pde,kin_wrong_island,force_balance,-0.0006986693033503558,31.932112002123624,-2.187983379564406e-05,0.09267345376032829,100.0,0.03
cytod/island01,relaxation,real,u_prev,-0.04398393144777573,0.11364839436886301,-0.38701762301207043,0.13986218154655827,100.0,0.0
cytod/island01,relaxation,kin_time_shuffled,u_prev,-0.003368093666474247,0.11364839436886298,-0.029636086679259117,0.14589408818897004,100.0,0.0
cytod/island01,relaxation,kin_spatial_shifted,u_prev,-0.012811534577404343,0.11364839436886301,-0.11272956955135305,0.14657293985459197,100.0,0.0
cytod/island01,relaxation,kin_wrong_island,u_prev,-0.007994618586709336,0.11223159058061266,-0.07123322894516973,0.1458487358820596,100.0,0.0
cytod/island01,isotropic_pde,real,u_prev,-0.03621594115137023,0.11364839436886301,-0.31866654476284045,0.13860650026465024,100.0,0.0
cytod/island01,isotropic_pde,real,lap_u,0.011995472591736616,0.0007627709145395016,15.72617985700005,0.13860650026465024,100.0,0.0
cytod/island01,helmholtz_pde,real,u_prev,-0.03620266619610404,0.11364839436886301,-0.31854973752293253,0.13854518523851353,100.0,0.0
cytod/island01,helmholtz_pde,real,lap_u,0.009539327396217896,0.0007627709145395016,12.50614989951073,0.13854518523851353,100.0,0.0
cytod/island01,helmholtz_pde,real,grad_div_u,0.0037253751790297805,0.0005930086801290434,6.282159610579578,0.13854518523851353,100.0,0.0
cytod/island01,helmholtz_pde,kin_time_shuffled,u_prev,-0.0021890230484855468,0.11364839436886298,-0.019261363617516167,0.1458804169469167,100.0,0.0
cytod/island01,helmholtz_pde,kin_time_shuffled,lap_u,0.002858141425426551,0.0007627709145395016,3.7470508785092598,0.1458804169469167,100.0,0.0
cytod/island01,helmholtz_pde,kin_time_shuffled,grad_div_u,-0.0015604582704608595,0.0005930086801290435,-2.631425681865721,0.1458804169469167,100.0,0.0
cytod/island01,helmholtz_pde,kin_spatial_shifted,u_prev,-0.021547925971200067,0.11364839436886301,-0.18960167533263184,0.14675068915040326,100.0,0.0
cytod/island01,helmholtz_pde,kin_spatial_shifted,lap_u,-0.012997377087241281,0.0007627709145395016,-17.039686279973104,0.14675068915040326,100.0,0.0
cytod/island01,helmholtz_pde,kin_spatial_shifted,grad_div_u,-0.0007423513067356885,0.0005930086801290433,-1.2518388543219083,0.14675068915040326,100.0,0.0
cytod/island01,helmholtz_pde,kin_wrong_island,u_prev,-0.014359042491998174,0.11223159058061266,-0.12794118320620695,0.1459276441895001,100.0,0.01
cytod/island01,helmholtz_pde,kin_wrong_island,lap_u,-0.009857744910865409,0.0007498701605951535,-13.145935695109616,0.1459276441895001,100.0,0.01
cytod/island01,advective_pde,real,u_prev,-0.03184163946584551,0.11364839436886301,-0.28017676486038745,0.13807513600360072,100.0,0.0
cytod/island01,advective_pde,real,lap_u,0.007703290602096499,0.0007627709145395016,10.099088016153727,0.13807513600360072,100.0,0.0
cytod/island01,advective_pde,real,grad_div_u,0.003068225601732259,0.0005930086801290434,5.173997792181708,0.13807513600360072,100.0,0.0
cytod/island01,advective_pde,real,advect_v_u,-0.005661328067563611,0.0025653742933123423,-2.206823418447004,0.13807513600360072,100.0,0.0
cytod/island01,advective_pde,real,advect_u_u,0.00088237386376485,0.0036974471670578736,0.23864407627681428,0.13807513600360072,100.0,0.0
cytod/island01,advective_pde,real,cubic_u,-0.009007163332735456,0.09045016614908984,-0.09958150124222952,0.13807513600360072,100.0,0.0
cytod/island01,advective_pde,kin_time_shuffled,u_prev,-0.003608731440436542,0.11364839436886298,-0.031753474921289784,0.14585565688665014,100.0,0.0
cytod/island01,advective_pde,kin_time_shuffled,lap_u,0.0034548863947841475,0.0007627709145395016,4.529389268690094,0.14585565688665014,100.0,0.0
cytod/island01,advective_pde,kin_time_shuffled,grad_div_u,-0.0013239577845703108,0.0005930086801290435,-2.2326111386467513,0.14585565688665014,100.0,0.0
cytod/island01,advective_pde,kin_time_shuffled,advect_v_u,0.00038613526461810045,0.0025653742933123423,0.1505181000779161,0.14585565688665014,100.0,0.0
cytod/island01,advective_pde,kin_time_shuffled,advect_u_u,-0.0004768707362034694,0.003697447167057874,-0.1289729682825797,0.14585565688665014,100.0,0.0
cytod/island01,advective_pde,kin_time_shuffled,cubic_u,0.0029833362498778116,0.09045016614908984,0.03298320364564451,0.14585565688665014,100.0,0.0
cytod/island01,advective_pde,kin_spatial_shifted,u_prev,-0.023691877114818204,0.11364839436886301,-0.20846644817455706,0.14681948855874288,100.0,0.0
cytod/island01,advective_pde,kin_spatial_shifted,lap_u,-0.012096197870427504,0.0007627709145395016,-15.858231665440723,0.14681948855874288,100.0,0.0
cytod/island01,advective_pde,kin_spatial_shifted,grad_div_u,-0.0003849165108714504,0.0005930086801290433,-0.6490908544335129,0.14681948855874288,100.0,0.0
cytod/island01,advective_pde,kin_spatial_shifted,advect_v_u,0.0005414656155627611,0.002565374293312342,0.2110669062889982,0.14681948855874288,100.0,0.0
cytod/island01,advective_pde,kin_spatial_shifted,advect_u_u,-0.0006903665820568739,0.0036974471670578736,-0.18671438721495276,0.14681948855874288,100.0,0.0
cytod/island01,advective_pde,kin_spatial_shifted,cubic_u,0.004507093017330648,0.09045016614908984,0.04982957145597241,0.14681948855874288,100.0,0.0
cytod/island01,advective_pde,kin_wrong_island,u_prev,-0.01562915565034713,0.11223159058061266,-0.13925807849191235,0.1459290838204548,100.0,0.0
cytod/island01,advective_pde,kin_wrong_island,lap_u,-0.009282909475198543,0.0007498701605951535,-12.379355737839902,0.1459290838204548,100.0,0.0
cytod/island01,advective_pde,kin_wrong_island,grad_div_u,0.00017908707515060758,0.0005825828680959604,0.307401890714557,0.1459290838204548,100.0,0.0
cytod/island01,advective_pde,kin_wrong_island,advect_v_u,0.0009264991867331178,0.0025527409802693036,0.36294288919018175,0.1459290838204548,100.0,0.0
cytod/island01,advective_pde,kin_wrong_island,advect_u_u,-0.0012109768704643442,0.0037012805032494633,-0.32717781573193166,0.1459290838204548,100.0,0.0
cytod/island01,advective_pde,kin_wrong_island,cubic_u,0.0026173369709454946,0.08904515009283792,0.029393369186493316,0.1459290838204548,100.0,0.0
cytod/island01,boundary_pde,real,u_prev,-0.03184163946584551,0.11364839436886301,-0.28017676486038745,0.13807513600360072,100.0,0.01
cytod/island01,boundary_pde,real,lap_u,0.007703290602096499,0.0007627709145395016,10.099088016153727,0.13807513600360072,100.0,0.01
cytod/island01,boundary_pde,real,grad_div_u,0.003068225601732259,0.0005930086801290434,5.173997792181708,0.13807513600360072,100.0,0.01
cytod/island01,boundary_pde,real,advect_v_u,-0.005661328067563611,0.0025653742933123423,-2.206823418447004,0.13807513600360072,100.0,0.01
cytod/island01,boundary_pde,real,advect_u_u,0.00088237386376485,0.0036974471670578736,0.23864407627681428,0.13807513600360072,100.0,0.01
cytod/island01,boundary_pde,real,cubic_u,-0.009007163332735456,0.09045016614908984,-0.09958150124222952,0.13807513600360072,100.0,0.01
cytod/island01,mechanics_source_pde,real,u_prev,-0.036210370292674744,0.11364839436886301,-0.31861752639591656,0.13853772808119494,100.0,0.0
cytod/island01,mechanics_source_pde,real,lap_u,0.009540012572584869,0.0007627709145395016,12.507048172313105,0.13853772808119494,100.0,0.0
cytod/island01,mechanics_source_pde,real,grad_div_u,0.003722905459780464,0.0005930086801290434,6.2779948835999,0.13853772808119494,100.0,0.0
cytod/island01,mechanics_source_pde,real,traction,-0.000828344676065033,90.40835976972534,-9.162257540949407e-06,0.13853772808119494,100.0,0.0
cytod/island01,mechanics_source_pde,real,stress_div,0.001945832609314241,15.909729467760064,0.00012230456924219437,0.13853772808119494,100.0,0.0
cytod/island01,mechanics_source_pde,real,force_balance,-0.0003641204918436388,33.895554695829205,-1.0742426111953944e-05,0.13853772808119494,100.0,0.0
cytod/island01,mechanics_source_pde,time_shuffled,u_prev,-0.03620433925910846,0.11364839436886301,-0.3185644589188107,0.1385437563585202,100.0,0.0
cytod/island01,mechanics_source_pde,time_shuffled,lap_u,0.009539070290591624,0.0007627709145395016,12.50581283156363,0.1385437563585202,100.0,0.0
cytod/island01,mechanics_source_pde,time_shuffled,grad_div_u,0.00372409137363151,0.0005930086801290434,6.279994709050664,0.1385437563585202,100.0,0.0
cytod/island01,mechanics_source_pde,time_shuffled,traction,-0.0008728063152098779,90.40835976972534,-9.654044354227415e-06,0.1385437563585202,100.0,0.0
cytod/island01,mechanics_source_pde,time_shuffled,stress_div,0.0011664615287833831,15.909729467760064,7.331749613638212e-05,0.1385437563585202,100.0,0.0
cytod/island01,mechanics_source_pde,time_shuffled,force_balance,1.4766313972686136e-05,33.895554695829205,4.3564160861787307e-07,0.1385437563585202,100.0,0.0
cytod/island01,mechanics_source_pde,spatial_shifted,u_prev,-0.03620274513540641,0.11364839436886301,-0.31855043211525663,0.1385467746585111,100.0,0.0
cytod/island01,mechanics_source_pde,spatial_shifted,lap_u,0.009539448931790076,0.0007627709145395016,12.506309233813946,0.1385467746585111,100.0,0.0
cytod/island01,mechanics_source_pde,spatial_shifted,grad_div_u,0.003725171958169621,0.0005930086801290434,6.281816916000276,0.1385467746585111,100.0,0.0
cytod/island01,mechanics_source_pde,spatial_shifted,traction,-0.000411745258043452,90.40835976972534,-4.554283023076494e-06,0.1385467746585111,100.0,0.0
cytod/island01,mechanics_source_pde,spatial_shifted,stress_div,0.0009271848487271461,15.909729467760066,5.827785133656862e-05,0.1385467746585111,100.0,0.0
cytod/island01,mechanics_source_pde,spatial_shifted,force_balance,-0.0005623071893415003,33.895554695829205,-1.658940809163661e-05,0.1385467746585111,100.0,0.0
cytod/island01,mechanics_source_pde,wrong_island,u_prev,-0.03620266619610404,0.11364839436886301,-0.31854973752293253,0.13854518523851353,100.0,0.03
cytod/island01,mechanics_source_pde,wrong_island,lap_u,0.009539327396217896,0.0007627709145395016,12.50614989951073,0.13854518523851353,100.0,0.03
cytod/island01,mechanics_source_pde,wrong_island,grad_div_u,0.0037253751790297805,0.0005930086801290434,6.282159610579578,0.13854518523851353,100.0,0.03
cytod/island01,mechanics_source_pde,kin_time_shuffled,u_prev,-0.0021929656907859045,0.11364839436886298,-0.01929605519694633,0.14587772681218536,0.01,0.0
cytod/island01,mechanics_source_pde,kin_time_shuffled,lap_u,0.002862434436330548,0.0007627709145395016,3.7526790570647948,0.14587772681218536,0.01,0.0
cytod/island01,mechanics_source_pde,kin_time_shuffled,grad_div_u,-0.001565295465457482,0.0005930086801290435,-2.6395827209761262,0.14587772681218536,0.01,0.0
cytod/island01,mechanics_source_pde,kin_time_shuffled,traction,0.041795399926847714,90.40835976972534,0.0004622957438150931,0.14587772681218536,0.01,0.0
cytod/island01,mechanics_source_pde,kin_time_shuffled,stress_div,0.037266936850977345,15.909729467760064,0.0023423991543348455,0.14587772681218536,0.01,0.0
cytod/island01,mechanics_source_pde,kin_time_shuffled,force_balance,-0.07838068024976144,33.895554695829205,-0.002312417688783422,0.14587772681218536,0.01,0.0
cytod/island01,mechanics_source_pde,kin_spatial_shifted,u_prev,-0.021548087906601215,0.11364839436886301,-0.18960310021330917,0.1467482789473781,100.0,0.0
cytod/island01,mechanics_source_pde,kin_spatial_shifted,lap_u,-0.012998456259663567,0.0007627709145395016,-17.04110108539071,0.1467482789473781,100.0,0.0
cytod/island01,mechanics_source_pde,kin_spatial_shifted,grad_div_u,-0.0007419372046936671,0.0005930086801290433,-1.2511405474405801,0.1467482789473781,100.0,0.0
cytod/island01,mechanics_source_pde,kin_spatial_shifted,traction,0.0001823502458042452,90.40835976972534,2.01696221752834e-06,0.1467482789473781,100.0,0.0
cytod/island01,mechanics_source_pde,kin_spatial_shifted,stress_div,0.0005157921312338358,15.909729467760064,3.2419918407729806e-05,0.1467482789473781,100.0,0.0
cytod/island01,mechanics_source_pde,kin_spatial_shifted,force_balance,-0.00028186640681093544,33.895554695829205,-8.31573371022657e-06,0.1467482789473781,100.0,0.0
cytod/island01,mechanics_source_pde,kin_wrong_island,u_prev,-0.014359856303059797,0.11223159058061266,-0.1279484343826129,0.14592516260280852,100.0,0.01
cytod/island01,mechanics_source_pde,kin_wrong_island,lap_u,-0.009857833667696941,0.0007498701605951535,-13.146054058042555,0.14592516260280852,100.0,0.01
cytod/island01,mechanics_source_pde,kin_wrong_island,traction,0.00028164294318493486,90.40835976972534,3.115231200989529e-06,0.14592516260280852,100.0,0.01
cytod/island01,mechanics_source_pde,kin_wrong_island,stress_div,0.0004759492409462328,15.909729467760064,2.9915608678997972e-05,0.14592516260280852,100.0,0.01
cytod/island01,mechanics_source_pde,kin_wrong_island,force_balance,-0.0003288548519613243,33.895554695829205,-9.70200531935208e-06,0.14592516260280852,100.0,0.01
cytod/island01,full_sparse_pde,real,u_prev,-0.03185126720088295,0.11364839436886301,-0.28026147995989154,0.13806837151448123,100.0,0.01
cytod/island01,full_sparse_pde,real,lap_u,0.00770490178043829,0.0007627709145395016,10.10120028644495,0.13806837151448123,100.0,0.01
cytod/island01,full_sparse_pde,real,grad_div_u,0.00306622472528279,0.0005930086801290434,5.170623682296784,0.13806837151448123,100.0,0.01
cytod/island01,full_sparse_pde,real,advect_v_u,-0.005662801433385808,0.0025653742933123423,-2.2073977462657703,0.13806837151448123,100.0,0.01
cytod/island01,full_sparse_pde,real,advect_u_u,0.0008852182362621932,0.0036974471670578736,0.2394133563689505,0.13806837151448123,100.0,0.01
cytod/island01,full_sparse_pde,real,cubic_u,-0.009002321584102359,0.09045016614908984,-0.09952797178132045,0.13806837151448123,100.0,0.01
cytod/island01,full_sparse_pde,real,traction,-0.0007835112662334556,90.40835976972534,-8.666358600345127e-06,0.13806837151448123,100.0,0.01
cytod/island01,full_sparse_pde,real,stress_div,0.0018535663329562488,15.909729467760064,0.00011650520750289118,0.13806837151448123,100.0,0.01
cytod/island01,full_sparse_pde,real,force_balance,-0.0003470490941762469,33.895554695829205,-1.0238779016616913e-05,0.13806837151448123,100.0,0.01
cytod/island01,full_sparse_pde,time_shuffled,u_prev,-0.03184322482400824,0.11364839436886301,-0.28019071453536115,0.13807370104936234,100.0,0.01
cytod/island01,full_sparse_pde,time_shuffled,lap_u,0.0077029753532869465,0.0007627709145395016,10.098674721934527,0.13807370104936234,100.0,0.01
cytod/island01,full_sparse_pde,time_shuffled,grad_div_u,0.00306689033354822,0.0005930086801290434,5.171746108135956,0.13807370104936234,100.0,0.01
cytod/island01,full_sparse_pde,time_shuffled,advect_v_u,-0.005662109132693617,0.0025653742933123423,-2.2071278828411636,0.13807370104936234,100.0,0.01
cytod/island01,full_sparse_pde,time_shuffled,advect_u_u,0.0008831940585502068,0.0036974471670578736,0.23886590359396007,0.13807370104936234,100.0,0.01
cytod/island01,full_sparse_pde,time_shuffled,cubic_u,-0.009007397427912787,0.09045016614908984,-0.09958408935441657,0.13807370104936234,100.0,0.01
cytod/island01,full_sparse_pde,time_shuffled,traction,-0.0008828657538530716,90.40835976972534,-9.765311040945498e-06,0.13807370104936234,100.0,0.01
cytod/island01,full_sparse_pde,time_shuffled,stress_div,0.0011991947771186574,15.909729467760064,7.537493202186375e-05,0.13807370104936234,100.0,0.01
cytod/island01,full_sparse_pde,spatial_shifted,u_prev,-0.03184172934221107,0.11364839436886301,-0.280177555688679,0.13807675631274768,100.0,0.01
cytod/island01,full_sparse_pde,spatial_shifted,lap_u,0.007703419272120993,0.0007627709145395016,10.099256703792493,0.13807675631274768,100.0,0.01
cytod/island01,full_sparse_pde,spatial_shifted,grad_div_u,0.003068007472939816,0.0005930086801290434,5.173629958118308,0.13807675631274768,100.0,0.01
cytod/island01,full_sparse_pde,spatial_shifted,advect_v_u,-0.005661282302304167,0.0025653742933123423,-2.2068055788438072,0.13807675631274768,100.0,0.01
cytod/island01,full_sparse_pde,spatial_shifted,advect_u_u,0.0008821523838938337,0.0036974471670578736,0.23858417552339997,0.13807675631274768,100.0,0.01
cytod/island01,full_sparse_pde,spatial_shifted,cubic_u,-0.009007160191225782,0.09045016614908984,-0.09958146651029029,0.13807675631274768,100.0,0.01
cytod/island01,full_sparse_pde,spatial_shifted,traction,-0.0004278533305625828,90.40835976972534,-4.732453189642494e-06,0.13807675631274768,100.0,0.01
cytod/island01,full_sparse_pde,spatial_shifted,stress_div,0.0009657098176957676,15.909729467760066,6.069932362160587e-05,0.13807675631274768,100.0,0.01
cytod/island01,full_sparse_pde,spatial_shifted,force_balance,-0.0005802498271095229,33.895554695829205,-1.7118758855447252e-05,0.13807675631274768,100.0,0.01
cytod/island01,full_sparse_pde,wrong_island,u_prev,-0.03184175291091314,0.11364839436886301,-0.2801777630713015,0.13807555018903642,100.0,0.01
cytod/island01,full_sparse_pde,wrong_island,lap_u,0.0077030794218876505,0.0007627709145395016,10.09881115687026,0.13807555018903642,100.0,0.01
cytod/island01,full_sparse_pde,wrong_island,grad_div_u,0.0030682404640680247,0.0005930086801290434,5.17402285477567,0.13807555018903642,100.0,0.01
cytod/island01,full_sparse_pde,wrong_island,advect_v_u,-0.005661521644084199,0.0025653742933123423,-2.2068988758650865,0.13807555018903642,100.0,0.01
cytod/island01,full_sparse_pde,wrong_island,advect_u_u,0.0008821614454115462,0.0036974471670578736,0.23858662627314786,0.13807555018903642,100.0,0.01
cytod/island01,full_sparse_pde,wrong_island,cubic_u,-0.00900713712821175,0.09045016614908984,-0.09958121152995124,0.13807555018903642,100.0,0.01
cytod/island01,full_sparse_pde,wrong_island,force_balance,5.733828237190926e-05,34.44986637130114,1.6643978166392998e-06,0.13807555018903642,100.0,0.01
cytod/island01,full_sparse_pde,kin_time_shuffled,u_prev,-0.003653423633513152,0.11364839436886298,-0.032146724586846476,0.14584769866447295,0.01,0.03
cytod/island01,full_sparse_pde,kin_time_shuffled,lap_u,0.002606236923462449,0.0007627709145395016,3.416801655364482,0.14584769866447295,0.01,0.03
cytod/island01,full_sparse_pde,kin_time_shuffled,cubic_u,0.00309589515308115,0.09045016614908984,0.034227633678175426,0.14584769866447295,0.01,0.03
cytod/island01,full_sparse_pde,kin_time_shuffled,traction,0.041477066387009986,90.40835976972534,0.00045877468071154226,0.14584769866447295,0.01,0.03
cytod/island01,full_sparse_pde,kin_time_shuffled,stress_div,0.037031590436425295,15.909729467760064,0.002327606544879797,0.14584769866447295,0.01,0.03
cytod/island01,full_sparse_pde,kin_time_shuffled,force_balance,-0.07782328606624207,33.895554695829205,-0.0022959732261238998,0.14584769866447295,0.01,0.03
cytod/island01,full_sparse_pde,kin_spatial_shifted,u_prev,-0.023692250892997438,0.11364839436886301,-0.20846973707433705,0.14681712977384212,100.0,0.01
cytod/island01,full_sparse_pde,kin_spatial_shifted,lap_u,-0.012097201634853146,0.0007627709145395016,-15.859547610249981,0.14681712977384212,100.0,0.01
cytod/island01,full_sparse_pde,kin_spatial_shifted,grad_div_u,-0.0003844508090879697,0.0005930086801290433,-0.6483055340847798,0.14681712977384212,100.0,0.01
cytod/island01,full_sparse_pde,kin_spatial_shifted,advect_v_u,0.0005418355246080086,0.002565374293312342,0.2112110993006035,0.14681712977384212,100.0,0.01
cytod/island01,full_sparse_pde,kin_spatial_shifted,advect_u_u,-0.0006916493111970949,0.0036974471670578736,-0.18706131012750965,0.14681712977384212,100.0,0.01
cytod/island01,full_sparse_pde,kin_spatial_shifted,cubic_u,0.004507512005420534,0.09045016614908984,0.04983420370937473,0.14681712977384212,100.0,0.01
cytod/island01,full_sparse_pde,kin_spatial_shifted,stress_div,0.0003379209511854405,15.909729467760064,2.1239892976823604e-05,0.14681712977384212,100.0,0.01
cytod/island01,full_sparse_pde,kin_spatial_shifted,force_balance,8.108576352385764e-05,33.895554695829205,2.3922241205816617e-06,0.14681712977384212,100.0,0.01
cytod/island01,full_sparse_pde,kin_wrong_island,u_prev,-0.015629426162049608,0.11223159058061266,-0.13926048879101868,0.1459272453262766,100.0,0.01
cytod/island01,full_sparse_pde,kin_wrong_island,lap_u,-0.0092828615347762,0.0007498701605951535,-12.379291806208986,0.1459272453262766,100.0,0.01
cytod/island01,full_sparse_pde,kin_wrong_island,grad_div_u,0.00017844811771578959,0.0005825828680959604,0.3063051241087928,0.1459272453262766,100.0,0.01
cytod/island01,full_sparse_pde,kin_wrong_island,advect_v_u,0.0009258221143023883,0.0025527409802693036,0.36267765568785515,0.1459272453262766,100.0,0.01
cytod/island01,full_sparse_pde,kin_wrong_island,advect_u_u,-0.0012095391882472764,0.0037012805032494633,-0.32678938739860064,0.1459272453262766,100.0,0.01
cytod/island01,full_sparse_pde,kin_wrong_island,cubic_u,0.0026162876027604537,0.08904515009283792,0.02938158451114663,0.1459272453262766,100.0,0.01
cytod/island01,full_sparse_pde,kin_wrong_island,traction,0.00027969798138116056,90.40835976972534,3.093718126217149e-06,0.1459272453262766,100.0,0.01
cytod/island01,full_sparse_pde,kin_wrong_island,stress_div,0.00046691102107312445,15.909729467760064,2.9347514803396654e-05,0.1459272453262766,100.0,0.01
cytod/island01,full_sparse_pde,kin_wrong_island,force_balance,-0.0003240539171779644,33.895554695829205,-9.560366251148524e-06,0.1459272453262766,100.0,0.01
cytod/island02,relaxation,real,u_prev,-0.04411510474284551,0.11282673493292321,-0.3909986827951057,0.13988432333282447,100.0,0.0
cytod/island02,relaxation,kin_time_shuffled,u_prev,-0.003128246703893706,0.1128267349329232,-0.027726112128951395,0.1458894769138772,100.0,0.0
cytod/island02,relaxation,kin_spatial_shifted,u_prev,-0.012951784796045173,0.1128267349329232,-0.11479357976409722,0.14660284525632697,100.0,0.0
cytod/island02,relaxation,kin_wrong_island,u_prev,-0.008025002845681565,0.11193204851070741,-0.0716953093636439,0.14584931993229802,100.0,0.0
cytod/island02,isotropic_pde,real,u_prev,-0.03659846553245614,0.11282673493292321,-0.32437760034635715,0.13866681526296146,100.0,0.0
cytod/island02,isotropic_pde,real,lap_u,0.011617121303666907,0.0007559212386890499,15.368163651300238,0.13866681526296146,100.0,0.0
cytod/island02,helmholtz_pde,real,u_prev,-0.036600653658069575,0.11282673493292321,-0.32439699402654065,0.1386071202436304,100.0,0.0
cytod/island02,helmholtz_pde,real,lap_u,0.009070034435872084,0.0007559212386890499,11.998650086352537,0.1386071202436304,100.0,0.0
cytod/island02,helmholtz_pde,real,grad_div_u,0.00383830374254092,0.0005886352268585747,6.520683043427691,0.1386071202436304,100.0,0.0
cytod/island02,helmholtz_pde,kin_time_shuffled,u_prev,-0.0019685187949107356,0.1128267349329232,-0.01744727254653822,0.14587725157278336,100.0,0.0
cytod/island02,helmholtz_pde,kin_time_shuffled,lap_u,0.00293634460569259,0.0007559212386890499,3.8844584004345757,0.14587725157278336,100.0,0.0
cytod/island02,helmholtz_pde,kin_time_shuffled,grad_div_u,-0.0017261711625908528,0.0005886352268585746,-2.9324972136021725,0.14587725157278336,100.0,0.0
cytod/island02,helmholtz_pde,kin_spatial_shifted,u_prev,-0.021744960389636914,0.1128267349329232,-0.19272879253808545,0.14678224733200307,100.0,0.0
cytod/island02,helmholtz_pde,kin_spatial_shifted,lap_u,-0.01319942976604346,0.0007559212386890499,-17.461382337840462,0.14678224733200307,100.0,0.0
cytod/island02,helmholtz_pde,kin_spatial_shifted,grad_div_u,-0.0005894002030029557,0.0005886352268585747,-1.0012995758824417,0.14678224733200307,100.0,0.0
cytod/island02,helmholtz_pde,kin_wrong_island,u_prev,-0.014393006142277074,0.11193204851070741,-0.1285869983957297,0.14593090645434648,100.0,0.03
cytod/island02,helmholtz_pde,kin_wrong_island,lap_u,-0.00993347837158441,0.0007415866353125578,-13.394899393511494,0.14593090645434648,100.0,0.03
cytod/island02,advective_pde,real,u_prev,-0.03248699509506289,0.11282673493292321,-0.28793703118659586,0.13819506908077459,100.0,0.01
cytod/island02,advective_pde,real,lap_u,0.007215033868421128,0.0007559212386890499,9.544689974492236,0.13819506908077459,100.0,0.01
cytod/island02,advective_pde,real,grad_div_u,0.003239890335583447,0.0005886352268585747,5.504071431256461,0.13819506908077459,100.0,0.01
cytod/island02,advective_pde,real,advect_v_u,-0.005361746348688438,0.0025652742940897024,-2.090125941323976,0.13819506908077459,100.0,0.01
cytod/island02,advective_pde,real,advect_u_u,0.0005316217990537122,0.003728718886240214,0.1425749205754053,0.13819506908077459,100.0,0.01
cytod/island02,advective_pde,real,cubic_u,-0.008596807025615027,0.09160101927026067,-0.09385056076997257,0.13819506908077459,100.0,0.01
cytod/island02,advective_pde,kin_time_shuffled,u_prev,-0.0033779134179827627,0.1128267349329232,-0.029938945055805893,0.14585364080345492,100.0,0.0
cytod/island02,advective_pde,kin_time_shuffled,lap_u,0.0035633695270735175,0.0007559212386890499,4.71394286163101,0.14585364080345492,100.0,0.0
cytod/island02,advective_pde,kin_time_shuffled,grad_div_u,-0.001496610600564729,0.0005886352268585746,-2.542509405276053,0.14585364080345492,100.0,0.0
cytod/island02,advective_pde,kin_time_shuffled,advect_v_u,0.0002480233434569746,0.0025652742940897024,0.09668492138576029,0.14585364080345492,100.0,0.0
cytod/island02,advective_pde,kin_time_shuffled,advect_u_u,-0.00046534581748089275,0.003728718886240214,-0.12480045604889131,0.14585364080345492,100.0,0.0
cytod/island02,advective_pde,kin_time_shuffled,cubic_u,0.0029891940834317226,0.09160101927026067,0.03263276006364483,0.14585364080345492,100.0,0.0
cytod/island02,advective_pde,kin_spatial_shifted,u_prev,-0.023958569663176763,0.1128267349329232,-0.21234833816134457,0.14685890786163291,100.0,0.0
cytod/island02,advective_pde,kin_spatial_shifted,lap_u,-0.012213739179553847,0.0007559212386890499,-16.15742296212688,0.14685890786163291,100.0,0.0
cytod/island02,advective_pde,kin_spatial_shifted,grad_div_u,-0.00023090266297531463,0.0005886352268585747,-0.39226782978585006,0.14685890786163291,100.0,0.0
cytod/island02,advective_pde,kin_spatial_shifted,advect_v_u,0.0005751840007039443,0.002565274294089703,0.22421929772934887,0.14685890786163291,100.0,0.0
cytod/island02,advective_pde,kin_spatial_shifted,advect_u_u,-0.0007802594639228986,0.003728718886240214,-0.20925671463253137,0.14685890786163291,100.0,0.0
cytod/island02,advective_pde,kin_spatial_shifted,cubic_u,0.0046884818800896205,0.09160101927026067,0.051183730458901025,0.14685890786163291,100.0,0.0
cytod/island02,advective_pde,kin_wrong_island,u_prev,-0.015775655172503046,0.11193204851070741,-0.14093957345017186,0.14593145151021283,100.0,0.01
cytod/island02,advective_pde,kin_wrong_island,lap_u,-0.00925080309813873,0.0007415866353125578,-12.474339015346168,0.14593145151021283,100.0,0.01
cytod/island02,advective_pde,kin_wrong_island,advect_v_u,0.0009154172488251629,0.002531605549027385,0.3615955294365886,0.14593145151021283,100.0,0.01
cytod/island02,advective_pde,kin_wrong_island,advect_u_u,-0.0010638025384717238,0.0036218264979995143,-0.2937199059809481,0.14593145151021283,100.0,0.01
cytod/island02,advective_pde,kin_wrong_island,cubic_u,0.002779591749095485,0.08687055378324288,0.031996938295467174,0.14593145151021283,100.0,0.01
cytod/island02,boundary_pde,real,u_prev,-0.03248699509506289,0.11282673493292321,-0.28793703118659586,0.13819506908077459,100.0,0.01
cytod/island02,boundary_pde,real,lap_u,0.007215033868421128,0.0007559212386890499,9.544689974492236,0.13819506908077459,100.0,0.01
cytod/island02,boundary_pde,real,grad_div_u,0.003239890335583447,0.0005886352268585747,5.504071431256461,0.13819506908077459,100.0,0.01
cytod/island02,boundary_pde,real,advect_v_u,-0.005361746348688438,0.0025652742940897024,-2.090125941323976,0.13819506908077459,100.0,0.01
cytod/island02,boundary_pde,real,advect_u_u,0.0005316217990537122,0.003728718886240214,0.1425749205754053,0.13819506908077459,100.0,0.01
cytod/island02,boundary_pde,real,cubic_u,-0.008596807025615027,0.09160101927026067,-0.09385056076997257,0.13819506908077459,100.0,0.01
cytod/island02,mechanics_source_pde,real,u_prev,-0.036608634569582,0.11282673493292321,-0.32446773002290863,0.13859955984823502,100.0,0.0
cytod/island02,mechanics_source_pde,real,lap_u,0.009070419866041495,0.0007559212386890499,11.999159967739226,0.13859955984823502,100.0,0.0
cytod/island02,mechanics_source_pde,real,grad_div_u,0.0038360895210133752,0.0005886352268585747,6.516921424301765,0.13859955984823502,100.0,0.0
cytod/island02,mechanics_source_pde,real,traction,-0.0009649112752499062,91.32596092650299,-1.0565574842693902e-05,0.13859955984823502,100.0,0.0
cytod/island02,mechanics_source_pde,real,stress_div,0.002284371576760897,16.082539757573176,0.0001420404744023841,0.13859955984823502,100.0,0.0
cytod/island02,mechanics_source_pde,real,force_balance,-0.0005864306900454472,34.25352630542905,-1.712030127398884e-05,0.13859955984823502,100.0,0.0
cytod/island02,mechanics_source_pde,time_shuffled,u_prev,-0.03660256282364524,0.11282673493292321,-0.3244139152427471,0.13860539791973664,100.0,0.0
cytod/island02,mechanics_source_pde,time_shuffled,lap_u,0.009069640618479605,0.0007559212386890499,11.998129109599505,0.13860539791973664,100.0,0.0
cytod/island02,mechanics_source_pde,time_shuffled,grad_div_u,0.003836899386022231,0.0005886352268585747,6.518297259406262,0.13860539791973664,100.0,0.0
cytod/island02,mechanics_source_pde,time_shuffled,traction,-0.0010560815409692388,91.32596092650297,-1.1563870013031111e-05,0.13860539791973664,100.0,0.0
cytod/island02,mechanics_source_pde,time_shuffled,stress_div,0.0014057521651039439,16.082539757573176,8.740859256648087e-05,0.13860539791973664,100.0,0.0
cytod/island02,mechanics_source_pde,time_shuffled,force_balance,-2.332095842004873e-05,34.25352630542905,-6.808337983103494e-07,0.13860539791973664,100.0,0.0
cytod/island02,mechanics_source_pde,spatial_shifted,u_prev,-0.036600713309584254,0.11282673493292321,-0.3243975227267172,0.13860864052611813,100.0,0.0
cytod/island02,mechanics_source_pde,spatial_shifted,lap_u,0.009070126561645965,0.0007559212386890499,11.99877195853864,0.13860864052611813,100.0,0.0
cytod/island02,mechanics_source_pde,spatial_shifted,grad_div_u,0.0038381489245633968,0.0005886352268585747,6.520420031683814,0.13860864052611813,100.0,0.0
cytod/island02,mechanics_source_pde,spatial_shifted,traction,0.00016699602548699106,91.32596092650297,1.8285712385921197e-06,0.13860864052611813,100.0,0.0
cytod/island02,mechanics_source_pde,spatial_shifted,stress_div,0.0011182225127443503,16.082539757573176,6.953021908233031e-05,0.13860864052611813,100.0,0.0
cytod/island02,mechanics_source_pde,spatial_shifted,force_balance,-0.0013404752116548224,34.25352630542905,-3.913393323952058e-05,0.13860864052611813,100.0,0.0
cytod/island02,mechanics_source_pde,wrong_island,u_prev,-0.036600653658069575,0.11282673493292321,-0.32439699402654065,0.1386071202436304,100.0,0.03
cytod/island02,mechanics_source_pde,wrong_island,lap_u,0.009070034435872084,0.0007559212386890499,11.998650086352537,0.1386071202436304,100.0,0.03
cytod/island02,mechanics_source_pde,wrong_island,grad_div_u,0.00383830374254092,0.0005886352268585747,6.520683043427691,0.1386071202436304,100.0,0.03
cytod/island02,mechanics_source_pde,kin_time_shuffled,u_prev,-0.0019726206552964673,0.1128267349329232,-0.017483627940392082,0.14587458369291514,0.01,0.0
cytod/island02,mechanics_source_pde,kin_time_shuffled,lap_u,0.002940738802048578,0.0007559212386890499,3.890271435088304,0.14587458369291514,0.01,0.0
cytod/island02,mechanics_source_pde,kin_time_shuffled,grad_div_u,-0.001731314153038712,0.0005886352268585746,-2.9412343571049604,0.14587458369291514,0.01,0.0
cytod/island02,mechanics_source_pde,kin_time_shuffled,traction,0.048164940099748386,91.32596092650299,0.0005273959300412991,0.14587458369291514,0.01,0.0
cytod/island02,mechanics_source_pde,kin_time_shuffled,stress_div,0.04332834825834809,16.082539757573176,0.002694123497375159,0.14587458369291514,0.01,0.0
cytod/island02,mechanics_source_pde,kin_time_shuffled,force_balance,-0.09080324210805567,34.25352630542905,-0.0026509166179968955,0.14587458369291514,0.01,0.0
cytod/island02,mechanics_source_pde,kin_spatial_shifted,u_prev,-0.021745113308982843,0.1128267349329232,-0.19273014788481263,0.14677985564117543,100.0,0.0
cytod/island02,mechanics_source_pde,kin_spatial_shifted,lap_u,-0.013200492065280548,0.0007559212386890499,-17.46278764196835,0.14677985564117543,100.0,0.0
cytod/island02,mechanics_source_pde,kin_spatial_shifted,grad_div_u,-0.0005890036603980668,0.0005886352268585747,-1.0006259114689047,0.14677985564117543,100.0,0.0
cytod/island02,mechanics_source_pde,kin_spatial_shifted,traction,4.461416280416219e-05,91.32596092650299,4.885156679606868e-07,0.14677985564117543,100.0,0.0
cytod/island02,mechanics_source_pde,kin_spatial_shifted,stress_div,0.0007867762175167122,16.082539757573176,4.8921142392713426e-05,0.14677985564117543,100.0,0.0
cytod/island02,mechanics_source_pde,kin_spatial_shifted,force_balance,-0.0004454279573758491,34.25352630542905,-1.3003856986988534e-05,0.14677985564117543,100.0,0.0
cytod/island02,mechanics_source_pde,kin_wrong_island,u_prev,-0.014393637826358796,0.11193204851070741,-0.12859264185611596,0.14592850000396693,100.0,0.03
cytod/island02,mechanics_source_pde,kin_wrong_island,lap_u,-0.009933614944831477,0.0007415866353125578,-13.395083557088025,0.14592850000396693,100.0,0.03
cytod/island02,mechanics_source_pde,kin_wrong_island,stress_div,0.0005761448848787058,16.082539757573176,3.582424751086982e-05,0.14592850000396693,100.0,0.03
cytod/island02,mechanics_source_pde,kin_wrong_island,force_balance,-0.00017947810953810228,34.25352630542905,-5.239697307008526e-06,0.14592850000396693,100.0,0.03
cytod/island02,full_sparse_pde,real,u_prev,-0.032496914290809205,0.11282673493292321,-0.2880249464821347,0.13818837412987686,100.0,0.01
cytod/island02,full_sparse_pde,real,lap_u,0.007216442628021915,0.0007559212386890499,9.546553607273914,0.13818837412987686,100.0,0.01
cytod/island02,full_sparse_pde,real,grad_div_u,0.0032381390706177826,0.0005886352268585747,5.5010963035614875,0.13818837412987686,100.0,0.01
cytod/island02,full_sparse_pde,real,advect_v_u,-0.005362976449873779,0.0025652742940897024,-2.090605461657601,0.13818837412987686,100.0,0.01
cytod/island02,full_sparse_pde,real,advect_u_u,0.0005345430459199383,0.003728718886240214,0.14335836576270705,0.13818837412987686,100.0,0.01
cytod/island02,full_sparse_pde,real,cubic_u,-0.008591788685971116,0.09160101927026067,-0.09379577601229314,0.13818837412987686,100.0,0.01
cytod/island02,full_sparse_pde,real,traction,-0.0008942353431130834,91.32596092650299,-9.791688300249512e-06,0.13818837412987686,100.0,0.01
cytod/island02,full_sparse_pde,real,stress_div,0.0021525402886274064,16.082539757573176,0.00013384330591278577,0.13818837412987686,100.0,0.01
cytod/island02,full_sparse_pde,real,force_balance,-0.0005565558302727832,34.25352630542905,-1.624813239110425e-05,0.13818837412987686,100.0,0.01
cytod/island02,full_sparse_pde,time_shuffled,u_prev,-0.03248880418421853,0.11282673493292321,-0.2879530654107247,0.13819342843169516,100.0,0.01
cytod/island02,full_sparse_pde,time_shuffled,lap_u,0.007214592209479178,0.0007559212386890499,9.544105708672804,0.13819342843169516,100.0,0.01
cytod/island02,full_sparse_pde,time_shuffled,grad_div_u,0.003238440744202073,0.0005886352268585747,5.501608800215656,0.13819342843169516,100.0,0.01
cytod/island02,full_sparse_pde,time_shuffled,advect_v_u,-0.005362444907690441,0.0025652742940897024,-2.0903982548943465,0.13819342843169516,100.0,0.01
cytod/island02,full_sparse_pde,time_shuffled,advect_u_u,0.0005326362768841069,0.003728718886240214,0.14284699199224993,0.13819342843169516,100.0,0.01
cytod/island02,full_sparse_pde,time_shuffled,cubic_u,-0.008597022418173122,0.09160101927026067,-0.09385291219094813,0.13819342843169516,100.0,0.01
cytod/island02,full_sparse_pde,time_shuffled,traction,-0.001057957623618192,91.32596092650297,-1.1584412722135078e-05,0.13819342843169516,100.0,0.01
cytod/island02,full_sparse_pde,time_shuffled,stress_div,0.001390228847050352,16.082539757573176,8.644336454356975e-05,0.13819342843169516,100.0,0.01
cytod/island02,full_sparse_pde,spatial_shifted,u_prev,-0.03248703797043402,0.11282673493292321,-0.2879374111973367,0.13819660605431044,100.0,0.01
cytod/island02,full_sparse_pde,spatial_shifted,lap_u,0.007215124196605942,0.0007559212386890499,9.54480946866728,0.13819660605431044,100.0,0.01
cytod/island02,full_sparse_pde,spatial_shifted,grad_div_u,0.003239700195608849,0.0005886352268585747,5.503748412915183,0.13819660605431044,100.0,0.01
cytod/island02,full_sparse_pde,spatial_shifted,advect_v_u,-0.00536170876254889,0.0025652742940897024,-2.0901112894250997,0.13819660605431044,100.0,0.01
cytod/island02,full_sparse_pde,spatial_shifted,advect_u_u,0.0005314452348275181,0.003728718886240214,0.14252756805793726,0.13819660605431044,100.0,0.01
cytod/island02,full_sparse_pde,spatial_shifted,cubic_u,-0.008596873460868725,0.09160101927026067,-0.09385128603759761,0.13819660605431044,100.0,0.01
cytod/island02,full_sparse_pde,spatial_shifted,stress_div,0.0010907071627908097,16.082539757573176,6.781933570393954e-05,0.13819660605431044,100.0,0.01
cytod/island02,full_sparse_pde,spatial_shifted,force_balance,-0.001143474130076039,34.25352630542905,-3.3382668980705873e-05,0.13819660605431044,100.0,0.01
cytod/island02,full_sparse_pde,wrong_island,u_prev,-0.03249404164794996,0.11282673493292321,-0.2879994858245968,0.13819506908077459,100.0,0.03
cytod/island02,full_sparse_pde,wrong_island,lap_u,0.007219096851617015,0.0007559212386890499,9.550064850852284,0.13819506908077459,100.0,0.03
cytod/island02,full_sparse_pde,wrong_island,grad_div_u,0.0032417719012862393,0.0005886352268585747,5.507267919704551,0.13819506908077459,100.0,0.03
cytod/island02,full_sparse_pde,wrong_island,advect_v_u,-0.0050323520575839675,0.0025652742940897024,-1.9617208456726525,0.13819506908077459,100.0,0.03
cytod/island02,full_sparse_pde,wrong_island,cubic_u,-0.008599874181858787,0.09160101927026067,-0.09388404463585304,0.13819506908077459,100.0,0.03
cytod/island02,full_sparse_pde,kin_time_shuffled,u_prev,-0.0034359974079529276,0.1128267349329232,-0.030453752029567,0.1458440372770392,0.01,0.03
cytod/island02,full_sparse_pde,kin_time_shuffled,lap_u,0.0025972084876492874,0.0007559212386890499,3.43581891170762,0.1458440372770392,0.01,0.03
cytod/island02,full_sparse_pde,kin_time_shuffled,cubic_u,0.003113865704464669,0.09160101927026067,0.03399378881666682,0.1458440372770392,0.01,0.03
cytod/island02,full_sparse_pde,kin_time_shuffled,traction,0.047826218195691605,91.32596092650299,0.0005236869966709799,0.1458440372770392,0.01,0.03
cytod/island02,full_sparse_pde,kin_time_shuffled,stress_div,0.04308772155428791,16.082539757573176,0.002679161513280149,0.1458440372770392,0.01,0.03
cytod/island02,full_sparse_pde,kin_time_shuffled,force_balance,-0.09021989093690976,34.25352630542905,-0.0026338862204271876,0.1458440372770392,0.01,0.03
cytod/island02,full_sparse_pde,kin_spatial_shifted,u_prev,-0.023967315579684626,0.1128267349329232,-0.21242585450986837,0.14685729134279604,100.0,0.01
cytod/island02,full_sparse_pde,kin_spatial_shifted,lap_u,-0.012363085088365389,0.0007559212386890499,-16.354991043519252,0.14685729134279604,100.0,0.01
cytod/island02,full_sparse_pde,kin_spatial_shifted,advect_v_u,0.000574379214649236,0.002565274294089703,0.22390557453157522,0.14685729134279604,100.0,0.01
cytod/island02,full_sparse_pde,kin_spatial_shifted,advect_u_u,-0.0007821827151055971,0.003728718886240214,-0.20977250872733313,0.14685729134279604,100.0,0.01
cytod/island02,full_sparse_pde,kin_spatial_shifted,cubic_u,0.004706514964381051,0.09160101927026067,0.05138059600073769,0.14685729134279604,100.0,0.01
cytod/island02,full_sparse_pde,kin_spatial_shifted,stress_div,0.0006968891090527536,16.082539757573176,4.333203085816048e-05,0.14685729134279604,100.0,0.01
cytod/island02,full_sparse_pde,kin_spatial_shifted,force_balance,-0.0003065895326215123,34.25352630542905,-8.95059766658007e-06,0.14685729134279604,100.0,0.01
cytod/island02,full_sparse_pde,kin_wrong_island,u_prev,-0.015775974754527498,0.11193204851070741,-0.14094242859334757,0.14592907193892848,100.0,0.01
cytod/island02,full_sparse_pde,kin_wrong_island,lap_u,-0.009251103720566088,0.0007415866353125578,-12.474744392699323,0.14592907193892848,100.0,0.01
cytod/island02,full_sparse_pde,kin_wrong_island,advect_v_u,0.0009150359828453375,0.002531605549027385,0.361444926993814,0.14592907193892848,100.0,0.01
cytod/island02,full_sparse_pde,kin_wrong_island,advect_u_u,-0.0010623187553703102,0.0036218264979995143,-0.2933102278524587,0.14592907193892848,100.0,0.01
cytod/island02,full_sparse_pde,kin_wrong_island,cubic_u,0.0027790181162519363,0.08687055378324288,0.03199033498953016,0.14592907193892848,100.0,0.01
cytod/island02,full_sparse_pde,kin_wrong_island,traction,0.0001908799971468615,91.32596092650299,2.090095688130534e-06,0.14592907193892848,100.0,0.01
cytod/island02,full_sparse_pde,kin_wrong_island,stress_div,0.0007172966778154659,16.082539757573176,4.46009578479478e-05,0.14592907193892848,100.0,0.01
cytod/island02,full_sparse_pde,kin_wrong_island,force_balance,-0.0005149695933447162,34.25352630542905,-1.5034060690653494e-05,0.14592907193892848,100.0,0.01
cytod/island03,relaxation,real,u_prev,-0.043698441953166516,0.11247740270956992,-0.38850863284957876,0.08292359143450974,0.01,0.0
cytod/island03,relaxation,kin_time_shuffled,u_prev,-0.003531004611411844,0.11247740270956992,-0.03139301340847387,0.09340993542141451,100.0,0.0
cytod/island03,relaxation,kin_spatial_shifted,u_prev,-0.013210544016508584,0.1124774027095699,-0.1174506496262168,0.09296086734408651,100.0,0.0
cytod/island03,relaxation,kin_wrong_island,u_prev,-0.007911970257386979,0.11381941116780077,-0.06951336486640738,0.09340081369775702,100.0,0.0
cytod/island03,isotropic_pde,real,u_prev,-0.03676958384285022,0.11247740270956992,-0.3269064092615445,0.08246823849765446,0.01,0.0
cytod/island03,isotropic_pde,real,lap_u,0.010782962490222108,0.0007486183619109737,14.403817804704644,0.08246823849765446,0.01,0.0
cytod/island03,helmholtz_pde,real,u_prev,-0.03675362634321599,0.11247740270956992,-0.3267645363230714,0.08238694911210577,0.01,0.0
cytod/island03,helmholtz_pde,real,lap_u,0.008428651359713593,0.0007486183619109737,11.258942858679086,0.08238694911210577,0.01,0.0
cytod/island03,helmholtz_pde,real,grad_div_u,0.0035788503171175494,0.0005819485367744468,6.149771141197404,0.08238694911210577,0.01,0.0
cytod/island03,helmholtz_pde,kin_time_shuffled,u_prev,-0.0024225727851531265,0.11247740270956992,-0.021538306600202162,0.09339784947146124,0.01,0.0
cytod/island03,helmholtz_pde,kin_time_shuffled,lap_u,0.002829937331538158,0.0007486183619109737,3.7802136248892815,0.09339784947146124,0.01,0.0
cytod/island03,helmholtz_pde,kin_time_shuffled,grad_div_u,-0.001658052786465625,0.0005819485367744467,-2.8491398838386597,0.09339784947146124,0.01,0.0
cytod/island03,helmholtz_pde,kin_spatial_shifted,u_prev,-0.022030186815779233,0.1124774027095699,-0.19586322483515917,0.09263439109855079,0.01,0.0
cytod/island03,helmholtz_pde,kin_spatial_shifted,lap_u,-0.01327584288692573,0.0007486183619109738,-17.733792760622272,0.09263439109855079,0.01,0.0
cytod/island03,helmholtz_pde,kin_spatial_shifted,grad_div_u,-0.0006610957261458168,0.0005819485367744467,-1.1360037604185027,0.09263439109855079,0.01,0.0
cytod/island03,helmholtz_pde,kin_wrong_island,u_prev,-0.0143004768617984,0.11381941116780077,-0.12564181025954885,0.09326518954177997,100.0,0.03
cytod/island03,helmholtz_pde,kin_wrong_island,lap_u,-0.009892832418250848,0.0007587510666554389,-13.038311052211467,0.09326518954177997,100.0,0.03
cytod/island03,advective_pde,real,u_prev,-0.032886898583040204,0.11247740270956992,-0.2923867176054741,0.08141656302844,0.01,0.01
cytod/island03,advective_pde,real,lap_u,0.006845224706402726,0.0007486183619109737,9.143810858351301,0.08141656302844,0.01,0.01
cytod/island03,advective_pde,real,grad_div_u,0.0030413726096287326,0.0005819485367744468,5.226188257961916,0.08141656302844,0.01,0.01
cytod/island03,advective_pde,real,advect_v_u,-0.005781468238316043,0.0025206474123743053,-2.2936441685313818,0.08141656302844,0.01,0.01
cytod/island03,advective_pde,real,cubic_u,-0.007825203872496852,0.08878696541940274,-0.08813460214044885,0.08141656302844,0.01,0.01
cytod/island03,advective_pde,kin_time_shuffled,u_prev,-0.00386708552326557,0.11247740270956992,-0.03438099947285275,0.09340957577299724,100.0,0.0
cytod/island03,advective_pde,kin_time_shuffled,lap_u,0.003394852550239211,0.0007486183619109737,4.534824047827629,0.09340957577299724,100.0,0.0
cytod/island03,advective_pde,kin_time_shuffled,grad_div_u,-0.0014054815790196557,0.0005819485367744467,-2.415130359824921,0.09340957577299724,100.0,0.0
cytod/island03,advective_pde,kin_time_shuffled,advect_v_u,0.00023806910955623335,0.0025206474123743053,0.09444760436842926,0.09340957577299724,100.0,0.0
cytod/island03,advective_pde,kin_time_shuffled,advect_u_u,-0.0005283421965752842,0.0036535819448931047,-0.14460937363504028,0.09340957577299724,100.0,0.0
cytod/island03,advective_pde,kin_time_shuffled,cubic_u,0.0029929465389199102,0.08878696541940273,0.033709300963065215,0.09340957577299724,100.0,0.0
cytod/island03,advective_pde,kin_spatial_shifted,u_prev,-0.024336694093809067,0.1124774027095699,-0.21636963076618437,0.09254957836429088,0.01,0.03
cytod/island03,advective_pde,kin_spatial_shifted,lap_u,-0.012545903755712818,0.0007486183619109738,-16.758744367006035,0.09254957836429088,0.01,0.03
cytod/island03,advective_pde,kin_spatial_shifted,cubic_u,0.004800551122577139,0.08878696541940273,0.05406819683385719,0.09254957836429088,0.01,0.03
cytod/island03,advective_pde,kin_wrong_island,u_prev,-0.015569170547609212,0.11381941116780077,-0.13678835962923774,0.09325861665249212,100.0,0.01
cytod/island03,advective_pde,kin_wrong_island,lap_u,-0.009227215040616504,0.0007587510666554389,-12.161057092532209,0.09325861665249212,100.0,0.01
cytod/island03,advective_pde,kin_wrong_island,advect_v_u,0.0009816215837571854,0.0026081937022621763,0.3763606908895575,0.09325861665249212,100.0,0.01
cytod/island03,advective_pde,kin_wrong_island,advect_u_u,-0.0013245637564247403,0.0037366278218507565,-0.3544810507161193,0.09325861665249212,100.0,0.01
cytod/island03,advective_pde,kin_wrong_island,cubic_u,0.002593465442922446,0.08956025260347648,0.028957772756681294,0.09325861665249212,100.0,0.01
cytod/island03,boundary_pde,real,u_prev,-0.032886898583040204,0.11247740270956992,-0.2923867176054741,0.08141656302844,0.01,0.01
cytod/island03,boundary_pde,real,lap_u,0.006845224706402726,0.0007486183619109737,9.143810858351301,0.08141656302844,0.01,0.01
cytod/island03,boundary_pde,real,grad_div_u,0.0030413726096287326,0.0005819485367744468,5.226188257961916,0.08141656302844,0.01,0.01
cytod/island03,boundary_pde,real,advect_v_u,-0.005781468238316043,0.0025206474123743053,-2.2936441685313818,0.08141656302844,0.01,0.01
cytod/island03,boundary_pde,real,cubic_u,-0.007825203872496852,0.08878696541940274,-0.08813460214044885,0.08141656302844,0.01,0.01
cytod/island03,mechanics_source_pde,real,u_prev,-0.03676063164061593,0.11247740270956992,-0.3268268181435187,0.08238872638332768,1.0,0.0
cytod/island03,mechanics_source_pde,real,lap_u,0.008429435340312737,0.0007486183619109737,11.259990095347371,0.08238872638332768,1.0,0.0
cytod/island03,mechanics_source_pde,real,grad_div_u,0.0035768238217457385,0.0005819485367744468,6.146288882468749,0.08238872638332768,1.0,0.0
cytod/island03,mechanics_source_pde,real,traction,0.025010731692426937,91.80222449144664,0.0002724414558686127,0.08238872638332768,1.0,0.0
cytod/island03,mechanics_source_pde,real,stress_div,0.02472102334412657,16.182064243308652,0.001527680459824451,0.08238872638332768,1.0,0.0
cytod/island03,mechanics_source_pde,real,force_balance,-0.048871385170591114,34.449721910016905,-0.0014186293084816118,0.08238872638332768,1.0,0.0
cytod/island03,mechanics_source_pde,time_shuffled,u_prev,-0.03675528722780496,0.11247740270956992,-0.32677930270768696,0.0823874846655818,0.1,0.0
cytod/island03,mechanics_source_pde,time_shuffled,lap_u,0.008428324133640213,0.0007486183619109737,11.258505752016962,0.0823874846655818,0.1,0.0
cytod/island03,mechanics_source_pde,time_shuffled,grad_div_u,0.003577573910352633,0.0005819485367744468,6.147577808481094,0.0823874846655818,0.1,0.0
cytod/island03,mechanics_source_pde,time_shuffled,traction,0.0036049433476377044,91.80222449144664,3.9268583823626004e-05,0.0823874846655818,0.1,0.0
cytod/island03,mechanics_source_pde,time_shuffled,stress_div,0.004844388000086622,16.182064243308655,0.00029936773994021157,0.0823874846655818,0.1,0.0
cytod/island03,mechanics_source_pde,time_shuffled,force_balance,-0.008102301379483617,34.449721910016905,-0.00023519206920296563,0.0823874846655818,0.1,0.0
cytod/island03,mechanics_source_pde,spatial_shifted,u_prev,-0.036753742817479895,0.11247740270956992,-0.32676557185786415,0.08238648790956116,0.01,0.0
cytod/island03,mechanics_source_pde,spatial_shifted,lap_u,0.008428628932717062,0.0007486183619109737,11.25891290082917,0.08238648790956116,0.01,0.0
cytod/island03,mechanics_source_pde,spatial_shifted,grad_div_u,0.0035797849543100133,0.0005819485367744468,6.151377189040817,0.08238648790956116,0.01,0.0
cytod/island03,mechanics_source_pde,spatial_shifted,traction,0.12603676805743919,91.80222449144661,0.0013729162746942182,0.08238648790956116,0.01,0.0
cytod/island03,mechanics_source_pde,spatial_shifted,stress_div,0.11294450420675803,16.182064243308652,0.006979610419817795,0.08238648790956116,0.01,0.0
cytod/island03,mechanics_source_pde,spatial_shifted,force_balance,-0.2383429983609208,34.449721910016905,-0.0069185753947005905,0.08238648790956116,0.01,0.0
cytod/island03,mechanics_source_pde,wrong_island,u_prev,-0.036753415350586474,0.11247740270956992,-0.32676266045623564,0.08238725793703856,1.0,0.0
cytod/island03,mechanics_source_pde,wrong_island,lap_u,0.008428933619142587,0.0007486183619109737,11.259319899162403,0.08238725793703856,1.0,0.0
cytod/island03,mechanics_source_pde,wrong_island,grad_div_u,0.0035785822149942293,0.0005819485367744468,6.149310443891065,0.08238725793703856,1.0,0.0
cytod/island03,mechanics_source_pde,wrong_island,traction,0.013147810828086196,92.98212475124838,0.00014140148833187072,0.08238725793703856,1.0,0.0
cytod/island03,mechanics_source_pde,wrong_island,stress_div,0.011290634489428665,16.32645109931424,0.0006915547304645346,0.08238725793703856,1.0,0.0
cytod/island03,mechanics_source_pde,wrong_island,force_balance,-0.02430363828208691,34.826789013343955,-0.00069784321123532,0.08238725793703856,1.0,0.0
cytod/island03,mechanics_source_pde,kin_time_shuffled,u_prev,-0.002425317055136772,0.11247740270956992,-0.02156270501195009,0.09339937076640639,100.0,0.0
cytod/island03,mechanics_source_pde,kin_time_shuffled,lap_u,0.002827454597505061,0.0007486183619109737,3.7768972033861283,0.09339937076640639,100.0,0.0
cytod/island03,mechanics_source_pde,kin_time_shuffled,grad_div_u,-0.00165611013339637,0.0005819485367744467,-2.8458016967886115,0.09339937076640639,100.0,0.0
cytod/island03,mechanics_source_pde,kin_time_shuffled,traction,0.000339784562392066,91.80222449144664,3.7012671999437694e-06,0.09339937076640639,100.0,0.0
cytod/island03,mechanics_source_pde,kin_time_shuffled,stress_div,0.0006621555522167825,16.182064243308652,4.0919102919183286e-05,0.09339937076640639,100.0,0.0
cytod/island03,mechanics_source_pde,kin_time_shuffled,force_balance,-0.0006026244057413621,34.449721910016905,-1.749286706335176e-05,0.09339937076640639,100.0,0.0
cytod/island03,mechanics_source_pde,kin_spatial_shifted,u_prev,-0.02202709756483618,0.1124774027095699,-0.19583575930991914,0.09263113982687483,0.1,0.03
cytod/island03,mechanics_source_pde,kin_spatial_shifted,lap_u,-0.013711280776953395,0.0007486183619109738,-18.315448130277026,0.09263113982687483,0.1,0.03
cytod/island03,mechanics_source_pde,kin_spatial_shifted,traction,0.037311454757358115,91.80222449144664,0.00040643301362304664,0.09263113982687483,0.1,0.03
cytod/island03,mechanics_source_pde,kin_spatial_shifted,stress_div,0.0331993129216023,16.182064243308652,0.0020516117364526194,0.09263113982687483,0.1,0.03
cytod/island03,mechanics_source_pde,kin_spatial_shifted,force_balance,-0.0699211352858737,34.449721910016905,-0.0020296574662782055,0.09263113982687483,0.1,0.03
cytod/island03,mechanics_source_pde,kin_wrong_island,u_prev,-0.01430087118963381,0.11381941116780077,-0.12564527476381368,0.09326668550467274,100.0,0.03
cytod/island03,mechanics_source_pde,kin_wrong_island,lap_u,-0.009892738884863242,0.0007587510666554389,-13.038187779386272,0.09326668550467274,100.0,0.03
cytod/island03,mechanics_source_pde,kin_wrong_island,traction,0.0004827616669084047,91.80222449144664,5.258714258643965e-06,0.09326668550467274,100.0,0.03
cytod/island03,mechanics_source_pde,kin_wrong_island,stress_div,0.0005177770840870526,16.182064243308652,3.1996973705079405e-05,0.09326668550467274,100.0,0.03
cytod/island03,mechanics_source_pde,kin_wrong_island,force_balance,-0.0006226267553566117,34.449721910016905,-1.807349147789699e-05,0.09326668550467274,100.0,0.03
cytod/island03,full_sparse_pde,real,u_prev,-0.03289571499057853,0.11247740270956992,-0.2924651014170303,0.08141841190604471,1.0,0.01
cytod/island03,full_sparse_pde,real,lap_u,0.006846818981645082,0.0007486183619109737,9.145940481833001,0.08141841190604471,1.0,0.01
cytod/island03,full_sparse_pde,real,grad_div_u,0.0030397729124574343,0.0005819485367744468,5.223439394324997,0.08141841190604471,1.0,0.01
cytod/island03,full_sparse_pde,real,advect_v_u,-0.005780608971105629,0.0025206474123743053,-2.293303277057947,0.08141841190604471,1.0,0.01
cytod/island03,full_sparse_pde,real,cubic_u,-0.007820839107550317,0.08878696541940274,-0.0880854421660549,0.08141841190604471,1.0,0.01
cytod/island03,full_sparse_pde,real,traction,0.02356939263936705,91.80222449144664,0.00025674097517716524,0.08141841190604471,1.0,0.01
cytod/island03,full_sparse_pde,real,stress_div,0.023305329205448796,16.182064243308652,0.0014401950736962154,0.08141841190604471,1.0,0.01
cytod/island03,full_sparse_pde,real,force_balance,-0.046053162132681055,34.449721910016905,-0.0013368224641398406,0.08141841190604471,1.0,0.01
cytod/island03,full_sparse_pde,time_shuffled,u_prev,-0.03288803742885078,0.11247740270956992,-0.29239684271312366,0.08141716360759696,1.0,0.01
cytod/island03,full_sparse_pde,time_shuffled,lap_u,0.006845025926557151,0.0007486183619109737,9.143545329403992,0.08141716360759696,1.0,0.01
cytod/island03,full_sparse_pde,time_shuffled,grad_div_u,0.003040097843531934,0.0005819485367744468,5.223997744512284,0.08141716360759696,1.0,0.01
cytod/island03,full_sparse_pde,time_shuffled,advect_v_u,-0.005781721509353803,0.0025206474123743053,-2.29374464709753,0.08141716360759696,1.0,0.01
cytod/island03,full_sparse_pde,time_shuffled,cubic_u,-0.007825569565178112,0.08878696541940274,-0.0881387209058502,0.08141716360759696,1.0,0.01
cytod/island03,full_sparse_pde,time_shuffled,traction,-0.0036249582080461885,91.80222449144664,-3.948660534237851e-05,0.08141716360759696,1.0,0.01
cytod/island03,full_sparse_pde,time_shuffled,stress_div,-0.0014730557340144718,16.182064243308655,-9.103014991573686e-05,0.08141716360759696,1.0,0.01
cytod/island03,full_sparse_pde,time_shuffled,force_balance,0.005407178338767566,34.449721910016905,0.00015695854825450208,0.08141716360759696,1.0,0.01
cytod/island03,full_sparse_pde,spatial_shifted,u_prev,-0.03288656349996853,0.11247740270956992,-0.2923837384908822,0.08141610533142814,0.01,0.01
cytod/island03,full_sparse_pde,spatial_shifted,lap_u,0.006845029789313778,0.0007486183619109737,9.14355048925155,0.08141610533142814,0.01,0.01
cytod/island03,full_sparse_pde,spatial_shifted,grad_div_u,0.0030422057052600605,0.0005819485367744468,5.227619820340173,0.08141610533142814,0.01,0.01
cytod/island03,full_sparse_pde,spatial_shifted,advect_v_u,-0.005781377691686378,0.0025206474123743053,-2.2936082465578367,0.08141610533142814,0.01,0.01
cytod/island03,full_sparse_pde,spatial_shifted,cubic_u,-0.007826175701083384,0.08878696541940274,-0.08814554776272507,0.08141610533142814,0.01,0.01
cytod/island03,full_sparse_pde,spatial_shifted,traction,0.12696212239194693,91.80222449144661,0.0013829961430158616,0.08141610533142814,0.01,0.01
cytod/island03,full_sparse_pde,spatial_shifted,stress_div,0.11387912025122122,16.182064243308652,0.007037366712859931,0.08141610533142814,0.01,0.01
cytod/island03,full_sparse_pde,spatial_shifted,force_balance,-0.24019376645869073,34.449721910016905,-0.006972299140355321,0.08141610533142814,0.01,0.01
cytod/island03,full_sparse_pde,wrong_island,u_prev,-0.0328867818151059,0.11247740270956992,-0.29238567945975336,0.08141693608778519,1.0,0.01
cytod/island03,full_sparse_pde,wrong_island,lap_u,0.006845381853073487,0.0007486183619109737,9.14402077394883,0.08141693608778519,1.0,0.01
cytod/island03,full_sparse_pde,wrong_island,grad_div_u,0.0030411299675634634,0.0005819485367744468,5.225771310328344,0.08141693608778519,1.0,0.01
cytod/island03,full_sparse_pde,wrong_island,advect_v_u,-0.005782002428900017,0.0025206474123743053,-2.293856094476023,0.08141693608778519,1.0,0.01
cytod/island03,full_sparse_pde,wrong_island,cubic_u,-0.007825137439360697,0.08878696541940274,-0.08813385390971655,0.08141693608778519,1.0,0.01
cytod/island03,full_sparse_pde,wrong_island,traction,0.012922759367414412,92.98212475124838,0.00013898111493995422,0.08141693608778519,1.0,0.01
cytod/island03,full_sparse_pde,wrong_island,stress_div,0.01105754323700919,16.32645109931424,0.0006772778217229119,0.08141693608778519,1.0,0.01
cytod/island03,full_sparse_pde,wrong_island,force_balance,-0.023817409090324933,34.826789013343955,-0.0006838818554647471,0.08141693608778519,1.0,0.01
cytod/island03,full_sparse_pde,kin_time_shuffled,u_prev,-0.003869535057890983,0.11247740270956992,-0.034402777488404354,0.09340250461752644,1.0,0.03
cytod/island03,full_sparse_pde,kin_time_shuffled,lap_u,0.0033963616591351914,0.0007486183619109737,4.536839906605296,0.09340250461752644,1.0,0.03
cytod/island03,full_sparse_pde,kin_time_shuffled,grad_div_u,-0.0014118859772694517,0.0005819485367744467,-2.426135453652106,0.09340250461752644,1.0,0.03
cytod/island03,full_sparse_pde,kin_time_shuffled,cubic_u,0.0030026489339282,0.08878696541940273,0.033818578208463325,0.09340250461752644,1.0,0.03
cytod/island03,full_sparse_pde,kin_time_shuffled,traction,0.021656765323948113,91.80222449144664,0.00023590675981894,0.09340250461752644,1.0,0.03
cytod/island03,full_sparse_pde,kin_time_shuffled,stress_div,0.019571940574013107,16.182064243308652,0.0012094835541211118,0.09340250461752644,1.0,0.03
cytod/island03,full_sparse_pde,kin_time_shuffled,force_balance,-0.04069718666924057,34.449721910016905,-0.001181350223248307,0.09340250461752644,1.0,0.03
cytod/island03,full_sparse_pde,kin_spatial_shifted,u_prev,-0.024303781453378286,0.1124774027095699,-0.21607701518618413,0.09254968930645838,100.0,0.03
cytod/island03,full_sparse_pde,kin_spatial_shifted,lap_u,-0.012525113899189363,0.0007486183619109738,-16.730973399072006,0.09254968930645838,100.0,0.03
cytod/island03,full_sparse_pde,kin_spatial_shifted,cubic_u,0.004788692760486369,0.08878696541940273,0.05393463711554996,0.09254968930645838,100.0,0.03
cytod/island03,full_sparse_pde,kin_wrong_island,u_prev,-0.015566487242027981,0.11381941116780077,-0.13676478451534727,0.09325489181342371,0.1,0.03
cytod/island03,full_sparse_pde,kin_wrong_island,lap_u,-0.00925316004168945,0.0007587510666554389,-12.195251444557718,0.09325489181342371,0.1,0.03
cytod/island03,full_sparse_pde,kin_wrong_island,cubic_u,0.00262552547295466,0.08956025260347648,0.029315744391421514,0.09325489181342371,0.1,0.03
cytod/island03,full_sparse_pde,kin_wrong_island,traction,0.04346654538210847,91.80222449144664,0.0004734803064184825,0.09325489181342371,0.1,0.03
cytod/island03,full_sparse_pde,kin_wrong_island,stress_div,0.03851552322343884,16.182064243308652,0.0023801365910016805,0.09325489181342371,0.1,0.03
cytod/island03,full_sparse_pde,kin_wrong_island,force_balance,-0.08135609676056589,34.449721910016905,-0.002361589361245615,0.09325489181342371,0.1,0.03
cytod/island04,relaxation,real,u_prev,-0.043719916558840076,0.11404636481547036,-0.38335212726490586,0.13983800790661025,100.0,0.0
cytod/island04,relaxation,kin_time_shuffled,u_prev,-0.003471096080974761,0.11404636481547036,-0.03043583271234532,0.14589626795550417,100.0,0.0
cytod/island04,relaxation,kin_spatial_shifted,u_prev,-0.012694334467708564,0.11404636481547034,-0.11130854094515237,0.146554497994878,100.0,0.0
cytod/island04,relaxation,kin_wrong_island,u_prev,-0.007882248227174676,0.11338681924694233,-0.0695164418538642,0.14584649997804736,100.0,0.0
cytod/island04,isotropic_pde,real,u_prev,-0.035931814053560274,0.11404636481547036,-0.3150632123320965,0.13857475498179422,100.0,0.0
cytod/island04,isotropic_pde,real,lap_u,0.012020549670830088,0.000763595849494007,15.742031178921998,0.13857475498179422,100.0,0.0
cytod/island04,helmholtz_pde,real,u_prev,-0.035915132827124024,0.11404636481547036,-0.3149169452725261,0.13851291689217243,100.0,0.0
cytod/island04,helmholtz_pde,real,lap_u,0.009589046210231225,0.000763595849494007,12.557750564759303,0.13851291689217243,100.0,0.0
cytod/island04,helmholtz_pde,real,grad_div_u,0.003693766900258757,0.0005941287192943242,6.2171155514010925,0.13851291689217243,100.0,0.0
cytod/island04,helmholtz_pde,kin_time_shuffled,u_prev,-0.0022796425129232084,0.11404636481547036,-0.01998873455205453,0.14588294175343067,100.0,0.0
cytod/island04,helmholtz_pde,kin_time_shuffled,lap_u,0.002888978342829219,0.0007635958494940071,3.7833866498142776,0.14588294175343067,100.0,0.0
cytod/island04,helmholtz_pde,kin_time_shuffled,grad_div_u,-0.001578415632495964,0.0005941287192943241,-2.656689672182025,0.14588294175343067,100.0,0.0
cytod/island04,helmholtz_pde,kin_spatial_shifted,u_prev,-0.021385348813793788,0.11404636481547034,-0.18751451524470575,0.14673077301965085,100.0,0.0
cytod/island04,helmholtz_pde,kin_spatial_shifted,lap_u,-0.012938315853384643,0.0007635958494940071,-16.943931612459853,0.14673077301965085,100.0,0.0
cytod/island04,helmholtz_pde,kin_spatial_shifted,grad_div_u,-0.000715278338270447,0.0005941287192943241,-1.2039114000750852,0.14673077301965085,100.0,0.0
cytod/island04,helmholtz_pde,kin_wrong_island,u_prev,-0.014126165105414952,0.11338681924694233,-0.1245838378678736,0.14592084421685242,100.0,0.03
cytod/island04,helmholtz_pde,kin_wrong_island,lap_u,-0.009674030607870244,0.0007568033121395544,-12.782754056031871,0.14592084421685242,100.0,0.03
cytod/island04,advective_pde,real,u_prev,-0.03149505840328938,0.11404636481547036,-0.27616012535120354,0.13803765094281045,100.0,0.0
cytod/island04,advective_pde,real,lap_u,0.007749099445883859,0.000763595849494007,10.148168630066234,0.13803765094281045,100.0,0.0
cytod/island04,advective_pde,real,grad_div_u,0.0030128228747591966,0.0005941287192943242,5.070993501774622,0.13803765094281045,100.0,0.0
cytod/island04,advective_pde,real,advect_v_u,-0.005591089631300313,0.002593974305586388,-2.1554144230570564,0.13803765094281045,100.0,0.0
cytod/island04,advective_pde,real,advect_u_u,0.0008253427629849155,0.00371998680194616,0.2218671212900881,0.13803765094281045,100.0,0.0
cytod/island04,advective_pde,real,cubic_u,-0.009147109448368667,0.09062436615782604,-0.10093432744609328,0.13803765094281045,100.0,0.0
cytod/island04,advective_pde,kin_time_shuffled,u_prev,-0.003756484966007739,0.11404636481547036,-0.0329382262388268,0.1458601620184966,100.0,0.0
cytod/island04,advective_pde,kin_time_shuffled,lap_u,0.0035027458845728987,0.0007635958494940071,4.587172503483322,0.1458601620184966,100.0,0.0
cytod/island04,advective_pde,kin_time_shuffled,grad_div_u,-0.0013259218974919745,0.0005941287192943241,-2.2317081373659855,0.1458601620184966,100.0,0.0
cytod/island04,advective_pde,kin_time_shuffled,advect_v_u,0.00022381985260204235,0.0025939743055863876,0.08628452954218688,0.1458601620184966,100.0,0.0
cytod/island04,advective_pde,kin_time_shuffled,advect_u_u,-0.0004803000827422515,0.00371998680194616,-0.12911338354506424,0.1458601620184966,100.0,0.0
cytod/island04,advective_pde,kin_time_shuffled,cubic_u,0.0031098666520262374,0.09062436615782604,0.03431600996370311,0.1458601620184966,100.0,0.0
cytod/island04,advective_pde,kin_spatial_shifted,u_prev,-0.023490425095713217,0.11404636481547034,-0.20597258960179282,0.1467959344420476,100.0,0.0
cytod/island04,advective_pde,kin_spatial_shifted,lap_u,-0.012063365828124716,0.0007635958494940071,-15.798102931175496,0.1467959344420476,100.0,0.0
cytod/island04,advective_pde,kin_spatial_shifted,grad_div_u,-0.00035824045462547617,0.0005941287192943241,-0.6029677458631792,0.1467959344420476,100.0,0.0
cytod/island04,advective_pde,kin_spatial_shifted,advect_v_u,0.0005535037361464135,0.002593974305586388,0.21338057780849518,0.1467959344420476,100.0,0.0
cytod/island04,advective_pde,kin_spatial_shifted,advect_u_u,-0.0007286716811062776,0.00371998680194616,-0.1958801791245774,0.1467959344420476,100.0,0.0
cytod/island04,advective_pde,kin_spatial_shifted,cubic_u,0.004424080877175624,0.09062436615782604,0.04881778559941491,0.1467959344420476,100.0,0.0
cytod/island04,advective_pde,kin_wrong_island,u_prev,-0.015385698108209098,0.11338681924694233,-0.13569212198025388,0.14592212228828733,100.0,0.01
cytod/island04,advective_pde,kin_wrong_island,lap_u,-0.00900605609831371,0.0007568033121395544,-11.900127752946453,0.14592212228828733,100.0,0.01
cytod/island04,advective_pde,kin_wrong_island,advect_v_u,0.0010381984713761557,0.0025614544318550894,0.40531600268377926,0.14592212228828733,100.0,0.01
cytod/island04,advective_pde,kin_wrong_island,advect_u_u,-0.0012441934461997182,0.0037090669634398505,-0.33544647709617853,0.14592212228828733,100.0,0.01
cytod/island04,advective_pde,kin_wrong_island,cubic_u,0.002582313318112973,0.08867992282595974,0.02911948089062882,0.14592212228828733,100.0,0.01
cytod/island04,boundary_pde,real,u_prev,-0.03149519024854274,0.11404636481547036,-0.2761612814183309,0.1380377543730624,100.0,0.0
cytod/island04,boundary_pde,real,lap_u,0.007749132246544753,0.000763595849494007,10.148211585591616,0.1380377543730624,100.0,0.0
cytod/island04,boundary_pde,real,grad_div_u,0.003012900388653879,0.0005941287192943242,5.0711239682748355,0.1380377543730624,100.0,0.0
cytod/island04,boundary_pde,real,advect_v_u,-0.0055911567761811705,0.002593974305586388,-2.1554403080015265,0.1380377543730624,100.0,0.0
cytod/island04,boundary_pde,real,advect_u_u,0.0008253321849853996,0.00371998680194616,0.22186427773174255,0.1380377543730624,100.0,0.0
cytod/island04,boundary_pde,real,cubic_u,-0.009147000047727701,0.09062436615782604,-0.10093312025816353,0.1380377543730624,100.0,0.0
cytod/island04,boundary_pde,real,boundary_normal,4.932222711045207e-05,0.2918957514707209,0.00016897206232684554,0.1380377543730624,100.0,0.0
cytod/island04,mechanics_source_pde,real,u_prev,-0.035923569892487614,0.11404636481547036,-0.3149909245297978,0.13850511849850528,100.0,0.0
cytod/island04,mechanics_source_pde,real,lap_u,0.009589364499395178,0.000763595849494007,12.558167394112374,0.13850511849850528,100.0,0.0
cytod/island04,mechanics_source_pde,real,grad_div_u,0.0036914359309931444,0.0005941287192943242,6.213192210902789,0.13850511849850528,100.0,0.0
cytod/island04,mechanics_source_pde,real,traction,-0.000915697733661479,91.46122930597043,-1.0011867767468372e-05,0.13850511849850528,100.0,0.0
cytod/island04,mechanics_source_pde,real,stress_div,0.0022752732374336127,16.102351074733,0.0001413006850287755,0.13850511849850528,100.0,0.0
cytod/island04,mechanics_source_pde,real,force_balance,-0.0005899344239973904,34.29995270236246,-1.7199278060717496e-05,0.13850511849850528,100.0,0.0
cytod/island04,mechanics_source_pde,time_shuffled,u_prev,-0.0359170769582108,0.11404636481547036,-0.31493399212088397,0.13851131852749604,100.0,0.0
cytod/island04,mechanics_source_pde,time_shuffled,lap_u,0.009588691776813537,0.000763595849494007,12.557286401134103,0.13851131852749604,100.0,0.0
cytod/island04,mechanics_source_pde,time_shuffled,grad_div_u,0.0036923593114293325,0.0005941287192943242,6.214746386633067,0.13851131852749604,100.0,0.0
cytod/island04,mechanics_source_pde,time_shuffled,traction,-0.0009176116569297316,91.46122930597042,-1.0032793828519332e-05,0.13851131852749604,100.0,0.0
cytod/island04,mechanics_source_pde,time_shuffled,stress_div,0.0012718562982894186,16.102351074733,7.898575135932489e-05,0.13851131852749604,100.0,0.0
cytod/island04,mechanics_source_pde,time_shuffled,force_balance,-1.194419701250131e-05,34.29995270236246,-3.482277983339212e-07,0.13851131852749604,100.0,0.0
cytod/island04,mechanics_source_pde,spatial_shifted,u_prev,-0.03591521285132663,0.11404636481547036,-0.31491764695383556,0.13851438815233566,100.0,0.0
cytod/island04,mechanics_source_pde,spatial_shifted,lap_u,0.009589092297713339,0.000763595849494007,12.557810920616584,0.13851438815233566,100.0,0.0
cytod/island04,mechanics_source_pde,spatial_shifted,grad_div_u,0.0036936416243949378,0.0005941287192943242,6.21690469496586,0.13851438815233566,100.0,0.0
cytod/island04,mechanics_source_pde,spatial_shifted,traction,0.0001205043846878133,91.46122930597042,1.3175460859451514e-06,0.13851438815233566,100.0,0.0
cytod/island04,mechanics_source_pde,spatial_shifted,stress_div,0.001175301673247481,16.102351074733,7.29894453171938e-05,0.13851438815233566,100.0,0.0
cytod/island04,mechanics_source_pde,spatial_shifted,force_balance,-0.0013420260515790397,34.29995270236246,-3.9126177905388356e-05,0.13851438815233566,100.0,0.0
cytod/island04,mechanics_source_pde,wrong_island,u_prev,-0.035915132827124024,0.11404636481547036,-0.3149169452725261,0.13851291689217243,100.0,0.03
cytod/island04,mechanics_source_pde,wrong_island,lap_u,0.009589046210231225,0.000763595849494007,12.557750564759303,0.13851291689217243,100.0,0.03
cytod/island04,mechanics_source_pde,wrong_island,grad_div_u,0.003693766900258757,0.0005941287192943242,6.2171155514010925,0.13851291689217243,100.0,0.03
cytod/island04,mechanics_source_pde,kin_time_shuffled,u_prev,-0.00228436695708915,0.11404636481547036,-0.020030160196559604,0.14588005968557266,0.01,0.0
cytod/island04,mechanics_source_pde,kin_time_shuffled,lap_u,0.0028931214686866514,0.0007635958494940071,3.788812459632623,0.14588005968557266,0.01,0.0
cytod/island04,mechanics_source_pde,kin_time_shuffled,grad_div_u,-0.001583489002050932,0.0005941287192943241,-2.665228847936723,0.14588005968557266,0.01,0.0
cytod/island04,mechanics_source_pde,kin_time_shuffled,traction,0.04967253533312041,91.46122930597043,0.0005430993625391592,0.14588005968557266,0.01,0.0
cytod/island04,mechanics_source_pde,kin_time_shuffled,stress_div,0.04457638673095116,16.102351074733,0.0027683154170510035,0.14588005968557266,0.01,0.0
cytod/island04,mechanics_source_pde,kin_time_shuffled,force_balance,-0.09350896104457472,34.29995270236246,-0.0027262125360929187,0.14588005968557266,0.01,0.0
cytod/island04,mechanics_source_pde,kin_spatial_shifted,u_prev,-0.02138559258422687,0.11404636481547034,-0.18751665271251086,0.14672818753957553,100.0,0.0
cytod/island04,mechanics_source_pde,kin_spatial_shifted,lap_u,-0.012939495056614165,0.0007635958494940071,-16.945475889095594,0.14672818753957553,100.0,0.0
cytod/island04,mechanics_source_pde,kin_spatial_shifted,grad_div_u,-0.0007148946337926792,0.0005941287192943241,-1.2032655728909971,0.14672818753957553,100.0,0.0
cytod/island04,mechanics_source_pde,kin_spatial_shifted,traction,0.00013182483789346834,91.46122930597043,1.441319331631409e-06,0.14672818753957553,100.0,0.0
cytod/island04,mechanics_source_pde,kin_spatial_shifted,stress_div,0.000742769717204512,16.102351074733,4.612802899137064e-05,0.14672818753957553,100.0,0.0
cytod/island04,mechanics_source_pde,kin_spatial_shifted,force_balance,-0.00044771355661230104,34.29995270236246,-1.305289136977335e-05,0.14672818753957553,100.0,0.0
cytod/island04,mechanics_source_pde,kin_wrong_island,u_prev,-0.014126705886038841,0.11338681924694233,-0.12458860721079618,0.14591825648435128,100.0,0.03
cytod/island04,mechanics_source_pde,kin_wrong_island,lap_u,-0.009674005054580328,0.0007568033121395544,-12.782720291261677,0.14591825648435128,100.0,0.03
cytod/island04,mechanics_source_pde,kin_wrong_island,stress_div,0.0005012674882584354,16.102351074733,3.113008069020425e-05,0.14591825648435128,100.0,0.03
cytod/island04,mechanics_source_pde,kin_wrong_island,force_balance,-7.039214121123666e-05,34.29995270236246,-2.052251844836751e-06,0.14591825648435128,100.0,0.03
cytod/island04,full_sparse_pde,real,u_prev,-0.031505500670929935,0.11404636481547036,-0.2762516869512374,0.13803114572219652,100.0,0.0
cytod/island04,full_sparse_pde,real,lap_u,0.0077504202478359055,0.000763595849494007,10.149898343438723,0.13803114572219652,100.0,0.0
cytod/island04,full_sparse_pde,real,grad_div_u,0.0030109920092090715,0.0005941287192943242,5.067911904318267,0.13803114572219652,100.0,0.0
cytod/island04,full_sparse_pde,real,advect_v_u,-0.005592314658633181,0.002593974305586388,-2.155886681911059,0.13803114572219652,100.0,0.0
cytod/island04,full_sparse_pde,real,advect_u_u,0.0008282898645760431,0.00371998680194616,0.22265935571134618,0.13803114572219652,100.0,0.0
cytod/island04,full_sparse_pde,real,cubic_u,-0.009141933077819147,0.09062436615782604,-0.10087720847501538,0.13803114572219652,100.0,0.0
cytod/island04,full_sparse_pde,real,boundary_normal,-1.6829187180347863e-06,0.2918957514707209,-5.7654786325439016e-06,0.13803114572219652,100.0,0.0
cytod/island04,full_sparse_pde,real,traction,-0.0008417998885627482,91.46122930597043,-9.203898689647252e-06,0.13803114572219652,100.0,0.0
cytod/island04,full_sparse_pde,real,stress_div,0.00214138650372733,16.102351074733,0.00013298595303188278,0.13803114572219652,100.0,0.0
cytod/island04,full_sparse_pde,real,force_balance,-0.0005623411725856637,34.29995270236246,-1.6394808980215637e-05,0.13803114572219652,100.0,0.0
cytod/island04,full_sparse_pde,time_shuffled,u_prev,-0.03149698248195766,0.11404636481547036,-0.2761769963726639,0.13803641914158143,100.0,0.0
cytod/island04,full_sparse_pde,time_shuffled,lap_u,0.007748729923929475,0.000763595849494007,10.147684706594637,0.13803641914158143,100.0,0.0
cytod/island04,full_sparse_pde,time_shuffled,grad_div_u,0.0030114150358516254,0.0005941287192943242,5.068623916090828,0.13803641914158143,100.0,0.0
cytod/island04,full_sparse_pde,time_shuffled,advect_v_u,-0.005591906728272847,0.002593974305586388,-2.1557294211550615,0.13803641914158143,100.0,0.0
cytod/island04,full_sparse_pde,time_shuffled,advect_u_u,0.0008264045569032168,0.00371998680194616,0.22215255077541468,0.13803641914158143,100.0,0.0
cytod/island04,full_sparse_pde,time_shuffled,cubic_u,-0.009147212890291533,0.09062436615782604,-0.100935468882191,0.13803641914158143,100.0,0.0
cytod/island04,full_sparse_pde,time_shuffled,boundary_normal,2.2220601068652937e-05,0.2918957514707209,7.612512671628183e-05,0.13803641914158143,100.0,0.0
cytod/island04,full_sparse_pde,time_shuffled,traction,-0.0009550513148147066,91.46122930597042,-1.0442143868630055e-05,0.13803641914158143,100.0,0.0
cytod/island04,full_sparse_pde,time_shuffled,stress_div,0.0012148237305688815,16.102351074733,7.544387306740081e-05,0.13803641914158143,100.0,0.0
cytod/island04,full_sparse_pde,time_shuffled,force_balance,8.735579921873132e-05,34.29995270236246,2.546819815664485e-06,0.13803641914158143,100.0,0.0
cytod/island04,full_sparse_pde,spatial_shifted,u_prev,-0.03149525087167276,0.11404636481547036,-0.2761618129839807,0.1380392243338957,100.0,0.0
cytod/island04,full_sparse_pde,spatial_shifted,lap_u,0.007749170892952605,0.000763595849494007,10.148262196667982,0.1380392243338957,100.0,0.0
cytod/island04,full_sparse_pde,spatial_shifted,grad_div_u,0.0030127474616774303,0.0005941287192943242,5.070866571230252,0.1380392243338957,100.0,0.0
cytod/island04,full_sparse_pde,spatial_shifted,advect_v_u,-0.005591154767800892,0.002593974305586388,-2.1554395337531953,0.1380392243338957,100.0,0.0
cytod/island04,full_sparse_pde,spatial_shifted,advect_u_u,0.0008251758544395199,0.00371998680194616,0.22182225324235516,0.1380392243338957,100.0,0.0
cytod/island04,full_sparse_pde,spatial_shifted,cubic_u,-0.00914707671635814,0.09062436615782604,-0.1009339662627613,0.1380392243338957,100.0,0.0
cytod/island04,full_sparse_pde,spatial_shifted,boundary_normal,5.0713325441444085e-05,0.2918957514707209,0.00017373779914892312,0.1380392243338957,100.0,0.0
cytod/island04,full_sparse_pde,spatial_shifted,traction,7.230647252601216e-05,91.46122930597042,7.905696553030271e-07,0.1380392243338957,100.0,0.0
cytod/island04,full_sparse_pde,spatial_shifted,stress_div,0.0012480628975561194,16.102351074733,7.75081161604107e-05,0.1380392243338957,100.0,0.0
cytod/island04,full_sparse_pde,spatial_shifted,force_balance,-0.0013632454032352916,34.29995270236246,-3.974481874843507e-05,0.1380392243338957,100.0,0.0
cytod/island04,full_sparse_pde,wrong_island,u_prev,-0.03149530050627386,0.11404636481547036,-0.2761622481982129,0.13803824053514258,100.0,0.0
cytod/island04,full_sparse_pde,wrong_island,lap_u,0.0077488726847435695,0.000763595849494007,10.147871665198707,0.13803824053514258,100.0,0.0
cytod/island04,full_sparse_pde,wrong_island,grad_div_u,0.0030129186222910683,0.0005941287192943242,5.071154657983307,0.13803824053514258,100.0,0.0
cytod/island04,full_sparse_pde,wrong_island,advect_v_u,-0.005591399135628315,0.002593974305586388,-2.155533739708473,0.13803824053514258,100.0,0.0
cytod/island04,full_sparse_pde,wrong_island,advect_u_u,0.0008250777845223025,0.00371998680194616,0.2217958902678505,0.13803824053514258,100.0,0.0
cytod/island04,full_sparse_pde,wrong_island,cubic_u,-0.009146963114022123,0.09062436615782604,-0.10093271271097567,0.13803824053514258,100.0,0.0
cytod/island04,full_sparse_pde,wrong_island,boundary_normal,4.9233083608727364e-05,0.2918957514707209,0.00016866666733128446,0.13803824053514258,100.0,0.0
cytod/island04,full_sparse_pde,wrong_island,traction,0.00030083266390358777,92.46448505262211,3.2534941792233207e-06,0.13803824053514258,100.0,0.0
cytod/island04,full_sparse_pde,wrong_island,stress_div,9.233475450210374e-05,16.23573579448671,5.687130886513843e-06,0.13803824053514258,100.0,0.0
cytod/island04,full_sparse_pde,wrong_island,force_balance,-0.00032161290878087736,34.6289097581775,-9.287410750924075e-06,0.13803824053514258,100.0,0.0
cytod/island04,full_sparse_pde,kin_time_shuffled,u_prev,-0.0038047105013186066,0.11404636481547036,-0.03336108526979107,0.1458497996259727,0.01,0.03
cytod/island04,full_sparse_pde,kin_time_shuffled,lap_u,0.0026542787709958877,0.0007635958494940071,3.4760256656118966,0.1458497996259727,0.01,0.03
cytod/island04,full_sparse_pde,kin_time_shuffled,cubic_u,0.003225956334500417,0.09062436615782604,0.035597008522876526,0.1458497996259727,0.01,0.03
cytod/island04,full_sparse_pde,kin_time_shuffled,traction,0.049426008512985065,91.46122930597043,0.0005404039382374518,0.1458497996259727,0.01,0.03
cytod/island04,full_sparse_pde,kin_time_shuffled,stress_div,0.044417978395063236,16.102351074733,0.002758477826555508,0.1458497996259727,0.01,0.03
cytod/island04,full_sparse_pde,kin_time_shuffled,force_balance,-0.09309904382425947,34.29995270236246,-0.0027142615802454775,0.1458497996259727,0.01,0.03
cytod/island04,full_sparse_pde,kin_spatial_shifted,u_prev,-0.023490893238876355,0.11404636481547034,-0.20597669445128886,0.14679339267084301,100.0,0.01
cytod/island04,full_sparse_pde,kin_spatial_shifted,lap_u,-0.012064466207271444,0.0007635958494940071,-15.799543980321399,0.14679339267084301,100.0,0.01
cytod/island04,full_sparse_pde,kin_spatial_shifted,grad_div_u,-0.00035780330012173884,0.0005941287192943241,-0.6022319549654483,0.14679339267084301,100.0,0.01
cytod/island04,full_sparse_pde,kin_spatial_shifted,advect_v_u,0.0005537858147827442,0.002593974305586388,0.21348932161359888,0.14679339267084301,100.0,0.01
cytod/island04,full_sparse_pde,kin_spatial_shifted,advect_u_u,-0.0007299724536191238,0.00371998680194616,-0.19622985039549848,0.14679339267084301,100.0,0.01
cytod/island04,full_sparse_pde,kin_spatial_shifted,cubic_u,0.004424523016810429,0.09062436615782604,0.04882266441571509,0.14679339267084301,100.0,0.01
cytod/island04,full_sparse_pde,kin_spatial_shifted,stress_div,0.0006068740526596997,16.102351074733,3.7688536900178256e-05,0.14679339267084301,100.0,0.01
cytod/island04,full_sparse_pde,kin_spatial_shifted,force_balance,-0.00017665734162899719,34.29995270236246,-5.150366916302763e-06,0.14679339267084301,100.0,0.01
cytod/island04,full_sparse_pde,kin_wrong_island,u_prev,-0.015385844945190349,0.11338681924694233,-0.1356934169895171,0.14591956528744612,100.0,0.01
cytod/island04,full_sparse_pde,kin_wrong_island,lap_u,-0.009006254544915245,0.0007568033121395544,-11.900389969824145,0.14591956528744612,100.0,0.01
cytod/island04,full_sparse_pde,kin_wrong_island,advect_v_u,0.001037844370060898,0.0025614544318550894,0.4051777603981255,0.14591956528744612,100.0,0.01
cytod/island04,full_sparse_pde,kin_wrong_island,advect_u_u,-0.0012427342772305951,0.0037090669634398505,-0.3350530711578371,0.14591956528744612,100.0,0.01
cytod/island04,full_sparse_pde,kin_wrong_island,cubic_u,0.002581544317190763,0.08867992282595974,0.029110809244356425,0.14591956528744612,100.0,0.01
cytod/island04,full_sparse_pde,kin_wrong_island,traction,0.0002548413733636381,91.46122930597043,2.786332255726662e-06,0.14591956528744612,100.0,0.01
cytod/island04,full_sparse_pde,kin_wrong_island,stress_div,0.0006866381817449833,16.102351074733,4.2642107264846645e-05,0.14591956528744612,100.0,0.01
cytod/island04,full_sparse_pde,kin_wrong_island,force_balance,-0.0005141078052737456,34.29995270236246,-1.4988586419780561e-05,0.14591956528744612,100.0,0.01
cytod/island05,relaxation,real,u_prev,-0.043714559449595757,0.11407037428943083,-0.3832244763103764,0.06536677184420757,0.01,0.0
cytod/island05,relaxation,kin_time_shuffled,u_prev,-0.003428818449533851,0.11407037428943081,-0.030058798972938477,0.07234345347587363,100.0,0.0
cytod/island05,relaxation,kin_spatial_shifted,u_prev,-0.012872250233383281,0.11407037428943083,-0.11284481455914673,0.07259395836714551,100.0,0.0
cytod/island05,relaxation,kin_wrong_island,u_prev,-0.00793047263928237,0.11385770760907754,-0.06965248823128506,0.07252968972191624,100.0,0.0
cytod/island05,isotropic_pde,real,u_prev,-0.03601706769968832,0.11407037428943083,-0.3157442756197345,0.06506055894695899,0.01,0.0
cytod/island05,isotropic_pde,real,lap_u,0.011883228148584628,0.0007637295725803673,15.559471015945444,0.06506055894695899,0.01,0.0
cytod/island05,helmholtz_pde,real,u_prev,-0.03599100401164484,0.11407037428943083,-0.31551578782695006,0.06504409171242194,0.01,0.0
cytod/island05,helmholtz_pde,real,lap_u,0.009396678603376528,0.0007637295725803673,12.303672583514782,0.06504409171242194,0.01,0.0
cytod/island05,helmholtz_pde,real,grad_div_u,0.0037816222721998123,0.0005922666296356387,6.384999733188174,0.06504409171242194,0.01,0.0
cytod/island05,helmholtz_pde,kin_time_shuffled,u_prev,-0.002211877901595157,0.11407037428943081,-0.019390467642220216,0.07236854258609617,100.0,0.0
cytod/island05,helmholtz_pde,kin_time_shuffled,lap_u,0.0030370326680665386,0.0007637295725803673,3.976581210290834,0.07236854258609617,100.0,0.0
cytod/island05,helmholtz_pde,kin_time_shuffled,grad_div_u,-0.0017322183725126583,0.0005922666296356387,-2.924727286388422,0.07236854258609617,100.0,0.0
cytod/island05,helmholtz_pde,kin_spatial_shifted,u_prev,-0.02169288548517832,0.11407037428943083,-0.1901710730792988,0.07274340619835991,100.0,0.0
cytod/island05,helmholtz_pde,kin_spatial_shifted,lap_u,-0.01312907321811115,0.0007637295725803673,-17.190735686393204,0.07274340619835991,100.0,0.0
cytod/island05,helmholtz_pde,kin_spatial_shifted,grad_div_u,-0.0007403855645908598,0.0005922666296356388,-1.2500882669117175,0.07274340619835991,100.0,0.0
cytod/island05,helmholtz_pde,kin_wrong_island,u_prev,-0.014269423453726364,0.11385770760907754,-0.12532681145065233,0.07277585139718354,100.0,0.03
cytod/island05,helmholtz_pde,kin_wrong_island,lap_u,-0.009820392585886474,0.0007600847501618335,-12.920128424883625,0.07277585139718354,100.0,0.03
cytod/island05,advective_pde,real,u_prev,-0.031782499251217323,0.11407037428943083,-0.2786218547032691,0.06453506743530688,0.01,0.0
cytod/island05,advective_pde,real,lap_u,0.007598483092490074,0.0007637295725803673,9.949180135604196,0.06453506743530688,0.01,0.0
cytod/island05,advective_pde,real,grad_div_u,0.0031406467880503693,0.0005922666296356387,5.302758303270419,0.06453506743530688,0.01,0.0
cytod/island05,advective_pde,real,advect_v_u,-0.005682228828392448,0.0025631002774259425,-2.2169358251168263,0.06453506743530688,0.01,0.0
cytod/island05,advective_pde,real,advect_u_u,0.0010365335438669793,0.0037163686472789378,0.27891031333124383,0.06453506743530688,0.01,0.0
cytod/island05,advective_pde,real,cubic_u,-0.008772926931021422,0.09083451095102953,-0.09658142966995287,0.06453506743530688,0.01,0.0
cytod/island05,advective_pde,kin_time_shuffled,u_prev,-0.0036670883315158193,0.11407037428943081,-0.0321475962041758,0.07239003251776359,100.0,0.0
cytod/island05,advective_pde,kin_time_shuffled,lap_u,0.003657377264909309,0.0007637295725803673,4.7888380864346365,0.07239003251776359,100.0,0.0
cytod/island05,advective_pde,kin_time_shuffled,grad_div_u,-0.0014836047801496,0.0005922666296356387,-2.5049609515604665,0.07239003251776359,100.0,0.0
cytod/island05,advective_pde,kin_time_shuffled,advect_v_u,0.00033607262854828,0.002563100277425943,0.1311195787024725,0.07239003251776359,100.0,0.0
cytod/island05,advective_pde,kin_time_shuffled,advect_u_u,-0.0004993594229008117,0.003716368647278938,-0.13436756960761526,0.07239003251776359,100.0,0.0
cytod/island05,advective_pde,kin_time_shuffled,cubic_u,0.003089598001474398,0.09083451095102951,0.034013481980874595,0.07239003251776359,100.0,0.0
cytod/island05,advective_pde,kin_spatial_shifted,u_prev,-0.023762296779225218,0.11407037428943083,-0.20831260462890328,0.07269257721223135,100.0,0.03
cytod/island05,advective_pde,kin_spatial_shifted,lap_u,-0.012498758466478426,0.0007637295725803673,-16.365424248598387,0.07269257721223135,100.0,0.03
cytod/island05,advective_pde,kin_spatial_shifted,cubic_u,0.00442413733626038,0.09083451095102953,0.04870546766796058,0.07269257721223135,100.0,0.03
cytod/island05,advective_pde,kin_wrong_island,u_prev,-0.015528303422098516,0.11385770760907754,-0.1363834188144193,0.07283159536415425,100.0,0.0
cytod/island05,advective_pde,kin_wrong_island,lap_u,-0.009186441753757421,0.0007600847501618335,-12.086075601176695,0.07283159536415425,100.0,0.0
cytod/island05,advective_pde,kin_wrong_island,grad_div_u,5.128288962429555e-05,0.0005897158652327783,0.08696203145908696,0.07283159536415425,100.0,0.0
cytod/island05,advective_pde,kin_wrong_island,advect_v_u,0.001015322634091647,0.00260815366656828,0.389287888634098,0.07283159536415425,100.0,0.0
cytod/island05,advective_pde,kin_wrong_island,advect_u_u,-0.0012341452703113565,0.0037431467871966158,-0.32970795442292944,0.07283159536415425,100.0,0.0
cytod/island05,advective_pde,kin_wrong_island,cubic_u,0.0025853838613028516,0.08994651413390042,0.028743569288900685,0.07283159536415425,100.0,0.0
cytod/island05,boundary_pde,real,u_prev,-0.03178254965261735,0.11407037428943083,-0.2786222965480543,0.06453503012943516,0.01,0.0
cytod/island05,boundary_pde,real,lap_u,0.0075984851715556545,0.0007637295725803673,9.9491828578578,0.06453503012943516,0.01,0.0
cytod/island05,boundary_pde,real,grad_div_u,0.003140679949151351,0.0005922666296356387,5.30281429342641,0.06453503012943516,0.01,0.0
cytod/island05,boundary_pde,real,advect_v_u,-0.005682244601108223,0.0025631002774259425,-2.2169419788814344,0.06453503012943516,0.01,0.0
cytod/island05,boundary_pde,real,advect_u_u,0.0010365254036547166,0.0037163686472789378,0.27890812296396994,0.06453503012943516,0.01,0.0
cytod/island05,boundary_pde,real,cubic_u,-0.008772890850619,0.09083451095102953,-0.09658103245966304,0.06453503012943516,0.01,0.0
cytod/island05,boundary_pde,real,boundary_normal,1.685678887061119e-05,0.2918886247048517,5.775075643203372e-05,0.06453503012943516,0.01,0.0
cytod/island05,mechanics_source_pde,real,u_prev,-0.03599715121505101,0.11407037428943083,-0.3155696773968271,0.0650474056744099,10.0,0.0
cytod/island05,mechanics_source_pde,real,lap_u,0.009398028358785017,0.0007637295725803673,12.305439904641196,0.0650474056744099,10.0,0.0
cytod/island05,mechanics_source_pde,real,grad_div_u,0.003779402161687576,0.0005922666296356387,6.381251234790414,0.0650474056744099,10.0,0.0
cytod/island05,mechanics_source_pde,real,traction,0.0025228681987001646,91.594328380963,2.7543934687821984e-05,0.0650474056744099,10.0,0.0
cytod/island05,mechanics_source_pde,real,stress_div,0.005611941689629074,16.136295144171772,0.00034778377809084864,0.0650474056744099,10.0,0.0
cytod/island05,mechanics_source_pde,real,force_balance,-0.007346578602744613,34.35901990776248,-0.00021381804901497947,0.0650474056744099,10.0,0.0
cytod/island05,mechanics_source_pde,time_shuffled,u_prev,-0.03596733312214832,0.11407037428943083,-0.3153082765459188,0.06504433211839941,100.0,0.03
cytod/island05,mechanics_source_pde,time_shuffled,lap_u,0.009406955205512402,0.0007637295725803673,12.3171283962852,0.06504433211839941,100.0,0.03
cytod/island05,mechanics_source_pde,time_shuffled,grad_div_u,0.0037824542318300202,0.0005922666296356387,6.386404437739433,0.06504433211839941,100.0,0.03
cytod/island05,mechanics_source_pde,time_shuffled,stress_div,0.000364488194873289,16.136295144171772,2.2588096686180012e-05,0.06504433211839941,100.0,0.03
cytod/island05,mechanics_source_pde,spatial_shifted,u_prev,-0.035991010736059495,0.11407037428943083,-0.31551584677665284,0.06504387938685562,0.01,0.0
cytod/island05,mechanics_source_pde,spatial_shifted,lap_u,0.009396681502097522,0.0007637295725803673,12.303676378995666,0.06504387938685562,0.01,0.0
cytod/island05,mechanics_source_pde,spatial_shifted,grad_div_u,0.0037824016004054167,0.0005922666296356387,6.386315573329436,0.06504387938685562,0.01,0.0
cytod/island05,mechanics_source_pde,spatial_shifted,traction,0.13569294844161942,91.594328380963,0.0014814557936080885,0.06504387938685562,0.01,0.0
cytod/island05,mechanics_source_pde,spatial_shifted,stress_div,0.12103157482963364,16.136295144171772,0.007500580136162714,0.06504387938685562,0.01,0.0
cytod/island05,mechanics_source_pde,spatial_shifted,force_balance,-0.255983457396478,34.35901990776248,-0.007450254928215968,0.06504387938685562,0.01,0.0
cytod/island05,mechanics_source_pde,wrong_island,u_prev,-0.03599082712221529,0.11407037428943083,-0.3155142371225656,0.0650443335827056,1.0,0.0
cytod/island05,mechanics_source_pde,wrong_island,lap_u,0.00939704479235431,0.0007637295725803673,12.304152058175617,0.0650443335827056,1.0,0.0
cytod/island05,mechanics_source_pde,wrong_island,grad_div_u,0.003781352754499344,0.0005922666296356387,6.38454467175641,0.0650443335827056,1.0,0.0
cytod/island05,mechanics_source_pde,wrong_island,traction,0.013868121940277403,92.598610800107,0.0001497659826691631,0.0650443335827056,1.0,0.0
cytod/island05,mechanics_source_pde,wrong_island,stress_div,0.01205459502951486,16.259054664825292,0.0007414081124650914,0.0650443335827056,1.0,0.0
cytod/island05,mechanics_source_pde,wrong_island,force_balance,-0.025812533901810628,34.67877915200217,-0.0007443322554312108,0.0650443335827056,1.0,0.0
cytod/island05,mechanics_source_pde,kin_time_shuffled,u_prev,-0.002215966009432813,0.11407037428943081,-0.019426306113542166,0.07236980745540969,100.0,0.0
cytod/island05,mechanics_source_pde,kin_time_shuffled,lap_u,0.003037543263184595,0.0007637295725803673,3.9772497651515963,0.07236980745540969,100.0,0.0
cytod/island05,mechanics_source_pde,kin_time_shuffled,grad_div_u,-0.0017335507654929847,0.0005922666296356387,-2.926976936991135,0.07236980745540969,100.0,0.0
cytod/island05,mechanics_source_pde,kin_time_shuffled,traction,2.517367922137244e-07,91.594328380963,2.7483884282298584e-09,0.07236980745540969,100.0,0.0
cytod/island05,mechanics_source_pde,kin_time_shuffled,stress_div,0.0009897158136828485,16.136295144171772,6.133476147034417e-05,0.07236980745540969,100.0,0.0
cytod/island05,mechanics_source_pde,kin_time_shuffled,force_balance,-0.0005455706485285454,34.35901990776248,-1.587852767608452e-05,0.07236980745540969,100.0,0.0
cytod/island05,mechanics_source_pde,kin_spatial_shifted,u_prev,-0.021713211324364896,0.11407037428943083,-0.19034925991626847,0.07272023397354231,0.1,0.03
cytod/island05,mechanics_source_pde,kin_spatial_shifted,lap_u,-0.013639605570913205,0.0007637295725803673,-17.859208364591524,0.07272023397354231,0.1,0.03
cytod/island05,mechanics_source_pde,kin_spatial_shifted,traction,0.04275628277340858,91.594328380963,0.0004668005489987856,0.07272023397354231,0.1,0.03
cytod/island05,mechanics_source_pde,kin_spatial_shifted,stress_div,0.03864411606107475,16.136295144171772,0.0023948567943139366,0.07272023397354231,0.1,0.03
cytod/island05,mechanics_source_pde,kin_spatial_shifted,force_balance,-0.08073083787375425,34.35901990776248,-0.00234962574865284,0.07272023397354231,0.1,0.03
cytod/island05,mechanics_source_pde,kin_wrong_island,u_prev,-0.014269959363421571,0.11385770760907754,-0.12533151828786573,0.07277697560712912,100.0,0.03
cytod/island05,mechanics_source_pde,kin_wrong_island,lap_u,-0.009820329688294032,0.0007600847501618335,-12.920045674121386,0.07277697560712912,100.0,0.03
cytod/island05,mechanics_source_pde,kin_wrong_island,stress_div,0.0007365706804582081,16.136295144171772,4.5646827470446224e-05,0.07277697560712912,100.0,0.03
cytod/island05,mechanics_source_pde,kin_wrong_island,force_balance,-0.0003110072115425333,34.35901990776248,-9.051690425903846e-06,0.07277697560712912,100.0,0.03
cytod/island05,full_sparse_pde,real,u_prev,-0.03181184164893619,0.11407037428943083,-0.27887908536374206,0.06439701816097664,0.1,0.03
cytod/island05,full_sparse_pde,real,lap_u,0.007607313205837668,0.0007637295725803673,9.960741968044127,0.06439701816097664,0.1,0.03
cytod/island05,full_sparse_pde,real,grad_div_u,0.0031422273987433084,0.0005922666296356387,5.305427051793211,0.06439701816097664,0.1,0.03
cytod/island05,full_sparse_pde,real,advect_v_u,-0.005048283823517203,0.0025631002774259425,-1.9696005919000048,0.06439701816097664,0.1,0.03
cytod/island05,full_sparse_pde,real,cubic_u,-0.008761563559259163,0.09083451095102953,-0.09645632995131856,0.06439701816097664,0.1,0.03
cytod/island05,full_sparse_pde,real,traction,0.05343034856169576,91.594328380963,0.0005833368670979932,0.06439701816097664,0.1,0.03
cytod/island05,full_sparse_pde,real,stress_div,0.05034946216114282,16.136295144171772,0.0031202616035024876,0.06439701816097664,0.1,0.03
cytod/island05,full_sparse_pde,real,force_balance,-0.10272768042096486,34.35901990776248,-0.002989831511397575,0.06439701816097664,0.1,0.03
cytod/island05,full_sparse_pde,time_shuffled,u_prev,-0.03178411649241015,0.11407037428943083,-0.2786360322774456,0.06453540484281572,1.0,0.01
cytod/island05,full_sparse_pde,time_shuffled,lap_u,0.007598272012003125,0.0007637295725803673,9.948903754415714,0.06453540484281572,1.0,0.01
cytod/island05,full_sparse_pde,time_shuffled,grad_div_u,0.0031391811722968187,0.0005922666296356387,5.300283715508397,0.06453540484281572,1.0,0.01
cytod/island05,full_sparse_pde,time_shuffled,advect_v_u,-0.005683140408825599,0.0025631002774259425,-2.217291480508533,0.06453540484281572,1.0,0.01
cytod/island05,full_sparse_pde,time_shuffled,advect_u_u,0.0010376620433589017,0.0037163686472789378,0.2792139698301083,0.06453540484281572,1.0,0.01
cytod/island05,full_sparse_pde,time_shuffled,cubic_u,-0.008773117254147226,0.09083451095102953,-0.09658352494325606,0.06453540484281572,1.0,0.01
cytod/island05,full_sparse_pde,time_shuffled,traction,-0.005035178556605991,91.594328380963,-5.497260196792385e-05,0.06453540484281572,1.0,0.01
cytod/island05,full_sparse_pde,time_shuffled,stress_div,-0.002354988282789134,16.136295144171772,-0.00014594355530486974,0.06453540484281572,1.0,0.01
cytod/island05,full_sparse_pde,time_shuffled,force_balance,0.007724926808888103,34.35901990776248,0.0002248296613123958,0.06453540484281572,1.0,0.01
cytod/island05,full_sparse_pde,spatial_shifted,u_prev,-0.03180082479748192,0.11407037428943083,-0.2787825059361484,0.06439360523582979,1.0,0.03
cytod/island05,full_sparse_pde,spatial_shifted,lap_u,0.007605943424229498,0.0007637295725803673,9.958948425333006,0.06439360523582979,1.0,0.03
cytod/island05,full_sparse_pde,spatial_shifted,grad_div_u,0.0031440336565043184,0.0005922666296356387,5.308476789311128,0.06439360523582979,1.0,0.03
cytod/island05,full_sparse_pde,spatial_shifted,advect_v_u,-0.005049540873478155,0.0025631002774259425,-1.9700910330942194,0.06439360523582979,1.0,0.03
cytod/island05,full_sparse_pde,spatial_shifted,cubic_u,-0.008767093378796482,0.09083451095102953,-0.09651720790926012,0.06439360523582979,1.0,0.03
cytod/island05,full_sparse_pde,spatial_shifted,traction,0.05416925747968935,91.594328380963,0.000591404057840637,0.06439360523582979,1.0,0.03
cytod/island05,full_sparse_pde,spatial_shifted,stress_div,0.04920891277703553,16.136295144171772,0.003049579369822643,0.06439360523582979,1.0,0.03
cytod/island05,full_sparse_pde,spatial_shifted,force_balance,-0.10310917580337114,34.35901990776248,-0.003000934720494645,0.06439360523582979,1.0,0.03
cytod/island05,full_sparse_pde,wrong_island,u_prev,-0.03180143010267062,0.11407037428943083,-0.27878781235503647,0.06439399256271607,0.1,0.03
cytod/island05,full_sparse_pde,wrong_island,lap_u,0.007606901465973144,0.0007637295725803673,9.960202850692506,0.06439399256271607,0.1,0.03
cytod/island05,full_sparse_pde,wrong_island,grad_div_u,0.0031429930931994713,0.0005922666296356387,5.306719872320064,0.06439399256271607,0.1,0.03
cytod/island05,full_sparse_pde,wrong_island,advect_v_u,-0.005049987345834818,0.0025631002774259425,-1.970265225403664,0.06439399256271607,0.1,0.03
cytod/island05,full_sparse_pde,wrong_island,cubic_u,-0.008766467836086318,0.09083451095102953,-0.09651032128980663,0.06439399256271607,0.1,0.03
cytod/island05,full_sparse_pde,wrong_island,traction,0.04199762353795946,92.598610800107,0.0004535448553177531,0.06439399256271607,0.1,0.03
cytod/island05,full_sparse_pde,wrong_island,stress_div,0.036707031181629046,16.259054664825292,0.0022576362487445683,0.06439399256271607,0.1,0.03
cytod/island05,full_sparse_pde,wrong_island,force_balance,-0.07840972920736347,34.67877915200217,-0.0022610291113098918,0.06439399256271607,0.1,0.03
cytod/island05,full_sparse_pde,kin_time_shuffled,u_prev,-0.003666365053670062,0.11407037428943081,-0.03214125557585523,0.07239045713457336,1.0,0.03
cytod/island05,full_sparse_pde,kin_time_shuffled,lap_u,0.003658961914281989,0.0007637295725803673,4.7909129692590975,0.07239045713457336,1.0,0.03
cytod/island05,full_sparse_pde,kin_time_shuffled,grad_div_u,-0.0014892636120819739,0.0005922666296356387,-2.5145154860373715,0.07239045713457336,1.0,0.03
cytod/island05,full_sparse_pde,kin_time_shuffled,cubic_u,0.0030936543134539134,0.09083451095102951,0.034058138047572656,0.07239045713457336,1.0,0.03
cytod/island05,full_sparse_pde,kin_time_shuffled,traction,0.021624983465349037,91.594328380963,0.0002360952238811719,0.07239045713457336,1.0,0.03
cytod/island05,full_sparse_pde,kin_time_shuffled,stress_div,0.020179544898283802,16.136295144171772,0.0012505686539560105,0.07239045713457336,1.0,0.03
cytod/island05,full_sparse_pde,kin_time_shuffled,force_balance,-0.04122539891268177,34.35901990776248,-0.0011998421090983452,0.07239045713457336,1.0,0.03
cytod/island05,full_sparse_pde,kin_spatial_shifted,u_prev,-0.023762707466207726,0.11407037428943083,-0.2083162049237657,0.07269383414776949,100.0,0.03
cytod/island05,full_sparse_pde,kin_spatial_shifted,lap_u,-0.01249951263132407,0.0007637295725803673,-16.366411724889367,0.07269383414776949,100.0,0.03
cytod/island05,full_sparse_pde,kin_spatial_shifted,cubic_u,0.004424600326642501,0.09083451095102953,0.04871056474370056,0.07269383414776949,100.0,0.03
cytod/island05,full_sparse_pde,kin_spatial_shifted,stress_div,0.00042409189602131685,16.136295144171772,2.628186285837078e-05,0.07269383414776949,100.0,0.03
cytod/island05,full_sparse_pde,kin_wrong_island,u_prev,-0.015526651184923296,0.11385770760907754,-0.1363689073930152,0.07283287021218104,100.0,0.01
cytod/island05,full_sparse_pde,kin_wrong_island,lap_u,-0.00915358135680426,0.0007600847501618335,-12.042843057771288,0.07283287021218104,100.0,0.01
cytod/island05,full_sparse_pde,kin_wrong_island,advect_v_u,0.0010150431462757899,0.00260815366656828,0.38918072937448855,0.07283287021218104,100.0,0.01
cytod/island05,full_sparse_pde,kin_wrong_island,advect_u_u,-0.0012325837213814687,0.0037431467871966158,-0.32929077897706416,0.07283287021218104,100.0,0.01
cytod/island05,full_sparse_pde,kin_wrong_island,cubic_u,0.002580733032250515,0.08994651413390042,0.02869186268195633,0.07283287021218104,100.0,0.01
cytod/island05,full_sparse_pde,kin_wrong_island,stress_div,0.0007359788840496967,16.136295144171772,4.561015260777026e-05,0.07283287021218104,100.0,0.01
cytod/island05,full_sparse_pde,kin_wrong_island,force_balance,-0.00031533924620418344,34.35901990776248,-9.177771864585146e-06,0.07283287021218104,100.0,0.01
cytod/island06,relaxation,real,u_prev,-0.04396561824597993,0.11414801448480805,-0.3851632325311389,0.12841973798318476,100.0,0.0
cytod/island06,relaxation,kin_time_shuffled,u_prev,-0.0034378431836221772,0.11414801448480807,-0.03011741552525838,0.13129147486117046,0.01,0.0
cytod/island06,relaxation,kin_spatial_shifted,u_prev,-0.012792355332045539,0.11414801448480803,-0.11206813705680421,0.13200441688145664,100.0,0.0
cytod/island06,relaxation,kin_wrong_island,u_prev,-0.0079014017621913,0.11362450195900627,-0.06953959424211151,0.13179166140180362,100.0,0.0
cytod/island06,isotropic_pde,real,u_prev,-0.03616562403950375,0.11414801448480805,-0.3168309514863881,0.12756515541968466,100.0,0.0
cytod/island06,isotropic_pde,real,lap_u,0.012032537051739688,0.0007653630142076189,15.721346378616147,0.12756515541968466,100.0,0.0
cytod/island06,helmholtz_pde,real,u_prev,-0.03614509289965927,0.11414801448480805,-0.3166510872991997,0.12760964304846675,100.0,0.0
cytod/island06,helmholtz_pde,real,lap_u,0.009571189861455609,0.0007653630142076189,12.505425116948812,0.12760964304846675,100.0,0.0
cytod/island06,helmholtz_pde,real,grad_div_u,0.0037365268103032906,0.0005955940462405364,6.2736134350044495,0.12760964304846675,100.0,0.0
cytod/island06,helmholtz_pde,kin_time_shuffled,u_prev,-0.002224514667414733,0.11414801448480807,-0.01948798389051956,0.13130663166992096,100.0,0.0
cytod/island06,helmholtz_pde,kin_time_shuffled,lap_u,0.0029405756451445107,0.0007653630142076189,3.842066562608714,0.13130663166992096,100.0,0.0
cytod/island06,helmholtz_pde,kin_time_shuffled,grad_div_u,-0.0016058467657445552,0.0005955940462405365,-2.696210238972097,0.13130663166992096,100.0,0.0
cytod/island06,helmholtz_pde,kin_spatial_shifted,u_prev,-0.021571618673555303,0.11414801448480803,-0.18897935957025577,0.13210683111591462,100.0,0.0
cytod/island06,helmholtz_pde,kin_spatial_shifted,lap_u,-0.013020729736606906,0.0007653630142076189,-17.012488838498786,0.13210683111591462,100.0,0.0
cytod/island06,helmholtz_pde,kin_spatial_shifted,grad_div_u,-0.0007830627810998433,0.0005955940462405363,-1.3147592492615279,0.13210683111591462,100.0,0.0
cytod/island06,helmholtz_pde,kin_wrong_island,u_prev,-0.014266420445490495,0.11362450195900627,-0.12555760596986001,0.13210482257082792,100.0,0.03
cytod/island06,helmholtz_pde,kin_wrong_island,lap_u,-0.009826990792727794,0.000762318003456911,-12.890933636835262,0.13210482257082792,100.0,0.03
cytod/island06,advective_pde,real,u_prev,-0.03178971799561373,0.11414801448480805,-0.2784955843436473,0.12660744657410253,100.0,0.0
cytod/island06,advective_pde,real,lap_u,0.007740663739710551,0.0007653630142076189,10.11371544746576,0.12660744657410253,100.0,0.0
cytod/island06,advective_pde,real,grad_div_u,0.0030409751711453136,0.0005955940462405364,5.1057850398947515,0.12660744657410253,100.0,0.0
cytod/island06,advective_pde,real,advect_v_u,-0.005616046746369354,0.0025949438376430757,-2.1642267030604687,0.12660744657410253,100.0,0.0
cytod/island06,advective_pde,real,advect_u_u,0.0009194511927063006,0.003740686772570497,0.24579742935131643,0.12660744657410253,100.0,0.0
cytod/island06,advective_pde,real,cubic_u,-0.009070586034112744,0.09163574936521784,-0.09898523334994043,0.12660744657410253,100.0,0.0
cytod/island06,advective_pde,kin_time_shuffled,u_prev,-0.00369068363359389,0.11414801448480807,-0.03233243828419882,0.1312612547644308,0.01,0.0
cytod/island06,advective_pde,kin_time_shuffled,lap_u,0.0035591253120976834,0.0007653630142076189,4.650244715290364,0.1312612547644308,0.01,0.0
cytod/island06,advective_pde,kin_time_shuffled,grad_div_u,-0.001352424128520228,0.0005955940462405365,-2.27071465380975,0.1312612547644308,0.01,0.0
cytod/island06,advective_pde,kin_time_shuffled,advect_v_u,0.0002579608207306157,0.0025949438376430757,0.09940901879591939,0.1312612547644308,0.01,0.0
cytod/island06,advective_pde,kin_time_shuffled,advect_u_u,-0.0004595551553589916,0.0037406867725704976,-0.12285315058421689,0.1312612547644308,0.01,0.0
cytod/island06,advective_pde,kin_time_shuffled,cubic_u,0.0031030795523312375,0.09163574936521783,0.03386319830226731,0.1312612547644308,0.01,0.0
cytod/island06,advective_pde,kin_spatial_shifted,u_prev,-0.023688191197314735,0.11414801448480803,-0.20752171033572728,0.13221158513673956,100.0,0.03
cytod/island06,advective_pde,kin_spatial_shifted,lap_u,-0.012401927384390232,0.0007653630142076189,-16.203980534949103,0.13221158513673956,100.0,0.03
cytod/island06,advective_pde,kin_spatial_shifted,cubic_u,0.004508995542134778,0.09163574936521784,0.04920563833841748,0.13221158513673956,100.0,0.03
cytod/island06,advective_pde,kin_wrong_island,u_prev,-0.01557746127841186,0.11362450195900627,-0.13709596970582927,0.13212266018934885,100.0,0.0
cytod/island06,advective_pde,kin_wrong_island,lap_u,-0.009201146316525877,0.000762318003456911,-12.069958042183323,0.13212266018934885,100.0,0.0
cytod/island06,advective_pde,kin_wrong_island,grad_div_u,9.037853072191812e-05,0.0005921509418177169,0.15262752169993093,0.13212266018934885,100.0,0.0
cytod/island06,advective_pde,kin_wrong_island,advect_v_u,0.001027369024856024,0.0026041660251971198,0.39450980272206654,0.13212266018934885,100.0,0.0
cytod/island06,advective_pde,kin_wrong_island,advect_u_u,-0.001242705024919575,0.0037489546753068067,-0.33148040788673305,0.13212266018934885,100.0,0.0
cytod/island06,advective_pde,kin_wrong_island,cubic_u,0.002673341779541869,0.08968042537239031,0.029809646513618168,0.13212266018934885,100.0,0.0
cytod/island06,boundary_pde,real,u_prev,-0.03178971799561373,0.11414801448480805,-0.2784955843436473,0.12660744657410253,100.0,0.01
cytod/island06,boundary_pde,real,lap_u,0.007740663739710551,0.0007653630142076189,10.11371544746576,0.12660744657410253,100.0,0.01
cytod/island06,boundary_pde,real,grad_div_u,0.0030409751711453136,0.0005955940462405364,5.1057850398947515,0.12660744657410253,100.0,0.01
cytod/island06,boundary_pde,real,advect_v_u,-0.005616046746369354,0.0025949438376430757,-2.1642267030604687,0.12660744657410253,100.0,0.01
cytod/island06,boundary_pde,real,advect_u_u,0.0009194511927063006,0.003740686772570497,0.24579742935131643,0.12660744657410253,100.0,0.01
cytod/island06,boundary_pde,real,cubic_u,-0.009070586034112744,0.09163574936521784,-0.09898523334994043,0.12660744657410253,100.0,0.01
cytod/island06,mechanics_source_pde,real,u_prev,-0.03615222705801239,0.11414801448480805,-0.3167135864883912,0.12760460937773901,100.0,0.03
cytod/island06,mechanics_source_pde,real,lap_u,0.009572028836803408,0.0007653630142076189,12.506521296581516,0.12760460937773901,100.0,0.03
cytod/island06,mechanics_source_pde,real,grad_div_u,0.003734300482446312,0.0005955940462405364,6.26987543951737,0.12760460937773901,100.0,0.03
cytod/island06,mechanics_source_pde,real,stress_div,0.0007810464087154778,16.03531386285501,4.87078965460559e-05,0.12760460937773901,100.0,0.03
cytod/island06,mechanics_source_pde,time_shuffled,u_prev,-0.03614653810020883,0.11414801448480805,-0.31666374805861885,0.12760895359509375,100.0,0.03
cytod/island06,mechanics_source_pde,time_shuffled,lap_u,0.0095712727448413,0.0007653630142076189,12.505533409855778,0.12760895359509375,100.0,0.03
cytod/island06,mechanics_source_pde,time_shuffled,grad_div_u,0.003735109855708953,0.0005955940462405364,6.271234373958958,0.12760895359509375,100.0,0.03
cytod/island06,mechanics_source_pde,time_shuffled,stress_div,0.000347284178433781,16.03531386285501,2.165746061498972e-05,0.12760895359509375,100.0,0.03
cytod/island06,mechanics_source_pde,spatial_shifted,u_prev,-0.03617012539783796,0.11414801448480805,-0.31687038588526517,0.12756786000780262,0.01,0.03
cytod/island06,mechanics_source_pde,spatial_shifted,lap_u,0.009561280344941666,0.0007653630142076189,12.492477644533775,0.12756786000780262,0.01,0.03
cytod/island06,mechanics_source_pde,spatial_shifted,grad_div_u,0.003734306765384076,0.0005955940462405364,6.2698859885445195,0.12756786000780262,0.01,0.03
cytod/island06,mechanics_source_pde,spatial_shifted,traction,0.046269109877832865,91.17664508751122,0.0005074666855028921,0.12756786000780262,0.01,0.03
cytod/island06,mechanics_source_pde,spatial_shifted,stress_div,0.04187164415725197,16.03531386285501,0.0026112145053952146,0.12756786000780262,0.01,0.03
cytod/island06,mechanics_source_pde,spatial_shifted,force_balance,-0.08792334551585168,34.17726199376966,-0.0025725684383927435,0.12756786000780262,0.01,0.03
cytod/island06,mechanics_source_pde,wrong_island,u_prev,-0.03614509289965927,0.11414801448480805,-0.3166510872991997,0.12760955654753256,100.0,0.01
cytod/island06,mechanics_source_pde,wrong_island,lap_u,0.009571189861455609,0.0007653630142076189,12.505425116948812,0.12760955654753256,100.0,0.01
cytod/island06,mechanics_source_pde,wrong_island,grad_div_u,0.0037365268103032906,0.0005955940462405364,6.2736134350044495,0.12760955654753256,100.0,0.01
cytod/island06,mechanics_source_pde,kin_time_shuffled,u_prev,-0.002229120151046216,0.11414801448480807,-0.019528330484827567,0.13130372610823227,0.01,0.0
cytod/island06,mechanics_source_pde,kin_time_shuffled,lap_u,0.0029446948220965916,0.0007653630142076189,3.847448553736604,0.13130372610823227,0.01,0.0
cytod/island06,mechanics_source_pde,kin_time_shuffled,grad_div_u,-0.0016108198645137886,0.0005955940462405365,-2.704560051735714,0.13130372610823227,0.01,0.0
cytod/island06,mechanics_source_pde,kin_time_shuffled,traction,0.03971811678236436,91.17664508751122,0.0004356172213206898,0.13130372610823227,0.01,0.0
cytod/island06,mechanics_source_pde,kin_time_shuffled,stress_div,0.035869112654671034,16.03531386285501,0.0022368824808449814,0.13130372610823227,0.01,0.0
cytod/island06,mechanics_source_pde,kin_time_shuffled,force_balance,-0.07491353776976035,34.17726199376966,-0.0021919116219262006,0.13130372610823227,0.01,0.0
cytod/island06,mechanics_source_pde,kin_spatial_shifted,u_prev,-0.02157187823786809,0.11414801448480803,-0.18898163349778713,0.13210422344814587,100.0,0.03
cytod/island06,mechanics_source_pde,kin_spatial_shifted,lap_u,-0.013021910784957522,0.0007653630142076189,-17.014031960296798,0.13210422344814587,100.0,0.03
cytod/island06,mechanics_source_pde,kin_spatial_shifted,grad_div_u,-0.0007826828311251421,0.0005955940462405363,-1.314121314787368,0.13210422344814587,100.0,0.03
cytod/island06,mechanics_source_pde,kin_spatial_shifted,stress_div,0.0004211419461621094,16.03531386285501,2.6263405241955592e-05,0.13210422344814587,100.0,0.03
cytod/island06,mechanics_source_pde,kin_wrong_island,u_prev,-0.014266923162039803,0.11362450195900627,-0.1255620303373216,0.13210279979943304,100.0,0.03
cytod/island06,mechanics_source_pde,kin_wrong_island,lap_u,-0.00982696989534063,0.000762318003456911,-12.890906223882833,0.13210279979943304,100.0,0.03
cytod/island06,mechanics_source_pde,kin_wrong_island,stress_div,0.00042391294659387997,16.03531386285501,2.6436211365706586e-05,0.13210279979943304,100.0,0.03
cytod/island06,full_sparse_pde,real,u_prev,-0.03180020723797865,0.11414801448480805,-0.2785874759320578,0.1266027369778088,100.0,0.0
cytod/island06,full_sparse_pde,real,lap_u,0.007742014024635658,0.0007653630142076189,10.115479688616745,0.1266027369778088,100.0,0.0
cytod/island06,full_sparse_pde,real,grad_div_u,0.003038965579237369,0.0005955940462405364,5.102410943191418,0.1266027369778088,100.0,0.0
cytod/island06,full_sparse_pde,real,advect_v_u,-0.005617259306770438,0.0025949438376430757,-2.164693981150844,0.1266027369778088,100.0,0.0
cytod/island06,full_sparse_pde,real,advect_u_u,0.0009223844159262738,0.003740686772570497,0.24658156964381078,0.1266027369778088,100.0,0.0
cytod/island06,full_sparse_pde,real,cubic_u,-0.009065468860308502,0.09163574936521784,-0.0989293908011569,0.1266027369778088,100.0,0.0
cytod/island06,full_sparse_pde,real,boundary_normal,-4.346840805558234e-05,0.29118833004714273,-0.0001492793617400289,0.1266027369778088,100.0,0.0
cytod/island06,full_sparse_pde,real,traction,-0.0009831004238319255,91.17664508751122,-1.0782371109271974e-05,0.1266027369778088,100.0,0.0
cytod/island06,full_sparse_pde,real,stress_div,0.0022010100563409295,16.03531386285501,0.0001372601793245505,0.1266027369778088,100.0,0.0
cytod/island06,full_sparse_pde,real,force_balance,-0.00048184270994290314,34.17726199376966,-1.4098341465467321e-05,0.1266027369778088,100.0,0.0
cytod/island06,full_sparse_pde,time_shuffled,u_prev,-0.03179162143808266,0.11414801448480805,-0.2785122595567688,0.12660746898931838,100.0,0.01
cytod/island06,full_sparse_pde,time_shuffled,lap_u,0.00774029414845892,0.0007653630142076189,10.113232550794807,0.12660746898931838,100.0,0.01
cytod/island06,full_sparse_pde,time_shuffled,grad_div_u,0.0030395451115587803,0.0005955940462405364,5.10338397562025,0.12660746898931838,100.0,0.01
cytod/island06,full_sparse_pde,time_shuffled,advect_v_u,-0.005616812333005375,0.0025949438376430757,-2.1645217331975046,0.12660746898931838,100.0,0.01
cytod/island06,full_sparse_pde,time_shuffled,advect_u_u,0.0009204369411224839,0.003740686772570497,0.24606095005650125,0.12660746898931838,100.0,0.01
cytod/island06,full_sparse_pde,time_shuffled,cubic_u,-0.009070679318063808,0.09163574936521784,-0.09898625133638907,0.12660746898931838,100.0,0.01
cytod/island06,full_sparse_pde,time_shuffled,traction,-0.0010352817533937186,91.17664508751122,-1.1354681370432708e-05,0.12660746898931838,100.0,0.01
cytod/island06,full_sparse_pde,time_shuffled,stress_div,0.0013749660139425962,16.03531386285501,8.574612419203314e-05,0.12660746898931838,100.0,0.01
cytod/island06,full_sparse_pde,spatial_shifted,u_prev,-0.03182849033559903,0.11414801448480805,-0.2788352515744817,0.12656096025753436,0.01,0.03
cytod/island06,full_sparse_pde,spatial_shifted,lap_u,0.007736484608866399,0.0007653630142076189,10.108255122408794,0.12656096025753436,0.01,0.03
cytod/island06,full_sparse_pde,spatial_shifted,grad_div_u,0.0030440543342145237,0.0005955940462405364,5.110954942261382,0.12656096025753436,0.01,0.03
cytod/island06,full_sparse_pde,spatial_shifted,advect_v_u,-0.005052641415983728,0.0025949438376430757,-1.9471101234209827,0.12656096025753436,0.01,0.03
cytod/island06,full_sparse_pde,spatial_shifted,cubic_u,-0.00906630507214583,0.09163574936521784,-0.09893851618991752,0.12656096025753436,0.01,0.03
cytod/island06,full_sparse_pde,spatial_shifted,traction,0.04770326169661312,91.17664508751122,0.0005231960624437058,0.12656096025753436,0.01,0.03
cytod/island06,full_sparse_pde,spatial_shifted,stress_div,0.043266705454024786,16.03531386285501,0.0026982138188295715,0.12656096025753436,0.01,0.03
cytod/island06,full_sparse_pde,spatial_shifted,force_balance,-0.09074105794293073,34.17726199376966,-0.0026550125039118805,0.12656096025753436,0.01,0.03
cytod/island06,full_sparse_pde,wrong_island,u_prev,-0.031789864048408646,0.11414801448480805,-0.2784968638472425,0.1266072901002463,100.0,0.01
cytod/island06,full_sparse_pde,wrong_island,lap_u,0.007740425187092318,0.0007653630142076189,10.113403761881527,0.1266072901002463,100.0,0.01
cytod/island06,full_sparse_pde,wrong_island,grad_div_u,0.0030409950205755056,0.0005955940462405364,5.105818367007937,0.1266072901002463,100.0,0.01
cytod/island06,full_sparse_pde,wrong_island,advect_v_u,-0.005616265605638281,0.0025949438376430757,-2.1643110437177704,0.1266072901002463,100.0,0.01
cytod/island06,full_sparse_pde,wrong_island,advect_u_u,0.0009191900736725981,0.003740686772570497,0.24572762424611028,0.1266072901002463,100.0,0.01
cytod/island06,full_sparse_pde,wrong_island,cubic_u,-0.009070539215285889,0.09163574936521784,-0.09898472242677803,0.1266072901002463,100.0,0.01
cytod/island06,full_sparse_pde,wrong_island,force_balance,6.794386807082685e-05,34.52125798627757,1.968174743163618e-06,0.1266072901002463,100.0,0.01
cytod/island06,full_sparse_pde,kin_time_shuffled,u_prev,-0.0036899150380561136,0.11414801448480807,-0.03232570496044154,0.13125717049635177,0.01,0.01
cytod/island06,full_sparse_pde,kin_time_shuffled,lap_u,0.003558629991118578,0.0007653630142076189,4.6495975439874515,0.13125717049635177,0.01,0.01
cytod/island06,full_sparse_pde,kin_time_shuffled,grad_div_u,-0.0013565738655632637,0.0005955940462405365,-2.27768204555792,0.13125717049635177,0.01,0.01
cytod/island06,full_sparse_pde,kin_time_shuffled,cubic_u,0.0031065132030412774,0.09163574936521783,0.033900668948099594,0.13125717049635177,0.01,0.01
cytod/island06,full_sparse_pde,kin_time_shuffled,traction,0.040108240366670316,91.17664508751122,0.0004398959879273303,0.13125717049635177,0.01,0.01
cytod/island06,full_sparse_pde,kin_time_shuffled,stress_div,0.03628642111624979,16.03531386285501,0.002262906820945079,0.13125717049635177,0.01,0.01
cytod/island06,full_sparse_pde,kin_time_shuffled,force_balance,-0.07571053179284251,34.17726199376966,-0.00221523104474092,0.13125717049635177,0.01,0.01
cytod/island06,full_sparse_pde,kin_spatial_shifted,u_prev,-0.02372029162692171,0.11414801448480803,-0.20780292792634292,0.1322079473917876,0.01,0.03
cytod/island06,full_sparse_pde,kin_spatial_shifted,lap_u,-0.01242322819523309,0.0007653630142076189,-16.231811525534546,0.1322079473917876,0.01,0.03
cytod/island06,full_sparse_pde,kin_spatial_shifted,cubic_u,0.004520255426168734,0.09163574936521784,0.04932851488072717,0.1322079473917876,0.01,0.03
cytod/island06,full_sparse_pde,kin_spatial_shifted,traction,0.03722553686488602,91.17664508751122,0.0004082793003532539,0.1322079473917876,0.01,0.03
cytod/island06,full_sparse_pde,kin_spatial_shifted,stress_div,0.03350384692496765,16.03531386285501,0.0020893789302482944,0.1322079473917876,0.01,0.03
cytod/island06,full_sparse_pde,kin_spatial_shifted,force_balance,-0.0700897204061658,34.17726199376966,-0.002050770492350815,0.1322079473917876,0.01,0.03
cytod/island06,full_sparse_pde,kin_wrong_island,u_prev,-0.015577059044874313,0.11362450195900627,-0.1370924296811813,0.1321203870918988,100.0,0.0
cytod/island06,full_sparse_pde,kin_wrong_island,lap_u,-0.00920064100268039,0.000762318003456911,-12.069295177285477,0.1321203870918988,100.0,0.0
cytod/island06,full_sparse_pde,kin_wrong_island,grad_div_u,8.977892467989799e-05,0.0005921509418177169,0.1516149318352935,0.1321203870918988,100.0,0.0
cytod/island06,full_sparse_pde,kin_wrong_island,advect_v_u,0.0010270696107304773,0.0026041660251971198,0.3943948276695355,0.1321203870918988,100.0,0.0
cytod/island06,full_sparse_pde,kin_wrong_island,advect_u_u,-0.001241260256899386,0.0037489546753068067,-0.3310950289890618,0.1321203870918988,100.0,0.0
cytod/island06,full_sparse_pde,kin_wrong_island,cubic_u,0.002672371630996041,0.08968042537239031,0.029798828673026988,0.1321203870918988,100.0,0.0
cytod/island06,full_sparse_pde,kin_wrong_island,boundary_normal,-7.544579582684237e-05,0.29118833004714273,-0.00025909622069891287,0.1321203870918988,100.0,0.0
cytod/island06,full_sparse_pde,kin_wrong_island,traction,0.00011778148673851805,91.17664508751122,1.291794479007991e-06,0.1321203870918988,100.0,0.0
cytod/island06,full_sparse_pde,kin_wrong_island,stress_div,0.0007219161699566933,16.03531386285501,4.502039536806171e-05,0.1321203870918988,100.0,0.0
cytod/island06,full_sparse_pde,kin_wrong_island,force_balance,-0.00041688087481919225,34.17726199376966,-1.2197608892578565e-05,0.1321203870918988,100.0,0.0
high_density/island01,relaxation,real,u_prev,-0.04408398788512252,0.1147092271490155,-0.38431073925599957,0.09217221196888786,0.01,0.0
high_density/island01,relaxation,kin_time_shuffled,u_prev,-0.003633013593558893,0.11470922714901549,-0.031671502666819895,0.10234299003946676,100.0,0.0
high_density/island01,relaxation,kin_spatial_shifted,u_prev,-0.012434961374288686,0.11470922714901549,-0.10840419453035616,0.10190346289970721,100.0,0.0
high_density/island01,relaxation,kin_wrong_island,u_prev,-0.0077795488059048,0.11377104471107058,-0.06837898716375068,0.10133750715074463,100.0,0.0
high_density/island01,isotropic_pde,real,u_prev,-0.035995414152204044,0.1147092271490155,-0.31379702441411644,0.09181965076645741,0.01,0.0
high_density/island01,isotropic_pde,real,lap_u,0.012426849376683964,0.000772894065766475,16.078334570159136,0.09181965076645741,0.01,0.0
high_density/island01,helmholtz_pde,real,u_prev,-0.03598279311206332,0.1147092271490155,-0.3136869980417451,0.09175207237756021,0.01,0.0
high_density/island01,helmholtz_pde,real,lap_u,0.00995434464011475,0.000772894065766475,12.879313066329573,0.09175207237756021,0.01,0.0
high_density/island01,helmholtz_pde,real,grad_div_u,0.003729883740874282,0.0006017579477591517,6.198312385841781,0.09175207237756021,0.01,0.0
high_density/island01,helmholtz_pde,kin_time_shuffled,u_prev,-0.0025517655369987546,0.11470922714901549,-0.022245512417966417,0.10230558081735144,100.0,0.0
high_density/island01,helmholtz_pde,kin_time_shuffled,lap_u,0.0027807737335942056,0.000772894065766475,3.597871761166295,0.10230558081735144,100.0,0.0
high_density/island01,helmholtz_pde,kin_time_shuffled,grad_div_u,-0.0016746097608397517,0.0006017579477591517,-2.782862722587587,0.10230558081735144,100.0,0.0
high_density/island01,helmholtz_pde,kin_spatial_shifted,u_prev,-0.021052151357077623,0.11470922714901549,-0.18352622435272248,0.10151425615076284,100.0,0.0
high_density/island01,helmholtz_pde,kin_spatial_shifted,lap_u,-0.012752170688256959,0.000772894065766475,-16.499247766394348,0.10151425615076284,100.0,0.0
high_density/island01,helmholtz_pde,kin_spatial_shifted,grad_div_u,-0.0007383764898190687,0.0006017579477591518,-1.2270323849791465,0.10151425615076284,100.0,0.0
high_density/island01,helmholtz_pde,kin_wrong_island,u_prev,-0.014001917286452953,0.11377104471107058,-0.12307100916592431,0.10124902295113268,100.0,0.0
high_density/island01,helmholtz_pde,kin_wrong_island,lap_u,-0.009546287307737362,0.0007608205702848689,-12.547356999250178,0.10124902295113268,100.0,0.0
high_density/island01,helmholtz_pde,kin_wrong_island,grad_div_u,-0.00012612937672592937,0.0005892329808503534,-0.2140568855190444,0.10124902295113268,100.0,0.0
high_density/island01,advective_pde,real,u_prev,-0.03143945753918498,0.1147092271490155,-0.2740795864516014,0.09206561887966262,0.01,0.0
high_density/island01,advective_pde,real,lap_u,0.008059276461168545,0.000772894065766475,10.427401138312794,0.09206561887966262,0.01,0.0
high_density/island01,advective_pde,real,grad_div_u,0.0030206001514561883,0.0006017579477591517,5.019626517114414,0.09206561887966262,0.01,0.0
high_density/island01,advective_pde,real,advect_v_u,-0.005751196083705665,0.0026249543235301225,-2.1909699655159227,0.09206561887966262,0.01,0.0
high_density/island01,advective_pde,real,advect_u_u,0.000710951835904347,0.003780631099888251,0.1880510997027352,0.09206561887966262,0.01,0.0
high_density/island01,advective_pde,real,cubic_u,-0.009396129266008246,0.09245785408714222,-0.1016260798909774,0.09206561887966262,0.01,0.0
high_density/island01,advective_pde,kin_time_shuffled,u_prev,-0.004099100278699432,0.11470922714901549,-0.035734704004015364,0.10233970156288019,100.0,0.0
high_density/island01,advective_pde,kin_time_shuffled,lap_u,0.0034242562791940907,0.000772894065766475,4.430434170559032,0.10233970156288019,100.0,0.0
high_density/island01,advective_pde,kin_time_shuffled,grad_div_u,-0.0014094594315026473,0.0006017579477591517,-2.3422365034832424,0.10233970156288019,100.0,0.0
high_density/island01,advective_pde,kin_time_shuffled,advect_v_u,0.0002670968083118822,0.0026249543235301225,0.10175293562925006,0.10233970156288019,100.0,0.0
high_density/island01,advective_pde,kin_time_shuffled,advect_u_u,-0.00044765338777593723,0.0037806310998882505,-0.11840705320050114,0.10233970156288019,100.0,0.0
high_density/island01,advective_pde,kin_time_shuffled,cubic_u,0.0032573799104771897,0.09245785408714222,0.035230970290604895,0.10233970156288019,100.0,0.0
high_density/island01,advective_pde,kin_spatial_shifted,u_prev,-0.02309026216528174,0.11470922714901549,-0.2012938517603805,0.10147475653150184,100.0,0.03
high_density/island01,advective_pde,kin_spatial_shifted,lap_u,-0.012161692120666609,0.000772894065766475,-15.735263937634095,0.10147475653150184,100.0,0.03
high_density/island01,advective_pde,kin_spatial_shifted,cubic_u,0.004314514244886303,0.09245785408714224,0.04666465913020045,0.10147475653150184,100.0,0.03
high_density/island01,advective_pde,kin_wrong_island,u_prev,-0.015208229744580663,0.11377104471107058,-0.13367399221131362,0.10134452377270747,100.0,0.03
high_density/island01,advective_pde,kin_wrong_island,lap_u,-0.008998108262334662,0.0007608205702848689,-11.826846714943,0.10134452377270747,100.0,0.03
high_density/island01,advective_pde,kin_wrong_island,advect_v_u,0.0009899008961516567,0.0025916138290898697,0.38196311697383284,0.10134452377270747,100.0,0.03
high_density/island01,advective_pde,kin_wrong_island,advect_u_u,-0.0012025601366692862,0.0037149812983830227,-0.32370556944464585,0.10134452377270747,100.0,0.03
high_density/island01,advective_pde,kin_wrong_island,cubic_u,0.002466010815301219,0.0891698493027157,0.02765520895891114,0.10134452377270747,100.0,0.03
high_density/island01,boundary_pde,real,u_prev,-0.03143945753918498,0.1147092271490155,-0.2740795864516014,0.09206561887966262,0.01,0.01
high_density/island01,boundary_pde,real,lap_u,0.008059276461168545,0.000772894065766475,10.427401138312794,0.09206561887966262,0.01,0.01
high_density/island01,boundary_pde,real,grad_div_u,0.0030206001514561883,0.0006017579477591517,5.019626517114414,0.09206561887966262,0.01,0.01
high_density/island01,boundary_pde,real,advect_v_u,-0.005751196083705665,0.0026249543235301225,-2.1909699655159227,0.09206561887966262,0.01,0.01
high_density/island01,boundary_pde,real,advect_u_u,0.000710951835904347,0.003780631099888251,0.1880510997027352,0.09206561887966262,0.01,0.01
high_density/island01,boundary_pde,real,cubic_u,-0.009396129266008246,0.09245785408714222,-0.1016260798909774,0.09206561887966262,0.01,0.01
high_density/island01,mechanics_source_pde,real,u_prev,-0.03599124741602574,0.1147092271490155,-0.3137607000810016,0.09174220848010387,0.01,0.0
high_density/island01,mechanics_source_pde,real,lap_u,0.00995467577189558,0.000772894065766475,12.879741497333894,0.09174220848010387,0.01,0.0
high_density/island01,mechanics_source_pde,real,grad_div_u,0.0037278897151392524,0.0006017579477591517,6.194998718373899,0.09174220848010387,0.01,0.0
high_density/island01,mechanics_source_pde,real,traction,0.06393341175820778,91.60666239278771,0.0006979122488283268,0.09174220848010387,0.01,0.0
high_density/island01,mechanics_source_pde,real,stress_div,0.05956086251426817,16.14008579296937,0.003690244480621839,0.09174220848010387,0.01,0.0
high_density/island01,mechanics_source_pde,real,force_balance,-0.12235017161091252,34.36503763188278,-0.0035603095483707535,0.09174220848010387,0.01,0.0
high_density/island01,mechanics_source_pde,time_shuffled,u_prev,-0.035984667681261524,0.1147092271490155,-0.31370333996335675,0.09174968369547495,0.01,0.0
high_density/island01,mechanics_source_pde,time_shuffled,lap_u,0.009954017080135859,0.000772894065766475,12.878889256659658,0.09174968369547495,0.01,0.0
high_density/island01,mechanics_source_pde,time_shuffled,grad_div_u,0.0037284885307835463,0.0006017579477591517,6.195993828860638,0.09174968369547495,0.01,0.0
high_density/island01,mechanics_source_pde,time_shuffled,traction,-0.00332563286961484,91.6066623927877,-3.630339521982924e-05,0.09174968369547495,0.01,0.0
high_density/island01,mechanics_source_pde,time_shuffled,stress_div,-0.0007760001274288099,16.14008579296937,-4.8079058400472445e-05,0.09174968369547495,0.01,0.0
high_density/island01,mechanics_source_pde,time_shuffled,force_balance,0.004423925251804366,34.36503763188278,0.00012873331608692873,0.09174968369547495,0.01,0.0
high_density/island01,mechanics_source_pde,spatial_shifted,u_prev,-0.03598037034740388,0.1147092271490155,-0.3136658771195695,0.09175206897095288,10.0,0.0
high_density/island01,mechanics_source_pde,spatial_shifted,lap_u,0.009955381102837276,0.000772894065766475,12.88065408157142,0.09175206897095288,10.0,0.0
high_density/island01,mechanics_source_pde,spatial_shifted,grad_div_u,0.0037300340524174655,0.0006017579477591517,6.198562173225136,0.09175206897095288,10.0,0.0
high_density/island01,mechanics_source_pde,spatial_shifted,traction,0.008119458534915639,91.6066623927877,8.863393035870384e-05,0.09175206897095288,10.0,0.0
high_density/island01,mechanics_source_pde,spatial_shifted,stress_div,0.00832292556653727,16.14008579296937,0.000515667987970841,0.09175206897095288,10.0,0.0
high_density/island01,mechanics_source_pde,spatial_shifted,force_balance,-0.016441544516058507,34.36503763188277,-0.0004784381350656393,0.09175206897095288,10.0,0.0
high_density/island01,mechanics_source_pde,wrong_island,u_prev,-0.03598297395810071,0.1147092271490155,-0.3136885746022528,0.09175206780162734,0.01,0.0
high_density/island01,mechanics_source_pde,wrong_island,lap_u,0.009955739798464314,0.000772894065766475,12.881118175737651,0.09175206780162734,0.01,0.0
high_density/island01,mechanics_source_pde,wrong_island,grad_div_u,0.0037287415472875302,0.0006017579477591517,6.196414291116144,0.09175206780162734,0.01,0.0
high_density/island01,mechanics_source_pde,wrong_island,traction,0.0529276567517065,92.61061307659531,0.0005715074654341366,0.09175206780162734,0.01,0.0
high_density/island01,mechanics_source_pde,wrong_island,stress_div,0.046412024582843305,16.26236920336166,0.0028539522133865514,0.09175206780162734,0.01,0.0
high_density/island01,mechanics_source_pde,wrong_island,force_balance,-0.0989999778585791,34.68458240830444,-0.0028542934925137164,0.09175206780162734,0.01,0.0
high_density/island01,mechanics_source_pde,kin_time_shuffled,u_prev,-0.002556755506683682,0.11470922714901549,-0.02228901344930407,0.10230245483574563,0.01,0.0
high_density/island01,mechanics_source_pde,kin_time_shuffled,lap_u,0.002784710899299007,0.000772894065766475,3.602965817233211,0.10230245483574563,0.01,0.0
high_density/island01,mechanics_source_pde,kin_time_shuffled,grad_div_u,-0.0016798354303903884,0.0006017579477591517,-2.791546728457549,0.10230245483574563,0.01,0.0
high_density/island01,mechanics_source_pde,kin_time_shuffled,traction,0.05525246002987095,91.60666239278771,0.0006031489259259492,0.10230245483574563,0.01,0.0
high_density/island01,mechanics_source_pde,kin_time_shuffled,stress_div,0.049531048082484305,16.14008579296937,0.0030688218586830598,0.10230245483574563,0.01,0.0
high_density/island01,mechanics_source_pde,kin_time_shuffled,force_balance,-0.10401490494522274,34.36503763188278,-0.0030267653438773206,0.10230245483574563,0.01,0.0
high_density/island01,mechanics_source_pde,kin_spatial_shifted,u_prev,-0.02107703306053522,0.11470922714901549,-0.1837431354424056,0.10151123656701157,0.01,0.0
high_density/island01,mechanics_source_pde,kin_spatial_shifted,lap_u,-0.012780069348182394,0.000772894065766475,-16.535344123141204,0.10151123656701157,0.01,0.0
high_density/island01,mechanics_source_pde,kin_spatial_shifted,grad_div_u,-0.0007314224399790833,0.0006017579477591518,-1.215476160643629,0.10151123656701157,0.01,0.0
high_density/island01,mechanics_source_pde,kin_spatial_shifted,traction,0.04942730612618351,91.60666239278771,0.0005395601677337714,0.10151123656701157,0.01,0.0
high_density/island01,mechanics_source_pde,kin_spatial_shifted,stress_div,0.044266576204041404,16.14008579296937,0.0027426481353230447,0.10151123656701157,0.01,0.0
high_density/island01,mechanics_source_pde,kin_spatial_shifted,force_balance,-0.09298500820141384,34.36503763188278,-0.002705802600813838,0.10151123656701157,0.01,0.0
high_density/island01,mechanics_source_pde,kin_wrong_island,u_prev,-0.014002457830074711,0.11377104471107058,-0.12307576031876054,0.10124588506486792,100.0,0.0
high_density/island01,mechanics_source_pde,kin_wrong_island,lap_u,-0.009546028927078875,0.0007608205702848689,-12.547017391373396,0.10124588506486792,100.0,0.0
high_density/island01,mechanics_source_pde,kin_wrong_island,grad_div_u,-0.00012653000781402265,0.0005892329808503534,-0.21473680517920174,0.10124588506486792,100.0,0.0
high_density/island01,mechanics_source_pde,kin_wrong_island,traction,0.0002886492784326392,91.60666239278771,3.1509638152188027e-06,0.10124588506486792,100.0,0.0
high_density/island01,mechanics_source_pde,kin_wrong_island,stress_div,0.0007053107630406545,16.14008579296937,4.369931932752726e-05,0.10124588506486792,100.0,0.0
high_density/island01,mechanics_source_pde,kin_wrong_island,force_balance,-0.0005672125951581435,34.36503763188278,-1.6505513575573733e-05,0.10124588506486792,100.0,0.0
high_density/island01,full_sparse_pde,real,u_prev,-0.031449786949821534,0.1147092271490155,-0.27416963509802056,0.09205665144057043,0.01,0.0
high_density/island01,full_sparse_pde,real,lap_u,0.008060570691720833,0.000772894065766475,10.429075663463927,0.09205665144057043,0.01,0.0
high_density/island01,full_sparse_pde,real,grad_div_u,0.0030190340131043447,0.0006017579477591517,5.017023911934581,0.09205665144057043,0.01,0.0
high_density/island01,full_sparse_pde,real,advect_v_u,-0.005752156671442366,0.0026249543235301225,-2.1913359100689727,0.09205665144057043,0.01,0.0
high_density/island01,full_sparse_pde,real,advect_u_u,0.0007145005219342992,0.003780631099888251,0.1889897488161219,0.09205665144057043,0.01,0.0
high_density/island01,full_sparse_pde,real,cubic_u,-0.009391174213156044,0.09245785408714222,-0.10157248733357786,0.09205665144057043,0.01,0.0
high_density/island01,full_sparse_pde,real,boundary_normal,-2.1455297395001316e-05,0.29219636024197737,-7.34276682202115e-05,0.09205665144057043,0.01,0.0
high_density/island01,full_sparse_pde,real,traction,0.06162108885820244,91.60666239278771,0.0006726703849768674,0.09205665144057043,0.01,0.0
high_density/island01,full_sparse_pde,real,stress_div,0.057325649697198784,16.14008579296937,0.0035517561946399236,0.09205665144057043,0.01,0.0
high_density/island01,full_sparse_pde,real,force_balance,-0.11784868904763286,34.36503763188278,-0.0034293193655139964,0.09205665144057043,0.01,0.0
high_density/island01,full_sparse_pde,time_shuffled,u_prev,-0.031441088617842936,0.1147092271490155,-0.27409380569706665,0.09206333768777376,0.01,0.01
high_density/island01,full_sparse_pde,time_shuffled,lap_u,0.008059101514130152,0.000772894065766475,10.427174785121403,0.09206333768777376,0.01,0.01
high_density/island01,full_sparse_pde,time_shuffled,grad_div_u,0.003019211760531644,0.0006017579477591517,5.0173192922082634,0.09206333768777376,0.01,0.01
high_density/island01,full_sparse_pde,time_shuffled,advect_v_u,-0.005752557867852298,0.0026249543235301225,-2.191488749456057,0.09206333768777376,0.01,0.01
high_density/island01,full_sparse_pde,time_shuffled,advect_u_u,0.0007121080732073537,0.003780631099888251,0.18835693152616834,0.09206333768777376,0.01,0.01
high_density/island01,full_sparse_pde,time_shuffled,cubic_u,-0.009396160138375827,0.09245785408714222,-0.10162641379844135,0.09206333768777376,0.01,0.01
high_density/island01,full_sparse_pde,time_shuffled,traction,-0.013621363068268036,91.6066623927877,-0.00014869402194638261,0.09206333768777376,0.01,0.01
high_density/island01,full_sparse_pde,time_shuffled,stress_div,-0.00987176003983873,16.14008579296937,-0.0006116299607365702,0.09206333768777376,0.01,0.01
high_density/island01,full_sparse_pde,time_shuffled,force_balance,0.023761373511735455,34.36503763188278,0.0006914403460361823,0.09206333768777376,0.01,0.01
high_density/island01,full_sparse_pde,spatial_shifted,u_prev,-0.031436977348561004,0.1147092271490155,-0.2740579649074099,0.09206565549560358,10.0,0.01
high_density/island01,full_sparse_pde,spatial_shifted,lap_u,0.0080601174323876,0.000772894065766475,10.428489219145995,0.09206565549560358,10.0,0.01
high_density/island01,full_sparse_pde,spatial_shifted,grad_div_u,0.0030206129167187523,0.0006017579477591517,5.019647730398944,0.09206565549560358,10.0,0.01
high_density/island01,full_sparse_pde,spatial_shifted,advect_v_u,-0.005750733222931346,0.0026249543235301225,-2.1907936345336387,0.09206565549560358,10.0,0.01
high_density/island01,full_sparse_pde,spatial_shifted,advect_u_u,0.000710472647310387,0.003780631099888251,0.18792435139503227,0.09206565549560358,10.0,0.01
high_density/island01,full_sparse_pde,spatial_shifted,cubic_u,-0.009396896673624014,0.09245785408714222,-0.10163437997130421,0.09206565549560358,10.0,0.01
high_density/island01,full_sparse_pde,spatial_shifted,traction,0.00815174729230248,91.6066623927877,8.898640207357098e-05,0.09206565549560358,10.0,0.01
high_density/island01,full_sparse_pde,spatial_shifted,stress_div,0.008460465365460855,16.14008579296937,0.0005241896154694691,0.09206565549560358,10.0,0.01
high_density/island01,full_sparse_pde,spatial_shifted,force_balance,-0.016607297608232995,34.36503763188277,-0.0004832614410648944,0.09206565549560358,10.0,0.01
high_density/island01,full_sparse_pde,wrong_island,u_prev,-0.03143938201967911,0.1147092271490155,-0.2740789280956195,0.09206570643226014,1.0,0.01
high_density/island01,full_sparse_pde,wrong_island,lap_u,0.008059537149991934,0.000772894065766475,10.42773842751572,0.09206570643226014,1.0,0.01
high_density/island01,full_sparse_pde,wrong_island,grad_div_u,0.0030203495966320795,0.0006017579477591517,5.01921014567297,0.09206570643226014,1.0,0.01
high_density/island01,full_sparse_pde,wrong_island,advect_v_u,-0.005751287685066366,0.0026249543235301225,-2.191004861879597,0.09206570643226014,1.0,0.01
high_density/island01,full_sparse_pde,wrong_island,advect_u_u,0.0007104925783731847,0.003780631099888251,0.18792962328278623,0.09206570643226014,1.0,0.01
high_density/island01,full_sparse_pde,wrong_island,cubic_u,-0.009396099789960097,0.09245785408714222,-0.1016257610857397,0.09206570643226014,1.0,0.01
high_density/island01,full_sparse_pde,wrong_island,traction,0.013974712877752642,92.61061307659531,0.0001508975312170172,0.09206570643226014,1.0,0.01
high_density/island01,full_sparse_pde,wrong_island,stress_div,0.012169969002750407,16.26236920336166,0.0007483515378703063,0.09206570643226014,1.0,0.01
high_density/island01,full_sparse_pde,wrong_island,force_balance,-0.026003131872528507,34.68458240830444,-0.0007497028958406212,0.09206570643226014,1.0,0.01
high_density/island01,full_sparse_pde,kin_time_shuffled,u_prev,-0.004101818616361598,0.11470922714901549,-0.035758401641334765,0.10232566914008635,1.0,0.03
high_density/island01,full_sparse_pde,kin_time_shuffled,lap_u,0.0034267292972842813,0.000772894065766475,4.433633856259475,0.10232566914008635,1.0,0.03
high_density/island01,full_sparse_pde,kin_time_shuffled,grad_div_u,-0.0014155479870820117,0.0006017579477591517,-2.3523544514090444,0.10232566914008635,1.0,0.03
high_density/island01,full_sparse_pde,kin_time_shuffled,cubic_u,0.003266662281831993,0.09245785408714222,0.035331365994641616,0.10232566914008635,1.0,0.03
high_density/island01,full_sparse_pde,kin_time_shuffled,traction,0.021959940141381185,91.60666239278771,0.00023971990210954475,0.10232566914008635,1.0,0.03
high_density/island01,full_sparse_pde,kin_time_shuffled,stress_div,0.02022632013584621,16.14008579296937,0.0012531730249325443,0.10232566914008635,1.0,0.03
high_density/island01,full_sparse_pde,kin_time_shuffled,force_balance,-0.04160368697014922,34.36503763188278,-0.0012106399363157004,0.10232566914008635,1.0,0.03
high_density/island01,full_sparse_pde,kin_spatial_shifted,u_prev,-0.023121744277319178,0.11470922714901549,-0.20156830319571745,0.1014695826757214,0.01,0.03
high_density/island01,full_sparse_pde,kin_spatial_shifted,lap_u,-0.0121828806163131,0.000772894065766475,-15.762678426352517,0.1014695826757214,0.01,0.03
high_density/island01,full_sparse_pde,kin_spatial_shifted,cubic_u,0.004325434341849717,0.09245785408714224,0.046782768046649256,0.1014695826757214,0.01,0.03
high_density/island01,full_sparse_pde,kin_spatial_shifted,traction,0.048915045938416286,91.60666239278771,0.000533968214327907,0.1014695826757214,0.01,0.03
high_density/island01,full_sparse_pde,kin_spatial_shifted,stress_div,0.04377285761650007,16.14008579296937,0.002712058546526906,0.1014695826757214,0.01,0.03
high_density/island01,full_sparse_pde,kin_spatial_shifted,force_balance,-0.09197909965701777,34.36503763188278,-0.0026765313235589915,0.1014695826757214,0.01,0.03
high_density/island01,full_sparse_pde,kin_wrong_island,u_prev,-0.014020235780012822,0.11377104471107058,-0.12323202107898525,0.10133687097403435,0.01,0.03
high_density/island01,full_sparse_pde,kin_wrong_island,lap_u,-0.009646877792417926,0.0007608205702848689,-12.679570149905269,0.10133687097403435,0.01,0.03
high_density/island01,full_sparse_pde,kin_wrong_island,traction,0.05718962820306205,91.60666239278771,0.0006242955120212376,0.10133687097403435,0.01,0.03
high_density/island01,full_sparse_pde,kin_wrong_island,stress_div,0.05093335529624282,16.14008579296937,0.0031557053630055314,0.10133687097403435,0.01,0.03
high_density/island01,full_sparse_pde,kin_wrong_island,force_balance,-0.10736355866744425,34.36503763188278,-0.0031242089654467827,0.10133687097403435,0.01,0.03
high_density/island02,relaxation,real,u_prev,-0.04408116606520379,0.11437093216586282,-0.38542281006572965,0.059361520316996555,0.01,0.0
high_density/island02,relaxation,kin_time_shuffled,u_prev,-0.003411325258020312,0.11437093216586279,-0.02982685542051145,0.06797328222018884,100.0,0.0
high_density/island02,relaxation,kin_spatial_shifted,u_prev,-0.012802878076290315,0.11437093216586283,-0.11194171310699247,0.06666465467949696,0.01,0.0
high_density/island02,relaxation,kin_wrong_island,u_prev,-0.007813004389702451,0.1138937061371311,-0.06859908817345343,0.06814781775227512,100.0,0.0
high_density/island02,isotropic_pde,real,u_prev,-0.0362465875590344,0.11437093216586282,-0.31692132670973544,0.05979892030785799,0.01,0.0
high_density/island02,isotropic_pde,real,lap_u,0.012072705972735603,0.0007678760691824655,15.722206300281044,0.05979892030785799,0.01,0.0
high_density/island02,helmholtz_pde,real,u_prev,-0.03623762542975091,0.11437093216586282,-0.31684296650829463,0.05980291901581777,0.01,0.0
high_density/island02,helmholtz_pde,real,lap_u,0.009591636857170686,0.0007678760691824655,12.49112616230196,0.05980291901581777,0.01,0.0
high_density/island02,helmholtz_pde,real,grad_div_u,0.0037522592265100893,0.0005965443735864266,6.289991813939163,0.05980291901581777,0.01,0.0
high_density/island02,helmholtz_pde,kin_time_shuffled,u_prev,-0.0022044713951437666,0.11437093216586279,-0.019274752364060496,0.06791909539763423,100.0,0.0
high_density/island02,helmholtz_pde,kin_time_shuffled,lap_u,0.003008555279831124,0.0007678760691824657,3.9180219316305056,0.06791909539763423,100.0,0.0
high_density/island02,helmholtz_pde,kin_time_shuffled,grad_div_u,-0.0017264885779023488,0.0005965443735864266,-2.894149462047046,0.06791909539763423,100.0,0.0
high_density/island02,helmholtz_pde,kin_spatial_shifted,u_prev,-0.02160550670858181,0.11437093216586283,-0.18890732373544974,0.06575962974714175,0.01,0.0
high_density/island02,helmholtz_pde,kin_spatial_shifted,lap_u,-0.013124977535913011,0.0007678760691824655,-17.092572698465233,0.06575962974714175,0.01,0.0
high_density/island02,helmholtz_pde,kin_spatial_shifted,grad_div_u,-0.0006609210528753243,0.0005965443735864266,-1.1079159944160817,0.06575962974714175,0.01,0.0
high_density/island02,helmholtz_pde,kin_wrong_island,u_prev,-0.014074685848404768,0.1138937061371311,-0.12357738039939158,0.0685197186808007,100.0,0.0
high_density/island02,helmholtz_pde,kin_wrong_island,lap_u,-0.009647134867157578,0.0007637989122224948,-12.63046426589747,0.0685197186808007,100.0,0.0
high_density/island02,helmholtz_pde,kin_wrong_island,grad_div_u,-3.9013154924417866e-05,0.000593834632307269,-0.06569700182833259,0.0685197186808007,100.0,0.0
high_density/island02,advective_pde,real,u_prev,-0.031899129608547884,0.11437093216586282,-0.2789094134713109,0.06017346580654699,0.01,0.0
high_density/island02,advective_pde,real,lap_u,0.007738931442820309,0.0007678760691824655,10.07835997683808,0.06017346580654699,0.01,0.0
high_density/island02,advective_pde,real,grad_div_u,0.0031299308182923358,0.0005965443735864266,5.246769489208627,0.06017346580654699,0.01,0.0
high_density/island02,advective_pde,real,advect_v_u,-0.005470394041338273,0.0025891118179295907,-2.1128458042853975,0.06017346580654699,0.01,0.0
high_density/island02,advective_pde,real,advect_u_u,0.00031156450641843883,0.0037221795994225285,0.08370485574279543,0.06017346580654699,0.01,0.0
high_density/island02,advective_pde,real,cubic_u,-0.009000996712704143,0.09124238427773265,-0.09864929313230146,0.06017346580654699,0.01,0.0
high_density/island02,advective_pde,kin_time_shuffled,u_prev,-0.0036766354753521298,0.11437093216586279,-0.032146590097038,0.06800372057627821,100.0,0.0
high_density/island02,advective_pde,kin_time_shuffled,lap_u,0.0036301856153834054,0.0007678760691824657,4.727567065930774,0.06800372057627821,100.0,0.0
high_density/island02,advective_pde,kin_time_shuffled,grad_div_u,-0.0014798456346392294,0.0005965443735864266,-2.4806966592315556,0.06800372057627821,100.0,0.0
high_density/island02,advective_pde,kin_time_shuffled,advect_v_u,0.00023548668153298746,0.002589111817929591,0.09095268883415654,0.06800372057627821,100.0,0.0
high_density/island02,advective_pde,kin_time_shuffled,advect_u_u,-0.0005015044834957185,0.003722179599422528,-0.13473409063160832,0.06800372057627821,100.0,0.0
high_density/island02,advective_pde,kin_time_shuffled,cubic_u,0.0031139854568746498,0.09124238427773267,0.034128716402192984,0.06800372057627821,100.0,0.0
high_density/island02,advective_pde,kin_spatial_shifted,u_prev,-0.02371610661337733,0.11437093216586283,-0.20736131256658635,0.06560830655140329,0.01,0.0
high_density/island02,advective_pde,kin_spatial_shifted,lap_u,-0.012233879081389001,0.0007678760691824655,-15.932100989179208,0.06560830655140329,0.01,0.0
high_density/island02,advective_pde,kin_spatial_shifted,grad_div_u,-0.00031076862764385177,0.0005965443735864266,-0.5209480491375852,0.06560830655140329,0.01,0.0
high_density/island02,advective_pde,kin_spatial_shifted,advect_v_u,0.0004882615931083187,0.002589111817929591,0.18858265978591912,0.06560830655140329,0.01,0.0
high_density/island02,advective_pde,kin_spatial_shifted,advect_u_u,-0.00071154755292695,0.0037221795994225285,-0.19116421814716889,0.06560830655140329,0.01,0.0
high_density/island02,advective_pde,kin_spatial_shifted,cubic_u,0.004455882584927713,0.09124238427773267,0.04883566579501532,0.06560830655140329,0.01,0.0
high_density/island02,advective_pde,kin_wrong_island,u_prev,-0.015342303511139929,0.1138937061371311,-0.1347072110610518,0.06861528555970177,100.0,0.03
high_density/island02,advective_pde,kin_wrong_island,lap_u,-0.009017934279086759,0.0007637989122224948,-11.806686465219569,0.06861528555970177,100.0,0.03
high_density/island02,advective_pde,kin_wrong_island,advect_v_u,0.0010037650215511823,0.0026073247283116894,0.3849789060226289,0.06861528555970177,100.0,0.03
high_density/island02,advective_pde,kin_wrong_island,advect_u_u,-0.0012193262565479484,0.0037324444724293727,-0.32668302651380465,0.06861528555970177,100.0,0.03
high_density/island02,advective_pde,kin_wrong_island,cubic_u,0.0025725079439635405,0.08938817110873894,0.028779064523359984,0.06861528555970177,100.0,0.03
high_density/island02,boundary_pde,real,u_prev,-0.03189913457042271,0.11437093216586282,-0.27890945685536606,0.06017370212266533,0.01,0.0
high_density/island02,boundary_pde,real,lap_u,0.0077389321104758746,0.0007678760691824655,10.078360846321571,0.06017370212266533,0.01,0.0
high_density/island02,boundary_pde,real,grad_div_u,0.003129934797779259,0.0005965443735864266,5.2467761601070535,0.06017370212266533,0.01,0.0
high_density/island02,boundary_pde,real,advect_v_u,-0.0054703964472253295,0.0025891118179295907,-2.112846733517978,0.06017370212266533,0.01,0.0
high_density/island02,boundary_pde,real,advect_u_u,0.00031156477981253823,0.0037221795994225285,0.08370492919279754,0.06017370212266533,0.01,0.0
high_density/island02,boundary_pde,real,cubic_u,-0.009000992584683756,0.09124238427773265,-0.09864924788994595,0.06017370212266533,0.01,0.0
high_density/island02,boundary_pde,real,boundary_normal,2.064601357979052e-06,0.29208273176470007,7.068549877992382e-06,0.06017370212266533,0.01,0.0
high_density/island02,mechanics_source_pde,real,u_prev,-0.03624618825302866,0.11437093216586282,-0.31691783538551366,0.059800347707807094,0.01,0.0
high_density/island02,mechanics_source_pde,real,lap_u,0.009591943311078044,0.0007678760691824655,12.491525255228094,0.059800347707807094,0.01,0.0
high_density/island02,mechanics_source_pde,real,grad_div_u,0.003750279161806996,0.0005965443735864266,6.286672589434222,0.059800347707807094,0.01,0.0
high_density/island02,mechanics_source_pde,real,traction,0.06119378059421701,91.49252014727679,0.0006688391629797991,0.059800347707807094,0.01,0.0
high_density/island02,mechanics_source_pde,real,stress_div,0.05736220299376099,16.112855226651014,0.003560027207275012,0.059800347707807094,0.01,0.0
high_density/island02,mechanics_source_pde,real,force_balance,-0.11743566582183348,34.316339839724876,-0.0034221501002239464,0.059800347707807094,0.01,0.0
high_density/island02,mechanics_source_pde,time_shuffled,u_prev,-0.03623966467220044,0.11437093216586282,-0.3168607965846166,0.05980208312908005,0.01,0.0
high_density/island02,mechanics_source_pde,time_shuffled,lap_u,0.009591207672538647,0.0007678760691824655,12.490567237953016,0.05980208312908005,0.01,0.0
high_density/island02,mechanics_source_pde,time_shuffled,grad_div_u,0.0037508155738629695,0.0005965443735864266,6.287571788353404,0.05980208312908005,0.01,0.0
high_density/island02,mechanics_source_pde,time_shuffled,traction,0.0026229606727902342,91.49252014727679,2.866858043223662e-05,0.05980208312908005,0.01,0.0
high_density/island02,mechanics_source_pde,time_shuffled,stress_div,0.004588262151199749,16.11285522665101,0.00028475785865751863,0.05980208312908005,0.01,0.0
high_density/island02,mechanics_source_pde,time_shuffled,force_balance,-0.006854381319041996,34.316339839724876,-0.0001997410373908032,0.05980208312908005,0.01,0.0
high_density/island02,mechanics_source_pde,spatial_shifted,u_prev,-0.036246578565681004,0.11437093216586282,-0.3169212480765266,0.05979886976130843,0.01,0.03
high_density/island02,mechanics_source_pde,spatial_shifted,lap_u,0.01207317234468665,0.0007678760691824655,15.722813653433155,0.05979886976130843,0.01,0.03
high_density/island02,mechanics_source_pde,spatial_shifted,traction,0.11382110320931067,91.49252014727679,0.0012440481803986953,0.05979886976130843,0.01,0.03
high_density/island02,mechanics_source_pde,spatial_shifted,stress_div,0.10170993751962452,16.112855226651014,0.00631234725869032,0.05979886976130843,0.01,0.03
high_density/island02,mechanics_source_pde,spatial_shifted,force_balance,-0.2149205300620798,34.316339839724876,-0.006262921135117273,0.05979886976130843,0.01,0.03
high_density/island02,mechanics_source_pde,wrong_island,u_prev,-0.03623779268688555,0.11437093216586282,-0.3168444289177677,0.05980276973543895,0.01,0.0
high_density/island02,mechanics_source_pde,wrong_island,lap_u,0.009593015132460015,0.0007678760691824655,12.492921081227871,0.05980276973543895,0.01,0.0
high_density/island02,mechanics_source_pde,wrong_island,grad_div_u,0.00375112908876418,0.0005965443735864266,6.288097340039234,0.05980276973543895,0.01,0.0
high_density/island02,mechanics_source_pde,wrong_island,traction,0.052394584174155774,92.56070313043656,0.0005660564624311606,0.05980276973543895,0.01,0.0
high_density/island02,mechanics_source_pde,wrong_island,stress_div,0.0459205426664482,16.251799630313723,0.0028255666271441568,0.05980276973543895,0.01,0.0
high_density/island02,mechanics_source_pde,wrong_island,force_balance,-0.0979794853599696,34.6640097381012,-0.002826547941228932,0.05980276973543895,0.01,0.0
high_density/island02,mechanics_source_pde,kin_time_shuffled,u_prev,-0.0022084257945182368,0.11437093216586279,-0.01930932757735626,0.06791852191177941,100.0,0.0
high_density/island02,mechanics_source_pde,kin_time_shuffled,lap_u,0.003009018704699747,0.0007678760691824657,3.9186254468163826,0.06791852191177941,100.0,0.0
high_density/island02,mechanics_source_pde,kin_time_shuffled,grad_div_u,-0.0017277326022932138,0.0005965443735864266,-2.896234846548095,0.06791852191177941,100.0,0.0
high_density/island02,mechanics_source_pde,kin_time_shuffled,traction,1.544836139830657e-05,91.49252014727679,1.6884835365163323e-07,0.06791852191177941,100.0,0.0
high_density/island02,mechanics_source_pde,kin_time_shuffled,stress_div,0.000938062891473926,16.112855226651014,5.821829081678519e-05,0.06791852191177941,100.0,0.0
high_density/island02,mechanics_source_pde,kin_time_shuffled,force_balance,-0.0005178344324394234,34.316339839724876,-1.5090025185027862e-05,0.06791852191177941,100.0,0.0
high_density/island02,mechanics_source_pde,kin_spatial_shifted,u_prev,-0.021605556987147577,0.11437093216586283,-0.1889077633451024,0.06575885708316487,0.01,0.0
high_density/island02,mechanics_source_pde,kin_spatial_shifted,lap_u,-0.013125844800404395,0.0007678760691824655,-17.093702131359667,0.06575885708316487,0.01,0.0
high_density/island02,mechanics_source_pde,kin_spatial_shifted,grad_div_u,-0.0006608706269882119,0.0005965443735864266,-1.1078314644308112,0.06575885708316487,0.01,0.0
high_density/island02,mechanics_source_pde,kin_spatial_shifted,traction,0.04632571084449682,91.49252014727679,0.000506333313039423,0.06575885708316487,0.01,0.0
high_density/island02,mechanics_source_pde,kin_spatial_shifted,stress_div,0.0417019462491647,16.112855226651014,0.002588116486033386,0.06575885708316487,0.01,0.0
high_density/island02,mechanics_source_pde,kin_spatial_shifted,force_balance,-0.08734518673925751,34.316339839724876,-0.002545294374260334,0.06575885708316487,0.01,0.0
high_density/island02,mechanics_source_pde,kin_wrong_island,u_prev,-0.01407517619594248,0.1138937061371311,-0.12358168570786157,0.06851895884172703,100.0,0.0
high_density/island02,mechanics_source_pde,kin_wrong_island,lap_u,-0.009646841444098416,0.0007637989122224948,-12.630080103188584,0.06851895884172703,100.0,0.0
high_density/island02,mechanics_source_pde,kin_wrong_island,grad_div_u,-3.941509363983235e-05,0.000593834632307269,-0.06637385476608196,0.06851895884172703,100.0,0.0
high_density/island02,mechanics_source_pde,kin_wrong_island,traction,0.00016765827644150312,91.49252014727679,1.8324806899145552e-06,0.06851895884172703,100.0,0.0
high_density/island02,mechanics_source_pde,kin_wrong_island,stress_div,0.0007888178765006333,16.112855226651014,4.89558098428087e-05,0.06851895884172703,100.0,0.0
high_density/island02,mechanics_source_pde,kin_wrong_island,force_balance,-0.0005390058557073892,34.316339839724876,-1.570697394374885e-05,0.06851895884172703,100.0,0.0
high_density/island02,full_sparse_pde,real,u_prev,-0.031909548894275726,0.11437093216586282,-0.27900051429151523,0.060171531075494056,0.01,0.0
high_density/island02,full_sparse_pde,real,lap_u,0.007740201646564653,0.0007678760691824655,10.080014154895348,0.060171531075494056,0.01,0.0
high_density/island02,full_sparse_pde,real,grad_div_u,0.0031283157781649847,0.0005965443735864266,5.244062163150648,0.060171531075494056,0.01,0.0
high_density/island02,full_sparse_pde,real,advect_v_u,-0.005471279163614137,0.0025891118179295907,-2.113187667572156,0.060171531075494056,0.01,0.0
high_density/island02,full_sparse_pde,real,advect_u_u,0.0003150979170425328,0.0037221795994225285,0.08465414110899382,0.060171531075494056,0.01,0.0
high_density/island02,full_sparse_pde,real,cubic_u,-0.008996017862325146,0.09124238427773265,-0.09859472583423698,0.060171531075494056,0.01,0.0
high_density/island02,full_sparse_pde,real,boundary_normal,-5.2225822373761756e-05,0.29208273176470007,-0.00017880489564797188,0.060171531075494056,0.01,0.0
high_density/island02,full_sparse_pde,real,traction,0.05850225003478741,91.49252014727679,0.0006394211236133349,0.060171531075494056,0.01,0.0
high_density/island02,full_sparse_pde,real,stress_div,0.05481914868506616,16.112855226651014,0.003402199542784577,0.060171531075494056,0.01,0.0
high_density/island02,full_sparse_pde,real,force_balance,-0.11224793221705359,34.316339839724876,-0.003270976238762925,0.060171531075494056,0.01,0.0
high_density/island02,full_sparse_pde,time_shuffled,u_prev,-0.031900899765956905,0.11437093216586282,-0.278924890807864,0.06017314043693881,0.01,0.0
high_density/island02,full_sparse_pde,time_shuffled,lap_u,0.0077385704320967,0.0007678760691824655,10.077889834925735,0.06017314043693881,0.01,0.0
high_density/island02,full_sparse_pde,time_shuffled,grad_div_u,0.003128437513883644,0.0005965443735864266,5.244266231320678,0.06017314043693881,0.01,0.0
high_density/island02,full_sparse_pde,time_shuffled,advect_v_u,-0.005471290608938012,0.0025891118179295907,-2.1131920881320547,0.06017314043693881,0.01,0.0
high_density/island02,full_sparse_pde,time_shuffled,advect_u_u,0.00031257855746349766,0.0037221795994225285,0.08397729048646448,0.06017314043693881,0.01,0.0
high_density/island02,full_sparse_pde,time_shuffled,cubic_u,-0.009001159389579691,0.09124238427773265,-0.09865107604138298,0.06017314043693881,0.01,0.0
high_density/island02,full_sparse_pde,time_shuffled,boundary_normal,-2.533440570566423e-05,0.29208273176470007,-8.673708833315575e-05,0.06017314043693881,0.01,0.0
high_density/island02,full_sparse_pde,time_shuffled,traction,-0.0059903033747566335,91.49252014727679,-6.54731486805037e-05,0.06017314043693881,0.01,0.0
high_density/island02,full_sparse_pde,time_shuffled,stress_div,-0.0029976937531128083,16.11285522665101,-0.0001860436099589946,0.06017314043693881,0.01,0.0
high_density/island02,full_sparse_pde,time_shuffled,force_balance,0.009301031438533629,34.316339839724876,0.00027103798021508923,0.06017314043693881,0.01,0.0
high_density/island02,full_sparse_pde,spatial_shifted,u_prev,-0.031898759800200176,0.11437093216586282,-0.27890618005928297,0.060173660123031186,0.01,0.0
high_density/island02,full_sparse_pde,spatial_shifted,lap_u,0.0077388363617830105,0.0007678760691824655,10.078236153422928,0.060173660123031186,0.01,0.0
high_density/island02,full_sparse_pde,spatial_shifted,grad_div_u,0.0031304968673761925,0.0005965443735864266,5.24771836930694,0.060173660123031186,0.01,0.0
high_density/island02,full_sparse_pde,spatial_shifted,advect_v_u,-0.005470251637520626,0.0025891118179295907,-2.1127908032550593,0.060173660123031186,0.01,0.0
high_density/island02,full_sparse_pde,spatial_shifted,advect_u_u,0.0003113333632358786,0.0037221795994225285,0.08364275686325827,0.060173660123031186,0.01,0.0
high_density/island02,full_sparse_pde,spatial_shifted,cubic_u,-0.009001793456012097,0.09124238427773265,-0.0986580252945993,0.060173660123031186,0.01,0.0
high_density/island02,full_sparse_pde,spatial_shifted,boundary_normal,4.278982796890447e-06,0.29208273176470007,1.4649899947996814e-05,0.060173660123031186,0.01,0.0
high_density/island02,full_sparse_pde,spatial_shifted,traction,0.11607226023919295,91.49252014727679,0.0012686530008393015,0.060173660123031186,0.01,0.0
high_density/island02,full_sparse_pde,spatial_shifted,stress_div,0.10376719337473601,16.112855226651014,0.00644002517959094,0.060173660123031186,0.01,0.0
high_density/island02,full_sparse_pde,spatial_shifted,force_balance,-0.219215782207938,34.316339839724876,-0.006388087518418034,0.060173660123031186,0.01,0.0
high_density/island02,full_sparse_pde,wrong_island,u_prev,-0.03189944854048308,0.11437093216586282,-0.2789122020464248,0.06017353480595967,0.01,0.0
high_density/island02,full_sparse_pde,wrong_island,lap_u,0.007740254409866282,0.0007678760691824655,10.080082868199158,0.06017353480595967,0.01,0.0
high_density/island02,full_sparse_pde,wrong_island,grad_div_u,0.003128835831334523,0.0005965443735864266,5.244933939321148,0.06017353480595967,0.01,0.0
high_density/island02,full_sparse_pde,wrong_island,advect_v_u,-0.005470312565476951,0.0025891118179295907,-2.112814335632418,0.06017353480595967,0.01,0.0
high_density/island02,full_sparse_pde,wrong_island,advect_u_u,0.0003105385225196074,0.0037221795994225285,0.08342921512110416,0.06017353480595967,0.01,0.0
high_density/island02,full_sparse_pde,wrong_island,cubic_u,-0.009000787600549134,0.09124238427773265,-0.0986470013009704,0.06017353480595967,0.01,0.0
high_density/island02,full_sparse_pde,wrong_island,boundary_normal,1.9280775288916195e-06,0.29208273176470007,6.601134949822594e-06,0.06017353480595967,0.01,0.0
high_density/island02,full_sparse_pde,wrong_island,traction,0.05247972455391357,92.56070313043656,0.0005669762953286896,0.06017353480595967,0.01,0.0
high_density/island02,full_sparse_pde,wrong_island,stress_div,0.045958096914791545,16.251799630313723,0.002827877401901267,0.06017353480595967,0.01,0.0
high_density/island02,full_sparse_pde,wrong_island,force_balance,-0.09807634956229791,34.6640097381012,-0.0028293423150783556,0.06017353480595967,0.01,0.0
high_density/island02,full_sparse_pde,kin_time_shuffled,u_prev,-0.0037308536281561826,0.11437093216586279,-0.032620645451640035,0.0680030142308728,0.01,0.03
high_density/island02,full_sparse_pde,kin_time_shuffled,lap_u,0.00267947432146295,0.0007678760691824657,3.4894619444459374,0.0680030142308728,0.01,0.03
high_density/island02,full_sparse_pde,kin_time_shuffled,cubic_u,0.003241461452056634,0.09124238427773267,0.03552583021274357,0.0680030142308728,0.01,0.03
high_density/island02,full_sparse_pde,kin_time_shuffled,traction,0.05089728608486071,91.49252014727679,0.0005562999685977678,0.0680030142308728,0.01,0.03
high_density/island02,full_sparse_pde,kin_time_shuffled,stress_div,0.045919360120466476,16.112855226651014,0.0028498586671662544,0.0680030142308728,0.01,0.03
high_density/island02,full_sparse_pde,kin_time_shuffled,force_balance,-0.09607805118670759,34.316339839724876,-0.002799775606473242,0.0680030142308728,0.01,0.03
high_density/island02,full_sparse_pde,kin_spatial_shifted,u_prev,-0.02372683341023656,0.11437093216586283,-0.20745510210433074,0.0656075521533578,1.0,0.01
high_density/island02,full_sparse_pde,kin_spatial_shifted,lap_u,-0.0124338444317707,0.0007678760691824655,-16.19251456163836,0.0656075521533578,1.0,0.01
high_density/island02,full_sparse_pde,kin_spatial_shifted,advect_v_u,0.0004852816617654823,0.002589111817929591,0.1874317124524744,0.0656075521533578,1.0,0.01
high_density/island02,full_sparse_pde,kin_spatial_shifted,advect_u_u,-0.0007123217924871124,0.0037221795994225285,-0.1913722251869911,0.0656075521533578,1.0,0.01
high_density/island02,full_sparse_pde,kin_spatial_shifted,cubic_u,0.004480549633037618,0.09124238427773267,0.049106012173019006,0.0656075521533578,1.0,0.01
high_density/island02,full_sparse_pde,kin_spatial_shifted,traction,0.018322238120527894,91.49252014727679,0.00020025941017948057,0.0656075521533578,1.0,0.01
high_density/island02,full_sparse_pde,kin_spatial_shifted,stress_div,0.01695042436762477,16.112855226651014,0.0010519814228572226,0.0656075521533578,1.0,0.01
high_density/island02,full_sparse_pde,kin_spatial_shifted,force_balance,-0.03474913703074716,34.316339839724876,-0.0010126119858074514,0.0656075521533578,1.0,0.01
high_density/island02,full_sparse_pde,kin_wrong_island,u_prev,-0.014092755077947475,0.1138937061371311,-0.12373603033849313,0.06859926001434212,0.01,0.03
high_density/island02,full_sparse_pde,kin_wrong_island,lap_u,-0.009689777669932773,0.0007637989122224948,-12.686294147418396,0.06859926001434212,0.01,0.03
high_density/island02,full_sparse_pde,kin_wrong_island,traction,0.05308435167125074,91.49252014727679,0.000580204278839408,0.06859926001434212,0.01,0.03
high_density/island02,full_sparse_pde,kin_wrong_island,stress_div,0.04749357560538975,16.112855226651014,0.002947558017329811,0.06859926001434212,0.01,0.03
high_density/island02,full_sparse_pde,kin_wrong_island,force_balance,-0.09985197713994617,34.316339839724876,-0.002909750212473322,0.06859926001434212,0.01,0.03
high_density/island03,relaxation,real,u_prev,-0.04399337414035276,0.11438250606519411,-0.3846162814030149,0.06825268356600954,0.01,0.0
high_density/island03,relaxation,kin_time_shuffled,u_prev,-0.003575683249426077,0.11438250606519411,-0.03126075282340868,0.07469176906828241,0.01,0.0
high_density/island03,relaxation,kin_spatial_shifted,u_prev,-0.012600886285783982,0.11438250606519411,-0.1101644536324629,0.07470671936640987,100.0,0.0
high_density/island03,relaxation,kin_wrong_island,u_prev,-0.007985164919489298,0.112969355699016,-0.07068434506047955,0.074519921545651,0.01,0.0
high_density/island03,isotropic_pde,real,u_prev,-0.03601833019216871,0.11438250606519411,-0.31489369687038943,0.06798774610472148,0.01,0.0
high_density/island03,isotropic_pde,real,lap_u,0.012277202904820284,0.0007697152524595862,15.950317816347152,0.06798774610472148,0.01,0.0
high_density/island03,helmholtz_pde,real,u_prev,-0.03600984636346322,0.11438250606519411,-0.3148195261864506,0.06798855041007222,0.01,0.0
high_density/island03,helmholtz_pde,real,lap_u,0.009776464009742697,0.0007697152524595862,12.701403510587193,0.06798855041007222,0.01,0.0
high_density/island03,helmholtz_pde,real,grad_div_u,0.003775466533214712,0.0006002714031460071,6.289599193677374,0.06798855041007222,0.01,0.0
high_density/island03,helmholtz_pde,kin_time_shuffled,u_prev,-0.002474133350486144,0.11438250606519411,-0.021630347468309295,0.07474538102625289,100.0,0.0
high_density/island03,helmholtz_pde,kin_time_shuffled,lap_u,0.0027951776694548993,0.0007697152524595864,3.63144378459833,0.07474538102625289,100.0,0.0
high_density/island03,helmholtz_pde,kin_time_shuffled,grad_div_u,-0.0016539637684997235,0.000600271403146007,-2.7553599252460503,0.07474538102625289,100.0,0.0
high_density/island03,helmholtz_pde,kin_spatial_shifted,u_prev,-0.021241048930209328,0.11438250606519411,-0.18570190198580416,0.0746338866722819,100.0,0.0
high_density/island03,helmholtz_pde,kin_spatial_shifted,lap_u,-0.01287370203454595,0.0007697152524595862,-16.725278592841555,0.0746338866722819,100.0,0.0
high_density/island03,helmholtz_pde,kin_spatial_shifted,grad_div_u,-0.0006516769060436094,0.0006002714031460071,-1.0856371011982036,0.0746338866722819,100.0,0.0
high_density/island03,helmholtz_pde,kin_wrong_island,u_prev,-0.014352389344143566,0.112969355699016,-0.12704674869867014,0.07429401015380686,0.01,0.0
high_density/island03,helmholtz_pde,kin_wrong_island,lap_u,-0.009837288707945147,0.0007509628684557355,-13.09956739695312,0.07429401015380686,0.01,0.0
high_density/island03,helmholtz_pde,kin_wrong_island,grad_div_u,-6.899185677062111e-05,0.0005871910097704784,-0.1174947429756949,0.07429401015380686,0.01,0.0
high_density/island03,advective_pde,real,u_prev,-0.031558647175295274,0.11438250606519411,-0.27590449152519814,0.06782274957498595,0.01,0.0
high_density/island03,advective_pde,real,lap_u,0.007947943082896189,0.0007697152524595862,10.325822513584,0.06782274957498595,0.01,0.0
high_density/island03,advective_pde,real,grad_div_u,0.0030880982838632012,0.0006002714031460071,5.144503415752536,0.06782274957498595,0.01,0.0
high_density/island03,advective_pde,real,advect_v_u,-0.005682560321847576,0.002604727723464984,-2.181633139869319,0.06782274957498595,0.01,0.0
high_density/island03,advective_pde,real,advect_u_u,0.0004410758837708528,0.003736099038714273,0.1180578670962221,0.06782274957498595,0.01,0.0
high_density/island03,advective_pde,real,cubic_u,-0.00915377734780262,0.09083853210062301,-0.1007697629642767,0.06782274957498595,0.01,0.0
high_density/island03,advective_pde,kin_time_shuffled,u_prev,-0.004003110016781158,0.11438250606519411,-0.03499757222052402,0.07477379997896033,100.0,0.0
high_density/island03,advective_pde,kin_time_shuffled,lap_u,0.003418535903918507,0.0007697152524595864,4.4412994194862945,0.07477379997896033,100.0,0.0
high_density/island03,advective_pde,kin_time_shuffled,grad_div_u,-0.0013912229113821504,0.000600271403146007,-2.3176564868670853,0.07477379997896033,100.0,0.0
high_density/island03,advective_pde,kin_time_shuffled,advect_v_u,0.0002672395087648208,0.002604727723464984,0.10259786708505596,0.07477379997896033,100.0,0.0
high_density/island03,advective_pde,kin_time_shuffled,advect_u_u,-0.0004508170250218437,0.003736099038714273,-0.12066516983366322,0.07477379997896033,100.0,0.0
high_density/island03,advective_pde,kin_time_shuffled,cubic_u,0.0032007263226731127,0.09083853210062301,0.03523533734701511,0.07477379997896033,100.0,0.0
high_density/island03,advective_pde,kin_spatial_shifted,u_prev,-0.023340337780268543,0.11438250606519411,-0.20405513555512894,0.07458505488902235,100.0,0.0
high_density/island03,advective_pde,kin_spatial_shifted,lap_u,-0.01201751300733878,0.0007697152524595862,-15.6129334438124,0.07458505488902235,100.0,0.0
high_density/island03,advective_pde,kin_spatial_shifted,grad_div_u,-0.0002922276757912602,0.0006002714031460071,-0.48682591617675336,0.07458505488902235,100.0,0.0
high_density/island03,advective_pde,kin_spatial_shifted,advect_v_u,0.0004997674926311898,0.002604727723464984,0.19186937971634344,0.07458505488902235,100.0,0.0
high_density/island03,advective_pde,kin_spatial_shifted,advect_u_u,-0.0006794141498287193,0.0037360990387142728,-0.18185121507446184,0.07458505488902235,100.0,0.0
high_density/island03,advective_pde,kin_spatial_shifted,cubic_u,0.004389073470740403,0.09083853210062301,0.04831730950780413,0.07458505488902235,100.0,0.0
high_density/island03,advective_pde,kin_wrong_island,u_prev,-0.015728513169293835,0.112969355699016,-0.13922813909994564,0.07426904438285879,0.01,0.03
high_density/island03,advective_pde,kin_wrong_island,lap_u,-0.009203169606651938,0.0007509628684557355,-12.255159333745949,0.07426904438285879,0.01,0.03
high_density/island03,advective_pde,kin_wrong_island,advect_v_u,0.0010242732589706642,0.0025435963026701736,0.4026870372061085,0.07426904438285879,0.01,0.03
high_density/island03,advective_pde,kin_wrong_island,advect_u_u,-0.0012859062091459686,0.0036296983600409274,-0.35427357361218004,0.07426904438285879,0.01,0.03
high_density/island03,advective_pde,kin_wrong_island,cubic_u,0.002755296590786717,0.08727424197014223,0.0315705588337203,0.07426904438285879,0.01,0.03
high_density/island03,boundary_pde,real,u_prev,-0.03155863816127005,0.11438250606519411,-0.27590441271922045,0.06782289681470366,0.01,0.0
high_density/island03,boundary_pde,real,lap_u,0.007947941610914923,0.0007697152524595862,10.32582060121282,0.06782289681470366,0.01,0.0
high_density/island03,boundary_pde,real,grad_div_u,0.0030880915137490124,0.0006002714031460071,5.144492137330554,0.06782289681470366,0.01,0.0
high_density/island03,boundary_pde,real,advect_v_u,-0.0056825563578264075,0.002604727723464984,-2.1816316180130677,0.06782289681470366,0.01,0.0
high_density/island03,boundary_pde,real,advect_u_u,0.00044107422833480404,0.003736099038714273,0.11805742400410071,0.06782289681470366,0.01,0.0
high_density/island03,boundary_pde,real,cubic_u,-0.009153784923254799,0.09083853210062301,-0.10076984635897719,0.06782289681470366,0.01,0.0
high_density/island03,boundary_pde,real,boundary_normal,-3.5688651203900895e-06,0.29186821673208235,-1.2227659319500675e-05,0.06782289681470366,0.01,0.0
high_density/island03,mechanics_source_pde,real,u_prev,-0.03599188534568455,0.11438250606519411,-0.3146625002705432,0.06798768843438503,100.0,0.03
high_density/island03,mechanics_source_pde,real,lap_u,0.009787048336687686,0.0007697152524595862,12.715154474870632,0.06798768843438503,100.0,0.03
high_density/island03,mechanics_source_pde,real,grad_div_u,0.003775770739523459,0.0006002714031460071,6.29010597495523,0.06798768843438503,100.0,0.03
high_density/island03,mechanics_source_pde,real,stress_div,0.0007699952337750448,16.093865193415056,4.78440215896735e-05,0.06798768843438503,100.0,0.03
high_density/island03,mechanics_source_pde,time_shuffled,u_prev,-0.035986280500763995,0.11438250606519411,-0.31461349937771993,0.06798888193013328,100.0,0.03
high_density/island03,mechanics_source_pde,time_shuffled,lap_u,0.009786377688733739,0.0007697152524595862,12.714283181295762,0.06798888193013328,100.0,0.03
high_density/island03,mechanics_source_pde,time_shuffled,grad_div_u,0.0037764851921709267,0.0006002714031460071,6.29129619098705,0.06798888193013328,100.0,0.03
high_density/island03,mechanics_source_pde,time_shuffled,stress_div,0.0003450255804737301,16.093865193415056,2.143832922217469e-05,0.06798888193013328,100.0,0.03
high_density/island03,mechanics_source_pde,spatial_shifted,u_prev,-0.036018287819014755,0.11438250606519411,-0.31489332641903794,0.06798783300657552,0.01,0.03
high_density/island03,mechanics_source_pde,spatial_shifted,lap_u,0.012277613343866862,0.0007697152524595862,15.950851051261317,0.06798783300657552,0.01,0.03
high_density/island03,mechanics_source_pde,spatial_shifted,traction,0.08713792042949871,91.43915891448536,0.0009529606512565453,0.06798783300657552,0.01,0.03
high_density/island03,mechanics_source_pde,spatial_shifted,stress_div,0.0780527043876814,16.093865193415056,0.004849842064019359,0.06798783300657552,0.01,0.03
high_density/island03,mechanics_source_pde,spatial_shifted,force_balance,-0.16472757766080284,34.28759389102002,-0.004804290968458573,0.06798783300657552,0.01,0.03
high_density/island03,mechanics_source_pde,wrong_island,u_prev,-0.03600999860403684,0.11438250606519411,-0.31482085716422736,0.06798856890133895,0.01,0.0
high_density/island03,mechanics_source_pde,wrong_island,lap_u,0.00977785983874799,0.0007697152524595862,12.703216946141227,0.06798856890133895,0.01,0.0
high_density/island03,mechanics_source_pde,wrong_island,grad_div_u,0.003774344432490788,0.0006002714031460071,6.287729871370758,0.06798856890133895,0.01,0.0
high_density/island03,mechanics_source_pde,wrong_island,traction,0.05167404951075594,92.39641939443602,0.0005592646322165561,0.06798856890133895,0.01,0.0
high_density/island03,mechanics_source_pde,wrong_island,stress_div,0.045323880545425715,16.222552045089497,0.002793881037918758,0.06798856890133895,0.01,0.0
high_density/island03,mechanics_source_pde,wrong_island,force_balance,-0.09667330328132824,34.602208870175936,-0.0027938477466579346,0.06798856890133895,0.01,0.0
high_density/island03,mechanics_source_pde,kin_time_shuffled,u_prev,-0.0024780352674576385,0.11438250606519411,-0.02166446035065225,0.07474512449927058,100.0,0.0
high_density/island03,mechanics_source_pde,kin_time_shuffled,lap_u,0.002795650944474361,0.0007697152524595864,3.6320586548610008,0.07474512449927058,100.0,0.0
high_density/island03,mechanics_source_pde,kin_time_shuffled,grad_div_u,-0.001655222452827492,0.000600271403146007,-2.757456783968907,0.07474512449927058,100.0,0.0
high_density/island03,mechanics_source_pde,kin_time_shuffled,traction,4.8988358984120844e-05,91.43915891448535,5.357481364186121e-07,0.07474512449927058,100.0,0.0
high_density/island03,mechanics_source_pde,kin_time_shuffled,stress_div,0.0008682284398911459,16.093865193415056,5.394778876651639e-05,0.07474512449927058,100.0,0.0
high_density/island03,mechanics_source_pde,kin_time_shuffled,force_balance,-0.0004817967687220481,34.28759389102002,-1.4051635418145555e-05,0.07474512449927058,100.0,0.0
high_density/island03,mechanics_source_pde,kin_spatial_shifted,u_prev,-0.021241301989798338,0.11438250606519411,-0.18570411438346632,0.07463345397880114,100.0,0.03
high_density/island03,mechanics_source_pde,kin_spatial_shifted,lap_u,-0.012874838163084093,0.0007697152524595862,-16.726754630291133,0.07463345397880114,100.0,0.03
high_density/island03,mechanics_source_pde,kin_spatial_shifted,grad_div_u,-0.0006512806532968091,0.0006002714031460071,-1.0849769785524743,0.07463345397880114,100.0,0.03
high_density/island03,mechanics_source_pde,kin_spatial_shifted,stress_div,0.0004122811114315736,16.093865193415056,2.5617283758550557e-05,0.07463345397880114,100.0,0.03
high_density/island03,mechanics_source_pde,kin_wrong_island,u_prev,-0.01435322579867402,0.112969355699016,-0.12705415295910236,0.07429367886609067,0.01,0.0
high_density/island03,mechanics_source_pde,kin_wrong_island,lap_u,-0.009837480094061733,0.0007509628684557355,-13.099822251253679,0.07429367886609067,0.01,0.0
high_density/island03,mechanics_source_pde,kin_wrong_island,grad_div_u,-6.980595787443336e-05,0.0005871910097704784,-0.1188811761639865,0.07429367886609067,0.01,0.0
high_density/island03,mechanics_source_pde,kin_wrong_island,traction,0.04859505589794294,91.43915891448535,0.0005314468820015005,0.07429367886609067,0.01,0.0
high_density/island03,mechanics_source_pde,kin_wrong_island,stress_div,0.04340566499267707,16.093865193415056,0.0026970317242645276,0.07429367886609067,0.01,0.0
high_density/island03,mechanics_source_pde,kin_wrong_island,force_balance,-0.09130249177336498,34.28759389102002,-0.0026628433614665874,0.07429367886609067,0.01,0.0
high_density/island03,full_sparse_pde,real,u_prev,-0.03156908002097011,0.11438250606519411,-0.2759957016764156,0.06782253505154248,0.01,0.0
high_density/island03,full_sparse_pde,real,lap_u,0.007949242975411734,0.0007697152524595862,10.32751131020248,0.06782253505154248,0.01,0.0
high_density/island03,full_sparse_pde,real,grad_div_u,0.003086444155743126,0.0006002714031460071,5.141747782031846,0.06782253505154248,0.01,0.0
high_density/island03,full_sparse_pde,real,advect_v_u,-0.0056834781580171094,0.002604727723464984,-2.1819855130410963,0.06782253505154248,0.01,0.0
high_density/island03,full_sparse_pde,real,advect_u_u,0.00044451079047371867,0.003736099038714273,0.11897725029973802,0.06782253505154248,0.01,0.0
high_density/island03,full_sparse_pde,real,cubic_u,-0.009148718387762825,0.09083853210062301,-0.1007140711788327,0.06782253505154248,0.01,0.0
high_density/island03,full_sparse_pde,real,boundary_normal,-5.789842176255263e-05,0.29186821673208235,-0.00019837179399256048,0.06782253505154248,0.01,0.0
high_density/island03,full_sparse_pde,real,traction,0.05470399977643728,91.43915891448535,0.000598255719167287,0.06782253505154248,0.01,0.0
high_density/island03,full_sparse_pde,real,stress_div,0.051319371894300705,16.093865193415056,0.003188753682073743,0.06782253505154248,0.01,0.0
high_density/island03,full_sparse_pde,real,force_balance,-0.10497386067927478,34.28759389102002,-0.003061569762314748,0.06782253505154248,0.01,0.0
high_density/island03,full_sparse_pde,time_shuffled,u_prev,-0.03156018976777853,0.11438250606519411,-0.2759179777875325,0.06782336521948897,1.0,0.0
high_density/island03,full_sparse_pde,time_shuffled,lap_u,0.00794760079312219,0.0007697152524595862,10.325377816960277,0.06782336521948897,1.0,0.0
high_density/island03,full_sparse_pde,time_shuffled,grad_div_u,0.00308661421835065,0.0006002714031460071,5.142031091559224,0.06782336521948897,1.0,0.0
high_density/island03,full_sparse_pde,time_shuffled,advect_v_u,-0.0056832021948064835,0.002604727723464984,-2.181879565994063,0.06782336521948897,1.0,0.0
high_density/island03,full_sparse_pde,time_shuffled,advect_u_u,0.00044202179180258255,0.003736099038714273,0.11831104775924202,0.06782336521948897,1.0,0.0
high_density/island03,full_sparse_pde,time_shuffled,cubic_u,-0.009154042759980899,0.09083853210062301,-0.10077268476598508,0.06782336521948897,1.0,0.0
high_density/island03,full_sparse_pde,time_shuffled,boundary_normal,-3.1040640790626426e-05,0.29186821673208235,-0.00010635156214737792,0.06782336521948897,1.0,0.0
high_density/island03,full_sparse_pde,time_shuffled,traction,-0.000388722070295593,91.43915891448536,-4.251155357401406e-06,0.06782336521948897,1.0,0.0
high_density/island03,full_sparse_pde,time_shuffled,stress_div,0.001882905029334162,16.093865193415056,0.00011699520324704653,0.06782336521948897,1.0,0.0
high_density/island03,full_sparse_pde,time_shuffled,force_balance,-0.0011509174267540813,34.28759389102002,-3.356658476567842e-05,0.06782336521948897,1.0,0.0
high_density/island03,full_sparse_pde,spatial_shifted,u_prev,-0.03145156848286217,0.11438250606519411,-0.2749683458144889,0.06781114383192641,0.01,0.03
high_density/island03,full_sparse_pde,spatial_shifted,lap_u,0.009934809440151472,0.0007697152524595862,12.907123002182027,0.06781114383192641,0.01,0.03
high_density/island03,full_sparse_pde,spatial_shifted,advect_v_u,-0.0053907304334626285,0.002604727723464984,-2.069594600963327,0.06781114383192641,0.01,0.03
high_density/island03,full_sparse_pde,spatial_shifted,cubic_u,-0.009410041159319442,0.09083853210062301,-0.10359085447237103,0.06781114383192641,0.01,0.03
high_density/island03,full_sparse_pde,spatial_shifted,traction,0.08877391724621062,91.43915891448536,0.0009708522945758141,0.06781114383192641,0.01,0.03
high_density/island03,full_sparse_pde,spatial_shifted,stress_div,0.07961144799536045,16.093865193415056,0.00494669534251686,0.06781114383192641,0.01,0.03
high_density/island03,full_sparse_pde,spatial_shifted,force_balance,-0.1679099173929196,34.28759389102002,-0.0048971041224591585,0.06781114383192641,0.01,0.03
high_density/island03,full_sparse_pde,wrong_island,u_prev,-0.03155854004577356,0.11438250606519411,-0.2759035549351076,0.06782296217886555,1.0,0.0
high_density/island03,full_sparse_pde,wrong_island,lap_u,0.007948227440043492,0.0007697152524595862,10.326191945197047,0.06782296217886555,1.0,0.0
high_density/island03,full_sparse_pde,wrong_island,grad_div_u,0.003087826756370808,0.0006002714031460071,5.14405107454326,0.06782296217886555,1.0,0.0
high_density/island03,full_sparse_pde,wrong_island,advect_v_u,-0.005682630029933418,0.002604727723464984,-2.1816599020084912,0.06782296217886555,1.0,0.0
high_density/island03,full_sparse_pde,wrong_island,advect_u_u,0.00044063421439181807,0.003736099038714273,0.11793965037486165,0.06782296217886555,1.0,0.0
high_density/island03,full_sparse_pde,wrong_island,cubic_u,-0.00915376977460476,0.09083853210062301,-0.10076967959439295,0.06782296217886555,1.0,0.0
high_density/island03,full_sparse_pde,wrong_island,boundary_normal,-3.638154178932526e-06,0.29186821673208235,-1.246505775677567e-05,0.06782296217886555,1.0,0.0
high_density/island03,full_sparse_pde,wrong_island,traction,0.013935654440721073,92.39641939443602,0.00015082461562964265,0.06782296217886555,1.0,0.0
high_density/island03,full_sparse_pde,wrong_island,stress_div,0.012151351611465348,16.222552045089497,0.000749040692098967,0.06782296217886555,1.0,0.0
high_density/island03,full_sparse_pde,wrong_island,force_balance,-0.025951838492069796,34.602208870175936,-0.0007500052551395931,0.06782296217886555,1.0,0.0
high_density/island03,full_sparse_pde,kin_time_shuffled,u_prev,-0.004006361532517435,0.11438250606519411,-0.035025998907856994,0.07476545907671212,1.0,0.03
high_density/island03,full_sparse_pde,kin_time_shuffled,lap_u,0.0034207162629895467,0.0007697152524595864,4.444132102175214,0.07476545907671212,1.0,0.03
high_density/island03,full_sparse_pde,kin_time_shuffled,grad_div_u,-0.0013968366122078509,0.000600271403146007,-2.327008424667685,0.07476545907671212,1.0,0.03
high_density/island03,full_sparse_pde,kin_time_shuffled,cubic_u,0.0032116026792100346,0.09083853210062301,0.03535507019920248,0.07476545907671212,1.0,0.03
high_density/island03,full_sparse_pde,kin_time_shuffled,traction,0.019234804056141818,91.43915891448535,0.00021035630997142445,0.07476545907671212,1.0,0.03
high_density/island03,full_sparse_pde,kin_time_shuffled,stress_div,0.017889955009995365,16.093865193415056,0.0011116008985408423,0.07476545907671212,1.0,0.03
high_density/island03,full_sparse_pde,kin_time_shuffled,force_balance,-0.036568910757274635,34.28759389102002,-0.001066534761042305,0.07476545907671212,1.0,0.03
high_density/island03,full_sparse_pde,kin_spatial_shifted,u_prev,-0.02334081609117772,0.11438250606519411,-0.204059317234003,0.07458473412934773,100.0,0.01
high_density/island03,full_sparse_pde,kin_spatial_shifted,lap_u,-0.012018565588058009,0.0007697152524595862,-15.614300937461339,0.07458473412934773,100.0,0.01
high_density/island03,full_sparse_pde,kin_spatial_shifted,grad_div_u,-0.0002918042522689568,0.0006002714031460071,-0.4861205293799074,0.07458473412934773,100.0,0.01
high_density/island03,full_sparse_pde,kin_spatial_shifted,advect_v_u,0.0005000455058342053,0.002604727723464984,0.1919761137908922,0.07458473412934773,100.0,0.01
high_density/island03,full_sparse_pde,kin_spatial_shifted,advect_u_u,-0.0006807171741322225,0.0037360990387142728,-0.1821999810707593,0.07458473412934773,100.0,0.01
high_density/island03,full_sparse_pde,kin_spatial_shifted,cubic_u,0.004389497432481052,0.09083853210062301,0.048321976709385275,0.07458473412934773,100.0,0.01
high_density/island03,full_sparse_pde,kin_spatial_shifted,stress_div,0.0006675870358375863,16.093865193415056,4.1480839302092286e-05,0.07458473412934773,100.0,0.01
high_density/island03,full_sparse_pde,kin_spatial_shifted,force_balance,-0.0002523416332679619,34.28759389102002,-7.359560839118856e-06,0.07458473412934773,100.0,0.01
high_density/island03,full_sparse_pde,kin_wrong_island,u_prev,-0.01572877212439095,0.112969355699016,-0.13923043135960766,0.07426875448942645,0.01,0.01
high_density/island03,full_sparse_pde,kin_wrong_island,lap_u,-0.009204173098484125,0.0007509628684557355,-12.256495607314642,0.07426875448942645,0.01,0.01
high_density/island03,full_sparse_pde,kin_wrong_island,advect_v_u,0.0010240894149228688,0.0025435963026701736,0.40261475999466484,0.07426875448942645,0.01,0.01
high_density/island03,full_sparse_pde,kin_wrong_island,advect_u_u,-0.0012846136378043725,0.0036296983600409274,-0.35391746376133787,0.07426875448942645,0.01,0.01
high_density/island03,full_sparse_pde,kin_wrong_island,cubic_u,0.0027541755909123973,0.08727424197014223,0.03155771426642285,0.07426875448942645,0.01,0.01
high_density/island03,full_sparse_pde,kin_wrong_island,traction,0.04794690712942161,91.43915891448535,0.0005243585756761165,0.07426875448942645,0.01,0.01
high_density/island03,full_sparse_pde,kin_wrong_island,stress_div,0.042834451278095355,16.093865193415056,0.0026615390873052326,0.07426875448942645,0.01,0.01
high_density/island03,full_sparse_pde,kin_wrong_island,force_balance,-0.09009221996133221,34.28759389102002,-0.0026275457020309466,0.07426875448942645,0.01,0.01
high_density/island04,relaxation,real,u_prev,-0.04367151398211557,0.11388361933940948,-0.38347493902490526,0.05939339249997453,0.01,0.0
high_density/island04,relaxation,kin_time_shuffled,u_prev,-0.003762947873604762,0.1138836193394095,-0.03304204674414129,0.06799709258240644,100.0,0.0
high_density/island04,relaxation,kin_spatial_shifted,u_prev,-0.012817005760494264,0.11388361933940948,-0.11254477013323139,0.0666591542956932,0.01,0.0
high_density/island04,relaxation,kin_wrong_island,u_prev,-0.00749437455238413,0.10696032624638951,-0.07006686325096269,0.06816512825648259,100.0,0.0
high_density/island04,isotropic_pde,real,u_prev,-0.03592832735386199,0.11388361933940948,-0.315482837323462,0.059826531896690564,0.01,0.0
high_density/island04,isotropic_pde,real,lap_u,0.011971333647375803,0.0007617252148410044,15.716078992966763,0.059826531896690564,0.01,0.0
high_density/island04,helmholtz_pde,real,u_prev,-0.03592672639311725,0.11388361933940948,-0.3154687794567203,0.05982879210101039,0.01,0.0
high_density/island04,helmholtz_pde,real,lap_u,0.009550997439528714,0.0007617252148410044,12.538638938875488,0.05982879210101039,0.01,0.0
high_density/island04,helmholtz_pde,real,grad_div_u,0.0036524596735678155,0.0005950699905964507,6.137865681828252,0.05982879210101039,0.01,0.0
high_density/island04,helmholtz_pde,kin_time_shuffled,u_prev,-0.0026078512560556355,0.1138836193394095,-0.02289926568177823,0.06794447011499334,100.0,0.0
high_density/island04,helmholtz_pde,kin_time_shuffled,lap_u,0.0027938096615604635,0.0007617252148410044,3.66773950386245,0.06794447011499334,100.0,0.0
high_density/island04,helmholtz_pde,kin_time_shuffled,grad_div_u,-0.0015182250263071559,0.0005950699905964506,-2.5513385825176775,0.06794447011499334,100.0,0.0
high_density/island04,helmholtz_pde,kin_spatial_shifted,u_prev,-0.021479183484211725,0.11388361933940948,-0.18860643531355387,0.06576341100001117,0.01,0.0
high_density/island04,helmholtz_pde,kin_spatial_shifted,lap_u,-0.012986399819186345,0.0007617252148410045,-17.04866737527785,0.06576341100001117,0.01,0.0
high_density/island04,helmholtz_pde,kin_spatial_shifted,grad_div_u,-0.0006116614613487526,0.0005950699905964506,-1.0278815450526617,0.06576341100001117,0.01,0.0
high_density/island04,helmholtz_pde,kin_wrong_island,u_prev,-0.014042321042834316,0.10696032624638951,-0.13128532359266545,0.06859851185182816,100.0,0.01
high_density/island04,helmholtz_pde,kin_wrong_island,lap_u,-0.009893550652380607,0.0007368368095988307,-13.427058099563634,0.06859851185182816,100.0,0.01
high_density/island04,advective_pde,real,u_prev,-0.031491882668554426,0.11388361933940948,-0.27652688640583667,0.060222488179291274,0.01,0.0
high_density/island04,advective_pde,real,lap_u,0.00774405336646872,0.0007617252148410044,10.166465827293303,0.060222488179291274,0.01,0.0
high_density/island04,advective_pde,real,grad_div_u,0.0029947222257487274,0.0005950699905964507,5.0325546121844535,0.060222488179291274,0.01,0.0
high_density/island04,advective_pde,real,advect_v_u,-0.005889006770518332,0.0025520261700667916,-2.307580870287159,0.060222488179291274,0.01,0.0
high_density/island04,advective_pde,real,advect_u_u,0.00031249832993292606,0.0036582759745885708,0.08542229512033227,0.060222488179291274,0.01,0.0
high_density/island04,advective_pde,real,cubic_u,-0.009040788459387711,0.08947882982257545,-0.10103829562047677,0.060222488179291274,0.01,0.0
high_density/island04,advective_pde,kin_time_shuffled,u_prev,-0.004129347370347056,0.1138836193394095,-0.03625936191964785,0.0680333901829278,100.0,0.0
high_density/island04,advective_pde,kin_time_shuffled,lap_u,0.003398837928508199,0.0007617252148410044,4.462026282296093,0.0680333901829278,100.0,0.0
high_density/island04,advective_pde,kin_time_shuffled,grad_div_u,-0.0012604950782188697,0.0005950699905964506,-2.1182299530101494,0.0680333901829278,100.0,0.0
high_density/island04,advective_pde,kin_time_shuffled,advect_v_u,0.00033693984934149164,0.002552026170066791,0.1320283676137511,0.0680333901829278,100.0,0.0
high_density/island04,advective_pde,kin_time_shuffled,advect_u_u,-0.0005787255539245253,0.0036582759745885708,-0.1581962536299935,0.0680333901829278,100.0,0.0
high_density/island04,advective_pde,kin_time_shuffled,cubic_u,0.0031620263677969006,0.08947882982257543,0.035338262403149176,0.0680333901829278,100.0,0.0
high_density/island04,advective_pde,kin_spatial_shifted,u_prev,-0.02364653383522738,0.11388361933940948,-0.20763770920164712,0.06560808954947422,0.01,0.0
high_density/island04,advective_pde,kin_spatial_shifted,lap_u,-0.012124057139402645,0.0007617252148410045,-15.916575824437306,0.06560808954947422,0.01,0.0
high_density/island04,advective_pde,kin_spatial_shifted,grad_div_u,-0.00024791224077434115,0.0005950699905964506,-0.4166102218091249,0.06560808954947422,0.01,0.0
high_density/island04,advective_pde,kin_spatial_shifted,advect_v_u,0.0006585704903853211,0.002552026170066791,0.25805789067127205,0.06560808954947422,0.01,0.0
high_density/island04,advective_pde,kin_spatial_shifted,advect_u_u,-0.0008169515910265924,0.0036582759745885703,-0.22331600915332014,0.06560808954947422,0.01,0.0
high_density/island04,advective_pde,kin_spatial_shifted,cubic_u,0.004494428149926953,0.08947882982257546,0.05022895537233558,0.06560808954947422,0.01,0.0
high_density/island04,advective_pde,kin_wrong_island,u_prev,-0.015474990594347834,0.10696032624638951,-0.14467972506647248,0.0687171002127617,100.0,0.03
high_density/island04,advective_pde,kin_wrong_island,lap_u,-0.00918504940781723,0.0007368368095988307,-12.465513785634585,0.0687171002127617,100.0,0.03
high_density/island04,advective_pde,kin_wrong_island,advect_v_u,0.0010899756739981112,0.0024673899008358746,0.44175250682061296,0.0687171002127617,100.0,0.03
high_density/island04,advective_pde,kin_wrong_island,advect_u_u,-0.0012490368171567269,0.0035729797609749822,-0.349578475310449,0.0687171002127617,100.0,0.03
high_density/island04,advective_pde,kin_wrong_island,cubic_u,0.002894846986357961,0.08536547019425833,0.033911217026866065,0.0687171002127617,100.0,0.03
high_density/island04,boundary_pde,real,u_prev,-0.03149200413482449,0.11388361933940948,-0.2765279529882896,0.060222302493081414,0.01,0.0
high_density/island04,boundary_pde,real,lap_u,0.007744051999652813,0.0007617252148410044,10.166464032924571,0.060222302493081414,0.01,0.0
high_density/island04,boundary_pde,real,grad_div_u,0.0029948032356440428,0.0005950699905964507,5.032690747255278,0.060222302493081414,0.01,0.0
high_density/island04,boundary_pde,real,advect_v_u,-0.0058890513728814455,0.0025520261700667916,-2.307598347522948,0.060222302493081414,0.01,0.0
high_density/island04,boundary_pde,real,advect_u_u,0.00031249641788229593,0.0036582759745885708,0.08542177245592876,0.060222302493081414,0.01,0.0
high_density/island04,boundary_pde,real,cubic_u,-0.009040698435059792,0.08947882982257545,-0.10103728952408395,0.060222302493081414,0.01,0.0
high_density/island04,boundary_pde,real,boundary_normal,3.902253123795339e-05,0.2926544256911941,0.00013333996622736727,0.060222302493081414,0.01,0.0
high_density/island04,mechanics_source_pde,real,u_prev,-0.035934487550859914,0.11388361933940948,-0.315536929360874,0.05982637012715952,0.01,0.0
high_density/island04,mechanics_source_pde,real,lap_u,0.009551416282604152,0.0007617252148410044,12.539188799989807,0.05982637012715952,0.01,0.0
high_density/island04,mechanics_source_pde,real,grad_div_u,0.0036506542080359675,0.0005950699905964507,6.134831642874215,0.05982637012715952,0.01,0.0
high_density/island04,mechanics_source_pde,real,traction,0.05813767630629889,91.90736603347298,0.000632568191380057,0.05982637012715952,0.01,0.0
high_density/island04,mechanics_source_pde,real,stress_div,0.05439302963767381,16.194127535803943,0.003358811983999453,0.05982637012715952,0.01,0.0
high_density/island04,mechanics_source_pde,real,force_balance,-0.11146796456044268,34.48172487310631,-0.003232667883368591,0.05982637012715952,0.01,0.0
high_density/island04,mechanics_source_pde,time_shuffled,u_prev,-0.03592849004720422,0.11388361933940948,-0.3154842659164693,0.05982801068093578,0.01,0.0
high_density/island04,mechanics_source_pde,time_shuffled,lap_u,0.009550639539416865,0.0007617252148410044,12.53816908425485,0.05982801068093578,0.01,0.0
high_density/island04,mechanics_source_pde,time_shuffled,grad_div_u,0.0036511379430310756,0.0005950699905964507,6.135644547243032,0.05982801068093578,0.01,0.0
high_density/island04,mechanics_source_pde,time_shuffled,traction,0.0022566449108889193,91.90736603347298,2.4553471699613733e-05,0.05982801068093578,0.01,0.0
high_density/island04,mechanics_source_pde,time_shuffled,stress_div,0.003968774322216996,16.194127535803943,0.0002450749083852988,0.05982801068093578,0.01,0.0
high_density/island04,mechanics_source_pde,time_shuffled,force_balance,-0.005891193483544941,34.481724873106316,-0.00017084973287225896,0.05982801068093578,0.01,0.0
high_density/island04,mechanics_source_pde,spatial_shifted,u_prev,-0.03592683796626646,0.11388361933940948,-0.3154697591687267,0.05982872910744159,0.01,0.0
high_density/island04,mechanics_source_pde,spatial_shifted,lap_u,0.009550956979909165,0.0007617252148410044,12.538585823107807,0.05982872910744159,0.01,0.0
high_density/island04,mechanics_source_pde,spatial_shifted,grad_div_u,0.0036533550667830097,0.0005950699905964507,6.139370367376748,0.05982872910744159,0.01,0.0
high_density/island04,mechanics_source_pde,spatial_shifted,traction,0.13128495377383498,91.90736603347298,0.0014284486591207557,0.05982872910744159,0.01,0.0
high_density/island04,mechanics_source_pde,spatial_shifted,stress_div,0.11716159644227857,16.194127535803947,0.0072348199174820296,0.05982872910744159,0.01,0.0
high_density/island04,mechanics_source_pde,spatial_shifted,force_balance,-0.2477154107347716,34.481724873106316,-0.007183962277014014,0.05982872910744159,0.01,0.0
high_density/island04,mechanics_source_pde,wrong_island,u_prev,-0.035926761088983836,0.11388361933940948,-0.3154690841174501,0.05982860965547816,0.01,0.0
high_density/island04,mechanics_source_pde,wrong_island,lap_u,0.009552136176031154,0.0007617252148410044,12.540133882826737,0.05982860965547816,0.01,0.0
high_density/island04,mechanics_source_pde,wrong_island,grad_div_u,0.0036515358882738577,0.0005950699905964507,6.136313284112763,0.05982860965547816,0.01,0.0
high_density/island04,mechanics_source_pde,wrong_island,traction,0.04024027535630142,92.72922719735513,0.00043395460711279576,0.05982860965547816,0.01,0.0
high_density/island04,mechanics_source_pde,wrong_island,stress_div,0.035190415298882595,16.28673395121697,0.002160679692090943,0.05982860965547816,0.01,0.0
high_density/island04,mechanics_source_pde,wrong_island,force_balance,-0.07516401185639725,34.73638939280787,-0.002163840663070177,0.05982860965547816,0.01,0.0
high_density/island04,mechanics_source_pde,kin_time_shuffled,u_prev,-0.002611310978837896,0.1138836193394095,-0.022929645141109862,0.06794391782932194,100.0,0.0
high_density/island04,mechanics_source_pde,kin_time_shuffled,lap_u,0.0027943253505889644,0.0007617252148410044,3.668416505251473,0.06794391782932194,100.0,0.0
high_density/island04,mechanics_source_pde,kin_time_shuffled,grad_div_u,-0.0015193921521618815,0.0005950699905964506,-2.5532999078628786,0.06794391782932194,100.0,0.0
high_density/island04,mechanics_source_pde,kin_time_shuffled,traction,0.0001714893613445685,91.90736603347298,1.8658935485335472e-06,0.06794391782932194,100.0,0.0
high_density/island04,mechanics_source_pde,kin_time_shuffled,stress_div,0.0008417086873434871,16.194127535803943,5.197616762511814e-05,0.06794391782932194,100.0,0.0
high_density/island04,mechanics_source_pde,kin_time_shuffled,force_balance,-0.0006041029947840775,34.48172487310631,-1.7519512060582615e-05,0.06794391782932194,100.0,0.0
high_density/island04,mechanics_source_pde,kin_spatial_shifted,u_prev,-0.021479099619698405,0.11388361933940948,-0.1886056989081445,0.06576268377784099,0.01,0.0
high_density/island04,mechanics_source_pde,kin_spatial_shifted,lap_u,-0.012987370855729543,0.0007617252148410045,-17.049942161151126,0.06576268377784099,0.01,0.0
high_density/island04,mechanics_source_pde,kin_spatial_shifted,grad_div_u,-0.0006113632134540492,0.0005950699905964506,-1.0273803470433245,0.06576268377784099,0.01,0.0
high_density/island04,mechanics_source_pde,kin_spatial_shifted,traction,0.043058877967235884,91.90736603347298,0.00046850301369265324,0.06576268377784099,0.01,0.0
high_density/island04,mechanics_source_pde,kin_spatial_shifted,stress_div,0.038610583686237904,16.194127535803943,0.002384233642774082,0.06576268377784099,0.01,0.0
high_density/island04,mechanics_source_pde,kin_spatial_shifted,force_balance,-0.08103437643484344,34.48172487310631,-0.0023500673685278844,0.06576268377784099,0.01,0.0
high_density/island04,mechanics_source_pde,kin_wrong_island,u_prev,-0.014042667257021134,0.10696032624638951,-0.13128856043943815,0.06859779619531006,100.0,0.01
high_density/island04,mechanics_source_pde,kin_wrong_island,lap_u,-0.009893431097072835,0.0007368368095988307,-13.426895844765538,0.06859779619531006,100.0,0.01
high_density/island04,mechanics_source_pde,kin_wrong_island,traction,0.00032039997876389444,91.90736603347298,3.4861186060669354e-06,0.06859779619531006,100.0,0.01
high_density/island04,mechanics_source_pde,kin_wrong_island,stress_div,0.0006911685469700932,16.194127535803943,4.268019659854931e-05,0.06859779619531006,100.0,0.01
high_density/island04,mechanics_source_pde,kin_wrong_island,force_balance,-0.0006253176641586353,34.48172487310631,-1.8134755916643424e-05,0.06859779619531006,100.0,0.01
high_density/island04,full_sparse_pde,real,u_prev,-0.03150138110270047,0.11388361933940948,-0.27661029115009345,0.06022028131794152,0.01,0.0
high_density/island04,full_sparse_pde,real,lap_u,0.007745327553700436,0.0007617252148410044,10.168138592231223,0.06022028131794152,0.01,0.0
high_density/island04,full_sparse_pde,real,grad_div_u,0.0029933175704233285,0.0005950699905964507,5.030194124598798,0.06022028131794152,0.01,0.0
high_density/island04,full_sparse_pde,real,advect_v_u,-0.005889751528356457,0.0025520261700667916,-2.307872700303191,0.06022028131794152,0.01,0.0
high_density/island04,full_sparse_pde,real,advect_u_u,0.0003155041482434889,0.0036582759745885708,0.08624394398756977,0.06022028131794152,0.01,0.0
high_density/island04,full_sparse_pde,real,cubic_u,-0.009036256736010731,0.08947882982257545,-0.10098764986006656,0.06022028131794152,0.01,0.0
high_density/island04,full_sparse_pde,real,boundary_normal,-1.1724963022496867e-05,0.2926544256911941,-4.006419173332074e-05,0.06022028131794152,0.01,0.0
high_density/island04,full_sparse_pde,real,traction,0.05518543837845269,91.90736603347298,0.0006004463054501417,0.06022028131794152,0.01,0.0
high_density/island04,full_sparse_pde,real,stress_div,0.05160783485627201,16.194127535803943,0.0031868240349578044,0.06022028131794152,0.01,0.0
high_density/island04,full_sparse_pde,real,force_balance,-0.10577908112987847,34.48172487310631,-0.003067685317922708,0.06022028131794152,0.01,0.0
high_density/island04,full_sparse_pde,time_shuffled,u_prev,-0.03149336802271593,0.11388361933940948,-0.27653992914341485,0.06022177819608503,0.01,0.0
high_density/island04,full_sparse_pde,time_shuffled,lap_u,0.007743829423580937,0.0007617252148410044,10.166171832971703,0.06022177819608503,0.01,0.0
high_density/island04,full_sparse_pde,time_shuffled,grad_div_u,0.0029934464352285002,0.0005950699905964507,5.030410678629766,0.06022177819608503,0.01,0.0
high_density/island04,full_sparse_pde,time_shuffled,advect_v_u,-0.0058900519162558345,0.0025520261700667916,-2.3079904059532743,0.06022177819608503,0.01,0.0
high_density/island04,full_sparse_pde,time_shuffled,advect_u_u,0.00031337573311307726,0.0036582759745885708,0.08566213574095409,0.06022177819608503,0.01,0.0
high_density/island04,full_sparse_pde,time_shuffled,cubic_u,-0.00904091216214786,0.08947882982257545,-0.10103967810123109,0.06022177819608503,0.01,0.0
high_density/island04,full_sparse_pde,time_shuffled,boundary_normal,1.4445379917875847e-05,0.2926544256911941,4.93598546605219e-05,0.06022177819608503,0.01,0.0
high_density/island04,full_sparse_pde,time_shuffled,traction,-0.008566003845998234,91.90736603347298,-9.320258229224484e-05,0.06022177819608503,0.01,0.0
high_density/island04,full_sparse_pde,time_shuffled,stress_div,-0.00559012671720919,16.194127535803943,-0.00034519468275458865,0.06022177819608503,0.01,0.0
high_density/island04,full_sparse_pde,time_shuffled,force_balance,0.014432514625355565,34.481724873106316,0.00041855547187583017,0.06022177819608503,0.01,0.0
high_density/island04,full_sparse_pde,spatial_shifted,u_prev,-0.03149167602762572,0.11388361933940948,-0.276525071913727,0.06022224171672843,0.01,0.0
high_density/island04,full_sparse_pde,spatial_shifted,lap_u,0.007743835772342508,0.0007617252148410044,10.166180167685384,0.06022224171672843,0.01,0.0
high_density/island04,full_sparse_pde,spatial_shifted,grad_div_u,0.0029956009948942843,0.0005950699905964507,5.034031361406299,0.06022224171672843,0.01,0.0
high_density/island04,full_sparse_pde,spatial_shifted,advect_v_u,-0.005888888602993817,0.0025520261700667916,-2.3075345668730716,0.06022224171672843,0.01,0.0
high_density/island04,full_sparse_pde,spatial_shifted,advect_u_u,0.0003123201526710118,0.0036582759745885708,0.08537358986595782,0.06022224171672843,0.01,0.0
high_density/island04,full_sparse_pde,spatial_shifted,cubic_u,-0.009041673384679986,0.08947882982257545,-0.10104818539322,0.06022224171672843,0.01,0.0
high_density/island04,full_sparse_pde,spatial_shifted,boundary_normal,4.130017791736214e-05,0.2926544256911941,0.00014112268358771262,0.06022224171672843,0.01,0.0
high_density/island04,full_sparse_pde,spatial_shifted,traction,0.13246495312947007,91.90736603347298,0.0014412876665535804,0.06022224171672843,0.01,0.0
high_density/island04,full_sparse_pde,spatial_shifted,stress_div,0.1183457647732379,16.194127535803947,0.0073079432350760904,0.06022224171672843,0.01,0.0
high_density/island04,full_sparse_pde,spatial_shifted,force_balance,-0.25006959032905485,34.481724873106316,-0.007252235531990285,0.06022224171672843,0.01,0.0
high_density/island04,full_sparse_pde,wrong_island,u_prev,-0.03149220946362307,0.11388361933940948,-0.27652975595872353,0.060222104721378546,0.01,0.0
high_density/island04,full_sparse_pde,wrong_island,lap_u,0.007745100295775176,0.0007617252148410044,10.167840245897358,0.060222104721378546,0.01,0.0
high_density/island04,full_sparse_pde,wrong_island,grad_div_u,0.0029939365046339752,0.0005950699905964507,5.031234227814264,0.060222104721378546,0.01,0.0
high_density/island04,full_sparse_pde,wrong_island,advect_v_u,-0.005888966955784671,0.0025520261700667916,-2.307565269062482,0.060222104721378546,0.01,0.0
high_density/island04,full_sparse_pde,wrong_island,advect_u_u,0.00031156311121987456,0.0036582759745885708,0.08516665046160565,0.060222104721378546,0.01,0.0
high_density/island04,full_sparse_pde,wrong_island,cubic_u,-0.009040465018394171,0.08947882982257545,-0.10103468089960725,0.060222104721378546,0.01,0.0
high_density/island04,full_sparse_pde,wrong_island,boundary_normal,3.909935398035483e-05,0.2926544256911941,0.0001336024694928484,0.060222104721378546,0.01,0.0
high_density/island04,full_sparse_pde,wrong_island,traction,0.03920290178452991,92.72922719735513,0.00042276748086225914,0.060222104721378546,0.01,0.0
high_density/island04,full_sparse_pde,wrong_island,stress_div,0.03424475882959853,16.28673395121697,0.0021026167021681906,0.060222104721378546,0.01,0.0
high_density/island04,full_sparse_pde,wrong_island,force_balance,-0.07315906482248245,34.73638939280787,-0.0021061217386522603,0.060222104721378546,0.01,0.0
high_density/island04,full_sparse_pde,kin_time_shuffled,u_prev,-0.004133806017994336,0.1138836193394095,-0.03629851283242304,0.06803289015513388,100.0,0.03
high_density/island04,full_sparse_pde,kin_time_shuffled,lap_u,0.0033997254712664227,0.0007617252148410044,4.4631914567460536,0.06803289015513388,100.0,0.03
high_density/island04,full_sparse_pde,kin_time_shuffled,grad_div_u,-0.0012615485119050504,0.0005950699905964506,-2.120000221554737,0.06803289015513388,100.0,0.03
high_density/island04,full_sparse_pde,kin_time_shuffled,advect_v_u,0.0003367594215730659,0.002552026170066791,0.1319576678025415,0.06803289015513388,100.0,0.03
high_density/island04,full_sparse_pde,kin_time_shuffled,advect_u_u,-0.000576476369340811,0.0036582759745885708,-0.15758143271453012,0.06803289015513388,100.0,0.03
high_density/island04,full_sparse_pde,kin_time_shuffled,cubic_u,0.0031639835101962537,0.08947882982257543,0.0353601350897191,0.06803289015513388,100.0,0.03
high_density/island04,full_sparse_pde,kin_time_shuffled,stress_div,0.0007802567068446982,16.194127535803943,4.8181459922407794e-05,0.06803289015513388,100.0,0.03
high_density/island04,full_sparse_pde,kin_time_shuffled,force_balance,-0.00036650934570105545,34.48172487310631,-1.0629089671407677e-05,0.06803289015513388,100.0,0.03
high_density/island04,full_sparse_pde,kin_spatial_shifted,u_prev,-0.023646476137262572,0.11388361933940948,-0.20763720256192894,0.06560828596076851,0.01,0.0
high_density/island04,full_sparse_pde,kin_spatial_shifted,lap_u,-0.012125154253336662,0.0007617252148410045,-15.918016125890693,0.06560828596076851,0.01,0.0
high_density/island04,full_sparse_pde,kin_spatial_shifted,grad_div_u,-0.0002474583890034694,0.0005950699905964506,-0.41584753543938063,0.06560828596076851,0.01,0.0
high_density/island04,full_sparse_pde,kin_spatial_shifted,advect_v_u,0.0006591326443242371,0.002552026170066791,0.25827816816901467,0.06560828596076851,0.01,0.0
high_density/island04,full_sparse_pde,kin_spatial_shifted,advect_u_u,-0.0008180851769351187,0.0036582759745885703,-0.22362587804139764,0.06560828596076851,0.01,0.0
high_density/island04,full_sparse_pde,kin_spatial_shifted,cubic_u,0.004494482514590738,0.08947882982257546,0.05022956294246019,0.06560828596076851,0.01,0.0
high_density/island04,full_sparse_pde,kin_spatial_shifted,boundary_normal,-8.909060838518727e-05,0.2926544256911941,-0.00030442255631286697,0.06560828596076851,0.01,0.0
high_density/island04,full_sparse_pde,kin_spatial_shifted,traction,0.042905052895817836,91.90736603347298,0.0004668293168165832,0.06560828596076851,0.01,0.0
high_density/island04,full_sparse_pde,kin_spatial_shifted,stress_div,0.03848144290794426,16.194127535803943,0.0023762590990385134,0.06560828596076851,0.01,0.0
high_density/island04,full_sparse_pde,kin_spatial_shifted,force_balance,-0.0807426860474983,34.48172487310631,-0.002341608093696983,0.06560828596076851,0.01,0.0
high_density/island04,full_sparse_pde,kin_wrong_island,u_prev,-0.015464838058269982,0.10696032624638951,-0.1445848063575068,0.06871114072979062,0.01,0.03
high_density/island04,full_sparse_pde,kin_wrong_island,lap_u,-0.009206612676859472,0.0007368368095988307,-12.49477843251614,0.06871114072979062,0.01,0.03
high_density/island04,full_sparse_pde,kin_wrong_island,cubic_u,0.002931210612915813,0.08536547019425833,0.034337192851460044,0.06871114072979062,0.01,0.03
high_density/island04,full_sparse_pde,kin_wrong_island,traction,0.04965623105790397,91.90736603347298,0.0005402856506606772,0.06871114072979062,0.01,0.03
high_density/island04,full_sparse_pde,kin_wrong_island,stress_div,0.04429259733635576,16.194127535803943,0.002735102415269258,0.06871114072979062,0.01,0.03
high_density/island04,full_sparse_pde,kin_wrong_island,force_balance,-0.09327716871366307,34.48172487310631,-0.0027051189885925254,0.06871114072979062,0.01,0.03
low_density/island01,relaxation,real,u_prev,-0.04247401507378366,0.10728560317498582,-0.3958966889947699,0.18320334313342398,100.0,0.0
low_density/island01,relaxation,kin_time_shuffled,u_prev,-0.0025672308454882105,0.10728560317498581,-0.023928940785288642,0.19577204482142058,0.01,0.0
low_density/island01,relaxation,kin_spatial_shifted,u_prev,-0.010438037588064905,0.10728560317498582,-0.09729206230066277,0.193484365103288,0.01,0.0
low_density/island01,relaxation,kin_wrong_island,u_prev,-0.00525298400872931,0.10502167699860256,-0.05001809301520874,0.19524664181685164,0.01,0.0
low_density/island01,isotropic_pde,real,u_prev,-0.03440852419922639,0.10728560317498582,-0.3207189332114312,0.1827045973652754,0.01,0.0
low_density/island01,isotropic_pde,real,lap_u,0.012143886415894697,0.0007450114813210191,16.30026747287402,0.1827045973652754,0.01,0.0
low_density/island01,helmholtz_pde,real,u_prev,-0.03438205223327444,0.10728560317498582,-0.320472190263929,0.18262550814117315,0.01,0.0
low_density/island01,helmholtz_pde,real,lap_u,0.00966626728767463,0.0007450114813210191,12.974655465087412,0.18262550814117315,0.01,0.0
low_density/island01,helmholtz_pde,real,grad_div_u,0.0037483163742148807,0.0005811725092648339,6.449576183423387,0.18262550814117315,0.01,0.0
low_density/island01,helmholtz_pde,kin_time_shuffled,u_prev,-0.0012331446222181204,0.10728560317498581,-0.011494036345275769,0.19574832506126577,100.0,0.0
low_density/island01,helmholtz_pde,kin_time_shuffled,lap_u,0.0030269626265168655,0.0007450114813210191,4.062974467386192,0.19574832506126577,100.0,0.0
low_density/island01,helmholtz_pde,kin_time_shuffled,grad_div_u,-0.0015253368318089676,0.0005811725092648339,-2.624585312437565,0.19574832506126577,100.0,0.0
low_density/island01,helmholtz_pde,kin_spatial_shifted,u_prev,-0.018048498194373985,0.10728560317498582,-0.16822851957998855,0.192091274219264,0.01,0.03
low_density/island01,helmholtz_pde,kin_spatial_shifted,lap_u,-0.01142899144442168,0.000745011481321019,-15.340691695323049,0.192091274219264,0.01,0.03
low_density/island01,helmholtz_pde,kin_wrong_island,u_prev,-0.00996127293980815,0.10502167699860256,-0.09484968460311957,0.19474361013675465,0.01,0.0
low_density/island01,helmholtz_pde,kin_wrong_island,lap_u,-0.007130388365683186,0.0007163125886942162,-9.95429715772739,0.19474361013675465,0.01,0.0
low_density/island01,helmholtz_pde,kin_wrong_island,grad_div_u,-3.884606376419334e-05,0.0005641034668876529,-0.06886336646452475,0.19474361013675465,0.01,0.0
low_density/island01,advective_pde,real,u_prev,-0.03028205853693354,0.10728560317498582,-0.28225649705806893,0.18166623163592713,0.01,0.0
low_density/island01,advective_pde,real,lap_u,0.008070962628624808,0.0007450114813210191,10.833339929625994,0.18166623163592713,0.01,0.0
low_density/island01,advective_pde,real,grad_div_u,0.003079019976590407,0.0005811725092648339,5.297944977619944,0.18166623163592713,0.01,0.0
low_density/island01,advective_pde,real,advect_v_u,-0.005450120668634963,0.002453490745154279,-2.2213740481390123,0.18166623163592713,0.01,0.0
low_density/island01,advective_pde,real,advect_u_u,0.0010063913702202435,0.0036000669750206084,0.2795479576361166,0.18166623163592713,0.01,0.0
low_density/island01,advective_pde,real,cubic_u,-0.008441940572467528,0.08751305568374808,-0.09646492750721386,0.18166623163592713,0.01,0.0
low_density/island01,advective_pde,kin_time_shuffled,u_prev,-0.0023506896966278435,0.10728560317498581,-0.02191057911837251,0.19577252905843606,100.0,0.0
low_density/island01,advective_pde,kin_time_shuffled,lap_u,0.003467365476439562,0.0007450114813210191,4.654110122291529,0.19577252905843606,100.0,0.0
low_density/island01,advective_pde,kin_time_shuffled,grad_div_u,-0.0013252835905526062,0.0005811725092648339,-2.2803618020904857,0.19577252905843606,100.0,0.0
low_density/island01,advective_pde,kin_time_shuffled,advect_v_u,0.0006132162831697554,0.0024534907451542786,0.24993625281891804,0.19577252905843606,100.0,0.0
low_density/island01,advective_pde,kin_time_shuffled,advect_u_u,-0.0006183354359521048,0.0036000669750206092,-0.17175664792974166,0.19577252905843606,100.0,0.0
low_density/island01,advective_pde,kin_time_shuffled,cubic_u,0.0023322954562997747,0.08751305568374809,0.02665082870295548,0.19577252905843606,100.0,0.0
low_density/island01,advective_pde,kin_spatial_shifted,u_prev,-0.0201733694642891,0.10728560317498582,-0.1880342643121069,0.19189886672590603,0.01,0.03
low_density/island01,advective_pde,kin_spatial_shifted,lap_u,-0.010331746673425162,0.000745011481321019,-13.867902619574934,0.19189886672590603,0.01,0.03
low_density/island01,advective_pde,kin_spatial_shifted,cubic_u,0.004494235929111949,0.08751305568374808,0.051355033760369165,0.19189886672590603,0.01,0.03
low_density/island01,advective_pde,kin_wrong_island,u_prev,-0.011012557826257131,0.10502167699860256,-0.10485985504119942,0.194686012867357,0.01,0.03
low_density/island01,advective_pde,kin_wrong_island,lap_u,-0.006650321342879716,0.0007163125886942162,-9.28410507904482,0.194686012867357,0.01,0.03
low_density/island01,advective_pde,kin_wrong_island,advect_v_u,0.0005578974906382082,0.0023423636665583524,0.23817714499385573,0.194686012867357,0.01,0.03
low_density/island01,advective_pde,kin_wrong_island,advect_u_u,-0.0007870320433759806,0.003412644196665469,-0.23062235557547955,0.194686012867357,0.01,0.03
low_density/island01,advective_pde,kin_wrong_island,cubic_u,0.0021050850339169483,0.07586873132320412,0.02774641142935676,0.194686012867357,0.01,0.03
low_density/island01,boundary_pde,real,u_prev,-0.03028205853693354,0.10728560317498582,-0.28225649705806893,0.18166623163592713,0.01,0.01
low_density/island01,boundary_pde,real,lap_u,0.008070962628624808,0.0007450114813210191,10.833339929625994,0.18166623163592713,0.01,0.01
low_density/island01,boundary_pde,real,grad_div_u,0.003079019976590407,0.0005811725092648339,5.297944977619944,0.18166623163592713,0.01,0.01
low_density/island01,boundary_pde,real,advect_v_u,-0.005450120668634963,0.002453490745154279,-2.2213740481390123,0.18166623163592713,0.01,0.01
low_density/island01,boundary_pde,real,advect_u_u,0.0010063913702202435,0.0036000669750206084,0.2795479576361166,0.18166623163592713,0.01,0.01
low_density/island01,boundary_pde,real,cubic_u,-0.008441940572467528,0.08751305568374808,-0.09646492750721386,0.18166623163592713,0.01,0.01
low_density/island01,mechanics_source_pde,real,u_prev,-0.03438894083283383,0.10728560317498582,-0.3205363983156669,0.18261479823885826,0.01,0.0
low_density/island01,mechanics_source_pde,real,lap_u,0.009666585667145084,0.0007450114813210191,12.975082813495373,0.18261479823885826,0.01,0.0
low_density/island01,mechanics_source_pde,real,grad_div_u,0.003746385917429149,0.0005811725092648339,6.446254524613039,0.18261479823885826,0.01,0.0
low_density/island01,mechanics_source_pde,real,traction,0.05273493456450758,91.84893423907656,0.0005741485734308263,0.18261479823885826,0.01,0.0
low_density/island01,mechanics_source_pde,real,stress_div,0.04903468818399993,16.190325346308704,0.003028641311101234,0.18261479823885826,0.01,0.0
low_density/island01,mechanics_source_pde,real,force_balance,-0.10081324394252167,34.46819253622427,-0.002924819566229712,0.18261479823885826,0.01,0.0
low_density/island01,mechanics_source_pde,time_shuffled,u_prev,-0.034383474733405604,0.10728560317498582,-0.32048544926689926,0.1826228698536316,0.01,0.0
low_density/island01,mechanics_source_pde,time_shuffled,lap_u,0.009666076016005248,0.0007450114813210191,12.97439872854821,0.1826228698536316,0.01,0.0
low_density/island01,mechanics_source_pde,time_shuffled,grad_div_u,0.0037470833909455502,0.0005811725092648339,6.447454639045987,0.1826228698536316,0.01,0.0
low_density/island01,mechanics_source_pde,time_shuffled,traction,0.004038853813980401,91.84893423907656,4.397278909592503e-05,0.1826228698536316,0.01,0.0
low_density/island01,mechanics_source_pde,time_shuffled,stress_div,0.004229290392864606,16.190325346308704,0.000261223310983609,0.1826228698536316,0.01,0.0
low_density/island01,mechanics_source_pde,time_shuffled,force_balance,-0.007944151041669524,34.46819253622427,-0.00023047773779610392,0.1826228698536316,0.01,0.0
low_density/island01,mechanics_source_pde,spatial_shifted,u_prev,-0.03437965478450164,0.10728560317498582,-0.32044984384743086,0.18262638770373402,10.0,0.0
low_density/island01,mechanics_source_pde,spatial_shifted,lap_u,0.009667340017300186,0.0007450114813210191,12.976095348434786,0.18262638770373402,10.0,0.0
low_density/island01,mechanics_source_pde,spatial_shifted,grad_div_u,0.0037485752301954583,0.0005811725092648339,6.450021586425854,0.18262638770373402,10.0,0.0
low_density/island01,mechanics_source_pde,spatial_shifted,traction,0.009394715526850807,91.84893423907656,0.00010228442610337752,0.18262638770373402,10.0,0.0
low_density/island01,mechanics_source_pde,spatial_shifted,stress_div,0.009250079273337814,16.190325346308704,0.0005713337487345043,0.18262638770373402,10.0,0.0
low_density/island01,mechanics_source_pde,spatial_shifted,force_balance,-0.018637342997053535,34.46819253622427,-0.0005407113522841867,0.18262638770373402,10.0,0.0
low_density/island01,mechanics_source_pde,wrong_island,u_prev,-0.0343572242923138,0.10728560317498582,-0.3202407711338138,0.1826257369843544,100.0,0.03
low_density/island01,mechanics_source_pde,wrong_island,lap_u,0.009676305254303966,0.0007450114813210191,12.988129038154417,0.1826257369843544,100.0,0.03
low_density/island01,mechanics_source_pde,wrong_island,grad_div_u,0.0037508819509293715,0.0005811725092648339,6.453990667373663,0.1826257369843544,100.0,0.03
low_density/island01,mechanics_source_pde,kin_time_shuffled,u_prev,-0.0012358686745335924,0.10728560317498581,-0.011519427005670612,0.1957449384124311,0.01,0.0
low_density/island01,mechanics_source_pde,kin_time_shuffled,lap_u,0.0030319179619225562,0.0007450114813210191,4.069625821801434,0.1957449384124311,0.01,0.0
low_density/island01,mechanics_source_pde,kin_time_shuffled,grad_div_u,-0.0015303583479230006,0.0005811725092648339,-2.633225631850445,0.1957449384124311,0.01,0.0
low_density/island01,mechanics_source_pde,kin_time_shuffled,traction,0.04390845545254778,91.84893423907656,0.00047805078868152183,0.1957449384124311,0.01,0.0
low_density/island01,mechanics_source_pde,kin_time_shuffled,stress_div,0.039020093065055765,16.190325346308704,0.002410087026074007,0.1957449384124311,0.01,0.0
low_density/island01,mechanics_source_pde,kin_time_shuffled,force_balance,-0.08232340863007803,34.46819253622427,-0.002388387744543333,0.1957449384124311,0.01,0.0
low_density/island01,mechanics_source_pde,kin_spatial_shifted,u_prev,-0.01804828208801382,0.10728560317498582,-0.16822650527095018,0.19208837672313586,0.01,0.03
low_density/island01,mechanics_source_pde,kin_spatial_shifted,lap_u,-0.01142978750897155,0.000745011481321019,-15.341760221875765,0.19208837672313586,0.01,0.03
low_density/island01,mechanics_source_pde,kin_spatial_shifted,traction,0.03870327597659254,91.84893423907656,0.00042137969588030856,0.19208837672313586,0.01,0.03
low_density/island01,mechanics_source_pde,kin_spatial_shifted,stress_div,0.03435086781876586,16.190325346308704,0.002121691015097337,0.19208837672313586,0.01,0.03
low_density/island01,mechanics_source_pde,kin_spatial_shifted,force_balance,-0.0725001438164665,34.46819253622427,-0.002103392678344611,0.19208837672313586,0.01,0.03
low_density/island01,mechanics_source_pde,kin_wrong_island,u_prev,-0.009962193749061937,0.10502167699860256,-0.09485845240496871,0.19474041471263243,0.01,0.0
low_density/island01,mechanics_source_pde,kin_wrong_island,lap_u,-0.007131064100280098,0.0007163125886942162,-9.955240509285883,0.19474041471263243,0.01,0.0
low_density/island01,mechanics_source_pde,kin_wrong_island,grad_div_u,-3.955158496243705e-05,0.0005641034668876529,-0.07011406113253717,0.19474041471263243,0.01,0.0
low_density/island01,mechanics_source_pde,kin_wrong_island,traction,0.04497359000622732,91.84893423907656,0.0004896473800029526,0.19474041471263243,0.01,0.0
low_density/island01,mechanics_source_pde,kin_wrong_island,stress_div,0.03972667177498926,16.190325346308704,0.0024537290588818646,0.19474041471263243,0.01,0.0
low_density/island01,mechanics_source_pde,kin_wrong_island,force_balance,-0.08410289015503941,34.46819253622427,-0.002440014516765034,0.19474041471263243,0.01,0.0
low_density/island01,full_sparse_pde,real,u_prev,-0.03029044415005336,0.10728560317498582,-0.28233465864612606,0.1816566526385228,0.01,0.01
low_density/island01,full_sparse_pde,real,lap_u,0.00807202091282274,0.0007450114813210191,10.834760423436448,0.1816566526385228,0.01,0.01
low_density/island01,full_sparse_pde,real,grad_div_u,0.003077499861467109,0.0005811725092648339,5.295329377089869,0.1816566526385228,0.01,0.01
low_density/island01,full_sparse_pde,real,advect_v_u,-0.005451057769507909,0.002453490745154279,-2.221755994096949,0.1816566526385228,0.01,0.01
low_density/island01,full_sparse_pde,real,advect_u_u,0.0010099775204323563,0.0036000669750206084,0.2805440919405603,0.1816566526385228,0.01,0.01
low_density/island01,full_sparse_pde,real,cubic_u,-0.008437925674781407,0.08751305568374808,-0.0964190498075409,0.1816566526385228,0.01,0.01
low_density/island01,full_sparse_pde,real,traction,0.05030864924396891,91.84893423907656,0.000547732531256366,0.1816566526385228,0.01,0.01
low_density/island01,full_sparse_pde,real,stress_div,0.04668990028020849,16.190325346308704,0.0028838148265410554,0.1816566526385228,0.01,0.01
low_density/island01,full_sparse_pde,real,force_balance,-0.09608413492928362,34.46819253622427,-0.002787617448414338,0.1816566526385228,0.01,0.01
low_density/island01,full_sparse_pde,time_shuffled,u_prev,-0.030283061114535405,0.10728560317498582,-0.28226584199878973,0.18166363562478005,0.01,0.01
low_density/island01,full_sparse_pde,time_shuffled,lap_u,0.008070845779147717,0.0007450114813210191,10.833183087107429,0.18166363562478005,0.01,0.01
low_density/island01,full_sparse_pde,time_shuffled,grad_div_u,0.0030777568558418805,0.0005811725092648339,5.2957715769026175,0.18166363562478005,0.01,0.01
low_density/island01,full_sparse_pde,time_shuffled,advect_v_u,-0.005451167388401083,0.002453490745154279,-2.2218006728443176,0.18166363562478005,0.01,0.01
low_density/island01,full_sparse_pde,time_shuffled,advect_u_u,0.001007681627895653,0.0036000669750206084,0.2799063558782499,0.18166363562478005,0.01,0.01
low_density/island01,full_sparse_pde,time_shuffled,cubic_u,-0.008442369599416124,0.08751305568374808,-0.09646982994085926,0.18166363562478005,0.01,0.01
low_density/island01,full_sparse_pde,time_shuffled,traction,-0.005106054195240446,91.84893423907656,-5.559187199657355e-05,0.18166363562478005,0.01,0.01
low_density/island01,full_sparse_pde,time_shuffled,stress_div,-0.0038530505531571974,16.190325346308704,-0.0002379847514327851,0.18166363562478005,0.01,0.01
low_density/island01,full_sparse_pde,time_shuffled,force_balance,0.009239599750071955,34.46819253622427,0.0002680616263925536,0.18166363562478005,0.01,0.01
low_density/island01,full_sparse_pde,spatial_shifted,u_prev,-0.03019657585605317,0.10728560317498582,-0.28145972024598404,0.18156945858298426,1.0,0.03
low_density/island01,full_sparse_pde,spatial_shifted,lap_u,0.010047569066658537,0.0007450114813210191,13.486462045984396,0.18156945858298426,1.0,0.03
low_density/island01,full_sparse_pde,spatial_shifted,advect_v_u,-0.004807344829207143,0.002453490745154279,-1.959389836175987,0.18156945858298426,1.0,0.03
low_density/island01,full_sparse_pde,spatial_shifted,cubic_u,-0.008712492870665502,0.08751305568374808,-0.09955649248668032,0.18156945858298426,1.0,0.03
low_density/island01,full_sparse_pde,spatial_shifted,traction,0.05750552193457366,91.84893423907656,0.000626088069621915,0.18156945858298426,1.0,0.03
low_density/island01,full_sparse_pde,spatial_shifted,stress_div,0.05189196213635294,16.190325346308704,0.0032051216406336143,0.18156945858298426,1.0,0.03
low_density/island01,full_sparse_pde,spatial_shifted,force_balance,-0.10909832589168972,34.46819253622427,-0.0031651884785380917,0.18156945858298426,1.0,0.03
low_density/island01,full_sparse_pde,wrong_island,u_prev,-0.03029931605535442,0.10728560317498582,-0.2824173529223244,0.18156868337306467,0.01,0.03
low_density/island01,full_sparse_pde,wrong_island,lap_u,0.008076059239425615,0.0007450114813210191,10.840180912521681,0.18156868337306467,0.01,0.03
low_density/island01,full_sparse_pde,wrong_island,grad_div_u,0.0030803152967298075,0.0005811725092648339,5.300173782525116,0.18156868337306467,0.01,0.03
low_density/island01,full_sparse_pde,wrong_island,advect_v_u,-0.004828798519726511,0.002453490745154279,-1.9681339859396412,0.18156868337306467,0.01,0.03
low_density/island01,full_sparse_pde,wrong_island,cubic_u,-0.00844890759897441,0.08751305568374808,-0.09654453878866721,0.18156868337306467,0.01,0.03
low_density/island01,full_sparse_pde,wrong_island,traction,0.032684705489004734,92.7037528489967,0.0003525715462915962,0.18156868337306467,0.01,0.03
low_density/island01,full_sparse_pde,wrong_island,stress_div,0.029228317484103702,16.28241062872168,0.001795085393101795,0.18156868337306467,0.01,0.03
low_density/island01,full_sparse_pde,wrong_island,force_balance,-0.06169242426441426,34.72895844023062,-0.0017763971922909354,0.18156868337306467,0.01,0.03
low_density/island01,full_sparse_pde,kin_time_shuffled,lap_u,0.002836062502967392,0.0007450114813210191,3.806736639734223,0.19572908066262668,0.01,0.03
low_density/island01,full_sparse_pde,kin_time_shuffled,traction,0.042981447797373354,91.84893423907656,0.0004679580460399851,0.19572908066262668,0.01,0.03
low_density/island01,full_sparse_pde,kin_time_shuffled,stress_div,0.03812943980637199,16.190325346308704,0.0023550755769750653,0.19572908066262668,0.01,0.03
low_density/island01,full_sparse_pde,kin_time_shuffled,force_balance,-0.08051956903032614,34.46819253622427,-0.0023360542896383174,0.19572908066262668,0.01,0.03
low_density/island01,full_sparse_pde,kin_spatial_shifted,u_prev,-0.020170640110904303,0.10728560317498582,-0.18800882424089488,0.19189645278581594,10.0,0.03
low_density/island01,full_sparse_pde,kin_spatial_shifted,lap_u,-0.010330729362181094,0.000745011481321019,-13.866537122170433,0.19189645278581594,10.0,0.03
low_density/island01,full_sparse_pde,kin_spatial_shifted,cubic_u,0.004493359354599767,0.08751305568374808,0.05134501726048428,0.19189645278581594,10.0,0.03
low_density/island01,full_sparse_pde,kin_spatial_shifted,traction,0.0031195457540282843,91.84893423907656,3.396387535546486e-05,0.19189645278581594,10.0,0.03
low_density/island01,full_sparse_pde,kin_spatial_shifted,stress_div,0.0028629805052371115,16.190325346308704,0.00017683279637674813,0.19189645278581594,10.0,0.03
low_density/island01,full_sparse_pde,kin_spatial_shifted,force_balance,-0.005635137979924475,34.46819253622427,-0.0001634880614642685,0.19189645278581594,10.0,0.03
low_density/island01,full_sparse_pde,kin_wrong_island,u_prev,-0.009962119761164727,0.10502167699860256,-0.09485774790377119,0.19467639289439442,0.01,0.03
low_density/island01,full_sparse_pde,kin_wrong_island,lap_u,-0.0071570153242822435,0.0007163125886942162,-9.99146941885936,0.19467639289439442,0.01,0.03
low_density/island01,full_sparse_pde,kin_wrong_island,traction,0.04496151478473867,91.84893423907656,0.0004895159117220336,0.19467639289439442,0.01,0.03
low_density/island01,full_sparse_pde,kin_wrong_island,stress_div,0.03971564390850446,16.190325346308704,0.002453047919605852,0.19467639289439442,0.01,0.03
low_density/island01,full_sparse_pde,kin_wrong_island,force_balance,-0.08407986873032361,34.46819253622427,-0.0024393466133148713,0.19467639289439442,0.01,0.03
low_density/island02,relaxation,real,u_prev,-0.041249702482990466,0.10596338377423235,-0.3892826088951433,0.18257734558454267,100.0,0.0
low_density/island02,relaxation,kin_time_shuffled,u_prev,-0.0028749035430648147,0.10596338377423235,-0.027131103600750803,0.19116764715000018,0.01,0.0
low_density/island02,relaxation,kin_spatial_shifted,u_prev,-0.010283279093017876,0.10596338377423237,-0.09704558996462051,0.18967488226529036,0.01,0.0
low_density/island02,relaxation,kin_wrong_island,u_prev,-0.005914008910336188,0.10796463636498399,-0.05477727809264654,0.19145902215104518,100.0,0.0
low_density/island02,isotropic_pde,real,u_prev,-0.034304717063985524,0.10596338377423235,-0.32374123817219563,0.18193618786051358,100.0,0.0
low_density/island02,isotropic_pde,real,lap_u,0.010525851624990248,0.000726471194256263,14.489014441606683,0.18193618786051358,100.0,0.0
low_density/island02,helmholtz_pde,real,u_prev,-0.034283346113797755,0.10596338377423235,-0.323539555766193,0.18190111031079426,100.0,0.0
low_density/island02,helmholtz_pde,real,lap_u,0.008613556061149332,0.000726471194256263,11.85670695445482,0.18190111031079426,100.0,0.0
low_density/island02,helmholtz_pde,real,grad_div_u,0.002938304872178511,0.0005723464781319087,5.133786935789129,0.18190111031079426,100.0,0.0
low_density/island02,helmholtz_pde,kin_time_shuffled,u_prev,-0.001687120458444001,0.10596338377423235,-0.015921730680464232,0.19112148061845138,0.01,0.0
low_density/island02,helmholtz_pde,kin_time_shuffled,lap_u,0.002421225347803243,0.0007264711942562629,3.33285802237763,0.19112148061845138,0.01,0.0
low_density/island02,helmholtz_pde,kin_time_shuffled,grad_div_u,-0.0009396610703266228,0.0005723464781319087,-1.6417696381981741,0.19112148061845138,0.01,0.0
low_density/island02,helmholtz_pde,kin_spatial_shifted,u_prev,-0.018075996789314912,0.10596338377423237,-0.17058719857255578,0.18869484019484464,0.01,0.0
low_density/island02,helmholtz_pde,kin_spatial_shifted,lap_u,-0.011425673975281561,0.000726471194256263,-15.72763526705114,0.18869484019484464,0.01,0.0
low_density/island02,helmholtz_pde,kin_spatial_shifted,grad_div_u,-0.0005729096555128453,0.0005723464781319087,-1.000983979813722,0.18869484019484464,0.01,0.0
low_density/island02,helmholtz_pde,kin_wrong_island,u_prev,-0.010724220648650449,0.10796463636498399,-0.0993308643433603,0.19150057043507557,100.0,0.0
low_density/island02,helmholtz_pde,kin_wrong_island,lap_u,-0.007116478781194026,0.0007350391939134823,-9.68176777527277,0.19150057043507557,100.0,0.0
low_density/island02,helmholtz_pde,kin_wrong_island,grad_div_u,-0.00024988641981337834,0.000576209365793195,-0.4336729575184726,0.19150057043507557,100.0,0.0
low_density/island02,advective_pde,real,u_prev,-0.030280078730291066,0.10596338377423235,-0.28575983185669485,0.18077255340799045,100.0,0.01
low_density/island02,advective_pde,real,lap_u,0.007026661382859334,0.000726471194256263,9.672319340965743,0.18077255340799045,100.0,0.01
low_density/island02,advective_pde,real,grad_div_u,0.0023644026893161647,0.0005723464781319087,4.131068818722146,0.18077255340799045,100.0,0.01
low_density/island02,advective_pde,real,advect_v_u,-0.00559153183671547,0.002343520305815757,-2.385954080636443,0.18077255340799045,100.0,0.01
low_density/island02,advective_pde,real,cubic_u,-0.008138808196118437,0.07778576611594666,-0.1046310732992822,0.18077255340799045,100.0,0.01
low_density/island02,advective_pde,kin_time_shuffled,u_prev,-0.0029628577171583346,0.10596338377423235,-0.02796114668696365,0.1910722198336843,0.01,0.0
low_density/island02,advective_pde,kin_time_shuffled,lap_u,0.002905355006509629,0.0007264711942562629,3.9992707618421606,0.1910722198336843,0.01,0.0
low_density/island02,advective_pde,kin_time_shuffled,grad_div_u,-0.0007198807346345505,0.0005723464781319087,-1.2577708820436553,0.1910722198336843,0.01,0.0
low_density/island02,advective_pde,kin_time_shuffled,advect_v_u,-0.0002777047322241972,0.002343520305815757,-0.11849896565224378,0.1910722198336843,0.01,0.0
low_density/island02,advective_pde,kin_time_shuffled,advect_u_u,1.6512033338389335e-05,0.0034506421412438554,0.004785205959502143,0.1910722198336843,0.01,0.0
low_density/island02,advective_pde,kin_time_shuffled,cubic_u,0.002656574436463487,0.07778576611594668,0.03415244933762848,0.1910722198336843,0.01,0.0
low_density/island02,advective_pde,kin_spatial_shifted,u_prev,-0.02014068565637849,0.10596338377423237,-0.19007212622891154,0.188593630062165,0.01,0.03
low_density/island02,advective_pde,kin_spatial_shifted,lap_u,-0.01078346481455587,0.000726471194256263,-14.843623394587066,0.188593630062165,0.01,0.03
low_density/island02,advective_pde,kin_spatial_shifted,cubic_u,0.004288011041498579,0.07778576611594666,0.05512590870554536,0.188593630062165,0.01,0.03
low_density/island02,advective_pde,kin_wrong_island,u_prev,-0.01174323648618197,0.10796463636498399,-0.1087692866994237,0.19149716176725484,100.0,0.0
low_density/island02,advective_pde,kin_wrong_island,lap_u,-0.00671621922828951,0.0007350391939134823,-9.137225992713583,0.19149716176725484,100.0,0.0
low_density/island02,advective_pde,kin_wrong_island,grad_div_u,-9.77497563591641e-05,0.000576209365793195,-0.16964277598057487,0.19149716176725484,100.0,0.0
low_density/island02,advective_pde,kin_wrong_island,advect_v_u,0.001147038676613114,0.002508701701338033,0.4572240198989514,0.19149716176725484,100.0,0.0
low_density/island02,advective_pde,kin_wrong_island,advect_u_u,-0.0013018082836559627,0.0036144204204554852,-0.36017068636744537,0.19149716176725484,100.0,0.0
low_density/island02,advective_pde,kin_wrong_island,cubic_u,0.002030001254180176,0.0870747935891583,0.023313305383854874,0.19149716176725484,100.0,0.0
low_density/island02,boundary_pde,real,u_prev,-0.030280078730291066,0.10596338377423235,-0.28575983185669485,0.18077255340799045,100.0,0.01
low_density/island02,boundary_pde,real,lap_u,0.007026661382859334,0.000726471194256263,9.672319340965743,0.18077255340799045,100.0,0.01
low_density/island02,boundary_pde,real,grad_div_u,0.0023644026893161647,0.0005723464781319087,4.131068818722146,0.18077255340799045,100.0,0.01
low_density/island02,boundary_pde,real,advect_v_u,-0.00559153183671547,0.002343520305815757,-2.385954080636443,0.18077255340799045,100.0,0.01
low_density/island02,boundary_pde,real,cubic_u,-0.008138808196118437,0.07778576611594666,-0.1046310732992822,0.18077255340799045,100.0,0.01
low_density/island02,mechanics_source_pde,real,u_prev,-0.034288874560936315,0.10596338377423235,-0.32359172895037835,0.18189232837190217,100.0,0.0
low_density/island02,mechanics_source_pde,real,lap_u,0.008613553005216358,0.000726471194256263,11.856702747910916,0.18189232837190217,100.0,0.0
low_density/island02,mechanics_source_pde,real,grad_div_u,0.0029367080264594784,0.0005723464781319087,5.1309969374576205,0.18189232837190217,100.0,0.0
low_density/island02,mechanics_source_pde,real,traction,-0.0007233613153273653,91.64300678263804,-7.893251659049752e-06,0.18189232837190217,100.0,0.0
low_density/island02,mechanics_source_pde,real,stress_div,0.001900563523156877,16.153916401238394,0.00011765342075257835,0.18189232837190217,100.0,0.0
low_density/island02,mechanics_source_pde,real,force_balance,-0.0006620410797275553,34.39011001715711,-1.9250914853057033e-05,0.18189232837190217,100.0,0.0
low_density/island02,mechanics_source_pde,time_shuffled,u_prev,-0.03428420571914339,0.10596338377423235,-0.32354766805286234,0.18189994603029014,100.0,0.0
low_density/island02,mechanics_source_pde,time_shuffled,lap_u,0.008613191319998095,0.000726471194256263,11.85620488203389,0.18189994603029014,100.0,0.0
low_density/island02,mechanics_source_pde,time_shuffled,grad_div_u,0.0029376386593828133,0.0005723464781319087,5.132622933176808,0.18189994603029014,100.0,0.0
low_density/island02,mechanics_source_pde,time_shuffled,traction,-0.0005432023089666687,91.64300678263804,-5.927373271973214e-06,0.18189994603029014,100.0,0.0
low_density/island02,mechanics_source_pde,time_shuffled,stress_div,0.0006731633257003142,16.153916401238394,4.1671834184353464e-05,0.18189994603029014,100.0,0.0
low_density/island02,mechanics_source_pde,time_shuffled,force_balance,4.318911116826455e-05,34.39011001715711,1.2558584763677013e-06,0.18189994603029014,100.0,0.0
low_density/island02,mechanics_source_pde,spatial_shifted,u_prev,-0.03428349714182278,0.10596338377423235,-0.32354098105122675,0.18190060480036335,100.0,0.03
low_density/island02,mechanics_source_pde,spatial_shifted,lap_u,0.008613562226561086,0.000726471194256263,11.856715441249344,0.18190060480036335,100.0,0.03
low_density/island02,mechanics_source_pde,spatial_shifted,grad_div_u,0.002938166910540769,0.0005723464781319087,5.133545890123586,0.18190060480036335,100.0,0.03
low_density/island02,mechanics_source_pde,spatial_shifted,stress_div,0.001265882419781611,16.153916401238394,7.8363809019376e-05,0.18190060480036335,100.0,0.03
low_density/island02,mechanics_source_pde,spatial_shifted,force_balance,-0.0013020652301937708,34.39011001715712,-3.786161863233861e-05,0.18190060480036335,100.0,0.03
low_density/island02,mechanics_source_pde,wrong_island,u_prev,-0.034283346113797755,0.10596338377423235,-0.323539555766193,0.18190111031079426,100.0,0.03
low_density/island02,mechanics_source_pde,wrong_island,lap_u,0.008613556061149332,0.000726471194256263,11.85670695445482,0.18190111031079426,100.0,0.03
low_density/island02,mechanics_source_pde,wrong_island,grad_div_u,0.002938304872178511,0.0005723464781319087,5.133786935789129,0.18190111031079426,100.0,0.03
low_density/island02,mechanics_source_pde,kin_time_shuffled,u_prev,-0.0016894928054504788,0.10596338377423235,-0.015944119046350437,0.19111934065652733,0.01,0.0
low_density/island02,mechanics_source_pde,kin_time_shuffled,lap_u,0.0024218983380787907,0.0007264711942562629,3.33378440498009,0.19111934065652733,0.01,0.0
low_density/island02,mechanics_source_pde,kin_time_shuffled,grad_div_u,-0.0009410533981869423,0.0005723464781319087,-1.6442023042728633,0.19111934065652733,0.01,0.0
low_density/island02,mechanics_source_pde,kin_time_shuffled,traction,0.041491224883437004,91.64300678263804,0.00045274840208863165,0.19111934065652733,0.01,0.0
low_density/island02,mechanics_source_pde,kin_time_shuffled,stress_div,0.03699720649330949,16.153916401238394,0.0022902932994300503,0.19111934065652733,0.01,0.0
low_density/island02,mechanics_source_pde,kin_time_shuffled,force_balance,-0.07800003318401433,34.39011001715711,-0.0022680949012695907,0.19111934065652733,0.01,0.0
low_density/island02,mechanics_source_pde,kin_spatial_shifted,u_prev,-0.018071811375364562,0.10596338377423237,-0.17054769989101815,0.18868250338007106,0.01,0.03
low_density/island02,mechanics_source_pde,kin_spatial_shifted,lap_u,-0.011799273064911714,0.000726471194256263,-16.241900791388456,0.18868250338007106,0.01,0.03
low_density/island02,mechanics_source_pde,kin_spatial_shifted,traction,0.03636239768979013,91.64300678263804,0.000396783114897525,0.18868250338007106,0.01,0.03
low_density/island02,mechanics_source_pde,kin_spatial_shifted,stress_div,0.03252158247967227,16.153916401238394,0.0020132320653324103,0.18868250338007106,0.01,0.03
low_density/island02,mechanics_source_pde,kin_spatial_shifted,force_balance,-0.06844692942626723,34.39011001715711,-0.0019903085332416584,0.18868250338007106,0.01,0.03
low_density/island02,mechanics_source_pde,kin_wrong_island,u_prev,-0.010738253270309557,0.10796463636498399,-0.09946083858429294,0.19149913514602104,0.01,0.0
low_density/island02,mechanics_source_pde,kin_wrong_island,lap_u,-0.007131965299395217,0.0007350391939134823,-9.702836744559615,0.19149913514602104,0.01,0.0
low_density/island02,mechanics_source_pde,kin_wrong_island,grad_div_u,-0.00024662524907409527,0.000576209365793195,-0.42801325996254375,0.19149913514602104,0.01,0.0
low_density/island02,mechanics_source_pde,kin_wrong_island,traction,0.04258846384139813,91.64300678263804,0.0004647213719472439,0.19149913514602104,0.01,0.0
low_density/island02,mechanics_source_pde,kin_wrong_island,stress_div,0.03784207457424495,16.153916401238394,0.002342594429382084,0.19149913514602104,0.01,0.0
low_density/island02,mechanics_source_pde,kin_wrong_island,force_balance,-0.0799532528595467,34.39011001715711,-0.002324890871813387,0.19149913514602104,0.01,0.0
low_density/island02,full_sparse_pde,real,u_prev,-0.03028689701961662,0.10596338377423235,-0.28582417756822937,0.1807644689041572,100.0,0.01
low_density/island02,full_sparse_pde,real,lap_u,0.0070272552878017005,0.000726471194256263,9.673136861257067,0.1807644689041572,100.0,0.01
low_density/island02,full_sparse_pde,real,grad_div_u,0.0023631462868700173,0.0005723464781319087,4.128873640636578,0.1807644689041572,100.0,0.01
low_density/island02,full_sparse_pde,real,advect_v_u,-0.0055916406636017674,0.002343520305815757,-2.3860005179922568,0.1807644689041572,100.0,0.01
low_density/island02,full_sparse_pde,real,cubic_u,-0.008135572504433686,0.07778576611594666,-0.10458947582141039,0.1807644689041572,100.0,0.01
low_density/island02,full_sparse_pde,real,traction,-0.0006872151130354797,91.64300678263804,-7.498827648305337e-06,0.1807644689041572,100.0,0.01
low_density/island02,full_sparse_pde,real,stress_div,0.0017988474611018489,16.153916401238394,0.00011135673953122262,0.1807644689041572,100.0,0.01
low_density/island02,full_sparse_pde,real,force_balance,-0.0006204042210556975,34.39011001715711,-1.804019297251971e-05,0.1807644689041572,100.0,0.01
low_density/island02,full_sparse_pde,time_shuffled,u_prev,-0.030280901529447814,0.10596338377423235,-0.2857675967951806,0.18077120085975673,100.0,0.01
low_density/island02,full_sparse_pde,time_shuffled,lap_u,0.007026221724912402,0.000726471194256263,9.671714144296683,0.18077120085975673,100.0,0.01
low_density/island02,full_sparse_pde,time_shuffled,grad_div_u,0.002363701323240113,0.0005723464781319087,4.129843396529734,0.18077120085975673,100.0,0.01
low_density/island02,full_sparse_pde,time_shuffled,advect_v_u,-0.005591786487590914,0.002343520305815757,-2.3860627423257883,0.18077120085975673,100.0,0.01
low_density/island02,full_sparse_pde,time_shuffled,cubic_u,-0.008138992266503352,0.07778576611594666,-0.10463343967547294,0.18077120085975673,100.0,0.01
low_density/island02,full_sparse_pde,time_shuffled,traction,-0.0005804541517022315,91.64300678263804,-6.333861928810042e-06,0.18077120085975673,100.0,0.01
low_density/island02,full_sparse_pde,time_shuffled,stress_div,0.0007600650398423273,16.153916401238394,4.7051440713414805e-05,0.18077120085975673,100.0,0.01
low_density/island02,full_sparse_pde,spatial_shifted,u_prev,-0.030280137603426564,0.10596338377423235,-0.28576038745555743,0.1807718939662922,100.0,0.03
low_density/island02,full_sparse_pde,spatial_shifted,lap_u,0.007026625042638256,0.000726471194256263,9.67226931803109,0.1807718939662922,100.0,0.03
low_density/island02,full_sparse_pde,spatial_shifted,grad_div_u,0.00236423316092254,0.0005723464781319087,4.130772619828465,0.1807718939662922,100.0,0.03
low_density/island02,full_sparse_pde,spatial_shifted,advect_v_u,-0.005591675432028759,0.002343520305815757,-2.386015353975075,0.1807718939662922,100.0,0.03
low_density/island02,full_sparse_pde,spatial_shifted,cubic_u,-0.008139030417572007,0.07778576611594666,-0.10463393013883866,0.1807718939662922,100.0,0.03
low_density/island02,full_sparse_pde,spatial_shifted,stress_div,0.0014074058115196128,16.153916401238394,8.712474279065342e-05,0.1807718939662922,100.0,0.03
low_density/island02,full_sparse_pde,spatial_shifted,force_balance,-0.0014473199281366531,34.39011001715712,-4.208535324296984e-05,0.1807718939662922,100.0,0.03
low_density/island02,full_sparse_pde,wrong_island,u_prev,-0.030280078730291066,0.10596338377423235,-0.28575983185669485,0.18077235451175416,100.0,0.03
low_density/island02,full_sparse_pde,wrong_island,lap_u,0.007026661382859334,0.000726471194256263,9.672319340965743,0.18077235451175416,100.0,0.03
low_density/island02,full_sparse_pde,wrong_island,grad_div_u,0.0023644026893161647,0.0005723464781319087,4.131068818722146,0.18077235451175416,100.0,0.03
low_density/island02,full_sparse_pde,wrong_island,advect_v_u,-0.00559153183671547,0.002343520305815757,-2.385954080636443,0.18077235451175416,100.0,0.03
low_density/island02,full_sparse_pde,wrong_island,cubic_u,-0.008138808196118437,0.07778576611594666,-0.1046310732992822,0.18077235451175416,100.0,0.03
low_density/island02,full_sparse_pde,kin_time_shuffled,u_prev,-0.0029962870705422767,0.10596338377423235,-0.028276626923562805,0.19106437740372104,0.01,0.03
low_density/island02,full_sparse_pde,kin_time_shuffled,lap_u,0.0024535031727980676,0.0007264711942562629,3.3772889994762734,0.19106437740372104,0.01,0.03
low_density/island02,full_sparse_pde,kin_time_shuffled,cubic_u,0.0027221414938008643,0.07778576611594668,0.034995367786739645,0.19106437740372104,0.01,0.03
low_density/island02,full_sparse_pde,kin_time_shuffled,traction,0.041454031103657675,91.64300678263804,0.00045234254700939416,0.19106437740372104,0.01,0.03
low_density/island02,full_sparse_pde,kin_time_shuffled,stress_div,0.03701081858854118,16.153916401238394,0.002291135949280006,0.19106437740372104,0.01,0.03
low_density/island02,full_sparse_pde,kin_time_shuffled,force_balance,-0.07797120621276647,34.39011001715711,-0.002267256666927407,0.19106437740372104,0.01,0.03
low_density/island02,full_sparse_pde,kin_spatial_shifted,u_prev,-0.020140514606323615,0.10596338377423237,-0.1900705119915327,0.18859187769519214,0.01,0.03
low_density/island02,full_sparse_pde,kin_spatial_shifted,lap_u,-0.010783856933170298,0.000726471194256263,-14.84416315255342,0.18859187769519214,0.01,0.03
low_density/island02,full_sparse_pde,kin_spatial_shifted,cubic_u,0.00428813436437362,0.07778576611594666,0.05512749412253356,0.18859187769519214,0.01,0.03
low_density/island02,full_sparse_pde,kin_spatial_shifted,traction,0.035894889694279716,91.64300678263804,0.0003916817109614967,0.18859187769519214,0.01,0.03
low_density/island02,full_sparse_pde,kin_spatial_shifted,stress_div,0.032077320463294444,16.153916401238394,0.001985730250580926,0.18859187769519214,0.01,0.03
low_density/island02,full_sparse_pde,kin_spatial_shifted,force_balance,-0.06753467328254711,34.39011001715711,-0.0019637818328831834,0.18859187769519214,0.01,0.03
low_density/island02,full_sparse_pde,kin_wrong_island,u_prev,-0.011742844778849437,0.10796463636498399,-0.10876565859168656,0.19149584292263275,100.0,0.0
low_density/island02,full_sparse_pde,kin_wrong_island,lap_u,-0.006715981961725859,0.0007350391939134823,-9.136903198275387,0.19149584292263275,100.0,0.0
low_density/island02,full_sparse_pde,kin_wrong_island,grad_div_u,-9.804002629232009e-05,0.000576209365793195,-0.1701465337297333,0.19149584292263275,100.0,0.0
low_density/island02,full_sparse_pde,kin_wrong_island,advect_v_u,0.0011467104040687895,0.002508701701338033,0.4570931663406549,0.19149584292263275,100.0,0.0
low_density/island02,full_sparse_pde,kin_wrong_island,advect_u_u,-0.001300857341672923,0.0036144204204554852,-0.3599075896956642,0.19149584292263275,100.0,0.0
low_density/island02,full_sparse_pde,kin_wrong_island,cubic_u,0.0020294386489189756,0.0870747935891583,0.023306844211361546,0.19149584292263275,100.0,0.0
low_density/island02,full_sparse_pde,kin_wrong_island,boundary_normal,-6.15402214643974e-05,0.29305930278290065,-0.00020999238338455546,0.19149584292263275,100.0,0.0
low_density/island02,full_sparse_pde,kin_wrong_island,traction,0.00030627967230769526,91.64300678263804,3.3420954097909474e-06,0.19149584292263275,100.0,0.0
low_density/island02,full_sparse_pde,kin_wrong_island,stress_div,0.0005061165695106833,16.153916401238394,3.133088948460098e-05,0.19149584292263275,100.0,0.0
low_density/island02,full_sparse_pde,kin_wrong_island,force_balance,-0.0005837739459603005,34.39011001715711,-1.6975053167002304e-05,0.19149584292263275,100.0,0.0
low_density/island03,relaxation,real,u_prev,-0.042777720155073584,0.10996467751426206,-0.38901328246541217,0.1836081218819831,100.0,0.0
low_density/island03,relaxation,kin_time_shuffled,u_prev,-0.003316058114445148,0.10996467751426206,-0.03015566625032903,0.19411120731255596,0.01,0.0
low_density/island03,relaxation,kin_spatial_shifted,u_prev,-0.011395799607369089,0.10996467751426205,-0.10363145570895793,0.19164078013222002,0.01,0.0
low_density/island03,relaxation,kin_wrong_island,u_prev,-0.00722704258454566,0.10974704147055715,-0.065851821495202,0.19287006432484174,0.01,0.0
low_density/island03,isotropic_pde,real,u_prev,-0.03488400294882288,0.10996467751426206,-0.3172291661047116,0.18321368760762208,100.0,0.0
low_density/island03,isotropic_pde,real,lap_u,0.0119956563381883,0.0007471693153316503,16.054803231398388,0.18321368760762208,100.0,0.0
low_density/island03,helmholtz_pde,real,u_prev,-0.03486318426881663,0.10996467751426206,-0.3170398445836845,0.18318619104869194,100.0,0.0
low_density/island03,helmholtz_pde,real,lap_u,0.009530530798431006,0.0007471693153316503,12.755516859255167,0.18318619104869194,100.0,0.0
low_density/island03,helmholtz_pde,real,grad_div_u,0.0037491416896437255,0.0005854912730786975,6.403411736488501,0.18318619104869194,100.0,0.0
low_density/island03,helmholtz_pde,kin_time_shuffled,u_prev,-0.0023082274881632064,0.10996467751426206,-0.02099062662975424,0.19412042217288208,0.01,0.0
low_density/island03,helmholtz_pde,kin_time_shuffled,lap_u,0.0027422240341161102,0.0007471693153316502,3.670150764822166,0.19412042217288208,0.01,0.0
low_density/island03,helmholtz_pde,kin_time_shuffled,grad_div_u,-0.0018190757926188376,0.0005854912730786974,-3.1069221289218616,0.19412042217288208,0.01,0.0
low_density/island03,helmholtz_pde,kin_spatial_shifted,u_prev,-0.01964002201207612,0.10996467751426205,-0.17860300649296112,0.18973113234934838,0.01,0.0
low_density/island03,helmholtz_pde,kin_spatial_shifted,lap_u,-0.011973000977987874,0.0007471693153316503,-16.02448164332518,0.18973113234934838,0.01,0.0
low_density/island03,helmholtz_pde,kin_spatial_shifted,grad_div_u,-0.0008246764361892628,0.0005854912730786974,-1.408520458132287,0.18973113234934838,0.01,0.0
low_density/island03,helmholtz_pde,kin_wrong_island,u_prev,-0.013128110986610186,0.10974704147055715,-0.1196215479770558,0.19156164159982247,0.01,0.0
low_density/island03,helmholtz_pde,kin_wrong_island,lap_u,-0.009018316141790758,0.0007400003204282821,-12.1869084280549,0.19156164159982247,0.01,0.0
low_density/island03,helmholtz_pde,kin_wrong_island,grad_div_u,-8.102469365525829e-05,0.0005779874516733611,-0.14018417427693203,0.19156164159982247,0.01,0.0
low_density/island03,advective_pde,real,u_prev,-0.030484248780401617,0.10996467751426206,-0.27721855298896236,0.18228529806215252,100.0,0.0
low_density/island03,advective_pde,real,lap_u,0.007780500953201664,0.0007471693153316503,10.413303642893965,0.18228529806215252,100.0,0.0
low_density/island03,advective_pde,real,grad_div_u,0.0030928293283617094,0.0005854912730786975,5.282451627500166,0.18228529806215252,100.0,0.0
low_density/island03,advective_pde,real,advect_v_u,-0.005619445868597701,0.002521158506916894,-2.228914149261357,0.18228529806215252,100.0,0.0
low_density/island03,advective_pde,real,advect_u_u,0.0010266939172538902,0.0036395625147508095,0.2820926727025006,0.18228529806215252,100.0,0.0
low_density/island03,advective_pde,real,cubic_u,-0.008982138486820387,0.08857216545921621,-0.10141039727606396,0.18228529806215252,100.0,0.0
low_density/island03,advective_pde,kin_time_shuffled,u_prev,-0.003759810029779427,0.10996467751426206,-0.03419107039432541,0.19402488600100667,0.01,0.0
low_density/island03,advective_pde,kin_time_shuffled,lap_u,0.0033189152481484215,0.0007471693153316502,4.44198547778322,0.19402488600100667,0.01,0.0
low_density/island03,advective_pde,kin_time_shuffled,grad_div_u,-0.0015770420381942152,0.0005854912730786974,-2.6935363697252597,0.19402488600100667,0.01,0.0
low_density/island03,advective_pde,kin_time_shuffled,advect_v_u,0.0005991843985940469,0.002521158506916894,0.23766232743802573,0.19402488600100667,0.01,0.0
low_density/island03,advective_pde,kin_time_shuffled,advect_u_u,-0.000715706435154407,0.003639562514750808,-0.19664628159393208,0.19402488600100667,0.01,0.0
low_density/island03,advective_pde,kin_time_shuffled,cubic_u,0.0030114897939630867,0.08857216545921621,0.03400040834893838,0.19402488600100667,0.01,0.0
low_density/island03,advective_pde,kin_spatial_shifted,u_prev,-0.021659990583467275,0.10996467751426205,-0.1969722557560181,0.18967557788287323,0.01,0.0
low_density/island03,advective_pde,kin_spatial_shifted,lap_u,-0.011170665599913632,0.0007471693153316503,-14.950648227510849,0.18967557788287323,0.01,0.0
low_density/island03,advective_pde,kin_spatial_shifted,grad_div_u,-0.0004862748039068313,0.0005854912730786974,-0.8305415063658342,0.18967557788287323,0.01,0.0
low_density/island03,advective_pde,kin_spatial_shifted,advect_v_u,0.0005694457984358039,0.002521158506916894,0.22586671836519118,0.18967557788287323,0.01,0.0
low_density/island03,advective_pde,kin_spatial_shifted,advect_u_u,-0.0006655996031245461,0.003639562514750809,-0.18287901373501148,0.18967557788287323,0.01,0.0
low_density/island03,advective_pde,kin_spatial_shifted,cubic_u,0.0042045955399313845,0.08857216545921621,0.047470845023738585,0.18967557788287323,0.01,0.0
low_density/island03,advective_pde,kin_wrong_island,u_prev,-0.014345503283449867,0.10974704147055715,-0.13071425973062306,0.19145570421072614,0.01,0.03
low_density/island03,advective_pde,kin_wrong_island,lap_u,-0.008485057718722093,0.0007400003204282821,-11.46628924945774,0.19145570421072614,0.01,0.03
low_density/island03,advective_pde,kin_wrong_island,advect_v_u,0.0012253421388533979,0.002486399589986629,0.4928178655547427,0.19145570421072614,0.01,0.03
low_density/island03,advective_pde,kin_wrong_island,advect_u_u,-0.0012472585536677792,0.003576730314282068,-0.34871473219197197,0.19145570421072614,0.01,0.03
low_density/island03,advective_pde,kin_wrong_island,cubic_u,0.002419327882214761,0.08654918086555069,0.027953215247329164,0.19145570421072614,0.01,0.03
low_density/island03,boundary_pde,real,u_prev,-0.030484248780401617,0.10996467751426206,-0.27721855298896236,0.18228529806215252,100.0,0.01
low_density/island03,boundary_pde,real,lap_u,0.007780500953201664,0.0007471693153316503,10.413303642893965,0.18228529806215252,100.0,0.01
low_density/island03,boundary_pde,real,grad_div_u,0.0030928293283617094,0.0005854912730786975,5.282451627500166,0.18228529806215252,100.0,0.01
low_density/island03,boundary_pde,real,advect_v_u,-0.005619445868597701,0.002521158506916894,-2.228914149261357,0.18228529806215252,100.0,0.01
low_density/island03,boundary_pde,real,advect_u_u,0.0010266939172538902,0.0036395625147508095,0.2820926727025006,0.18228529806215252,100.0,0.01
low_density/island03,boundary_pde,real,cubic_u,-0.008982138486820387,0.08857216545921621,-0.10141039727606396,0.18228529806215252,100.0,0.01
low_density/island03,mechanics_source_pde,real,u_prev,-0.03487034571431546,0.10996467751426206,-0.31710496954617895,0.18317734378705625,100.0,0.0
low_density/island03,mechanics_source_pde,real,lap_u,0.009530736630315456,0.0007471693153316503,12.755792341505611,0.18317734378705625,100.0,0.0
low_density/island03,mechanics_source_pde,real,grad_div_u,0.003747023291699101,0.0005854912730786975,6.39979358188564,0.18317734378705625,100.0,0.0
low_density/island03,mechanics_source_pde,real,traction,-0.0007915610989488629,91.04868262588013,-8.693822646521912e-06,0.18317734378705625,100.0,0.0
low_density/island03,mechanics_source_pde,real,stress_div,0.0020183584522555646,16.029813388461186,0.00012591278534212062,0.18317734378705625,100.0,0.0
low_density/island03,mechanics_source_pde,real,force_balance,-0.0005567373094238263,34.14634776104873,-1.6304446768942742e-05,0.18317734378705625,100.0,0.0
low_density/island03,mechanics_source_pde,time_shuffled,u_prev,-0.034864718637516834,0.10996467751426206,-0.3170537978706389,0.1831845984216957,100.0,0.01
low_density/island03,mechanics_source_pde,time_shuffled,lap_u,0.009530162069239593,0.0007471693153316503,12.755023357737041,0.1831845984216957,100.0,0.01
low_density/island03,mechanics_source_pde,time_shuffled,grad_div_u,0.003748053391952846,0.0005854912730786975,6.401552959524744,0.1831845984216957,100.0,0.01
low_density/island03,mechanics_source_pde,time_shuffled,traction,-0.0008411487444756312,91.04868262588013,-9.238450466460005e-06,0.1831845984216957,100.0,0.01
low_density/island03,mechanics_source_pde,time_shuffled,stress_div,0.0011230433011944242,16.029813388461186,7.005966158051657e-05,0.1831845984216957,100.0,0.01
low_density/island03,mechanics_source_pde,spatial_shifted,u_prev,-0.0348632745096973,0.10996467751426206,-0.317040665218844,0.18318582405244815,100.0,0.03
low_density/island03,mechanics_source_pde,spatial_shifted,lap_u,0.0095306474246471,0.0007471693153316503,12.755672950001536,0.18318582405244815,100.0,0.03
low_density/island03,mechanics_source_pde,spatial_shifted,grad_div_u,0.003748905588051668,0.0005854912730786975,6.403008482669164,0.18318582405244815,100.0,0.03
low_density/island03,mechanics_source_pde,spatial_shifted,stress_div,0.0015002625214310622,16.029813388461186,9.359201414727654e-05,0.18318582405244815,100.0,0.03
low_density/island03,mechanics_source_pde,spatial_shifted,force_balance,-0.0015533339425489808,34.14634776104873,-4.549048564194889e-05,0.18318582405244815,100.0,0.03
low_density/island03,mechanics_source_pde,wrong_island,u_prev,-0.03486318426881663,0.10996467751426206,-0.3170398445836845,0.18318619104869194,100.0,0.03
low_density/island03,mechanics_source_pde,wrong_island,lap_u,0.009530530798431006,0.0007471693153316503,12.755516859255167,0.18318619104869194,100.0,0.03
low_density/island03,mechanics_source_pde,wrong_island,grad_div_u,0.0037491416896437255,0.0005854912730786975,6.403411736488501,0.18318619104869194,100.0,0.03
low_density/island03,mechanics_source_pde,kin_time_shuffled,u_prev,-0.002311705960656205,0.10996467751426206,-0.02102225926462963,0.19411733337724643,0.01,0.0
low_density/island03,mechanics_source_pde,kin_time_shuffled,lap_u,0.0027430725451046433,0.0007471693153316502,3.671286398969771,0.19411733337724643,0.01,0.0
low_density/island03,mechanics_source_pde,kin_time_shuffled,grad_div_u,-0.001820835801368604,0.0005854912730786974,-3.1099281664679244,0.19411733337724643,0.01,0.0
low_density/island03,mechanics_source_pde,kin_time_shuffled,traction,0.04358804834877021,91.04868262588013,0.0004787334323976317,0.19411733337724643,0.01,0.0
low_density/island03,mechanics_source_pde,kin_time_shuffled,stress_div,0.03901699048031427,16.029813388461186,0.0024340264939328644,0.19411733337724643,0.01,0.0
low_density/island03,mechanics_source_pde,kin_time_shuffled,force_balance,-0.08197883156065157,34.14634776104873,-0.002400808195779172,0.19411733337724643,0.01,0.0
low_density/island03,mechanics_source_pde,kin_spatial_shifted,u_prev,-0.01964034621796411,0.10996467751426205,-0.17860595476594587,0.1897283468063052,0.01,0.0
low_density/island03,mechanics_source_pde,kin_spatial_shifted,lap_u,-0.011973605493736194,0.0007471693153316503,-16.025290717969863,0.1897283468063052,0.01,0.0
low_density/island03,mechanics_source_pde,kin_spatial_shifted,grad_div_u,-0.0008248297679442904,0.0005854912730786974,-1.4087823437693203,0.1897283468063052,0.01,0.0
low_density/island03,mechanics_source_pde,kin_spatial_shifted,traction,0.04028438396030983,91.04868262588013,0.0004424488394394319,0.1897283468063052,0.01,0.0
low_density/island03,mechanics_source_pde,kin_spatial_shifted,stress_div,0.035971492836706864,16.029813388461186,0.0022440369057945735,0.1897283468063052,0.01,0.0
low_density/island03,mechanics_source_pde,kin_spatial_shifted,force_balance,-0.07566427839741875,34.14634776104873,-0.0022158820301048467,0.1897283468063052,0.01,0.0
low_density/island03,mechanics_source_pde,kin_wrong_island,u_prev,-0.013128880038185254,0.10974704147055715,-0.11962855546960197,0.19155889574229834,0.01,0.0
low_density/island03,mechanics_source_pde,kin_wrong_island,lap_u,-0.009018987336332178,0.0007400003204282821,-12.187815447312719,0.19155889574229834,0.01,0.0
low_density/island03,mechanics_source_pde,kin_wrong_island,grad_div_u,-8.170278933855632e-05,0.0005779874516733611,-0.14135737566968692,0.19155889574229834,0.01,0.0
low_density/island03,mechanics_source_pde,kin_wrong_island,traction,0.04519411611890286,91.04868262588013,0.0004963730920150255,0.19155889574229834,0.01,0.0
low_density/island03,mechanics_source_pde,kin_wrong_island,stress_div,0.04009855892146597,16.029813388461186,0.0025014987978793503,0.19155889574229834,0.01,0.0
low_density/island03,mechanics_source_pde,kin_wrong_island,force_balance,-0.08467518772419479,34.14634776104873,-0.002479772897433707,0.19155889574229834,0.01,0.0
low_density/island03,full_sparse_pde,real,u_prev,-0.030493019674141163,0.10996467751426206,-0.27729831399893223,0.18227741588100713,100.0,0.01
low_density/island03,full_sparse_pde,real,lap_u,0.007781499109462513,0.0007471693153316503,10.41463955998848,0.18227741588100713,100.0,0.01
low_density/island03,full_sparse_pde,real,grad_div_u,0.003091145669920743,0.0005854912730786975,5.279575993791548,0.18227741588100713,100.0,0.01
low_density/island03,full_sparse_pde,real,advect_v_u,-0.005620492875279112,0.002521158506916894,-2.2293294371849597,0.18227741588100713,100.0,0.01
low_density/island03,full_sparse_pde,real,advect_u_u,0.001029611280727621,0.0036395625147508095,0.2828942425235731,0.18227741588100713,100.0,0.01
low_density/island03,full_sparse_pde,real,cubic_u,-0.00897789900711271,0.08857216545921621,-0.10136253258081014,0.18227741588100713,100.0,0.01
low_density/island03,full_sparse_pde,real,traction,-0.0007174732260711001,91.04868262588013,-7.880105514751973e-06,0.18227741588100713,100.0,0.01
low_density/island03,full_sparse_pde,real,stress_div,0.0018840924789118201,16.029813388461186,0.0001175367693468007,0.18227741588100713,100.0,0.01
low_density/island03,full_sparse_pde,real,force_balance,-0.0005272961612947384,34.14634776104873,-1.5442241875607947e-05,0.18227741588100713,100.0,0.01
low_density/island03,full_sparse_pde,time_shuffled,u_prev,-0.030485578615386023,0.10996467751426206,-0.277230646281231,0.1822839530563227,100.0,0.0
low_density/island03,full_sparse_pde,time_shuffled,lap_u,0.007780032222774193,0.0007471693153316503,10.412676301248835,0.1822839530563227,100.0,0.0
low_density/island03,full_sparse_pde,time_shuffled,grad_div_u,0.003091591869604622,0.0005854912730786975,5.280338088299862,0.1822839530563227,100.0,0.0
low_density/island03,full_sparse_pde,time_shuffled,advect_v_u,-0.00561996006512824,0.002521158506916894,-2.229118101741587,0.1822839530563227,100.0,0.0
low_density/island03,full_sparse_pde,time_shuffled,advect_u_u,0.0010276299877229678,0.0036395625147508095,0.28234986583087357,0.1822839530563227,100.0,0.0
low_density/island03,full_sparse_pde,time_shuffled,cubic_u,-0.008982483255516933,0.08857216545921621,-0.1014142897934791,0.1822839530563227,100.0,0.0
low_density/island03,full_sparse_pde,time_shuffled,boundary_normal,-7.031103934459502e-05,0.29128023440674067,-0.00024138623579385553,0.1822839530563227,100.0,0.0
low_density/island03,full_sparse_pde,time_shuffled,traction,-0.000889474018970287,91.04868262588013,-9.769213494555917e-06,0.1822839530563227,100.0,0.0
low_density/island03,full_sparse_pde,time_shuffled,stress_div,0.001137756078250126,16.029813388461186,7.097749990459166e-05,0.1822839530563227,100.0,0.0
low_density/island03,full_sparse_pde,time_shuffled,force_balance,4.2702990571373854e-05,34.14634776104873,1.2505873503720893e-06,0.1822839530563227,100.0,0.0
low_density/island03,full_sparse_pde,spatial_shifted,u_prev,-0.030525976636429888,0.10996467751426206,-0.277598018986331,0.18222216850021306,1.0,0.03
low_density/island03,full_sparse_pde,spatial_shifted,lap_u,0.007779537678391582,0.0007471693153316503,10.412014410600406,0.18222216850021306,1.0,0.03
low_density/island03,full_sparse_pde,spatial_shifted,grad_div_u,0.0030926260917088933,0.0005854912730786975,5.28210450592524,0.18222216850021306,1.0,0.03
low_density/island03,full_sparse_pde,spatial_shifted,advect_v_u,-0.004989261584437343,0.002521158506916894,-1.9789559326591784,0.18222216850021306,1.0,0.03
low_density/island03,full_sparse_pde,spatial_shifted,cubic_u,-0.00897699558889942,0.08857216545921621,-0.10135233278261614,0.18222216850021306,1.0,0.03
low_density/island03,full_sparse_pde,spatial_shifted,traction,0.03492954014615912,91.04868262588013,0.00038363586532805667,0.18222216850021306,1.0,0.03
low_density/island03,full_sparse_pde,spatial_shifted,stress_div,0.03249923122243597,16.029813388461186,0.0020274241773662843,0.18222216850021306,1.0,0.03
low_density/island03,full_sparse_pde,spatial_shifted,force_balance,-0.06727203109027434,34.14634776104873,-0.001970109118580834,0.18222216850021306,1.0,0.03
low_density/island03,full_sparse_pde,wrong_island,u_prev,-0.030526454400012705,0.10996467751426206,-0.2776023636867714,0.1822230353106562,0.01,0.03
low_density/island03,full_sparse_pde,wrong_island,lap_u,0.007780889950825958,0.0007471693153316503,10.413824271373095,0.1822230353106562,0.01,0.03
low_density/island03,full_sparse_pde,wrong_island,grad_div_u,0.0030915363428549707,0.0005854912730786975,5.280243250422331,0.1822230353106562,0.01,0.03
low_density/island03,full_sparse_pde,wrong_island,advect_v_u,-0.004989385035300519,0.002521158506916894,-1.9790048985860875,0.1822230353106562,0.01,0.03
low_density/island03,full_sparse_pde,wrong_island,cubic_u,-0.00897648319153858,0.08857216545921621,-0.10134654769925294,0.1822230353106562,0.01,0.03
low_density/island03,full_sparse_pde,wrong_island,traction,0.050254142676808534,91.96815259620205,0.0005464298374835883,0.1822230353106562,0.01,0.03
low_density/island03,full_sparse_pde,wrong_island,stress_div,0.04396989457798669,16.15476360831822,0.002721791271235082,0.1822230353106562,0.01,0.03
low_density/island03,full_sparse_pde,wrong_island,force_balance,-0.09394173512568564,34.44978761000099,-0.0027269176863782395,0.1822230353106562,0.01,0.03
low_density/island03,full_sparse_pde,kin_time_shuffled,u_prev,-0.0038022965343091127,0.10996467751426206,-0.03457743541162086,0.1939982001955165,0.01,0.03
low_density/island03,full_sparse_pde,kin_time_shuffled,lap_u,0.0023068608788214813,0.0007471693153316502,3.087467367148933,0.1939982001955165,0.01,0.03
low_density/island03,full_sparse_pde,kin_time_shuffled,cubic_u,0.0031411582639287597,0.08857216545921621,0.03546439502345838,0.1939982001955165,0.01,0.03
low_density/island03,full_sparse_pde,kin_time_shuffled,traction,0.04321265224764391,91.04868262588013,0.0004746104062285568,0.1939982001955165,0.01,0.03
low_density/island03,full_sparse_pde,kin_time_shuffled,stress_div,0.038754730222825,16.029813388461186,0.0024176657134837264,0.1939982001955165,0.01,0.03
low_density/island03,full_sparse_pde,kin_time_shuffled,force_balance,-0.08133826390817528,34.14634776104873,-0.0023820487179879043,0.1939982001955165,0.01,0.03
low_density/island03,full_sparse_pde,kin_spatial_shifted,u_prev,-0.021660139799832296,0.10996467751426205,-0.19697361270416175,0.18967303877156444,0.01,0.0
low_density/island03,full_sparse_pde,kin_spatial_shifted,lap_u,-0.011171584477421293,0.0007471693153316503,-14.951878039132936,0.18967303877156444,0.01,0.0
low_density/island03,full_sparse_pde,kin_spatial_shifted,grad_div_u,-0.0004860903412219585,0.0005854912730786974,-0.8302264501158872,0.18967303877156444,0.01,0.0
low_density/island03,full_sparse_pde,kin_spatial_shifted,advect_v_u,0.0005695361905961443,0.002521158506916894,0.2259025717873748,0.18967303877156444,0.01,0.0
low_density/island03,full_sparse_pde,kin_spatial_shifted,advect_u_u,-0.00066572204754717,0.003639562514750809,-0.18291265635610332,0.18967303877156444,0.01,0.0
low_density/island03,full_sparse_pde,kin_spatial_shifted,cubic_u,0.004204477691730463,0.08857216545921621,0.04746951449060426,0.18967303877156444,0.01,0.0
low_density/island03,full_sparse_pde,kin_spatial_shifted,boundary_normal,-0.00012926396097088057,0.29128023440674067,-0.0004437786904221511,0.18967303877156444,0.01,0.0
low_density/island03,full_sparse_pde,kin_spatial_shifted,traction,0.04031363637951558,91.04868262588013,0.00044277012271736735,0.18967303877156444,0.01,0.0
low_density/island03,full_sparse_pde,kin_spatial_shifted,stress_div,0.03604215034024721,16.029813388461186,0.0022484447863997965,0.18967303877156444,0.01,0.0
low_density/island03,full_sparse_pde,kin_spatial_shifted,force_balance,-0.07575361729897613,34.14634776104873,-0.00221849838316792,0.18967303877156444,0.01,0.0
low_density/island03,full_sparse_pde,kin_wrong_island,u_prev,-0.014345669148757184,0.10974704147055715,-0.1307157710725699,0.1914530298713487,0.01,0.01
low_density/island03,full_sparse_pde,kin_wrong_island,lap_u,-0.008486452382306277,0.0007400003204282821,-11.46817392916082,0.1914530298713487,0.01,0.01
low_density/island03,full_sparse_pde,kin_wrong_island,advect_v_u,0.0012250752337597658,0.002486399589986629,0.49271051953734996,0.1914530298713487,0.01,0.01
low_density/island03,full_sparse_pde,kin_wrong_island,advect_u_u,-0.0012462005106888131,0.003576730314282068,-0.34841891928856655,0.1914530298713487,0.01,0.01
low_density/island03,full_sparse_pde,kin_wrong_island,cubic_u,0.0024181588796496484,0.08654918086555069,0.027939708446300872,0.1914530298713487,0.01,0.01
low_density/island03,full_sparse_pde,kin_wrong_island,traction,0.044625541678938445,91.04868262588013,0.0004901283620138163,0.1914530298713487,0.01,0.01
low_density/island03,full_sparse_pde,kin_wrong_island,stress_div,0.03959763037174625,16.029813388461186,0.0024702489924336856,0.1914530298713487,0.01,0.01
low_density/island03,full_sparse_pde,kin_wrong_island,force_balance,-0.08361416964708075,34.14634776104873,-0.0024487002309061217,0.1914530298713487,0.01,0.01
low_density/island04,relaxation,real,u_prev,-0.04310503260822675,0.1094752541228044,-0.39374224753909653,0.1831854836748907,100.0,0.0
low_density/island04,relaxation,kin_time_shuffled,u_prev,-0.003121713262236443,0.10947525412280441,-0.028515241067489514,0.1957720868884738,100.0,0.0
low_density/island04,relaxation,kin_spatial_shifted,u_prev,-0.01167862703755227,0.10947525412280441,-0.10667823638437698,0.19328300316899397,0.01,0.0
low_density/island04,relaxation,kin_wrong_island,u_prev,-0.008159346256569555,0.11340399296592392,-0.07194937359058695,0.1950577345689213,0.01,0.0
low_density/island04,isotropic_pde,real,u_prev,-0.03548019640381623,0.1094752541228044,-0.32409330024496813,0.18269805677893564,0.01,0.0
low_density/island04,isotropic_pde,real,lap_u,0.011680891470828986,0.0007461990499682243,15.653854653562474,0.18269805677893564,0.01,0.0
low_density/island04,helmholtz_pde,real,u_prev,-0.03545344233097431,0.1094752541228044,-0.3238489155841944,0.1826202509578994,0.01,0.0
low_density/island04,helmholtz_pde,real,lap_u,0.009252387454614272,0.0007461990499682243,12.39935571481667,0.1826202509578994,0.01,0.0
low_density/island04,helmholtz_pde,real,grad_div_u,0.003675646045975539,0.0005827573524881132,6.307335343401803,0.1826202509578994,0.01,0.0
low_density/island04,helmholtz_pde,kin_time_shuffled,u_prev,-0.0021704717123287045,0.10947525412280441,-0.019826139977660768,0.19576054871440843,100.0,0.0
low_density/island04,helmholtz_pde,kin_time_shuffled,lap_u,0.002503203034787488,0.0007461990499682243,3.354604960826582,0.19576054871440843,100.0,0.0
low_density/island04,helmholtz_pde,kin_time_shuffled,grad_div_u,-0.001561838302326977,0.0005827573524881131,-2.6800833926137977,0.19576054871440843,100.0,0.0
low_density/island04,helmholtz_pde,kin_spatial_shifted,u_prev,-0.0199680433193752,0.10947525412280441,-0.18239778002228657,0.19187396036397186,0.01,0.0
low_density/island04,helmholtz_pde,kin_spatial_shifted,lap_u,-0.012040065133478441,0.0007461990499682242,-16.135192257335557,0.19187396036397186,0.01,0.0
low_density/island04,helmholtz_pde,kin_spatial_shifted,grad_div_u,-0.0009283351391583029,0.0005827573524881131,-1.5930045930690147,0.19187396036397186,0.01,0.0
low_density/island04,helmholtz_pde,kin_wrong_island,u_prev,-0.014529573725063742,0.11340399296592392,-0.12812224106985057,0.19450436137184943,0.01,0.0
low_density/island04,helmholtz_pde,kin_wrong_island,lap_u,-0.009869325174327153,0.0007562059039584681,-13.051108332617819,0.19450436137184943,0.01,0.0
low_density/island04,helmholtz_pde,kin_wrong_island,grad_div_u,-1.987826384139485e-05,0.0005855294893703871,-0.03394921041939273,0.19450436137184943,0.01,0.0
low_density/island04,advective_pde,real,u_prev,-0.03115257448391019,0.1094752541228044,-0.28456270536686434,0.1816266619460758,100.0,0.0
low_density/island04,advective_pde,real,lap_u,0.007703391454646257,0.0007461990499682243,10.323507454176326,0.1816266619460758,100.0,0.0
low_density/island04,advective_pde,real,grad_div_u,0.002950180193067854,0.0005827573524881132,5.062450401478256,0.1816266619460758,100.0,0.0
low_density/island04,advective_pde,real,advect_v_u,-0.005830278942203863,0.002460444231360744,-2.369604182810288,0.1816266619460758,100.0,0.0
low_density/island04,advective_pde,real,advect_u_u,0.0010020716978547588,0.0035698013378120484,0.280707973085397,0.1816266619460758,100.0,0.0
low_density/island04,advective_pde,real,cubic_u,-0.00865128234382986,0.08855176086658446,-0.09769746258196062,0.1816266619460758,100.0,0.0
low_density/island04,advective_pde,kin_time_shuffled,u_prev,-0.0034967021631457035,0.10947525412280441,-0.03194057132969302,0.19576844200174182,100.0,0.0
low_density/island04,advective_pde,kin_time_shuffled,lap_u,0.0029979009364719364,0.0007461990499682243,4.017561985102496,0.19576844200174182,100.0,0.0
low_density/island04,advective_pde,kin_time_shuffled,grad_div_u,-0.0013117327411834875,0.0005827573524881131,-2.250907235375025,0.19576844200174182,100.0,0.0
low_density/island04,advective_pde,kin_time_shuffled,advect_v_u,0.00021526958763472422,0.002460444231360744,0.08749216295614626,0.19576844200174182,100.0,0.0
low_density/island04,advective_pde,kin_time_shuffled,advect_u_u,-0.00010397947490151628,0.0035698013378120484,-0.02912752421266274,0.19576844200174182,100.0,0.0
low_density/island04,advective_pde,kin_time_shuffled,cubic_u,0.00274616776964735,0.08855176086658446,0.031012006342650073,0.19576844200174182,100.0,0.0
low_density/island04,advective_pde,kin_spatial_shifted,u_prev,-0.02211643990185836,0.10947525412280441,-0.202022275070941,0.19169223539910338,0.01,0.0
low_density/island04,advective_pde,kin_spatial_shifted,lap_u,-0.011242751758659412,0.0007461990499682242,-15.066692672870822,0.19169223539910338,0.01,0.0
low_density/island04,advective_pde,kin_spatial_shifted,grad_div_u,-0.0005241415578579213,0.0005827573524881131,-0.8994164648804025,0.19169223539910338,0.01,0.0
low_density/island04,advective_pde,kin_spatial_shifted,advect_v_u,0.0006871985619587726,0.002460444231360744,0.2792985726722685,0.19169223539910338,0.01,0.0
low_density/island04,advective_pde,kin_spatial_shifted,advect_u_u,-0.000817631128168235,0.0035698013378120484,-0.22904107282041802,0.19169223539910338,0.01,0.0
low_density/island04,advective_pde,kin_spatial_shifted,cubic_u,0.004419472269550647,0.08855176086658445,0.04990834994471987,0.19169223539910338,0.01,0.0
low_density/island04,advective_pde,kin_wrong_island,u_prev,-0.01581670106244574,0.11340399296592392,-0.13947217067743287,0.1944523971662911,0.01,0.03
low_density/island04,advective_pde,kin_wrong_island,lap_u,-0.009197663927016242,0.0007562059039584681,-12.162909438910424,0.1944523971662911,0.01,0.03
low_density/island04,advective_pde,kin_wrong_island,advect_v_u,0.0008929671861074206,0.0025773594476853554,0.3464659098711924,0.1944523971662911,0.01,0.03
low_density/island04,advective_pde,kin_wrong_island,advect_u_u,-0.001158501631908231,0.0036695976452684877,-0.3157026311595719,0.1944523971662911,0.01,0.03
low_density/island04,advective_pde,kin_wrong_island,cubic_u,0.0026452811892561812,0.08717743569067547,0.030343645328617087,0.1944523971662911,0.01,0.03
low_density/island04,boundary_pde,real,u_prev,-0.03115257448391019,0.1094752541228044,-0.28456270536686434,0.1816266619460758,100.0,0.01
low_density/island04,boundary_pde,real,lap_u,0.007703391454646257,0.0007461990499682243,10.323507454176326,0.1816266619460758,100.0,0.01
low_density/island04,boundary_pde,real,grad_div_u,0.002950180193067854,0.0005827573524881132,5.062450401478256,0.1816266619460758,100.0,0.01
low_density/island04,boundary_pde,real,advect_v_u,-0.005830278942203863,0.002460444231360744,-2.369604182810288,0.1816266619460758,100.0,0.01
low_density/island04,boundary_pde,real,advect_u_u,0.0010020716978547588,0.0035698013378120484,0.280707973085397,0.1816266619460758,100.0,0.01
low_density/island04,boundary_pde,real,cubic_u,-0.00865128234382986,0.08855176086658446,-0.09769746258196062,0.1816266619460758,100.0,0.01
low_density/island04,mechanics_source_pde,real,u_prev,-0.035459059631289834,0.1094752541228044,-0.32390022672624685,0.18261054635796725,0.01,0.0
low_density/island04,mechanics_source_pde,real,lap_u,0.009252857716349589,0.0007461990499682243,12.399985924323552,0.18261054635796725,0.01,0.0
low_density/island04,mechanics_source_pde,real,grad_div_u,0.003674191541802442,0.0005827573524881132,6.304839443235315,0.18261054635796725,0.01,0.0
low_density/island04,mechanics_source_pde,real,traction,0.05444463148897411,91.27225275129653,0.0005965080278814606,0.18261054635796725,0.01,0.0
low_density/island04,mechanics_source_pde,real,stress_div,0.05020977056809765,16.09335908252179,0.0031199061868089446,0.18261054635796725,0.01,0.0
low_density/island04,mechanics_source_pde,real,force_balance,-0.1037414627997182,34.25459789915679,-0.003028541251750379,0.18261054635796725,0.01,0.0
low_density/island04,mechanics_source_pde,time_shuffled,u_prev,-0.03545432799387265,0.1094752541228044,-0.3238570056581151,0.18261802601332025,0.01,0.0
low_density/island04,mechanics_source_pde,time_shuffled,lap_u,0.009252288343362319,0.0007461990499682243,12.39922289335039,0.18261802601332025,0.01,0.0
low_density/island04,mechanics_source_pde,time_shuffled,grad_div_u,0.0036746656035524772,0.0005827573524881132,6.305652923748279,0.18261802601332025,0.01,0.0
low_density/island04,mechanics_source_pde,time_shuffled,traction,-0.0024290941270912695,91.27225275129655,-2.6613719436839073e-05,0.18261802601332025,0.01,0.0
low_density/island04,mechanics_source_pde,time_shuffled,stress_div,-0.0006032532765252927,16.09335908252179,-3.7484609237387646e-05,0.18261802601332025,0.01,0.0
low_density/island04,mechanics_source_pde,time_shuffled,force_balance,0.0032403368801775722,34.254597899156785,9.459567704507595e-05,0.18261802601332025,0.01,0.0
low_density/island04,mechanics_source_pde,spatial_shifted,u_prev,-0.03545093998687957,0.1094752541228044,-0.32382605796111974,0.18262114547006536,10.0,0.0
low_density/island04,mechanics_source_pde,spatial_shifted,lap_u,0.009253441872724092,0.0007461990499682243,12.400768766883495,0.18262114547006536,10.0,0.0
low_density/island04,mechanics_source_pde,spatial_shifted,grad_div_u,0.003675869480422593,0.0005827573524881132,6.3077187524589355,0.18262114547006536,10.0,0.0
low_density/island04,mechanics_source_pde,spatial_shifted,traction,0.009134270450468263,91.27225275129655,0.00010007718857731939,0.18262114547006536,10.0,0.0
low_density/island04,mechanics_source_pde,spatial_shifted,stress_div,0.009004349228833945,16.09335908252179,0.0005595071347543055,0.18262114547006536,10.0,0.0
low_density/island04,mechanics_source_pde,spatial_shifted,force_balance,-0.01810437284929445,34.25459789915679,-0.0005285238759068927,0.18262114547006536,10.0,0.0
low_density/island04,mechanics_source_pde,wrong_island,u_prev,-0.035428121766855336,0.1094752541228044,-0.323617625286475,0.1826203800662407,100.0,0.03
low_density/island04,mechanics_source_pde,wrong_island,lap_u,0.009262811931378694,0.0007461990499682243,12.413325816714904,0.1826203800662407,100.0,0.03
low_density/island04,mechanics_source_pde,wrong_island,grad_div_u,0.003678032543633392,0.0005827573524881132,6.311430525809479,0.1826203800662407,100.0,0.03
low_density/island04,mechanics_source_pde,kin_time_shuffled,u_prev,-0.00217386751953535,0.10947525412280441,-0.019857158925585167,0.19575762707532954,0.01,0.0
low_density/island04,mechanics_source_pde,kin_time_shuffled,lap_u,0.002506882362526996,0.0007461990499682243,3.3595357199044242,0.19575762707532954,0.01,0.0
low_density/island04,mechanics_source_pde,kin_time_shuffled,grad_div_u,-0.0015664229790969706,0.0005827573524881131,-2.6879506065587084,0.19575762707532954,0.01,0.0
low_density/island04,mechanics_source_pde,kin_time_shuffled,traction,0.04661067491703598,91.27225275129653,0.0005106773801676969,0.19575762707532954,0.01,0.0
low_density/island04,mechanics_source_pde,kin_time_shuffled,stress_div,0.0414960933392883,16.09335908252179,0.0025784606635885715,0.19575762707532954,0.01,0.0
low_density/island04,mechanics_source_pde,kin_time_shuffled,force_balance,-0.08752868888672084,34.25459789915679,-0.0025552391286098102,0.19575762707532954,0.01,0.0
low_density/island04,mechanics_source_pde,kin_spatial_shifted,u_prev,-0.0199679766707208,0.10947525412280441,-0.18239717122119325,0.19187147094426185,0.01,0.0
low_density/island04,mechanics_source_pde,kin_spatial_shifted,lap_u,-0.012040728964700093,0.0007461990499682242,-16.136081874149838,0.19187147094426185,0.01,0.0
low_density/island04,mechanics_source_pde,kin_spatial_shifted,grad_div_u,-0.0009281526066702296,0.0005827573524881131,-1.5926913709581412,0.19187147094426185,0.01,0.0
low_density/island04,mechanics_source_pde,kin_spatial_shifted,traction,0.04097041431811953,91.27225275129653,0.0004488813750413051,0.19187147094426185,0.01,0.0
low_density/island04,mechanics_source_pde,kin_spatial_shifted,stress_div,0.03635705843582393,16.09335908252179,0.0022591342335304973,0.19187147094426185,0.01,0.0
low_density/island04,mechanics_source_pde,kin_spatial_shifted,force_balance,-0.0768008492883538,34.25459789915679,-0.002242059577358061,0.19187147094426185,0.01,0.0
low_density/island04,mechanics_source_pde,kin_wrong_island,u_prev,-0.01453035641148004,0.11340399296592392,-0.12812914282344695,0.1945016425399304,0.01,0.0
low_density/island04,mechanics_source_pde,kin_wrong_island,lap_u,-0.009869687010392602,0.0007562059039584681,-13.051586821430925,0.1945016425399304,0.01,0.0
low_density/island04,mechanics_source_pde,kin_wrong_island,grad_div_u,-2.075723212162278e-05,0.0005855294893703871,-0.035450361593133056,0.1945016425399304,0.01,0.0
low_density/island04,mechanics_source_pde,kin_wrong_island,traction,0.0484436944851718,91.27225275129653,0.0005307603682925822,0.1945016425399304,0.01,0.0
low_density/island04,mechanics_source_pde,kin_wrong_island,stress_div,0.042822361032953594,16.09335908252179,0.0026608715317525517,0.1945016425399304,0.01,0.0
low_density/island04,mechanics_source_pde,kin_wrong_island,force_balance,-0.09069152471548501,34.25459789915679,-0.0026475723049639846,0.1945016425399304,0.01,0.0
low_density/island04,full_sparse_pde,real,u_prev,-0.031185525642789112,0.1094752541228044,-0.28486369721331356,0.18161816976509373,0.01,0.01
low_density/island04,full_sparse_pde,real,lap_u,0.007696254889209204,0.0007461990499682243,10.313943564437581,0.18161816976509373,0.01,0.01
low_density/island04,full_sparse_pde,real,grad_div_u,0.0029477407601917085,0.0005827573524881132,5.058264383291218,0.18161816976509373,0.01,0.01
low_density/island04,full_sparse_pde,real,advect_v_u,-0.005835205740588387,0.002460444231360744,-2.371606584783772,0.18161816976509373,0.01,0.01
low_density/island04,full_sparse_pde,real,advect_u_u,0.0010081191998407048,0.0035698013378120484,0.28240204550390663,0.18161816976509373,0.01,0.01
low_density/island04,full_sparse_pde,real,cubic_u,-0.00864026160859213,0.08855176086658446,-0.09757300729016427,0.18161816976509373,0.01,0.01
low_density/island04,full_sparse_pde,real,traction,0.05173030436708567,91.27225275129653,0.0005667692295055228,0.18161816976509373,0.01,0.01
low_density/island04,full_sparse_pde,real,stress_div,0.047666927699955466,16.09335908252179,0.0029619004618945083,0.18161816976509373,0.01,0.01
low_density/island04,full_sparse_pde,real,force_balance,-0.09853479373530309,34.25459789915679,-0.002876542122181169,0.18161816976509373,0.01,0.01
low_density/island04,full_sparse_pde,time_shuffled,u_prev,-0.031178910250662766,0.1094752541228044,-0.28480326901719427,0.18162454975140566,0.01,0.01
low_density/island04,full_sparse_pde,time_shuffled,lap_u,0.007695146553763758,0.0007461990499682243,10.312458256401483,0.18162454975140566,0.01,0.01
low_density/island04,full_sparse_pde,time_shuffled,grad_div_u,0.0029477903829721775,0.0005827573524881132,5.058349534993306,0.18162454975140566,0.01,0.01
low_density/island04,full_sparse_pde,time_shuffled,advect_v_u,-0.00583586089120245,0.002460444231360744,-2.371872858087476,0.18162454975140566,0.01,0.01
low_density/island04,full_sparse_pde,time_shuffled,advect_u_u,0.0010060560279025268,0.0035698013378120484,0.28182409403183883,0.18162454975140566,0.01,0.01
low_density/island04,full_sparse_pde,time_shuffled,cubic_u,-0.00864443404270566,0.08855176086658446,-0.09762012588015839,0.18162454975140566,0.01,0.01
low_density/island04,full_sparse_pde,time_shuffled,traction,-0.013298686087320566,91.27225275129655,-0.00014570349352017778,0.18162454975140566,0.01,0.01
low_density/island04,full_sparse_pde,time_shuffled,stress_div,-0.010171764373293132,16.09335908252179,-0.0006320473134996526,0.18162454975140566,0.01,0.01
low_density/island04,full_sparse_pde,time_shuffled,force_balance,0.02362148081338162,34.254597899156785,0.000689585698332284,0.18162454975140566,0.01,0.01
low_density/island04,full_sparse_pde,spatial_shifted,u_prev,-0.031091138359401856,0.1094752541228044,-0.2840015180464913,0.18152892594361375,1.0,0.03
low_density/island04,full_sparse_pde,spatial_shifted,lap_u,0.009582068433432974,0.0007461990499682243,12.841169435743735,0.18152892594361375,1.0,0.03
low_density/island04,full_sparse_pde,spatial_shifted,advect_v_u,-0.0051932399030513955,0.002460444231360744,-2.1106919786510603,0.18152892594361375,1.0,0.03
low_density/island04,full_sparse_pde,spatial_shifted,cubic_u,-0.008914227636865323,0.08855176086658446,-0.10066685912994826,0.18152892594361375,1.0,0.03
low_density/island04,full_sparse_pde,spatial_shifted,traction,0.0587830592629103,91.27225275129655,0.0006440408502141991,0.18152892594361375,1.0,0.03
low_density/island04,full_sparse_pde,spatial_shifted,stress_div,0.05296678464319922,16.09335908252179,0.0032912199604570964,0.18152892594361375,1.0,0.03
low_density/island04,full_sparse_pde,spatial_shifted,force_balance,-0.11141980710679641,34.25459789915679,-0.0032526963952345537,0.18152892594361375,1.0,0.03
low_density/island04,full_sparse_pde,wrong_island,u_prev,-0.03115257448391019,0.1094752541228044,-0.28456270536686434,0.1816266619460758,100.0,0.03
low_density/island04,full_sparse_pde,wrong_island,lap_u,0.007703391454646257,0.0007461990499682243,10.323507454176326,0.1816266619460758,100.0,0.03
low_density/island04,full_sparse_pde,wrong_island,grad_div_u,0.002950180193067854,0.0005827573524881132,5.062450401478256,0.1816266619460758,100.0,0.03
low_density/island04,full_sparse_pde,wrong_island,advect_v_u,-0.005830278942203863,0.002460444231360744,-2.369604182810288,0.1816266619460758,100.0,0.03
low_density/island04,full_sparse_pde,wrong_island,advect_u_u,0.0010020716978547588,0.0035698013378120484,0.280707973085397,0.1816266619460758,100.0,0.03
low_density/island04,full_sparse_pde,wrong_island,cubic_u,-0.00865128234382986,0.08855176086658446,-0.09769746258196062,0.1816266619460758,100.0,0.03
low_density/island04,full_sparse_pde,kin_time_shuffled,u_prev,-0.003546202256850072,0.10947525412280441,-0.032392729162995154,0.19574455743687058,0.01,0.03
low_density/island04,full_sparse_pde,kin_time_shuffled,lap_u,0.0021622488930734245,0.0007461990499682243,2.8976837925021486,0.19574455743687058,0.01,0.03
low_density/island04,full_sparse_pde,kin_time_shuffled,cubic_u,0.0028698080574678588,0.08855176086658446,0.03240825511975559,0.19574455743687058,0.01,0.03
low_density/island04,full_sparse_pde,kin_time_shuffled,traction,0.046340447447919826,91.27225275129653,0.0005077167052531368,0.19574455743687058,0.01,0.03
low_density/island04,full_sparse_pde,kin_time_shuffled,stress_div,0.041267729280639626,16.09335908252179,0.002564270707503102,0.19574455743687058,0.01,0.03
low_density/island04,full_sparse_pde,kin_time_shuffled,force_balance,-0.08702543109770003,34.25459789915679,-0.0025405474428249596,0.19574455743687058,0.01,0.03
low_density/island04,full_sparse_pde,kin_spatial_shifted,u_prev,-0.022115173985583138,0.10947525412280441,-0.2020107115784845,0.19168969428181817,0.01,0.01
low_density/island04,full_sparse_pde,kin_spatial_shifted,lap_u,-0.011577911916285226,0.0007461990499682242,-15.515849178283267,0.19168969428181817,0.01,0.01
low_density/island04,full_sparse_pde,kin_spatial_shifted,advect_u_u,-0.00039470999898794513,0.0035698013378120484,-0.11056917784390353,0.19168969428181817,0.01,0.01
low_density/island04,full_sparse_pde,kin_spatial_shifted,cubic_u,0.004458892572732407,0.08855176086658445,0.05035351673526119,0.19168969428181817,0.01,0.01
low_density/island04,full_sparse_pde,kin_spatial_shifted,traction,0.04037854882506059,91.27225275129653,0.00044239675923290946,0.19168969428181817,0.01,0.01
low_density/island04,full_sparse_pde,kin_spatial_shifted,stress_div,0.03577933099394656,16.09335908252179,0.00222323573409884,0.19168969428181817,0.01,0.01
low_density/island04,full_sparse_pde,kin_spatial_shifted,force_balance,-0.07563126243617811,34.25459789915679,-0.0022079156397874357,0.19168969428181817,0.01,0.01
low_density/island04,full_sparse_pde,kin_wrong_island,u_prev,-0.015796176453598064,0.11340399296592392,-0.13929118402686722,0.19444975334574024,0.01,0.01
low_density/island04,full_sparse_pde,kin_wrong_island,lap_u,-0.009197814075909666,0.0007562059039584681,-12.163107994479269,0.19444975334574024,0.01,0.01
low_density/island04,full_sparse_pde,kin_wrong_island,advect_u_u,-0.0006029645364701139,0.0036695976452684877,-0.16431352828219883,0.19444975334574024,0.01,0.01
low_density/island04,full_sparse_pde,kin_wrong_island,cubic_u,0.0026613058134536192,0.08717743569067547,0.030527461519934032,0.19444975334574024,0.01,0.01
low_density/island04,full_sparse_pde,kin_wrong_island,traction,0.04768245705597028,91.27225275129653,0.0005224200742135506,0.19444975334574024,0.01,0.01
low_density/island04,full_sparse_pde,kin_wrong_island,stress_div,0.04213065368399969,16.09335908252179,0.002617890613635517,0.19444975334574024,0.01,0.01
low_density/island04,full_sparse_pde,kin_wrong_island,force_balance,-0.08924792758800604,34.25459789915679,-0.0026054291412424655,0.19444975334574024,0.01,0.01
