source_order,column,family,meaning,causal_availability,fold_local_selection
0,dataset,key,row identity,index only; never a learned numeric input,identity only
1,sequence,key,row identity,index only; never a learned numeric input,identity only
2,frame,key,row identity,index only; never a learned numeric input,identity only
3,track_id,key,row identity,index only; never a learned numeric input,identity only
4,x_px,current_coordinate,current centroid,available at issue frame t,eligible; variance filtering and quotas fit on training movies only
5,y_px,current_coordinate,current centroid,available at issue frame t,eligible; variance filtering and quotas fit on training movies only
6,ms_has_prev,multiscale_image,multiscale morphology and local intensity,constructed from frames no later than issue frame t,eligible; variance filtering and quotas fit on training movies only
7,ms_r8_cur_mean,multiscale_image,multiscale morphology and local intensity,constructed from frames no later than issue frame t,eligible; variance filtering and quotas fit on training movies only
8,ms_r8_cur_std,multiscale_image,multiscale morphology and local intensity,constructed from frames no later than issue frame t,eligible; variance filtering and quotas fit on training movies only
9,ms_r8_cur_p10,multiscale_image,multiscale morphology and local intensity,constructed from frames no later than issue frame t,eligible; variance filtering and quotas fit on training movies only
10,ms_r8_cur_p50,multiscale_image,multiscale morphology and local intensity,constructed from frames no later than issue frame t,eligible; variance filtering and quotas fit on training movies only
11,ms_r8_cur_p90,multiscale_image,multiscale morphology and local intensity,constructed from frames no later than issue frame t,eligible; variance filtering and quotas fit on training movies only
12,ms_r8_cur_grad_mean,multiscale_image,multiscale morphology and local intensity,constructed from frames no later than issue frame t,eligible; variance filtering and quotas fit on training movies only
13,ms_r8_cur_grad_p90,multiscale_image,multiscale morphology and local intensity,constructed from frames no later than issue frame t,eligible; variance filtering and quotas fit on training movies only
14,ms_r8_cur_fg_frac,multiscale_image,multiscale morphology and local intensity,constructed from frames no later than issue frame t,eligible; variance filtering and quotas fit on training movies only
15,ms_r8_cur_centroid_dx,multiscale_image,multiscale morphology and local intensity,constructed from frames no later than issue frame t,eligible; variance filtering and quotas fit on training movies only
16,ms_r8_cur_centroid_dy,multiscale_image,multiscale morphology and local intensity,constructed from frames no later than issue frame t,eligible; variance filtering and quotas fit on training movies only
17,ms_r8_cur_elongation,multiscale_image,multiscale morphology and local intensity,constructed from frames no later than issue frame t,eligible; variance filtering and quotas fit on training movies only
18,ms_r8_cur_orient_cos,multiscale_image,multiscale morphology and local intensity,constructed from frames no later than issue frame t,eligible; variance filtering and quotas fit on training movies only
19,ms_r8_cur_orient_sin,multiscale_image,multiscale morphology and local intensity,constructed from frames no later than issue frame t,eligible; variance filtering and quotas fit on training movies only
20,ms_r8_delta_mean,multiscale_image,multiscale morphology and local intensity,constructed from frames no later than issue frame t,eligible; variance filtering and quotas fit on training movies only
21,ms_r8_delta_std,multiscale_image,multiscale morphology and local intensity,constructed from frames no later than issue frame t,eligible; variance filtering and quotas fit on training movies only
22,ms_r8_delta_grad_mean,multiscale_image,multiscale morphology and local intensity,constructed from frames no later than issue frame t,eligible; variance filtering and quotas fit on training movies only
23,ms_r8_delta_grad_p90,multiscale_image,multiscale morphology and local intensity,constructed from frames no later than issue frame t,eligible; variance filtering and quotas fit on training movies only
24,ms_r8_delta_fg_frac,multiscale_image,multiscale morphology and local intensity,constructed from frames no later than issue frame t,eligible; variance filtering and quotas fit on training movies only
25,ms_r8_delta_centroid_dx,multiscale_image,multiscale morphology and local intensity,constructed from frames no later than issue frame t,eligible; variance filtering and quotas fit on training movies only
26,ms_r8_delta_centroid_dy,multiscale_image,multiscale morphology and local intensity,constructed from frames no later than issue frame t,eligible; variance filtering and quotas fit on training movies only
27,ms_r8_delta_elongation,multiscale_image,multiscale morphology and local intensity,constructed from frames no later than issue frame t,eligible; variance filtering and quotas fit on training movies only
28,ms_r8_delta_orient_cos,multiscale_image,multiscale morphology and local intensity,constructed from frames no later than issue frame t,eligible; variance filtering and quotas fit on training movies only
29,ms_r8_delta_orient_sin,multiscale_image,multiscale morphology and local intensity,constructed from frames no later than issue frame t,eligible; variance filtering and quotas fit on training movies only
30,ms_r16_cur_mean,multiscale_image,multiscale morphology and local intensity,constructed from frames no later than issue frame t,eligible; variance filtering and quotas fit on training movies only
31,ms_r16_cur_std,multiscale_image,multiscale morphology and local intensity,constructed from frames no later than issue frame t,eligible; variance filtering and quotas fit on training movies only
32,ms_r16_cur_p10,multiscale_image,multiscale morphology and local intensity,constructed from frames no later than issue frame t,eligible; variance filtering and quotas fit on training movies only
33,ms_r16_cur_p50,multiscale_image,multiscale morphology and local intensity,constructed from frames no later than issue frame t,eligible; variance filtering and quotas fit on training movies only
34,ms_r16_cur_p90,multiscale_image,multiscale morphology and local intensity,constructed from frames no later than issue frame t,eligible; variance filtering and quotas fit on training movies only
35,ms_r16_cur_grad_mean,multiscale_image,multiscale morphology and local intensity,constructed from frames no later than issue frame t,eligible; variance filtering and quotas fit on training movies only
36,ms_r16_cur_grad_p90,multiscale_image,multiscale morphology and local intensity,constructed from frames no later than issue frame t,eligible; variance filtering and quotas fit on training movies only
37,ms_r16_cur_fg_frac,multiscale_image,multiscale morphology and local intensity,constructed from frames no later than issue frame t,eligible; variance filtering and quotas fit on training movies only
38,ms_r16_cur_centroid_dx,multiscale_image,multiscale morphology and local intensity,constructed from frames no later than issue frame t,eligible; variance filtering and quotas fit on training movies only
39,ms_r16_cur_centroid_dy,multiscale_image,multiscale morphology and local intensity,constructed from frames no later than issue frame t,eligible; variance filtering and quotas fit on training movies only
40,ms_r16_cur_elongation,multiscale_image,multiscale morphology and local intensity,constructed from frames no later than issue frame t,eligible; variance filtering and quotas fit on training movies only
41,ms_r16_cur_orient_cos,multiscale_image,multiscale morphology and local intensity,constructed from frames no later than issue frame t,eligible; variance filtering and quotas fit on training movies only
42,ms_r16_cur_orient_sin,multiscale_image,multiscale morphology and local intensity,constructed from frames no later than issue frame t,eligible; variance filtering and quotas fit on training movies only
43,ms_r16_delta_mean,multiscale_image,multiscale morphology and local intensity,constructed from frames no later than issue frame t,eligible; variance filtering and quotas fit on training movies only
44,ms_r16_delta_std,multiscale_image,multiscale morphology and local intensity,constructed from frames no later than issue frame t,eligible; variance filtering and quotas fit on training movies only
45,ms_r16_delta_grad_mean,multiscale_image,multiscale morphology and local intensity,constructed from frames no later than issue frame t,eligible; variance filtering and quotas fit on training movies only
46,ms_r16_delta_grad_p90,multiscale_image,multiscale morphology and local intensity,constructed from frames no later than issue frame t,eligible; variance filtering and quotas fit on training movies only
47,ms_r16_delta_fg_frac,multiscale_image,multiscale morphology and local intensity,constructed from frames no later than issue frame t,eligible; variance filtering and quotas fit on training movies only
48,ms_r16_delta_centroid_dx,multiscale_image,multiscale morphology and local intensity,constructed from frames no later than issue frame t,eligible; variance filtering and quotas fit on training movies only
49,ms_r16_delta_centroid_dy,multiscale_image,multiscale morphology and local intensity,constructed from frames no later than issue frame t,eligible; variance filtering and quotas fit on training movies only
50,ms_r16_delta_elongation,multiscale_image,multiscale morphology and local intensity,constructed from frames no later than issue frame t,eligible; variance filtering and quotas fit on training movies only
51,ms_r16_delta_orient_cos,multiscale_image,multiscale morphology and local intensity,constructed from frames no later than issue frame t,eligible; variance filtering and quotas fit on training movies only
52,ms_r16_delta_orient_sin,multiscale_image,multiscale morphology and local intensity,constructed from frames no later than issue frame t,eligible; variance filtering and quotas fit on training movies only
53,ms_r24_cur_mean,multiscale_image,multiscale morphology and local intensity,constructed from frames no later than issue frame t,eligible; variance filtering and quotas fit on training movies only
54,ms_r24_cur_std,multiscale_image,multiscale morphology and local intensity,constructed from frames no later than issue frame t,eligible; variance filtering and quotas fit on training movies only
55,ms_r24_cur_p10,multiscale_image,multiscale morphology and local intensity,constructed from frames no later than issue frame t,eligible; variance filtering and quotas fit on training movies only
56,ms_r24_cur_p50,multiscale_image,multiscale morphology and local intensity,constructed from frames no later than issue frame t,eligible; variance filtering and quotas fit on training movies only
57,ms_r24_cur_p90,multiscale_image,multiscale morphology and local intensity,constructed from frames no later than issue frame t,eligible; variance filtering and quotas fit on training movies only
58,ms_r24_cur_grad_mean,multiscale_image,multiscale morphology and local intensity,constructed from frames no later than issue frame t,eligible; variance filtering and quotas fit on training movies only
59,ms_r24_cur_grad_p90,multiscale_image,multiscale morphology and local intensity,constructed from frames no later than issue frame t,eligible; variance filtering and quotas fit on training movies only
60,ms_r24_cur_fg_frac,multiscale_image,multiscale morphology and local intensity,constructed from frames no later than issue frame t,eligible; variance filtering and quotas fit on training movies only
61,ms_r24_cur_centroid_dx,multiscale_image,multiscale morphology and local intensity,constructed from frames no later than issue frame t,eligible; variance filtering and quotas fit on training movies only
62,ms_r24_cur_centroid_dy,multiscale_image,multiscale morphology and local intensity,constructed from frames no later than issue frame t,eligible; variance filtering and quotas fit on training movies only
63,ms_r24_cur_elongation,multiscale_image,multiscale morphology and local intensity,constructed from frames no later than issue frame t,eligible; variance filtering and quotas fit on training movies only
64,ms_r24_cur_orient_cos,multiscale_image,multiscale morphology and local intensity,constructed from frames no later than issue frame t,eligible; variance filtering and quotas fit on training movies only
65,ms_r24_cur_orient_sin,multiscale_image,multiscale morphology and local intensity,constructed from frames no later than issue frame t,eligible; variance filtering and quotas fit on training movies only
66,ms_r24_delta_mean,multiscale_image,multiscale morphology and local intensity,constructed from frames no later than issue frame t,eligible; variance filtering and quotas fit on training movies only
67,ms_r24_delta_std,multiscale_image,multiscale morphology and local intensity,constructed from frames no later than issue frame t,eligible; variance filtering and quotas fit on training movies only
68,ms_r24_delta_grad_mean,multiscale_image,multiscale morphology and local intensity,constructed from frames no later than issue frame t,eligible; variance filtering and quotas fit on training movies only
69,ms_r24_delta_grad_p90,multiscale_image,multiscale morphology and local intensity,constructed from frames no later than issue frame t,eligible; variance filtering and quotas fit on training movies only
70,ms_r24_delta_fg_frac,multiscale_image,multiscale morphology and local intensity,constructed from frames no later than issue frame t,eligible; variance filtering and quotas fit on training movies only
71,ms_r24_delta_centroid_dx,multiscale_image,multiscale morphology and local intensity,constructed from frames no later than issue frame t,eligible; variance filtering and quotas fit on training movies only
72,ms_r24_delta_centroid_dy,multiscale_image,multiscale morphology and local intensity,constructed from frames no later than issue frame t,eligible; variance filtering and quotas fit on training movies only
73,ms_r24_delta_elongation,multiscale_image,multiscale morphology and local intensity,constructed from frames no later than issue frame t,eligible; variance filtering and quotas fit on training movies only
74,ms_r24_delta_orient_cos,multiscale_image,multiscale morphology and local intensity,constructed from frames no later than issue frame t,eligible; variance filtering and quotas fit on training movies only
75,ms_r24_delta_orient_sin,multiscale_image,multiscale morphology and local intensity,constructed from frames no later than issue frame t,eligible; variance filtering and quotas fit on training movies only
76,ms_r40_cur_mean,multiscale_image,multiscale morphology and local intensity,constructed from frames no later than issue frame t,eligible; variance filtering and quotas fit on training movies only
77,ms_r40_cur_std,multiscale_image,multiscale morphology and local intensity,constructed from frames no later than issue frame t,eligible; variance filtering and quotas fit on training movies only
78,ms_r40_cur_p10,multiscale_image,multiscale morphology and local intensity,constructed from frames no later than issue frame t,eligible; variance filtering and quotas fit on training movies only
79,ms_r40_cur_p50,multiscale_image,multiscale morphology and local intensity,constructed from frames no later than issue frame t,eligible; variance filtering and quotas fit on training movies only
80,ms_r40_cur_p90,multiscale_image,multiscale morphology and local intensity,constructed from frames no later than issue frame t,eligible; variance filtering and quotas fit on training movies only
81,ms_r40_cur_grad_mean,multiscale_image,multiscale morphology and local intensity,constructed from frames no later than issue frame t,eligible; variance filtering and quotas fit on training movies only
82,ms_r40_cur_grad_p90,multiscale_image,multiscale morphology and local intensity,constructed from frames no later than issue frame t,eligible; variance filtering and quotas fit on training movies only
83,ms_r40_cur_fg_frac,multiscale_image,multiscale morphology and local intensity,constructed from frames no later than issue frame t,eligible; variance filtering and quotas fit on training movies only
84,ms_r40_cur_centroid_dx,multiscale_image,multiscale morphology and local intensity,constructed from frames no later than issue frame t,eligible; variance filtering and quotas fit on training movies only
85,ms_r40_cur_centroid_dy,multiscale_image,multiscale morphology and local intensity,constructed from frames no later than issue frame t,eligible; variance filtering and quotas fit on training movies only
86,ms_r40_cur_elongation,multiscale_image,multiscale morphology and local intensity,constructed from frames no later than issue frame t,eligible; variance filtering and quotas fit on training movies only
87,ms_r40_cur_orient_cos,multiscale_image,multiscale morphology and local intensity,constructed from frames no later than issue frame t,eligible; variance filtering and quotas fit on training movies only
88,ms_r40_cur_orient_sin,multiscale_image,multiscale morphology and local intensity,constructed from frames no later than issue frame t,eligible; variance filtering and quotas fit on training movies only
89,ms_r40_delta_mean,multiscale_image,multiscale morphology and local intensity,constructed from frames no later than issue frame t,eligible; variance filtering and quotas fit on training movies only
90,ms_r40_delta_std,multiscale_image,multiscale morphology and local intensity,constructed from frames no later than issue frame t,eligible; variance filtering and quotas fit on training movies only
91,ms_r40_delta_grad_mean,multiscale_image,multiscale morphology and local intensity,constructed from frames no later than issue frame t,eligible; variance filtering and quotas fit on training movies only
92,ms_r40_delta_grad_p90,multiscale_image,multiscale morphology and local intensity,constructed from frames no later than issue frame t,eligible; variance filtering and quotas fit on training movies only
93,ms_r40_delta_fg_frac,multiscale_image,multiscale morphology and local intensity,constructed from frames no later than issue frame t,eligible; variance filtering and quotas fit on training movies only
94,ms_r40_delta_centroid_dx,multiscale_image,multiscale morphology and local intensity,constructed from frames no later than issue frame t,eligible; variance filtering and quotas fit on training movies only
95,ms_r40_delta_centroid_dy,multiscale_image,multiscale morphology and local intensity,constructed from frames no later than issue frame t,eligible; variance filtering and quotas fit on training movies only
96,ms_r40_delta_elongation,multiscale_image,multiscale morphology and local intensity,constructed from frames no later than issue frame t,eligible; variance filtering and quotas fit on training movies only
97,ms_r40_delta_orient_cos,multiscale_image,multiscale morphology and local intensity,constructed from frames no later than issue frame t,eligible; variance filtering and quotas fit on training movies only
98,ms_r40_delta_orient_sin,multiscale_image,multiscale morphology and local intensity,constructed from frames no later than issue frame t,eligible; variance filtering and quotas fit on training movies only
99,ms_r8_prev_mean,multiscale_image,multiscale morphology and local intensity,constructed from frames no later than issue frame t,eligible; variance filtering and quotas fit on training movies only
100,ms_r8_prev_std,multiscale_image,multiscale morphology and local intensity,constructed from frames no later than issue frame t,eligible; variance filtering and quotas fit on training movies only
101,ms_r8_prev_p10,multiscale_image,multiscale morphology and local intensity,constructed from frames no later than issue frame t,eligible; variance filtering and quotas fit on training movies only
102,ms_r8_prev_p50,multiscale_image,multiscale morphology and local intensity,constructed from frames no later than issue frame t,eligible; variance filtering and quotas fit on training movies only
103,ms_r8_prev_p90,multiscale_image,multiscale morphology and local intensity,constructed from frames no later than issue frame t,eligible; variance filtering and quotas fit on training movies only
104,ms_r8_prev_grad_mean,multiscale_image,multiscale morphology and local intensity,constructed from frames no later than issue frame t,eligible; variance filtering and quotas fit on training movies only
105,ms_r8_prev_grad_p90,multiscale_image,multiscale morphology and local intensity,constructed from frames no later than issue frame t,eligible; variance filtering and quotas fit on training movies only
106,ms_r8_prev_fg_frac,multiscale_image,multiscale morphology and local intensity,constructed from frames no later than issue frame t,eligible; variance filtering and quotas fit on training movies only
107,ms_r8_prev_centroid_dx,multiscale_image,multiscale morphology and local intensity,constructed from frames no later than issue frame t,eligible; variance filtering and quotas fit on training movies only
108,ms_r8_prev_centroid_dy,multiscale_image,multiscale morphology and local intensity,constructed from frames no later than issue frame t,eligible; variance filtering and quotas fit on training movies only
109,ms_r8_prev_elongation,multiscale_image,multiscale morphology and local intensity,constructed from frames no later than issue frame t,eligible; variance filtering and quotas fit on training movies only
110,ms_r8_prev_orient_cos,multiscale_image,multiscale morphology and local intensity,constructed from frames no later than issue frame t,eligible; variance filtering and quotas fit on training movies only
111,ms_r8_prev_orient_sin,multiscale_image,multiscale morphology and local intensity,constructed from frames no later than issue frame t,eligible; variance filtering and quotas fit on training movies only
112,ms_r16_prev_mean,multiscale_image,multiscale morphology and local intensity,constructed from frames no later than issue frame t,eligible; variance filtering and quotas fit on training movies only
113,ms_r16_prev_std,multiscale_image,multiscale morphology and local intensity,constructed from frames no later than issue frame t,eligible; variance filtering and quotas fit on training movies only
114,ms_r16_prev_p10,multiscale_image,multiscale morphology and local intensity,constructed from frames no later than issue frame t,eligible; variance filtering and quotas fit on training movies only
115,ms_r16_prev_p50,multiscale_image,multiscale morphology and local intensity,constructed from frames no later than issue frame t,eligible; variance filtering and quotas fit on training movies only
116,ms_r16_prev_p90,multiscale_image,multiscale morphology and local intensity,constructed from frames no later than issue frame t,eligible; variance filtering and quotas fit on training movies only
117,ms_r16_prev_grad_mean,multiscale_image,multiscale morphology and local intensity,constructed from frames no later than issue frame t,eligible; variance filtering and quotas fit on training movies only
118,ms_r16_prev_grad_p90,multiscale_image,multiscale morphology and local intensity,constructed from frames no later than issue frame t,eligible; variance filtering and quotas fit on training movies only
119,ms_r16_prev_fg_frac,multiscale_image,multiscale morphology and local intensity,constructed from frames no later than issue frame t,eligible; variance filtering and quotas fit on training movies only
120,ms_r16_prev_centroid_dx,multiscale_image,multiscale morphology and local intensity,constructed from frames no later than issue frame t,eligible; variance filtering and quotas fit on training movies only
121,ms_r16_prev_centroid_dy,multiscale_image,multiscale morphology and local intensity,constructed from frames no later than issue frame t,eligible; variance filtering and quotas fit on training movies only
122,ms_r16_prev_elongation,multiscale_image,multiscale morphology and local intensity,constructed from frames no later than issue frame t,eligible; variance filtering and quotas fit on training movies only
123,ms_r16_prev_orient_cos,multiscale_image,multiscale morphology and local intensity,constructed from frames no later than issue frame t,eligible; variance filtering and quotas fit on training movies only
124,ms_r16_prev_orient_sin,multiscale_image,multiscale morphology and local intensity,constructed from frames no later than issue frame t,eligible; variance filtering and quotas fit on training movies only
125,ms_r24_prev_mean,multiscale_image,multiscale morphology and local intensity,constructed from frames no later than issue frame t,eligible; variance filtering and quotas fit on training movies only
126,ms_r24_prev_std,multiscale_image,multiscale morphology and local intensity,constructed from frames no later than issue frame t,eligible; variance filtering and quotas fit on training movies only
127,ms_r24_prev_p10,multiscale_image,multiscale morphology and local intensity,constructed from frames no later than issue frame t,eligible; variance filtering and quotas fit on training movies only
128,ms_r24_prev_p50,multiscale_image,multiscale morphology and local intensity,constructed from frames no later than issue frame t,eligible; variance filtering and quotas fit on training movies only
129,ms_r24_prev_p90,multiscale_image,multiscale morphology and local intensity,constructed from frames no later than issue frame t,eligible; variance filtering and quotas fit on training movies only
130,ms_r24_prev_grad_mean,multiscale_image,multiscale morphology and local intensity,constructed from frames no later than issue frame t,eligible; variance filtering and quotas fit on training movies only
131,ms_r24_prev_grad_p90,multiscale_image,multiscale morphology and local intensity,constructed from frames no later than issue frame t,eligible; variance filtering and quotas fit on training movies only
132,ms_r24_prev_fg_frac,multiscale_image,multiscale morphology and local intensity,constructed from frames no later than issue frame t,eligible; variance filtering and quotas fit on training movies only
133,ms_r24_prev_centroid_dx,multiscale_image,multiscale morphology and local intensity,constructed from frames no later than issue frame t,eligible; variance filtering and quotas fit on training movies only
134,ms_r24_prev_centroid_dy,multiscale_image,multiscale morphology and local intensity,constructed from frames no later than issue frame t,eligible; variance filtering and quotas fit on training movies only
135,ms_r24_prev_elongation,multiscale_image,multiscale morphology and local intensity,constructed from frames no later than issue frame t,eligible; variance filtering and quotas fit on training movies only
136,ms_r24_prev_orient_cos,multiscale_image,multiscale morphology and local intensity,constructed from frames no later than issue frame t,eligible; variance filtering and quotas fit on training movies only
137,ms_r24_prev_orient_sin,multiscale_image,multiscale morphology and local intensity,constructed from frames no later than issue frame t,eligible; variance filtering and quotas fit on training movies only
138,ms_r40_prev_mean,multiscale_image,multiscale morphology and local intensity,constructed from frames no later than issue frame t,eligible; variance filtering and quotas fit on training movies only
139,ms_r40_prev_std,multiscale_image,multiscale morphology and local intensity,constructed from frames no later than issue frame t,eligible; variance filtering and quotas fit on training movies only
140,ms_r40_prev_p10,multiscale_image,multiscale morphology and local intensity,constructed from frames no later than issue frame t,eligible; variance filtering and quotas fit on training movies only
141,ms_r40_prev_p50,multiscale_image,multiscale morphology and local intensity,constructed from frames no later than issue frame t,eligible; variance filtering and quotas fit on training movies only
142,ms_r40_prev_p90,multiscale_image,multiscale morphology and local intensity,constructed from frames no later than issue frame t,eligible; variance filtering and quotas fit on training movies only
143,ms_r40_prev_grad_mean,multiscale_image,multiscale morphology and local intensity,constructed from frames no later than issue frame t,eligible; variance filtering and quotas fit on training movies only
144,ms_r40_prev_grad_p90,multiscale_image,multiscale morphology and local intensity,constructed from frames no later than issue frame t,eligible; variance filtering and quotas fit on training movies only
145,ms_r40_prev_fg_frac,multiscale_image,multiscale morphology and local intensity,constructed from frames no later than issue frame t,eligible; variance filtering and quotas fit on training movies only
146,ms_r40_prev_centroid_dx,multiscale_image,multiscale morphology and local intensity,constructed from frames no later than issue frame t,eligible; variance filtering and quotas fit on training movies only
147,ms_r40_prev_centroid_dy,multiscale_image,multiscale morphology and local intensity,constructed from frames no later than issue frame t,eligible; variance filtering and quotas fit on training movies only
148,ms_r40_prev_elongation,multiscale_image,multiscale morphology and local intensity,constructed from frames no later than issue frame t,eligible; variance filtering and quotas fit on training movies only
149,ms_r40_prev_orient_cos,multiscale_image,multiscale morphology and local intensity,constructed from frames no later than issue frame t,eligible; variance filtering and quotas fit on training movies only
150,ms_r40_prev_orient_sin,multiscale_image,multiscale morphology and local intensity,constructed from frames no later than issue frame t,eligible; variance filtering and quotas fit on training movies only
151,tf_downsample,tissue_flow,causal tissue-flow and temporal-flow summary,constructed from frames no later than issue frame t,eligible; variance filtering and quotas fit on training movies only
152,tf_flow_radius,tissue_flow,causal tissue-flow and temporal-flow summary,constructed from frames no later than issue frame t,eligible; variance filtering and quotas fit on training movies only
153,tf_index_alignment_px,tissue_flow,distance between the tracking centroid and the sampled flow-grid location,computed from issue-frame tracking and causal flow-grid alignment,eligible; variance filtering and quotas fit on training movies only
154,tf_r64_cur_u_mean,tissue_flow,causal tissue-flow and temporal-flow summary,constructed from frames no later than issue frame t,eligible; variance filtering and quotas fit on training movies only
155,tf_r64_cur_v_mean,tissue_flow,causal tissue-flow and temporal-flow summary,constructed from frames no later than issue frame t,eligible; variance filtering and quotas fit on training movies only
156,tf_r64_cur_u_std,tissue_flow,causal tissue-flow and temporal-flow summary,constructed from frames no later than issue frame t,eligible; variance filtering and quotas fit on training movies only
157,tf_r64_cur_v_std,tissue_flow,causal tissue-flow and temporal-flow summary,constructed from frames no later than issue frame t,eligible; variance filtering and quotas fit on training movies only
158,tf_r64_cur_u_median,tissue_flow,causal tissue-flow and temporal-flow summary,constructed from frames no later than issue frame t,eligible; variance filtering and quotas fit on training movies only
159,tf_r64_cur_v_median,tissue_flow,causal tissue-flow and temporal-flow summary,constructed from frames no later than issue frame t,eligible; variance filtering and quotas fit on training movies only
160,tf_r64_cur_u_p90,tissue_flow,causal tissue-flow and temporal-flow summary,constructed from frames no later than issue frame t,eligible; variance filtering and quotas fit on training movies only
161,tf_r64_cur_v_p90,tissue_flow,causal tissue-flow and temporal-flow summary,constructed from frames no later than issue frame t,eligible; variance filtering and quotas fit on training movies only
162,tf_r64_cur_mag_mean,tissue_flow,causal tissue-flow and temporal-flow summary,constructed from frames no later than issue frame t,eligible; variance filtering and quotas fit on training movies only
163,tf_r64_cur_mag_std,tissue_flow,causal tissue-flow and temporal-flow summary,constructed from frames no later than issue frame t,eligible; variance filtering and quotas fit on training movies only
164,tf_r64_cur_mag_median,tissue_flow,causal tissue-flow and temporal-flow summary,constructed from frames no later than issue frame t,eligible; variance filtering and quotas fit on training movies only
165,tf_r64_cur_mag_p90,tissue_flow,causal tissue-flow and temporal-flow summary,constructed from frames no later than issue frame t,eligible; variance filtering and quotas fit on training movies only
166,tf_r64_cur_center_u,tissue_flow,causal tissue-flow and temporal-flow summary,constructed from frames no later than issue frame t,eligible; variance filtering and quotas fit on training movies only
167,tf_r64_cur_center_v,tissue_flow,causal tissue-flow and temporal-flow summary,constructed from frames no later than issue frame t,eligible; variance filtering and quotas fit on training movies only
168,tf_r64_cur_own_minus_mean_u,tissue_flow,causal tissue-flow and temporal-flow summary,constructed from frames no later than issue frame t,eligible; variance filtering and quotas fit on training movies only
169,tf_r64_cur_own_minus_mean_v,tissue_flow,causal tissue-flow and temporal-flow summary,constructed from frames no later than issue frame t,eligible; variance filtering and quotas fit on training movies only
170,tf_r64_cur_own_minus_center_u,tissue_flow,causal tissue-flow and temporal-flow summary,constructed from frames no later than issue frame t,eligible; variance filtering and quotas fit on training movies only
171,tf_r64_cur_own_minus_center_v,tissue_flow,causal tissue-flow and temporal-flow summary,constructed from frames no later than issue frame t,eligible; variance filtering and quotas fit on training movies only
172,tf_r64_cur_proj_own_dir,tissue_flow,causal tissue-flow and temporal-flow summary,constructed from frames no later than issue frame t,eligible; variance filtering and quotas fit on training movies only
173,tf_r64_cur_proj_tangent,tissue_flow,causal tissue-flow and temporal-flow summary,constructed from frames no later than issue frame t,eligible; variance filtering and quotas fit on training movies only
174,tf_r64_cur_cos_to_own,tissue_flow,causal tissue-flow and temporal-flow summary,constructed from frames no later than issue frame t,eligible; variance filtering and quotas fit on training movies only
175,tf_r64_cur_div_mean,tissue_flow,causal tissue-flow and temporal-flow summary,constructed from frames no later than issue frame t,eligible; variance filtering and quotas fit on training movies only
176,tf_r64_cur_div_std,tissue_flow,causal tissue-flow and temporal-flow summary,constructed from frames no later than issue frame t,eligible; variance filtering and quotas fit on training movies only
177,tf_r64_cur_div_median,tissue_flow,causal tissue-flow and temporal-flow summary,constructed from frames no later than issue frame t,eligible; variance filtering and quotas fit on training movies only
178,tf_r64_cur_div_p90,tissue_flow,causal tissue-flow and temporal-flow summary,constructed from frames no later than issue frame t,eligible; variance filtering and quotas fit on training movies only
179,tf_r64_cur_curl_mean,tissue_flow,causal tissue-flow and temporal-flow summary,constructed from frames no later than issue frame t,eligible; variance filtering and quotas fit on training movies only
180,tf_r64_cur_curl_std,tissue_flow,causal tissue-flow and temporal-flow summary,constructed from frames no later than issue frame t,eligible; variance filtering and quotas fit on training movies only
181,tf_r64_cur_curl_median,tissue_flow,causal tissue-flow and temporal-flow summary,constructed from frames no later than issue frame t,eligible; variance filtering and quotas fit on training movies only
182,tf_r64_cur_curl_p90,tissue_flow,causal tissue-flow and temporal-flow summary,constructed from frames no later than issue frame t,eligible; variance filtering and quotas fit on training movies only
183,tf_r64_cur_shear1_mean,tissue_flow,causal tissue-flow and temporal-flow summary,constructed from frames no later than issue frame t,eligible; variance filtering and quotas fit on training movies only
184,tf_r64_cur_shear1_std,tissue_flow,causal tissue-flow and temporal-flow summary,constructed from frames no later than issue frame t,eligible; variance filtering and quotas fit on training movies only
185,tf_r64_cur_shear1_median,tissue_flow,causal tissue-flow and temporal-flow summary,constructed from frames no later than issue frame t,eligible; variance filtering and quotas fit on training movies only
186,tf_r64_cur_shear1_p90,tissue_flow,causal tissue-flow and temporal-flow summary,constructed from frames no later than issue frame t,eligible; variance filtering and quotas fit on training movies only
187,tf_r64_cur_shear2_mean,tissue_flow,causal tissue-flow and temporal-flow summary,constructed from frames no later than issue frame t,eligible; variance filtering and quotas fit on training movies only
188,tf_r64_cur_shear2_std,tissue_flow,causal tissue-flow and temporal-flow summary,constructed from frames no later than issue frame t,eligible; variance filtering and quotas fit on training movies only
189,tf_r64_cur_shear2_median,tissue_flow,causal tissue-flow and temporal-flow summary,constructed from frames no later than issue frame t,eligible; variance filtering and quotas fit on training movies only
190,tf_r64_cur_shear2_p90,tissue_flow,causal tissue-flow and temporal-flow summary,constructed from frames no later than issue frame t,eligible; variance filtering and quotas fit on training movies only
191,tf_r64_cur_front_back_u,tissue_flow,causal tissue-flow and temporal-flow summary,constructed from frames no later than issue frame t,eligible; variance filtering and quotas fit on training movies only
192,tf_r64_cur_front_back_v,tissue_flow,causal tissue-flow and temporal-flow summary,constructed from frames no later than issue frame t,eligible; variance filtering and quotas fit on training movies only
193,tf_r64_cur_front_back_proj,tissue_flow,causal tissue-flow and temporal-flow summary,constructed from frames no later than issue frame t,eligible; variance filtering and quotas fit on training movies only
194,tf_r64_cur_front_back_tangent,tissue_flow,causal tissue-flow and temporal-flow summary,constructed from frames no later than issue frame t,eligible; variance filtering and quotas fit on training movies only
195,tf_r64_prev_u_mean,tissue_flow,causal tissue-flow and temporal-flow summary,constructed from frames no later than issue frame t,eligible; variance filtering and quotas fit on training movies only
196,tf_r64_prev_v_mean,tissue_flow,causal tissue-flow and temporal-flow summary,constructed from frames no later than issue frame t,eligible; variance filtering and quotas fit on training movies only
197,tf_r64_prev_u_std,tissue_flow,causal tissue-flow and temporal-flow summary,constructed from frames no later than issue frame t,eligible; variance filtering and quotas fit on training movies only
198,tf_r64_prev_v_std,tissue_flow,causal tissue-flow and temporal-flow summary,constructed from frames no later than issue frame t,eligible; variance filtering and quotas fit on training movies only
199,tf_r64_prev_u_median,tissue_flow,causal tissue-flow and temporal-flow summary,constructed from frames no later than issue frame t,eligible; variance filtering and quotas fit on training movies only
200,tf_r64_prev_v_median,tissue_flow,causal tissue-flow and temporal-flow summary,constructed from frames no later than issue frame t,eligible; variance filtering and quotas fit on training movies only
201,tf_r64_prev_u_p90,tissue_flow,causal tissue-flow and temporal-flow summary,constructed from frames no later than issue frame t,eligible; variance filtering and quotas fit on training movies only
202,tf_r64_prev_v_p90,tissue_flow,causal tissue-flow and temporal-flow summary,constructed from frames no later than issue frame t,eligible; variance filtering and quotas fit on training movies only
203,tf_r64_prev_mag_mean,tissue_flow,causal tissue-flow and temporal-flow summary,constructed from frames no later than issue frame t,eligible; variance filtering and quotas fit on training movies only
204,tf_r64_prev_mag_std,tissue_flow,causal tissue-flow and temporal-flow summary,constructed from frames no later than issue frame t,eligible; variance filtering and quotas fit on training movies only
205,tf_r64_prev_mag_median,tissue_flow,causal tissue-flow and temporal-flow summary,constructed from frames no later than issue frame t,eligible; variance filtering and quotas fit on training movies only
206,tf_r64_prev_mag_p90,tissue_flow,causal tissue-flow and temporal-flow summary,constructed from frames no later than issue frame t,eligible; variance filtering and quotas fit on training movies only
207,tf_r64_prev_center_u,tissue_flow,causal tissue-flow and temporal-flow summary,constructed from frames no later than issue frame t,eligible; variance filtering and quotas fit on training movies only
208,tf_r64_prev_center_v,tissue_flow,causal tissue-flow and temporal-flow summary,constructed from frames no later than issue frame t,eligible; variance filtering and quotas fit on training movies only
209,tf_r64_prev_own_minus_mean_u,tissue_flow,causal tissue-flow and temporal-flow summary,constructed from frames no later than issue frame t,eligible; variance filtering and quotas fit on training movies only
210,tf_r64_prev_own_minus_mean_v,tissue_flow,causal tissue-flow and temporal-flow summary,constructed from frames no later than issue frame t,eligible; variance filtering and quotas fit on training movies only
211,tf_r64_prev_own_minus_center_u,tissue_flow,causal tissue-flow and temporal-flow summary,constructed from frames no later than issue frame t,eligible; variance filtering and quotas fit on training movies only
212,tf_r64_prev_own_minus_center_v,tissue_flow,causal tissue-flow and temporal-flow summary,constructed from frames no later than issue frame t,eligible; variance filtering and quotas fit on training movies only
213,tf_r64_prev_proj_own_dir,tissue_flow,causal tissue-flow and temporal-flow summary,constructed from frames no later than issue frame t,eligible; variance filtering and quotas fit on training movies only
214,tf_r64_prev_proj_tangent,tissue_flow,causal tissue-flow and temporal-flow summary,constructed from frames no later than issue frame t,eligible; variance filtering and quotas fit on training movies only
215,tf_r64_prev_cos_to_own,tissue_flow,causal tissue-flow and temporal-flow summary,constructed from frames no later than issue frame t,eligible; variance filtering and quotas fit on training movies only
216,tf_r64_prev_div_mean,tissue_flow,causal tissue-flow and temporal-flow summary,constructed from frames no later than issue frame t,eligible; variance filtering and quotas fit on training movies only
217,tf_r64_prev_div_std,tissue_flow,causal tissue-flow and temporal-flow summary,constructed from frames no later than issue frame t,eligible; variance filtering and quotas fit on training movies only
218,tf_r64_prev_div_median,tissue_flow,causal tissue-flow and temporal-flow summary,constructed from frames no later than issue frame t,eligible; variance filtering and quotas fit on training movies only
219,tf_r64_prev_div_p90,tissue_flow,causal tissue-flow and temporal-flow summary,constructed from frames no later than issue frame t,eligible; variance filtering and quotas fit on training movies only
220,tf_r64_prev_curl_mean,tissue_flow,causal tissue-flow and temporal-flow summary,constructed from frames no later than issue frame t,eligible; variance filtering and quotas fit on training movies only
221,tf_r64_prev_curl_std,tissue_flow,causal tissue-flow and temporal-flow summary,constructed from frames no later than issue frame t,eligible; variance filtering and quotas fit on training movies only
222,tf_r64_prev_curl_median,tissue_flow,causal tissue-flow and temporal-flow summary,constructed from frames no later than issue frame t,eligible; variance filtering and quotas fit on training movies only
223,tf_r64_prev_curl_p90,tissue_flow,causal tissue-flow and temporal-flow summary,constructed from frames no later than issue frame t,eligible; variance filtering and quotas fit on training movies only
224,tf_r64_prev_shear1_mean,tissue_flow,causal tissue-flow and temporal-flow summary,constructed from frames no later than issue frame t,eligible; variance filtering and quotas fit on training movies only
225,tf_r64_prev_shear1_std,tissue_flow,causal tissue-flow and temporal-flow summary,constructed from frames no later than issue frame t,eligible; variance filtering and quotas fit on training movies only
226,tf_r64_prev_shear1_median,tissue_flow,causal tissue-flow and temporal-flow summary,constructed from frames no later than issue frame t,eligible; variance filtering and quotas fit on training movies only
227,tf_r64_prev_shear1_p90,tissue_flow,causal tissue-flow and temporal-flow summary,constructed from frames no later than issue frame t,eligible; variance filtering and quotas fit on training movies only
228,tf_r64_prev_shear2_mean,tissue_flow,causal tissue-flow and temporal-flow summary,constructed from frames no later than issue frame t,eligible; variance filtering and quotas fit on training movies only
229,tf_r64_prev_shear2_std,tissue_flow,causal tissue-flow and temporal-flow summary,constructed from frames no later than issue frame t,eligible; variance filtering and quotas fit on training movies only
230,tf_r64_prev_shear2_median,tissue_flow,causal tissue-flow and temporal-flow summary,constructed from frames no later than issue frame t,eligible; variance filtering and quotas fit on training movies only
231,tf_r64_prev_shear2_p90,tissue_flow,causal tissue-flow and temporal-flow summary,constructed from frames no later than issue frame t,eligible; variance filtering and quotas fit on training movies only
232,tf_r64_prev_front_back_u,tissue_flow,causal tissue-flow and temporal-flow summary,constructed from frames no later than issue frame t,eligible; variance filtering and quotas fit on training movies only
233,tf_r64_prev_front_back_v,tissue_flow,causal tissue-flow and temporal-flow summary,constructed from frames no later than issue frame t,eligible; variance filtering and quotas fit on training movies only
234,tf_r64_prev_front_back_proj,tissue_flow,causal tissue-flow and temporal-flow summary,constructed from frames no later than issue frame t,eligible; variance filtering and quotas fit on training movies only
235,tf_r64_prev_front_back_tangent,tissue_flow,causal tissue-flow and temporal-flow summary,constructed from frames no later than issue frame t,eligible; variance filtering and quotas fit on training movies only
236,tf_r128_cur_u_mean,tissue_flow,causal tissue-flow and temporal-flow summary,constructed from frames no later than issue frame t,eligible; variance filtering and quotas fit on training movies only
237,tf_r128_cur_v_mean,tissue_flow,causal tissue-flow and temporal-flow summary,constructed from frames no later than issue frame t,eligible; variance filtering and quotas fit on training movies only
238,tf_r128_cur_u_std,tissue_flow,causal tissue-flow and temporal-flow summary,constructed from frames no later than issue frame t,eligible; variance filtering and quotas fit on training movies only
239,tf_r128_cur_v_std,tissue_flow,causal tissue-flow and temporal-flow summary,constructed from frames no later than issue frame t,eligible; variance filtering and quotas fit on training movies only
240,tf_r128_cur_u_median,tissue_flow,causal tissue-flow and temporal-flow summary,constructed from frames no later than issue frame t,eligible; variance filtering and quotas fit on training movies only
241,tf_r128_cur_v_median,tissue_flow,causal tissue-flow and temporal-flow summary,constructed from frames no later than issue frame t,eligible; variance filtering and quotas fit on training movies only
242,tf_r128_cur_u_p90,tissue_flow,causal tissue-flow and temporal-flow summary,constructed from frames no later than issue frame t,eligible; variance filtering and quotas fit on training movies only
243,tf_r128_cur_v_p90,tissue_flow,causal tissue-flow and temporal-flow summary,constructed from frames no later than issue frame t,eligible; variance filtering and quotas fit on training movies only
244,tf_r128_cur_mag_mean,tissue_flow,causal tissue-flow and temporal-flow summary,constructed from frames no later than issue frame t,eligible; variance filtering and quotas fit on training movies only
245,tf_r128_cur_mag_std,tissue_flow,causal tissue-flow and temporal-flow summary,constructed from frames no later than issue frame t,eligible; variance filtering and quotas fit on training movies only
246,tf_r128_cur_mag_median,tissue_flow,causal tissue-flow and temporal-flow summary,constructed from frames no later than issue frame t,eligible; variance filtering and quotas fit on training movies only
247,tf_r128_cur_mag_p90,tissue_flow,causal tissue-flow and temporal-flow summary,constructed from frames no later than issue frame t,eligible; variance filtering and quotas fit on training movies only
248,tf_r128_cur_center_u,tissue_flow,causal tissue-flow and temporal-flow summary,constructed from frames no later than issue frame t,eligible; variance filtering and quotas fit on training movies only
249,tf_r128_cur_center_v,tissue_flow,causal tissue-flow and temporal-flow summary,constructed from frames no later than issue frame t,eligible; variance filtering and quotas fit on training movies only
250,tf_r128_cur_own_minus_mean_u,tissue_flow,causal tissue-flow and temporal-flow summary,constructed from frames no later than issue frame t,eligible; variance filtering and quotas fit on training movies only
251,tf_r128_cur_own_minus_mean_v,tissue_flow,causal tissue-flow and temporal-flow summary,constructed from frames no later than issue frame t,eligible; variance filtering and quotas fit on training movies only
252,tf_r128_cur_own_minus_center_u,tissue_flow,causal tissue-flow and temporal-flow summary,constructed from frames no later than issue frame t,eligible; variance filtering and quotas fit on training movies only
253,tf_r128_cur_own_minus_center_v,tissue_flow,causal tissue-flow and temporal-flow summary,constructed from frames no later than issue frame t,eligible; variance filtering and quotas fit on training movies only
254,tf_r128_cur_proj_own_dir,tissue_flow,causal tissue-flow and temporal-flow summary,constructed from frames no later than issue frame t,eligible; variance filtering and quotas fit on training movies only
255,tf_r128_cur_proj_tangent,tissue_flow,causal tissue-flow and temporal-flow summary,constructed from frames no later than issue frame t,eligible; variance filtering and quotas fit on training movies only
256,tf_r128_cur_cos_to_own,tissue_flow,causal tissue-flow and temporal-flow summary,constructed from frames no later than issue frame t,eligible; variance filtering and quotas fit on training movies only
257,tf_r128_cur_div_mean,tissue_flow,causal tissue-flow and temporal-flow summary,constructed from frames no later than issue frame t,eligible; variance filtering and quotas fit on training movies only
258,tf_r128_cur_div_std,tissue_flow,causal tissue-flow and temporal-flow summary,constructed from frames no later than issue frame t,eligible; variance filtering and quotas fit on training movies only
259,tf_r128_cur_div_median,tissue_flow,causal tissue-flow and temporal-flow summary,constructed from frames no later than issue frame t,eligible; variance filtering and quotas fit on training movies only
260,tf_r128_cur_div_p90,tissue_flow,causal tissue-flow and temporal-flow summary,constructed from frames no later than issue frame t,eligible; variance filtering and quotas fit on training movies only
261,tf_r128_cur_curl_mean,tissue_flow,causal tissue-flow and temporal-flow summary,constructed from frames no later than issue frame t,eligible; variance filtering and quotas fit on training movies only
262,tf_r128_cur_curl_std,tissue_flow,causal tissue-flow and temporal-flow summary,constructed from frames no later than issue frame t,eligible; variance filtering and quotas fit on training movies only
263,tf_r128_cur_curl_median,tissue_flow,causal tissue-flow and temporal-flow summary,constructed from frames no later than issue frame t,eligible; variance filtering and quotas fit on training movies only
264,tf_r128_cur_curl_p90,tissue_flow,causal tissue-flow and temporal-flow summary,constructed from frames no later than issue frame t,eligible; variance filtering and quotas fit on training movies only
265,tf_r128_cur_shear1_mean,tissue_flow,causal tissue-flow and temporal-flow summary,constructed from frames no later than issue frame t,eligible; variance filtering and quotas fit on training movies only
266,tf_r128_cur_shear1_std,tissue_flow,causal tissue-flow and temporal-flow summary,constructed from frames no later than issue frame t,eligible; variance filtering and quotas fit on training movies only
267,tf_r128_cur_shear1_median,tissue_flow,causal tissue-flow and temporal-flow summary,constructed from frames no later than issue frame t,eligible; variance filtering and quotas fit on training movies only
268,tf_r128_cur_shear1_p90,tissue_flow,causal tissue-flow and temporal-flow summary,constructed from frames no later than issue frame t,eligible; variance filtering and quotas fit on training movies only
269,tf_r128_cur_shear2_mean,tissue_flow,causal tissue-flow and temporal-flow summary,constructed from frames no later than issue frame t,eligible; variance filtering and quotas fit on training movies only
270,tf_r128_cur_shear2_std,tissue_flow,causal tissue-flow and temporal-flow summary,constructed from frames no later than issue frame t,eligible; variance filtering and quotas fit on training movies only
271,tf_r128_cur_shear2_median,tissue_flow,causal tissue-flow and temporal-flow summary,constructed from frames no later than issue frame t,eligible; variance filtering and quotas fit on training movies only
272,tf_r128_cur_shear2_p90,tissue_flow,causal tissue-flow and temporal-flow summary,constructed from frames no later than issue frame t,eligible; variance filtering and quotas fit on training movies only
273,tf_r128_cur_front_back_u,tissue_flow,causal tissue-flow and temporal-flow summary,constructed from frames no later than issue frame t,eligible; variance filtering and quotas fit on training movies only
274,tf_r128_cur_front_back_v,tissue_flow,causal tissue-flow and temporal-flow summary,constructed from frames no later than issue frame t,eligible; variance filtering and quotas fit on training movies only
275,tf_r128_cur_front_back_proj,tissue_flow,causal tissue-flow and temporal-flow summary,constructed from frames no later than issue frame t,eligible; variance filtering and quotas fit on training movies only
276,tf_r128_cur_front_back_tangent,tissue_flow,causal tissue-flow and temporal-flow summary,constructed from frames no later than issue frame t,eligible; variance filtering and quotas fit on training movies only
277,tf_r128_prev_u_mean,tissue_flow,causal tissue-flow and temporal-flow summary,constructed from frames no later than issue frame t,eligible; variance filtering and quotas fit on training movies only
278,tf_r128_prev_v_mean,tissue_flow,causal tissue-flow and temporal-flow summary,constructed from frames no later than issue frame t,eligible; variance filtering and quotas fit on training movies only
279,tf_r128_prev_u_std,tissue_flow,causal tissue-flow and temporal-flow summary,constructed from frames no later than issue frame t,eligible; variance filtering and quotas fit on training movies only
280,tf_r128_prev_v_std,tissue_flow,causal tissue-flow and temporal-flow summary,constructed from frames no later than issue frame t,eligible; variance filtering and quotas fit on training movies only
281,tf_r128_prev_u_median,tissue_flow,causal tissue-flow and temporal-flow summary,constructed from frames no later than issue frame t,eligible; variance filtering and quotas fit on training movies only
282,tf_r128_prev_v_median,tissue_flow,causal tissue-flow and temporal-flow summary,constructed from frames no later than issue frame t,eligible; variance filtering and quotas fit on training movies only
283,tf_r128_prev_u_p90,tissue_flow,causal tissue-flow and temporal-flow summary,constructed from frames no later than issue frame t,eligible; variance filtering and quotas fit on training movies only
284,tf_r128_prev_v_p90,tissue_flow,causal tissue-flow and temporal-flow summary,constructed from frames no later than issue frame t,eligible; variance filtering and quotas fit on training movies only
285,tf_r128_prev_mag_mean,tissue_flow,causal tissue-flow and temporal-flow summary,constructed from frames no later than issue frame t,eligible; variance filtering and quotas fit on training movies only
286,tf_r128_prev_mag_std,tissue_flow,causal tissue-flow and temporal-flow summary,constructed from frames no later than issue frame t,eligible; variance filtering and quotas fit on training movies only
287,tf_r128_prev_mag_median,tissue_flow,causal tissue-flow and temporal-flow summary,constructed from frames no later than issue frame t,eligible; variance filtering and quotas fit on training movies only
288,tf_r128_prev_mag_p90,tissue_flow,causal tissue-flow and temporal-flow summary,constructed from frames no later than issue frame t,eligible; variance filtering and quotas fit on training movies only
289,tf_r128_prev_center_u,tissue_flow,causal tissue-flow and temporal-flow summary,constructed from frames no later than issue frame t,eligible; variance filtering and quotas fit on training movies only
290,tf_r128_prev_center_v,tissue_flow,causal tissue-flow and temporal-flow summary,constructed from frames no later than issue frame t,eligible; variance filtering and quotas fit on training movies only
291,tf_r128_prev_own_minus_mean_u,tissue_flow,causal tissue-flow and temporal-flow summary,constructed from frames no later than issue frame t,eligible; variance filtering and quotas fit on training movies only
292,tf_r128_prev_own_minus_mean_v,tissue_flow,causal tissue-flow and temporal-flow summary,constructed from frames no later than issue frame t,eligible; variance filtering and quotas fit on training movies only
293,tf_r128_prev_own_minus_center_u,tissue_flow,causal tissue-flow and temporal-flow summary,constructed from frames no later than issue frame t,eligible; variance filtering and quotas fit on training movies only
294,tf_r128_prev_own_minus_center_v,tissue_flow,causal tissue-flow and temporal-flow summary,constructed from frames no later than issue frame t,eligible; variance filtering and quotas fit on training movies only
295,tf_r128_prev_proj_own_dir,tissue_flow,causal tissue-flow and temporal-flow summary,constructed from frames no later than issue frame t,eligible; variance filtering and quotas fit on training movies only
296,tf_r128_prev_proj_tangent,tissue_flow,causal tissue-flow and temporal-flow summary,constructed from frames no later than issue frame t,eligible; variance filtering and quotas fit on training movies only
297,tf_r128_prev_cos_to_own,tissue_flow,causal tissue-flow and temporal-flow summary,constructed from frames no later than issue frame t,eligible; variance filtering and quotas fit on training movies only
298,tf_r128_prev_div_mean,tissue_flow,causal tissue-flow and temporal-flow summary,constructed from frames no later than issue frame t,eligible; variance filtering and quotas fit on training movies only
299,tf_r128_prev_div_std,tissue_flow,causal tissue-flow and temporal-flow summary,constructed from frames no later than issue frame t,eligible; variance filtering and quotas fit on training movies only
300,tf_r128_prev_div_median,tissue_flow,causal tissue-flow and temporal-flow summary,constructed from frames no later than issue frame t,eligible; variance filtering and quotas fit on training movies only
301,tf_r128_prev_div_p90,tissue_flow,causal tissue-flow and temporal-flow summary,constructed from frames no later than issue frame t,eligible; variance filtering and quotas fit on training movies only
302,tf_r128_prev_curl_mean,tissue_flow,causal tissue-flow and temporal-flow summary,constructed from frames no later than issue frame t,eligible; variance filtering and quotas fit on training movies only
303,tf_r128_prev_curl_std,tissue_flow,causal tissue-flow and temporal-flow summary,constructed from frames no later than issue frame t,eligible; variance filtering and quotas fit on training movies only
304,tf_r128_prev_curl_median,tissue_flow,causal tissue-flow and temporal-flow summary,constructed from frames no later than issue frame t,eligible; variance filtering and quotas fit on training movies only
305,tf_r128_prev_curl_p90,tissue_flow,causal tissue-flow and temporal-flow summary,constructed from frames no later than issue frame t,eligible; variance filtering and quotas fit on training movies only
306,tf_r128_prev_shear1_mean,tissue_flow,causal tissue-flow and temporal-flow summary,constructed from frames no later than issue frame t,eligible; variance filtering and quotas fit on training movies only
307,tf_r128_prev_shear1_std,tissue_flow,causal tissue-flow and temporal-flow summary,constructed from frames no later than issue frame t,eligible; variance filtering and quotas fit on training movies only
308,tf_r128_prev_shear1_median,tissue_flow,causal tissue-flow and temporal-flow summary,constructed from frames no later than issue frame t,eligible; variance filtering and quotas fit on training movies only
309,tf_r128_prev_shear1_p90,tissue_flow,causal tissue-flow and temporal-flow summary,constructed from frames no later than issue frame t,eligible; variance filtering and quotas fit on training movies only
310,tf_r128_prev_shear2_mean,tissue_flow,causal tissue-flow and temporal-flow summary,constructed from frames no later than issue frame t,eligible; variance filtering and quotas fit on training movies only
311,tf_r128_prev_shear2_std,tissue_flow,causal tissue-flow and temporal-flow summary,constructed from frames no later than issue frame t,eligible; variance filtering and quotas fit on training movies only
312,tf_r128_prev_shear2_median,tissue_flow,causal tissue-flow and temporal-flow summary,constructed from frames no later than issue frame t,eligible; variance filtering and quotas fit on training movies only
313,tf_r128_prev_shear2_p90,tissue_flow,causal tissue-flow and temporal-flow summary,constructed from frames no later than issue frame t,eligible; variance filtering and quotas fit on training movies only
314,tf_r128_prev_front_back_u,tissue_flow,causal tissue-flow and temporal-flow summary,constructed from frames no later than issue frame t,eligible; variance filtering and quotas fit on training movies only
315,tf_r128_prev_front_back_v,tissue_flow,causal tissue-flow and temporal-flow summary,constructed from frames no later than issue frame t,eligible; variance filtering and quotas fit on training movies only
316,tf_r128_prev_front_back_proj,tissue_flow,causal tissue-flow and temporal-flow summary,constructed from frames no later than issue frame t,eligible; variance filtering and quotas fit on training movies only
317,tf_r128_prev_front_back_tangent,tissue_flow,causal tissue-flow and temporal-flow summary,constructed from frames no later than issue frame t,eligible; variance filtering and quotas fit on training movies only
318,tf_r256_cur_u_mean,tissue_flow,causal tissue-flow and temporal-flow summary,constructed from frames no later than issue frame t,eligible; variance filtering and quotas fit on training movies only
319,tf_r256_cur_v_mean,tissue_flow,causal tissue-flow and temporal-flow summary,constructed from frames no later than issue frame t,eligible; variance filtering and quotas fit on training movies only
320,tf_r256_cur_u_std,tissue_flow,causal tissue-flow and temporal-flow summary,constructed from frames no later than issue frame t,eligible; variance filtering and quotas fit on training movies only
321,tf_r256_cur_v_std,tissue_flow,causal tissue-flow and temporal-flow summary,constructed from frames no later than issue frame t,eligible; variance filtering and quotas fit on training movies only
322,tf_r256_cur_u_median,tissue_flow,causal tissue-flow and temporal-flow summary,constructed from frames no later than issue frame t,eligible; variance filtering and quotas fit on training movies only
323,tf_r256_cur_v_median,tissue_flow,causal tissue-flow and temporal-flow summary,constructed from frames no later than issue frame t,eligible; variance filtering and quotas fit on training movies only
324,tf_r256_cur_u_p90,tissue_flow,causal tissue-flow and temporal-flow summary,constructed from frames no later than issue frame t,eligible; variance filtering and quotas fit on training movies only
325,tf_r256_cur_v_p90,tissue_flow,causal tissue-flow and temporal-flow summary,constructed from frames no later than issue frame t,eligible; variance filtering and quotas fit on training movies only
326,tf_r256_cur_mag_mean,tissue_flow,causal tissue-flow and temporal-flow summary,constructed from frames no later than issue frame t,eligible; variance filtering and quotas fit on training movies only
327,tf_r256_cur_mag_std,tissue_flow,causal tissue-flow and temporal-flow summary,constructed from frames no later than issue frame t,eligible; variance filtering and quotas fit on training movies only
328,tf_r256_cur_mag_median,tissue_flow,causal tissue-flow and temporal-flow summary,constructed from frames no later than issue frame t,eligible; variance filtering and quotas fit on training movies only
329,tf_r256_cur_mag_p90,tissue_flow,causal tissue-flow and temporal-flow summary,constructed from frames no later than issue frame t,eligible; variance filtering and quotas fit on training movies only
330,tf_r256_cur_center_u,tissue_flow,causal tissue-flow and temporal-flow summary,constructed from frames no later than issue frame t,eligible; variance filtering and quotas fit on training movies only
331,tf_r256_cur_center_v,tissue_flow,causal tissue-flow and temporal-flow summary,constructed from frames no later than issue frame t,eligible; variance filtering and quotas fit on training movies only
332,tf_r256_cur_own_minus_mean_u,tissue_flow,causal tissue-flow and temporal-flow summary,constructed from frames no later than issue frame t,eligible; variance filtering and quotas fit on training movies only
333,tf_r256_cur_own_minus_mean_v,tissue_flow,causal tissue-flow and temporal-flow summary,constructed from frames no later than issue frame t,eligible; variance filtering and quotas fit on training movies only
334,tf_r256_cur_own_minus_center_u,tissue_flow,causal tissue-flow and temporal-flow summary,constructed from frames no later than issue frame t,eligible; variance filtering and quotas fit on training movies only
335,tf_r256_cur_own_minus_center_v,tissue_flow,causal tissue-flow and temporal-flow summary,constructed from frames no later than issue frame t,eligible; variance filtering and quotas fit on training movies only
336,tf_r256_cur_proj_own_dir,tissue_flow,causal tissue-flow and temporal-flow summary,constructed from frames no later than issue frame t,eligible; variance filtering and quotas fit on training movies only
337,tf_r256_cur_proj_tangent,tissue_flow,causal tissue-flow and temporal-flow summary,constructed from frames no later than issue frame t,eligible; variance filtering and quotas fit on training movies only
338,tf_r256_cur_cos_to_own,tissue_flow,causal tissue-flow and temporal-flow summary,constructed from frames no later than issue frame t,eligible; variance filtering and quotas fit on training movies only
339,tf_r256_cur_div_mean,tissue_flow,causal tissue-flow and temporal-flow summary,constructed from frames no later than issue frame t,eligible; variance filtering and quotas fit on training movies only
340,tf_r256_cur_div_std,tissue_flow,causal tissue-flow and temporal-flow summary,constructed from frames no later than issue frame t,eligible; variance filtering and quotas fit on training movies only
341,tf_r256_cur_div_median,tissue_flow,causal tissue-flow and temporal-flow summary,constructed from frames no later than issue frame t,eligible; variance filtering and quotas fit on training movies only
342,tf_r256_cur_div_p90,tissue_flow,causal tissue-flow and temporal-flow summary,constructed from frames no later than issue frame t,eligible; variance filtering and quotas fit on training movies only
343,tf_r256_cur_curl_mean,tissue_flow,causal tissue-flow and temporal-flow summary,constructed from frames no later than issue frame t,eligible; variance filtering and quotas fit on training movies only
344,tf_r256_cur_curl_std,tissue_flow,causal tissue-flow and temporal-flow summary,constructed from frames no later than issue frame t,eligible; variance filtering and quotas fit on training movies only
345,tf_r256_cur_curl_median,tissue_flow,causal tissue-flow and temporal-flow summary,constructed from frames no later than issue frame t,eligible; variance filtering and quotas fit on training movies only
346,tf_r256_cur_curl_p90,tissue_flow,causal tissue-flow and temporal-flow summary,constructed from frames no later than issue frame t,eligible; variance filtering and quotas fit on training movies only
347,tf_r256_cur_shear1_mean,tissue_flow,causal tissue-flow and temporal-flow summary,constructed from frames no later than issue frame t,eligible; variance filtering and quotas fit on training movies only
348,tf_r256_cur_shear1_std,tissue_flow,causal tissue-flow and temporal-flow summary,constructed from frames no later than issue frame t,eligible; variance filtering and quotas fit on training movies only
349,tf_r256_cur_shear1_median,tissue_flow,causal tissue-flow and temporal-flow summary,constructed from frames no later than issue frame t,eligible; variance filtering and quotas fit on training movies only
350,tf_r256_cur_shear1_p90,tissue_flow,causal tissue-flow and temporal-flow summary,constructed from frames no later than issue frame t,eligible; variance filtering and quotas fit on training movies only
351,tf_r256_cur_shear2_mean,tissue_flow,causal tissue-flow and temporal-flow summary,constructed from frames no later than issue frame t,eligible; variance filtering and quotas fit on training movies only
352,tf_r256_cur_shear2_std,tissue_flow,causal tissue-flow and temporal-flow summary,constructed from frames no later than issue frame t,eligible; variance filtering and quotas fit on training movies only
353,tf_r256_cur_shear2_median,tissue_flow,causal tissue-flow and temporal-flow summary,constructed from frames no later than issue frame t,eligible; variance filtering and quotas fit on training movies only
354,tf_r256_cur_shear2_p90,tissue_flow,causal tissue-flow and temporal-flow summary,constructed from frames no later than issue frame t,eligible; variance filtering and quotas fit on training movies only
355,tf_r256_cur_front_back_u,tissue_flow,causal tissue-flow and temporal-flow summary,constructed from frames no later than issue frame t,eligible; variance filtering and quotas fit on training movies only
356,tf_r256_cur_front_back_v,tissue_flow,causal tissue-flow and temporal-flow summary,constructed from frames no later than issue frame t,eligible; variance filtering and quotas fit on training movies only
357,tf_r256_cur_front_back_proj,tissue_flow,causal tissue-flow and temporal-flow summary,constructed from frames no later than issue frame t,eligible; variance filtering and quotas fit on training movies only
358,tf_r256_cur_front_back_tangent,tissue_flow,causal tissue-flow and temporal-flow summary,constructed from frames no later than issue frame t,eligible; variance filtering and quotas fit on training movies only
359,tf_r256_prev_u_mean,tissue_flow,causal tissue-flow and temporal-flow summary,constructed from frames no later than issue frame t,eligible; variance filtering and quotas fit on training movies only
360,tf_r256_prev_v_mean,tissue_flow,causal tissue-flow and temporal-flow summary,constructed from frames no later than issue frame t,eligible; variance filtering and quotas fit on training movies only
361,tf_r256_prev_u_std,tissue_flow,causal tissue-flow and temporal-flow summary,constructed from frames no later than issue frame t,eligible; variance filtering and quotas fit on training movies only
362,tf_r256_prev_v_std,tissue_flow,causal tissue-flow and temporal-flow summary,constructed from frames no later than issue frame t,eligible; variance filtering and quotas fit on training movies only
363,tf_r256_prev_u_median,tissue_flow,causal tissue-flow and temporal-flow summary,constructed from frames no later than issue frame t,eligible; variance filtering and quotas fit on training movies only
364,tf_r256_prev_v_median,tissue_flow,causal tissue-flow and temporal-flow summary,constructed from frames no later than issue frame t,eligible; variance filtering and quotas fit on training movies only
365,tf_r256_prev_u_p90,tissue_flow,causal tissue-flow and temporal-flow summary,constructed from frames no later than issue frame t,eligible; variance filtering and quotas fit on training movies only
366,tf_r256_prev_v_p90,tissue_flow,causal tissue-flow and temporal-flow summary,constructed from frames no later than issue frame t,eligible; variance filtering and quotas fit on training movies only
367,tf_r256_prev_mag_mean,tissue_flow,causal tissue-flow and temporal-flow summary,constructed from frames no later than issue frame t,eligible; variance filtering and quotas fit on training movies only
368,tf_r256_prev_mag_std,tissue_flow,causal tissue-flow and temporal-flow summary,constructed from frames no later than issue frame t,eligible; variance filtering and quotas fit on training movies only
369,tf_r256_prev_mag_median,tissue_flow,causal tissue-flow and temporal-flow summary,constructed from frames no later than issue frame t,eligible; variance filtering and quotas fit on training movies only
370,tf_r256_prev_mag_p90,tissue_flow,causal tissue-flow and temporal-flow summary,constructed from frames no later than issue frame t,eligible; variance filtering and quotas fit on training movies only
371,tf_r256_prev_center_u,tissue_flow,causal tissue-flow and temporal-flow summary,constructed from frames no later than issue frame t,eligible; variance filtering and quotas fit on training movies only
372,tf_r256_prev_center_v,tissue_flow,causal tissue-flow and temporal-flow summary,constructed from frames no later than issue frame t,eligible; variance filtering and quotas fit on training movies only
373,tf_r256_prev_own_minus_mean_u,tissue_flow,causal tissue-flow and temporal-flow summary,constructed from frames no later than issue frame t,eligible; variance filtering and quotas fit on training movies only
374,tf_r256_prev_own_minus_mean_v,tissue_flow,causal tissue-flow and temporal-flow summary,constructed from frames no later than issue frame t,eligible; variance filtering and quotas fit on training movies only
375,tf_r256_prev_own_minus_center_u,tissue_flow,causal tissue-flow and temporal-flow summary,constructed from frames no later than issue frame t,eligible; variance filtering and quotas fit on training movies only
376,tf_r256_prev_own_minus_center_v,tissue_flow,causal tissue-flow and temporal-flow summary,constructed from frames no later than issue frame t,eligible; variance filtering and quotas fit on training movies only
377,tf_r256_prev_proj_own_dir,tissue_flow,causal tissue-flow and temporal-flow summary,constructed from frames no later than issue frame t,eligible; variance filtering and quotas fit on training movies only
378,tf_r256_prev_proj_tangent,tissue_flow,causal tissue-flow and temporal-flow summary,constructed from frames no later than issue frame t,eligible; variance filtering and quotas fit on training movies only
379,tf_r256_prev_cos_to_own,tissue_flow,causal tissue-flow and temporal-flow summary,constructed from frames no later than issue frame t,eligible; variance filtering and quotas fit on training movies only
380,tf_r256_prev_div_mean,tissue_flow,causal tissue-flow and temporal-flow summary,constructed from frames no later than issue frame t,eligible; variance filtering and quotas fit on training movies only
381,tf_r256_prev_div_std,tissue_flow,causal tissue-flow and temporal-flow summary,constructed from frames no later than issue frame t,eligible; variance filtering and quotas fit on training movies only
382,tf_r256_prev_div_median,tissue_flow,causal tissue-flow and temporal-flow summary,constructed from frames no later than issue frame t,eligible; variance filtering and quotas fit on training movies only
383,tf_r256_prev_div_p90,tissue_flow,causal tissue-flow and temporal-flow summary,constructed from frames no later than issue frame t,eligible; variance filtering and quotas fit on training movies only
384,tf_r256_prev_curl_mean,tissue_flow,causal tissue-flow and temporal-flow summary,constructed from frames no later than issue frame t,eligible; variance filtering and quotas fit on training movies only
385,tf_r256_prev_curl_std,tissue_flow,causal tissue-flow and temporal-flow summary,constructed from frames no later than issue frame t,eligible; variance filtering and quotas fit on training movies only
386,tf_r256_prev_curl_median,tissue_flow,causal tissue-flow and temporal-flow summary,constructed from frames no later than issue frame t,eligible; variance filtering and quotas fit on training movies only
387,tf_r256_prev_curl_p90,tissue_flow,causal tissue-flow and temporal-flow summary,constructed from frames no later than issue frame t,eligible; variance filtering and quotas fit on training movies only
388,tf_r256_prev_shear1_mean,tissue_flow,causal tissue-flow and temporal-flow summary,constructed from frames no later than issue frame t,eligible; variance filtering and quotas fit on training movies only
389,tf_r256_prev_shear1_std,tissue_flow,causal tissue-flow and temporal-flow summary,constructed from frames no later than issue frame t,eligible; variance filtering and quotas fit on training movies only
390,tf_r256_prev_shear1_median,tissue_flow,causal tissue-flow and temporal-flow summary,constructed from frames no later than issue frame t,eligible; variance filtering and quotas fit on training movies only
391,tf_r256_prev_shear1_p90,tissue_flow,causal tissue-flow and temporal-flow summary,constructed from frames no later than issue frame t,eligible; variance filtering and quotas fit on training movies only
392,tf_r256_prev_shear2_mean,tissue_flow,causal tissue-flow and temporal-flow summary,constructed from frames no later than issue frame t,eligible; variance filtering and quotas fit on training movies only
393,tf_r256_prev_shear2_std,tissue_flow,causal tissue-flow and temporal-flow summary,constructed from frames no later than issue frame t,eligible; variance filtering and quotas fit on training movies only
394,tf_r256_prev_shear2_median,tissue_flow,causal tissue-flow and temporal-flow summary,constructed from frames no later than issue frame t,eligible; variance filtering and quotas fit on training movies only
395,tf_r256_prev_shear2_p90,tissue_flow,causal tissue-flow and temporal-flow summary,constructed from frames no later than issue frame t,eligible; variance filtering and quotas fit on training movies only
396,tf_r256_prev_front_back_u,tissue_flow,causal tissue-flow and temporal-flow summary,constructed from frames no later than issue frame t,eligible; variance filtering and quotas fit on training movies only
397,tf_r256_prev_front_back_v,tissue_flow,causal tissue-flow and temporal-flow summary,constructed from frames no later than issue frame t,eligible; variance filtering and quotas fit on training movies only
398,tf_r256_prev_front_back_proj,tissue_flow,causal tissue-flow and temporal-flow summary,constructed from frames no later than issue frame t,eligible; variance filtering and quotas fit on training movies only
399,tf_r256_prev_front_back_tangent,tissue_flow,causal tissue-flow and temporal-flow summary,constructed from frames no later than issue frame t,eligible; variance filtering and quotas fit on training movies only
400,dx_px,completed_motion,last completed displacement,available at issue frame t,eligible; variance filtering and quotas fit on training movies only
401,dy_px,completed_motion,last completed displacement,available at issue frame t,eligible; variance filtering and quotas fit on training movies only
402,QUALITY,tracking_quality,source tracking quality,available at issue frame t,eligible; variance filtering and quotas fit on training movies only
403,obs_boundary_dist,observation_state,observation quality and tracking-derived state,constructed from frames no later than issue frame t,eligible; variance filtering and quotas fit on training movies only
404,obs_boundary_normal_x,observation_state,observation quality and tracking-derived state,constructed from frames no later than issue frame t,eligible; variance filtering and quotas fit on training movies only
405,obs_boundary_normal_y,observation_state,observation quality and tracking-derived state,constructed from frames no later than issue frame t,eligible; variance filtering and quotas fit on training movies only
406,obs_boundary_tangent_x,observation_state,observation quality and tracking-derived state,constructed from frames no later than issue frame t,eligible; variance filtering and quotas fit on training movies only
407,obs_boundary_tangent_y,observation_state,observation quality and tracking-derived state,constructed from frames no later than issue frame t,eligible; variance filtering and quotas fit on training movies only
408,obs_boundary_radial,observation_state,observation quality and tracking-derived state,constructed from frames no later than issue frame t,eligible; variance filtering and quotas fit on training movies only
409,obs_boundary_self_front,observation_state,observation quality and tracking-derived state,constructed from frames no later than issue frame t,eligible; variance filtering and quotas fit on training movies only
410,obs_boundary_self_tangent,observation_state,observation quality and tracking-derived state,constructed from frames no later than issue frame t,eligible; variance filtering and quotas fit on training movies only
411,obs_boundary_edge_balance,observation_state,observation quality and tracking-derived state,constructed from frames no later than issue frame t,eligible; variance filtering and quotas fit on training movies only
412,obs_knn_nearest_dist,observation_state,observation quality and tracking-derived state,constructed from frames no later than issue frame t,eligible; variance filtering and quotas fit on training movies only
413,obs_knn_mean8_dist,observation_state,observation quality and tracking-derived state,constructed from frames no later than issue frame t,eligible; variance filtering and quotas fit on training movies only
414,obs_knn_mean32_dist,observation_state,observation quality and tracking-derived state,constructed from frames no later than issue frame t,eligible; variance filtering and quotas fit on training movies only
415,obs_crowd_vector_x,observation_state,observation quality and tracking-derived state,constructed from frames no later than issue frame t,eligible; variance filtering and quotas fit on training movies only
416,obs_crowd_vector_y,observation_state,observation quality and tracking-derived state,constructed from frames no later than issue frame t,eligible; variance filtering and quotas fit on training movies only
417,obs_crowd_vector_norm,observation_state,observation quality and tracking-derived state,constructed from frames no later than issue frame t,eligible; variance filtering and quotas fit on training movies only
418,obs_density_r40,observation_state,observation quality and tracking-derived state,constructed from frames no later than issue frame t,eligible; variance filtering and quotas fit on training movies only
419,obs_density_r80,observation_state,observation quality and tracking-derived state,constructed from frames no later than issue frame t,eligible; variance filtering and quotas fit on training movies only
420,obs_density_r120,observation_state,observation quality and tracking-derived state,constructed from frames no later than issue frame t,eligible; variance filtering and quotas fit on training movies only
421,obs_density_r240,observation_state,observation quality and tracking-derived state,constructed from frames no later than issue frame t,eligible; variance filtering and quotas fit on training movies only
422,obs_density_r320,observation_state,observation quality and tracking-derived state,constructed from frames no later than issue frame t,eligible; variance filtering and quotas fit on training movies only
423,obs_flow_r64_lag_delta_u,observation_state,observation quality and tracking-derived state,constructed from frames no later than issue frame t,eligible; variance filtering and quotas fit on training movies only
424,obs_flow_r64_lag_delta_v,observation_state,observation quality and tracking-derived state,constructed from frames no later than issue frame t,eligible; variance filtering and quotas fit on training movies only
425,obs_flow_r64_lag_delta_mag,observation_state,observation quality and tracking-derived state,constructed from frames no later than issue frame t,eligible; variance filtering and quotas fit on training movies only
426,obs_flow_r64_accel_norm,observation_state,observation quality and tracking-derived state,constructed from frames no later than issue frame t,eligible; variance filtering and quotas fit on training movies only
427,obs_flow_r64_cur_prev_cos,observation_state,observation quality and tracking-derived state,constructed from frames no later than issue frame t,eligible; variance filtering and quotas fit on training movies only
428,obs_flow_r64_cur_self_cos,observation_state,observation quality and tracking-derived state,constructed from frames no later than issue frame t,eligible; variance filtering and quotas fit on training movies only
429,obs_flow_r64_accel_self_proj,observation_state,observation quality and tracking-derived state,constructed from frames no later than issue frame t,eligible; variance filtering and quotas fit on training movies only
430,obs_flow_r64_coherence,observation_state,observation quality and tracking-derived state,constructed from frames no later than issue frame t,eligible; variance filtering and quotas fit on training movies only
431,obs_flow_r64_prev_coherence,observation_state,observation quality and tracking-derived state,constructed from frames no later than issue frame t,eligible; variance filtering and quotas fit on training movies only
432,obs_flow_r64_coherence_delta,observation_state,observation quality and tracking-derived state,constructed from frames no later than issue frame t,eligible; variance filtering and quotas fit on training movies only
433,obs_flow_r64_center_mean_disagree,observation_state,observation quality and tracking-derived state,constructed from frames no later than issue frame t,eligible; variance filtering and quotas fit on training movies only
434,obs_flow_r64_front_back_proj,observation_state,observation quality and tracking-derived state,constructed from frames no later than issue frame t,eligible; variance filtering and quotas fit on training movies only
435,obs_flow_r64_front_back_tangent,observation_state,observation quality and tracking-derived state,constructed from frames no later than issue frame t,eligible; variance filtering and quotas fit on training movies only
436,obs_flow_r128_lag_delta_u,observation_state,observation quality and tracking-derived state,constructed from frames no later than issue frame t,eligible; variance filtering and quotas fit on training movies only
437,obs_flow_r128_lag_delta_v,observation_state,observation quality and tracking-derived state,constructed from frames no later than issue frame t,eligible; variance filtering and quotas fit on training movies only
438,obs_flow_r128_lag_delta_mag,observation_state,observation quality and tracking-derived state,constructed from frames no later than issue frame t,eligible; variance filtering and quotas fit on training movies only
439,obs_flow_r128_accel_norm,observation_state,observation quality and tracking-derived state,constructed from frames no later than issue frame t,eligible; variance filtering and quotas fit on training movies only
440,obs_flow_r128_cur_prev_cos,observation_state,observation quality and tracking-derived state,constructed from frames no later than issue frame t,eligible; variance filtering and quotas fit on training movies only
441,obs_flow_r128_cur_self_cos,observation_state,observation quality and tracking-derived state,constructed from frames no later than issue frame t,eligible; variance filtering and quotas fit on training movies only
442,obs_flow_r128_accel_self_proj,observation_state,observation quality and tracking-derived state,constructed from frames no later than issue frame t,eligible; variance filtering and quotas fit on training movies only
443,obs_flow_r128_coherence,observation_state,observation quality and tracking-derived state,constructed from frames no later than issue frame t,eligible; variance filtering and quotas fit on training movies only
444,obs_flow_r128_prev_coherence,observation_state,observation quality and tracking-derived state,constructed from frames no later than issue frame t,eligible; variance filtering and quotas fit on training movies only
445,obs_flow_r128_coherence_delta,observation_state,observation quality and tracking-derived state,constructed from frames no later than issue frame t,eligible; variance filtering and quotas fit on training movies only
446,obs_flow_r128_center_mean_disagree,observation_state,observation quality and tracking-derived state,constructed from frames no later than issue frame t,eligible; variance filtering and quotas fit on training movies only
447,obs_flow_r128_front_back_proj,observation_state,observation quality and tracking-derived state,constructed from frames no later than issue frame t,eligible; variance filtering and quotas fit on training movies only
448,obs_flow_r128_front_back_tangent,observation_state,observation quality and tracking-derived state,constructed from frames no later than issue frame t,eligible; variance filtering and quotas fit on training movies only
449,obs_flow_r256_lag_delta_u,observation_state,observation quality and tracking-derived state,constructed from frames no later than issue frame t,eligible; variance filtering and quotas fit on training movies only
450,obs_flow_r256_lag_delta_v,observation_state,observation quality and tracking-derived state,constructed from frames no later than issue frame t,eligible; variance filtering and quotas fit on training movies only
451,obs_flow_r256_lag_delta_mag,observation_state,observation quality and tracking-derived state,constructed from frames no later than issue frame t,eligible; variance filtering and quotas fit on training movies only
452,obs_flow_r256_accel_norm,observation_state,observation quality and tracking-derived state,constructed from frames no later than issue frame t,eligible; variance filtering and quotas fit on training movies only
453,obs_flow_r256_cur_prev_cos,observation_state,observation quality and tracking-derived state,constructed from frames no later than issue frame t,eligible; variance filtering and quotas fit on training movies only
454,obs_flow_r256_cur_self_cos,observation_state,observation quality and tracking-derived state,constructed from frames no later than issue frame t,eligible; variance filtering and quotas fit on training movies only
455,obs_flow_r256_accel_self_proj,observation_state,observation quality and tracking-derived state,constructed from frames no later than issue frame t,eligible; variance filtering and quotas fit on training movies only
456,obs_flow_r256_coherence,observation_state,observation quality and tracking-derived state,constructed from frames no later than issue frame t,eligible; variance filtering and quotas fit on training movies only
457,obs_flow_r256_prev_coherence,observation_state,observation quality and tracking-derived state,constructed from frames no later than issue frame t,eligible; variance filtering and quotas fit on training movies only
458,obs_flow_r256_coherence_delta,observation_state,observation quality and tracking-derived state,constructed from frames no later than issue frame t,eligible; variance filtering and quotas fit on training movies only
459,obs_flow_r256_center_mean_disagree,observation_state,observation quality and tracking-derived state,constructed from frames no later than issue frame t,eligible; variance filtering and quotas fit on training movies only
460,obs_flow_r256_front_back_proj,observation_state,observation quality and tracking-derived state,constructed from frames no later than issue frame t,eligible; variance filtering and quotas fit on training movies only
461,obs_flow_r256_front_back_tangent,observation_state,observation quality and tracking-derived state,constructed from frames no later than issue frame t,eligible; variance filtering and quotas fit on training movies only
462,obs_polarity_m8_cur_orient_self_proj,observation_state,observation quality and tracking-derived state,constructed from frames no later than issue frame t,eligible; variance filtering and quotas fit on training movies only
463,obs_polarity_m8_cur_orient_self_tangent,observation_state,observation quality and tracking-derived state,constructed from frames no later than issue frame t,eligible; variance filtering and quotas fit on training movies only
464,obs_polarity_m8_cur_centroid_self_proj,observation_state,observation quality and tracking-derived state,constructed from frames no later than issue frame t,eligible; variance filtering and quotas fit on training movies only
465,obs_polarity_m8_cur_centroid_self_tangent,observation_state,observation quality and tracking-derived state,constructed from frames no later than issue frame t,eligible; variance filtering and quotas fit on training movies only
466,obs_polarity_m8_cur_centroid_norm,observation_state,observation quality and tracking-derived state,constructed from frames no later than issue frame t,eligible; variance filtering and quotas fit on training movies only
467,obs_polarity_m8_cur_elong_self_abs,observation_state,observation quality and tracking-derived state,constructed from frames no later than issue frame t,eligible; variance filtering and quotas fit on training movies only
468,obs_polarity_m8_cur_elong_tangent_abs,observation_state,observation quality and tracking-derived state,constructed from frames no later than issue frame t,eligible; variance filtering and quotas fit on training movies only
469,obs_polarity_m8_prev_orient_self_proj,observation_state,observation quality and tracking-derived state,constructed from frames no later than issue frame t,eligible; variance filtering and quotas fit on training movies only
470,obs_polarity_m8_prev_orient_self_tangent,observation_state,observation quality and tracking-derived state,constructed from frames no later than issue frame t,eligible; variance filtering and quotas fit on training movies only
471,obs_polarity_m8_prev_centroid_self_proj,observation_state,observation quality and tracking-derived state,constructed from frames no later than issue frame t,eligible; variance filtering and quotas fit on training movies only
472,obs_polarity_m8_prev_centroid_self_tangent,observation_state,observation quality and tracking-derived state,constructed from frames no later than issue frame t,eligible; variance filtering and quotas fit on training movies only
473,obs_polarity_m8_prev_centroid_norm,observation_state,observation quality and tracking-derived state,constructed from frames no later than issue frame t,eligible; variance filtering and quotas fit on training movies only
474,obs_polarity_m8_prev_elong_self_abs,observation_state,observation quality and tracking-derived state,constructed from frames no later than issue frame t,eligible; variance filtering and quotas fit on training movies only
475,obs_polarity_m8_prev_elong_tangent_abs,observation_state,observation quality and tracking-derived state,constructed from frames no later than issue frame t,eligible; variance filtering and quotas fit on training movies only
476,obs_polarity_m8_delta_orient_self_proj,observation_state,observation quality and tracking-derived state,constructed from frames no later than issue frame t,eligible; variance filtering and quotas fit on training movies only
477,obs_polarity_m8_delta_orient_self_tangent,observation_state,observation quality and tracking-derived state,constructed from frames no later than issue frame t,eligible; variance filtering and quotas fit on training movies only
478,obs_polarity_m8_delta_centroid_self_proj,observation_state,observation quality and tracking-derived state,constructed from frames no later than issue frame t,eligible; variance filtering and quotas fit on training movies only
479,obs_polarity_m8_delta_centroid_self_tangent,observation_state,observation quality and tracking-derived state,constructed from frames no later than issue frame t,eligible; variance filtering and quotas fit on training movies only
480,obs_polarity_m8_delta_centroid_norm,observation_state,observation quality and tracking-derived state,constructed from frames no later than issue frame t,eligible; variance filtering and quotas fit on training movies only
481,obs_polarity_m8_delta_elong_self_abs,observation_state,observation quality and tracking-derived state,constructed from frames no later than issue frame t,eligible; variance filtering and quotas fit on training movies only
482,obs_polarity_m8_delta_elong_tangent_abs,observation_state,observation quality and tracking-derived state,constructed from frames no later than issue frame t,eligible; variance filtering and quotas fit on training movies only
483,obs_polarity_m16_cur_orient_self_proj,observation_state,observation quality and tracking-derived state,constructed from frames no later than issue frame t,eligible; variance filtering and quotas fit on training movies only
484,obs_polarity_m16_cur_orient_self_tangent,observation_state,observation quality and tracking-derived state,constructed from frames no later than issue frame t,eligible; variance filtering and quotas fit on training movies only
485,obs_polarity_m16_cur_centroid_self_proj,observation_state,observation quality and tracking-derived state,constructed from frames no later than issue frame t,eligible; variance filtering and quotas fit on training movies only
486,obs_polarity_m16_cur_centroid_self_tangent,observation_state,observation quality and tracking-derived state,constructed from frames no later than issue frame t,eligible; variance filtering and quotas fit on training movies only
487,obs_polarity_m16_cur_centroid_norm,observation_state,observation quality and tracking-derived state,constructed from frames no later than issue frame t,eligible; variance filtering and quotas fit on training movies only
488,obs_polarity_m16_cur_elong_self_abs,observation_state,observation quality and tracking-derived state,constructed from frames no later than issue frame t,eligible; variance filtering and quotas fit on training movies only
489,obs_polarity_m16_cur_elong_tangent_abs,observation_state,observation quality and tracking-derived state,constructed from frames no later than issue frame t,eligible; variance filtering and quotas fit on training movies only
490,obs_polarity_m16_prev_orient_self_proj,observation_state,observation quality and tracking-derived state,constructed from frames no later than issue frame t,eligible; variance filtering and quotas fit on training movies only
491,obs_polarity_m16_prev_orient_self_tangent,observation_state,observation quality and tracking-derived state,constructed from frames no later than issue frame t,eligible; variance filtering and quotas fit on training movies only
492,obs_polarity_m16_prev_centroid_self_proj,observation_state,observation quality and tracking-derived state,constructed from frames no later than issue frame t,eligible; variance filtering and quotas fit on training movies only
493,obs_polarity_m16_prev_centroid_self_tangent,observation_state,observation quality and tracking-derived state,constructed from frames no later than issue frame t,eligible; variance filtering and quotas fit on training movies only
494,obs_polarity_m16_prev_centroid_norm,observation_state,observation quality and tracking-derived state,constructed from frames no later than issue frame t,eligible; variance filtering and quotas fit on training movies only
495,obs_polarity_m16_prev_elong_self_abs,observation_state,observation quality and tracking-derived state,constructed from frames no later than issue frame t,eligible; variance filtering and quotas fit on training movies only
496,obs_polarity_m16_prev_elong_tangent_abs,observation_state,observation quality and tracking-derived state,constructed from frames no later than issue frame t,eligible; variance filtering and quotas fit on training movies only
497,obs_polarity_m16_delta_orient_self_proj,observation_state,observation quality and tracking-derived state,constructed from frames no later than issue frame t,eligible; variance filtering and quotas fit on training movies only
498,obs_polarity_m16_delta_orient_self_tangent,observation_state,observation quality and tracking-derived state,constructed from frames no later than issue frame t,eligible; variance filtering and quotas fit on training movies only
499,obs_polarity_m16_delta_centroid_self_proj,observation_state,observation quality and tracking-derived state,constructed from frames no later than issue frame t,eligible; variance filtering and quotas fit on training movies only
500,obs_polarity_m16_delta_centroid_self_tangent,observation_state,observation quality and tracking-derived state,constructed from frames no later than issue frame t,eligible; variance filtering and quotas fit on training movies only
501,obs_polarity_m16_delta_centroid_norm,observation_state,observation quality and tracking-derived state,constructed from frames no later than issue frame t,eligible; variance filtering and quotas fit on training movies only
502,obs_polarity_m16_delta_elong_self_abs,observation_state,observation quality and tracking-derived state,constructed from frames no later than issue frame t,eligible; variance filtering and quotas fit on training movies only
503,obs_polarity_m16_delta_elong_tangent_abs,observation_state,observation quality and tracking-derived state,constructed from frames no later than issue frame t,eligible; variance filtering and quotas fit on training movies only
504,obs_polarity_m24_cur_orient_self_proj,observation_state,observation quality and tracking-derived state,constructed from frames no later than issue frame t,eligible; variance filtering and quotas fit on training movies only
505,obs_polarity_m24_cur_orient_self_tangent,observation_state,observation quality and tracking-derived state,constructed from frames no later than issue frame t,eligible; variance filtering and quotas fit on training movies only
506,obs_polarity_m24_cur_centroid_self_proj,observation_state,observation quality and tracking-derived state,constructed from frames no later than issue frame t,eligible; variance filtering and quotas fit on training movies only
507,obs_polarity_m24_cur_centroid_self_tangent,observation_state,observation quality and tracking-derived state,constructed from frames no later than issue frame t,eligible; variance filtering and quotas fit on training movies only
508,obs_polarity_m24_cur_centroid_norm,observation_state,observation quality and tracking-derived state,constructed from frames no later than issue frame t,eligible; variance filtering and quotas fit on training movies only
509,obs_polarity_m24_cur_elong_self_abs,observation_state,observation quality and tracking-derived state,constructed from frames no later than issue frame t,eligible; variance filtering and quotas fit on training movies only
510,obs_polarity_m24_cur_elong_tangent_abs,observation_state,observation quality and tracking-derived state,constructed from frames no later than issue frame t,eligible; variance filtering and quotas fit on training movies only
511,obs_polarity_m24_prev_orient_self_proj,observation_state,observation quality and tracking-derived state,constructed from frames no later than issue frame t,eligible; variance filtering and quotas fit on training movies only
512,obs_polarity_m24_prev_orient_self_tangent,observation_state,observation quality and tracking-derived state,constructed from frames no later than issue frame t,eligible; variance filtering and quotas fit on training movies only
513,obs_polarity_m24_prev_centroid_self_proj,observation_state,observation quality and tracking-derived state,constructed from frames no later than issue frame t,eligible; variance filtering and quotas fit on training movies only
514,obs_polarity_m24_prev_centroid_self_tangent,observation_state,observation quality and tracking-derived state,constructed from frames no later than issue frame t,eligible; variance filtering and quotas fit on training movies only
515,obs_polarity_m24_prev_centroid_norm,observation_state,observation quality and tracking-derived state,constructed from frames no later than issue frame t,eligible; variance filtering and quotas fit on training movies only
516,obs_polarity_m24_prev_elong_self_abs,observation_state,observation quality and tracking-derived state,constructed from frames no later than issue frame t,eligible; variance filtering and quotas fit on training movies only
517,obs_polarity_m24_prev_elong_tangent_abs,observation_state,observation quality and tracking-derived state,constructed from frames no later than issue frame t,eligible; variance filtering and quotas fit on training movies only
518,obs_polarity_m24_delta_orient_self_proj,observation_state,observation quality and tracking-derived state,constructed from frames no later than issue frame t,eligible; variance filtering and quotas fit on training movies only
519,obs_polarity_m24_delta_orient_self_tangent,observation_state,observation quality and tracking-derived state,constructed from frames no later than issue frame t,eligible; variance filtering and quotas fit on training movies only
520,obs_polarity_m24_delta_centroid_self_proj,observation_state,observation quality and tracking-derived state,constructed from frames no later than issue frame t,eligible; variance filtering and quotas fit on training movies only
521,obs_polarity_m24_delta_centroid_self_tangent,observation_state,observation quality and tracking-derived state,constructed from frames no later than issue frame t,eligible; variance filtering and quotas fit on training movies only
522,obs_polarity_m24_delta_centroid_norm,observation_state,observation quality and tracking-derived state,constructed from frames no later than issue frame t,eligible; variance filtering and quotas fit on training movies only
523,obs_polarity_m24_delta_elong_self_abs,observation_state,observation quality and tracking-derived state,constructed from frames no later than issue frame t,eligible; variance filtering and quotas fit on training movies only
524,obs_polarity_m24_delta_elong_tangent_abs,observation_state,observation quality and tracking-derived state,constructed from frames no later than issue frame t,eligible; variance filtering and quotas fit on training movies only
525,obs_polarity_m40_cur_orient_self_proj,observation_state,observation quality and tracking-derived state,constructed from frames no later than issue frame t,eligible; variance filtering and quotas fit on training movies only
526,obs_polarity_m40_cur_orient_self_tangent,observation_state,observation quality and tracking-derived state,constructed from frames no later than issue frame t,eligible; variance filtering and quotas fit on training movies only
527,obs_polarity_m40_cur_centroid_self_proj,observation_state,observation quality and tracking-derived state,constructed from frames no later than issue frame t,eligible; variance filtering and quotas fit on training movies only
528,obs_polarity_m40_cur_centroid_self_tangent,observation_state,observation quality and tracking-derived state,constructed from frames no later than issue frame t,eligible; variance filtering and quotas fit on training movies only
529,obs_polarity_m40_cur_centroid_norm,observation_state,observation quality and tracking-derived state,constructed from frames no later than issue frame t,eligible; variance filtering and quotas fit on training movies only
530,obs_polarity_m40_cur_elong_self_abs,observation_state,observation quality and tracking-derived state,constructed from frames no later than issue frame t,eligible; variance filtering and quotas fit on training movies only
531,obs_polarity_m40_cur_elong_tangent_abs,observation_state,observation quality and tracking-derived state,constructed from frames no later than issue frame t,eligible; variance filtering and quotas fit on training movies only
532,obs_polarity_m40_prev_orient_self_proj,observation_state,observation quality and tracking-derived state,constructed from frames no later than issue frame t,eligible; variance filtering and quotas fit on training movies only
533,obs_polarity_m40_prev_orient_self_tangent,observation_state,observation quality and tracking-derived state,constructed from frames no later than issue frame t,eligible; variance filtering and quotas fit on training movies only
534,obs_polarity_m40_prev_centroid_self_proj,observation_state,observation quality and tracking-derived state,constructed from frames no later than issue frame t,eligible; variance filtering and quotas fit on training movies only
535,obs_polarity_m40_prev_centroid_self_tangent,observation_state,observation quality and tracking-derived state,constructed from frames no later than issue frame t,eligible; variance filtering and quotas fit on training movies only
536,obs_polarity_m40_prev_centroid_norm,observation_state,observation quality and tracking-derived state,constructed from frames no later than issue frame t,eligible; variance filtering and quotas fit on training movies only
537,obs_polarity_m40_prev_elong_self_abs,observation_state,observation quality and tracking-derived state,constructed from frames no later than issue frame t,eligible; variance filtering and quotas fit on training movies only
538,obs_polarity_m40_prev_elong_tangent_abs,observation_state,observation quality and tracking-derived state,constructed from frames no later than issue frame t,eligible; variance filtering and quotas fit on training movies only
539,obs_polarity_m40_delta_orient_self_proj,observation_state,observation quality and tracking-derived state,constructed from frames no later than issue frame t,eligible; variance filtering and quotas fit on training movies only
540,obs_polarity_m40_delta_orient_self_tangent,observation_state,observation quality and tracking-derived state,constructed from frames no later than issue frame t,eligible; variance filtering and quotas fit on training movies only
541,obs_polarity_m40_delta_centroid_self_proj,observation_state,observation quality and tracking-derived state,constructed from frames no later than issue frame t,eligible; variance filtering and quotas fit on training movies only
542,obs_polarity_m40_delta_centroid_self_tangent,observation_state,observation quality and tracking-derived state,constructed from frames no later than issue frame t,eligible; variance filtering and quotas fit on training movies only
543,obs_polarity_m40_delta_centroid_norm,observation_state,observation quality and tracking-derived state,constructed from frames no later than issue frame t,eligible; variance filtering and quotas fit on training movies only
544,obs_polarity_m40_delta_elong_self_abs,observation_state,observation quality and tracking-derived state,constructed from frames no later than issue frame t,eligible; variance filtering and quotas fit on training movies only
545,obs_polarity_m40_delta_elong_tangent_abs,observation_state,observation quality and tracking-derived state,constructed from frames no later than issue frame t,eligible; variance filtering and quotas fit on training movies only
546,obs_shape_flow_m8_f64_orient_flow_proj,observation_state,observation quality and tracking-derived state,constructed from frames no later than issue frame t,eligible; variance filtering and quotas fit on training movies only
547,obs_shape_flow_m8_f64_orient_flow_tangent,observation_state,observation quality and tracking-derived state,constructed from frames no later than issue frame t,eligible; variance filtering and quotas fit on training movies only
548,obs_shape_flow_m8_f64_centroid_flow_proj,observation_state,observation quality and tracking-derived state,constructed from frames no later than issue frame t,eligible; variance filtering and quotas fit on training movies only
549,obs_shape_flow_m8_f64_centroid_flow_tangent,observation_state,observation quality and tracking-derived state,constructed from frames no later than issue frame t,eligible; variance filtering and quotas fit on training movies only
550,obs_shape_flow_m8_f64_elong_flow_abs,observation_state,observation quality and tracking-derived state,constructed from frames no later than issue frame t,eligible; variance filtering and quotas fit on training movies only
551,obs_shape_flow_m8_f64_elong_flow_tangent_abs,observation_state,observation quality and tracking-derived state,constructed from frames no later than issue frame t,eligible; variance filtering and quotas fit on training movies only
552,obs_shape_flow_m8_f128_orient_flow_proj,observation_state,observation quality and tracking-derived state,constructed from frames no later than issue frame t,eligible; variance filtering and quotas fit on training movies only
553,obs_shape_flow_m8_f128_orient_flow_tangent,observation_state,observation quality and tracking-derived state,constructed from frames no later than issue frame t,eligible; variance filtering and quotas fit on training movies only
554,obs_shape_flow_m8_f128_centroid_flow_proj,observation_state,observation quality and tracking-derived state,constructed from frames no later than issue frame t,eligible; variance filtering and quotas fit on training movies only
555,obs_shape_flow_m8_f128_centroid_flow_tangent,observation_state,observation quality and tracking-derived state,constructed from frames no later than issue frame t,eligible; variance filtering and quotas fit on training movies only
556,obs_shape_flow_m8_f128_elong_flow_abs,observation_state,observation quality and tracking-derived state,constructed from frames no later than issue frame t,eligible; variance filtering and quotas fit on training movies only
557,obs_shape_flow_m8_f128_elong_flow_tangent_abs,observation_state,observation quality and tracking-derived state,constructed from frames no later than issue frame t,eligible; variance filtering and quotas fit on training movies only
558,obs_shape_flow_m8_f256_orient_flow_proj,observation_state,observation quality and tracking-derived state,constructed from frames no later than issue frame t,eligible; variance filtering and quotas fit on training movies only
559,obs_shape_flow_m8_f256_orient_flow_tangent,observation_state,observation quality and tracking-derived state,constructed from frames no later than issue frame t,eligible; variance filtering and quotas fit on training movies only
560,obs_shape_flow_m8_f256_centroid_flow_proj,observation_state,observation quality and tracking-derived state,constructed from frames no later than issue frame t,eligible; variance filtering and quotas fit on training movies only
561,obs_shape_flow_m8_f256_centroid_flow_tangent,observation_state,observation quality and tracking-derived state,constructed from frames no later than issue frame t,eligible; variance filtering and quotas fit on training movies only
562,obs_shape_flow_m8_f256_elong_flow_abs,observation_state,observation quality and tracking-derived state,constructed from frames no later than issue frame t,eligible; variance filtering and quotas fit on training movies only
563,obs_shape_flow_m8_f256_elong_flow_tangent_abs,observation_state,observation quality and tracking-derived state,constructed from frames no later than issue frame t,eligible; variance filtering and quotas fit on training movies only
564,obs_shape_flow_m16_f64_orient_flow_proj,observation_state,observation quality and tracking-derived state,constructed from frames no later than issue frame t,eligible; variance filtering and quotas fit on training movies only
565,obs_shape_flow_m16_f64_orient_flow_tangent,observation_state,observation quality and tracking-derived state,constructed from frames no later than issue frame t,eligible; variance filtering and quotas fit on training movies only
566,obs_shape_flow_m16_f64_centroid_flow_proj,observation_state,observation quality and tracking-derived state,constructed from frames no later than issue frame t,eligible; variance filtering and quotas fit on training movies only
567,obs_shape_flow_m16_f64_centroid_flow_tangent,observation_state,observation quality and tracking-derived state,constructed from frames no later than issue frame t,eligible; variance filtering and quotas fit on training movies only
568,obs_shape_flow_m16_f64_elong_flow_abs,observation_state,observation quality and tracking-derived state,constructed from frames no later than issue frame t,eligible; variance filtering and quotas fit on training movies only
569,obs_shape_flow_m16_f64_elong_flow_tangent_abs,observation_state,observation quality and tracking-derived state,constructed from frames no later than issue frame t,eligible; variance filtering and quotas fit on training movies only
570,obs_shape_flow_m16_f128_orient_flow_proj,observation_state,observation quality and tracking-derived state,constructed from frames no later than issue frame t,eligible; variance filtering and quotas fit on training movies only
571,obs_shape_flow_m16_f128_orient_flow_tangent,observation_state,observation quality and tracking-derived state,constructed from frames no later than issue frame t,eligible; variance filtering and quotas fit on training movies only
572,obs_shape_flow_m16_f128_centroid_flow_proj,observation_state,observation quality and tracking-derived state,constructed from frames no later than issue frame t,eligible; variance filtering and quotas fit on training movies only
573,obs_shape_flow_m16_f128_centroid_flow_tangent,observation_state,observation quality and tracking-derived state,constructed from frames no later than issue frame t,eligible; variance filtering and quotas fit on training movies only
574,obs_shape_flow_m16_f128_elong_flow_abs,observation_state,observation quality and tracking-derived state,constructed from frames no later than issue frame t,eligible; variance filtering and quotas fit on training movies only
575,obs_shape_flow_m16_f128_elong_flow_tangent_abs,observation_state,observation quality and tracking-derived state,constructed from frames no later than issue frame t,eligible; variance filtering and quotas fit on training movies only
576,obs_shape_flow_m16_f256_orient_flow_proj,observation_state,observation quality and tracking-derived state,constructed from frames no later than issue frame t,eligible; variance filtering and quotas fit on training movies only
577,obs_shape_flow_m16_f256_orient_flow_tangent,observation_state,observation quality and tracking-derived state,constructed from frames no later than issue frame t,eligible; variance filtering and quotas fit on training movies only
578,obs_shape_flow_m16_f256_centroid_flow_proj,observation_state,observation quality and tracking-derived state,constructed from frames no later than issue frame t,eligible; variance filtering and quotas fit on training movies only
579,obs_shape_flow_m16_f256_centroid_flow_tangent,observation_state,observation quality and tracking-derived state,constructed from frames no later than issue frame t,eligible; variance filtering and quotas fit on training movies only
580,obs_shape_flow_m16_f256_elong_flow_abs,observation_state,observation quality and tracking-derived state,constructed from frames no later than issue frame t,eligible; variance filtering and quotas fit on training movies only
581,obs_shape_flow_m16_f256_elong_flow_tangent_abs,observation_state,observation quality and tracking-derived state,constructed from frames no later than issue frame t,eligible; variance filtering and quotas fit on training movies only
582,obs_shape_flow_m24_f64_orient_flow_proj,observation_state,observation quality and tracking-derived state,constructed from frames no later than issue frame t,eligible; variance filtering and quotas fit on training movies only
583,obs_shape_flow_m24_f64_orient_flow_tangent,observation_state,observation quality and tracking-derived state,constructed from frames no later than issue frame t,eligible; variance filtering and quotas fit on training movies only
584,obs_shape_flow_m24_f64_centroid_flow_proj,observation_state,observation quality and tracking-derived state,constructed from frames no later than issue frame t,eligible; variance filtering and quotas fit on training movies only
585,obs_shape_flow_m24_f64_centroid_flow_tangent,observation_state,observation quality and tracking-derived state,constructed from frames no later than issue frame t,eligible; variance filtering and quotas fit on training movies only
586,obs_shape_flow_m24_f64_elong_flow_abs,observation_state,observation quality and tracking-derived state,constructed from frames no later than issue frame t,eligible; variance filtering and quotas fit on training movies only
587,obs_shape_flow_m24_f64_elong_flow_tangent_abs,observation_state,observation quality and tracking-derived state,constructed from frames no later than issue frame t,eligible; variance filtering and quotas fit on training movies only
588,obs_shape_flow_m24_f128_orient_flow_proj,observation_state,observation quality and tracking-derived state,constructed from frames no later than issue frame t,eligible; variance filtering and quotas fit on training movies only
589,obs_shape_flow_m24_f128_orient_flow_tangent,observation_state,observation quality and tracking-derived state,constructed from frames no later than issue frame t,eligible; variance filtering and quotas fit on training movies only
590,obs_shape_flow_m24_f128_centroid_flow_proj,observation_state,observation quality and tracking-derived state,constructed from frames no later than issue frame t,eligible; variance filtering and quotas fit on training movies only
591,obs_shape_flow_m24_f128_centroid_flow_tangent,observation_state,observation quality and tracking-derived state,constructed from frames no later than issue frame t,eligible; variance filtering and quotas fit on training movies only
592,obs_shape_flow_m24_f128_elong_flow_abs,observation_state,observation quality and tracking-derived state,constructed from frames no later than issue frame t,eligible; variance filtering and quotas fit on training movies only
593,obs_shape_flow_m24_f128_elong_flow_tangent_abs,observation_state,observation quality and tracking-derived state,constructed from frames no later than issue frame t,eligible; variance filtering and quotas fit on training movies only
594,obs_shape_flow_m24_f256_orient_flow_proj,observation_state,observation quality and tracking-derived state,constructed from frames no later than issue frame t,eligible; variance filtering and quotas fit on training movies only
595,obs_shape_flow_m24_f256_orient_flow_tangent,observation_state,observation quality and tracking-derived state,constructed from frames no later than issue frame t,eligible; variance filtering and quotas fit on training movies only
596,obs_shape_flow_m24_f256_centroid_flow_proj,observation_state,observation quality and tracking-derived state,constructed from frames no later than issue frame t,eligible; variance filtering and quotas fit on training movies only
597,obs_shape_flow_m24_f256_centroid_flow_tangent,observation_state,observation quality and tracking-derived state,constructed from frames no later than issue frame t,eligible; variance filtering and quotas fit on training movies only
598,obs_shape_flow_m24_f256_elong_flow_abs,observation_state,observation quality and tracking-derived state,constructed from frames no later than issue frame t,eligible; variance filtering and quotas fit on training movies only
599,obs_shape_flow_m24_f256_elong_flow_tangent_abs,observation_state,observation quality and tracking-derived state,constructed from frames no later than issue frame t,eligible; variance filtering and quotas fit on training movies only
600,obs_shape_flow_m40_f64_orient_flow_proj,observation_state,observation quality and tracking-derived state,constructed from frames no later than issue frame t,eligible; variance filtering and quotas fit on training movies only
601,obs_shape_flow_m40_f64_orient_flow_tangent,observation_state,observation quality and tracking-derived state,constructed from frames no later than issue frame t,eligible; variance filtering and quotas fit on training movies only
602,obs_shape_flow_m40_f64_centroid_flow_proj,observation_state,observation quality and tracking-derived state,constructed from frames no later than issue frame t,eligible; variance filtering and quotas fit on training movies only
603,obs_shape_flow_m40_f64_centroid_flow_tangent,observation_state,observation quality and tracking-derived state,constructed from frames no later than issue frame t,eligible; variance filtering and quotas fit on training movies only
604,obs_shape_flow_m40_f64_elong_flow_abs,observation_state,observation quality and tracking-derived state,constructed from frames no later than issue frame t,eligible; variance filtering and quotas fit on training movies only
605,obs_shape_flow_m40_f64_elong_flow_tangent_abs,observation_state,observation quality and tracking-derived state,constructed from frames no later than issue frame t,eligible; variance filtering and quotas fit on training movies only
606,obs_shape_flow_m40_f128_orient_flow_proj,observation_state,observation quality and tracking-derived state,constructed from frames no later than issue frame t,eligible; variance filtering and quotas fit on training movies only
607,obs_shape_flow_m40_f128_orient_flow_tangent,observation_state,observation quality and tracking-derived state,constructed from frames no later than issue frame t,eligible; variance filtering and quotas fit on training movies only
608,obs_shape_flow_m40_f128_centroid_flow_proj,observation_state,observation quality and tracking-derived state,constructed from frames no later than issue frame t,eligible; variance filtering and quotas fit on training movies only
609,obs_shape_flow_m40_f128_centroid_flow_tangent,observation_state,observation quality and tracking-derived state,constructed from frames no later than issue frame t,eligible; variance filtering and quotas fit on training movies only
610,obs_shape_flow_m40_f128_elong_flow_abs,observation_state,observation quality and tracking-derived state,constructed from frames no later than issue frame t,eligible; variance filtering and quotas fit on training movies only
611,obs_shape_flow_m40_f128_elong_flow_tangent_abs,observation_state,observation quality and tracking-derived state,constructed from frames no later than issue frame t,eligible; variance filtering and quotas fit on training movies only
612,obs_shape_flow_m40_f256_orient_flow_proj,observation_state,observation quality and tracking-derived state,constructed from frames no later than issue frame t,eligible; variance filtering and quotas fit on training movies only
613,obs_shape_flow_m40_f256_orient_flow_tangent,observation_state,observation quality and tracking-derived state,constructed from frames no later than issue frame t,eligible; variance filtering and quotas fit on training movies only
614,obs_shape_flow_m40_f256_centroid_flow_proj,observation_state,observation quality and tracking-derived state,constructed from frames no later than issue frame t,eligible; variance filtering and quotas fit on training movies only
615,obs_shape_flow_m40_f256_centroid_flow_tangent,observation_state,observation quality and tracking-derived state,constructed from frames no later than issue frame t,eligible; variance filtering and quotas fit on training movies only
616,obs_shape_flow_m40_f256_elong_flow_abs,observation_state,observation quality and tracking-derived state,constructed from frames no later than issue frame t,eligible; variance filtering and quotas fit on training movies only
617,obs_shape_flow_m40_f256_elong_flow_tangent_abs,observation_state,observation quality and tracking-derived state,constructed from frames no later than issue frame t,eligible; variance filtering and quotas fit on training movies only
618,rc_self_speed,raw_multicell_context,non-centred central and neighbour context,constructed from frames no later than issue frame t,eligible; variance filtering and quotas fit on training movies only
619,rc_c_r24_mean,raw_multicell_context,non-centred central and neighbour context,constructed from frames no later than issue frame t,eligible; variance filtering and quotas fit on training movies only
620,rc_c_r24_std,raw_multicell_context,non-centred central and neighbour context,constructed from frames no later than issue frame t,eligible; variance filtering and quotas fit on training movies only
621,rc_c_r24_p10,raw_multicell_context,non-centred central and neighbour context,constructed from frames no later than issue frame t,eligible; variance filtering and quotas fit on training movies only
622,rc_c_r24_p50,raw_multicell_context,non-centred central and neighbour context,constructed from frames no later than issue frame t,eligible; variance filtering and quotas fit on training movies only
623,rc_c_r24_p90,raw_multicell_context,non-centred central and neighbour context,constructed from frames no later than issue frame t,eligible; variance filtering and quotas fit on training movies only
624,rc_c_r24_grad_mean,raw_multicell_context,non-centred central and neighbour context,constructed from frames no later than issue frame t,eligible; variance filtering and quotas fit on training movies only
625,rc_c_r24_grad_p90,raw_multicell_context,non-centred central and neighbour context,constructed from frames no later than issue frame t,eligible; variance filtering and quotas fit on training movies only
626,rc_c_r24_fg_frac,raw_multicell_context,non-centred central and neighbour context,constructed from frames no later than issue frame t,eligible; variance filtering and quotas fit on training movies only
627,rc_c_r24_centroid_dx,raw_multicell_context,non-centred central and neighbour context,constructed from frames no later than issue frame t,eligible; variance filtering and quotas fit on training movies only
628,rc_c_r24_centroid_dy,raw_multicell_context,non-centred central and neighbour context,constructed from frames no later than issue frame t,eligible; variance filtering and quotas fit on training movies only
629,rc_c_r24_elongation,raw_multicell_context,non-centred central and neighbour context,constructed from frames no later than issue frame t,eligible; variance filtering and quotas fit on training movies only
630,rc_c_r24_orient_cos,raw_multicell_context,non-centred central and neighbour context,constructed from frames no later than issue frame t,eligible; variance filtering and quotas fit on training movies only
631,rc_c_r24_orient_sin,raw_multicell_context,non-centred central and neighbour context,constructed from frames no later than issue frame t,eligible; variance filtering and quotas fit on training movies only
632,rc_c_r24_struct_energy,raw_multicell_context,non-centred central and neighbour context,constructed from frames no later than issue frame t,eligible; variance filtering and quotas fit on training movies only
633,rc_c_r24_struct_coherence,raw_multicell_context,non-centred central and neighbour context,constructed from frames no later than issue frame t,eligible; variance filtering and quotas fit on training movies only
634,rc_c_r24_struct_orient_cos,raw_multicell_context,non-centred central and neighbour context,constructed from frames no later than issue frame t,eligible; variance filtering and quotas fit on training movies only
635,rc_c_r24_struct_orient_sin,raw_multicell_context,non-centred central and neighbour context,constructed from frames no later than issue frame t,eligible; variance filtering and quotas fit on training movies only
636,rc_c_r24_struct_anisotropy,raw_multicell_context,non-centred central and neighbour context,constructed from frames no later than issue frame t,eligible; variance filtering and quotas fit on training movies only
637,rc_nc_r24_front_mean,raw_multicell_context,non-centred central and neighbour context,constructed from frames no later than issue frame t,eligible; variance filtering and quotas fit on training movies only
638,rc_nc_r24_front_std,raw_multicell_context,non-centred central and neighbour context,constructed from frames no later than issue frame t,eligible; variance filtering and quotas fit on training movies only
639,rc_nc_r24_front_p10,raw_multicell_context,non-centred central and neighbour context,constructed from frames no later than issue frame t,eligible; variance filtering and quotas fit on training movies only
640,rc_nc_r24_front_p50,raw_multicell_context,non-centred central and neighbour context,constructed from frames no later than issue frame t,eligible; variance filtering and quotas fit on training movies only
641,rc_nc_r24_front_p90,raw_multicell_context,non-centred central and neighbour context,constructed from frames no later than issue frame t,eligible; variance filtering and quotas fit on training movies only
642,rc_nc_r24_front_grad_mean,raw_multicell_context,non-centred central and neighbour context,constructed from frames no later than issue frame t,eligible; variance filtering and quotas fit on training movies only
643,rc_nc_r24_front_grad_p90,raw_multicell_context,non-centred central and neighbour context,constructed from frames no later than issue frame t,eligible; variance filtering and quotas fit on training movies only
644,rc_nc_r24_front_fg_frac,raw_multicell_context,non-centred central and neighbour context,constructed from frames no later than issue frame t,eligible; variance filtering and quotas fit on training movies only
645,rc_nc_r24_front_centroid_dx,raw_multicell_context,non-centred central and neighbour context,constructed from frames no later than issue frame t,eligible; variance filtering and quotas fit on training movies only
646,rc_nc_r24_front_centroid_dy,raw_multicell_context,non-centred central and neighbour context,constructed from frames no later than issue frame t,eligible; variance filtering and quotas fit on training movies only
647,rc_nc_r24_front_elongation,raw_multicell_context,non-centred central and neighbour context,constructed from frames no later than issue frame t,eligible; variance filtering and quotas fit on training movies only
648,rc_nc_r24_front_orient_cos,raw_multicell_context,non-centred central and neighbour context,constructed from frames no later than issue frame t,eligible; variance filtering and quotas fit on training movies only
649,rc_nc_r24_front_orient_sin,raw_multicell_context,non-centred central and neighbour context,constructed from frames no later than issue frame t,eligible; variance filtering and quotas fit on training movies only
650,rc_nc_r24_front_struct_energy,raw_multicell_context,non-centred central and neighbour context,constructed from frames no later than issue frame t,eligible; variance filtering and quotas fit on training movies only
651,rc_nc_r24_front_struct_coherence,raw_multicell_context,non-centred central and neighbour context,constructed from frames no later than issue frame t,eligible; variance filtering and quotas fit on training movies only
652,rc_nc_r24_front_struct_orient_cos,raw_multicell_context,non-centred central and neighbour context,constructed from frames no later than issue frame t,eligible; variance filtering and quotas fit on training movies only
653,rc_nc_r24_front_struct_orient_sin,raw_multicell_context,non-centred central and neighbour context,constructed from frames no later than issue frame t,eligible; variance filtering and quotas fit on training movies only
654,rc_nc_r24_front_struct_anisotropy,raw_multicell_context,non-centred central and neighbour context,constructed from frames no later than issue frame t,eligible; variance filtering and quotas fit on training movies only
655,rc_nc_r24_back_mean,raw_multicell_context,non-centred central and neighbour context,constructed from frames no later than issue frame t,eligible; variance filtering and quotas fit on training movies only
656,rc_nc_r24_back_std,raw_multicell_context,non-centred central and neighbour context,constructed from frames no later than issue frame t,eligible; variance filtering and quotas fit on training movies only
657,rc_nc_r24_back_p10,raw_multicell_context,non-centred central and neighbour context,constructed from frames no later than issue frame t,eligible; variance filtering and quotas fit on training movies only
658,rc_nc_r24_back_p50,raw_multicell_context,non-centred central and neighbour context,constructed from frames no later than issue frame t,eligible; variance filtering and quotas fit on training movies only
659,rc_nc_r24_back_p90,raw_multicell_context,non-centred central and neighbour context,constructed from frames no later than issue frame t,eligible; variance filtering and quotas fit on training movies only
660,rc_nc_r24_back_grad_mean,raw_multicell_context,non-centred central and neighbour context,constructed from frames no later than issue frame t,eligible; variance filtering and quotas fit on training movies only
661,rc_nc_r24_back_grad_p90,raw_multicell_context,non-centred central and neighbour context,constructed from frames no later than issue frame t,eligible; variance filtering and quotas fit on training movies only
662,rc_nc_r24_back_fg_frac,raw_multicell_context,non-centred central and neighbour context,constructed from frames no later than issue frame t,eligible; variance filtering and quotas fit on training movies only
663,rc_nc_r24_back_centroid_dx,raw_multicell_context,non-centred central and neighbour context,constructed from frames no later than issue frame t,eligible; variance filtering and quotas fit on training movies only
664,rc_nc_r24_back_centroid_dy,raw_multicell_context,non-centred central and neighbour context,constructed from frames no later than issue frame t,eligible; variance filtering and quotas fit on training movies only
665,rc_nc_r24_back_elongation,raw_multicell_context,non-centred central and neighbour context,constructed from frames no later than issue frame t,eligible; variance filtering and quotas fit on training movies only
666,rc_nc_r24_back_orient_cos,raw_multicell_context,non-centred central and neighbour context,constructed from frames no later than issue frame t,eligible; variance filtering and quotas fit on training movies only
667,rc_nc_r24_back_orient_sin,raw_multicell_context,non-centred central and neighbour context,constructed from frames no later than issue frame t,eligible; variance filtering and quotas fit on training movies only
668,rc_nc_r24_back_struct_energy,raw_multicell_context,non-centred central and neighbour context,constructed from frames no later than issue frame t,eligible; variance filtering and quotas fit on training movies only
669,rc_nc_r24_back_struct_coherence,raw_multicell_context,non-centred central and neighbour context,constructed from frames no later than issue frame t,eligible; variance filtering and quotas fit on training movies only
670,rc_nc_r24_back_struct_orient_cos,raw_multicell_context,non-centred central and neighbour context,constructed from frames no later than issue frame t,eligible; variance filtering and quotas fit on training movies only
671,rc_nc_r24_back_struct_orient_sin,raw_multicell_context,non-centred central and neighbour context,constructed from frames no later than issue frame t,eligible; variance filtering and quotas fit on training movies only
672,rc_nc_r24_back_struct_anisotropy,raw_multicell_context,non-centred central and neighbour context,constructed from frames no later than issue frame t,eligible; variance filtering and quotas fit on training movies only
673,rc_nc_r24_left_mean,raw_multicell_context,non-centred central and neighbour context,constructed from frames no later than issue frame t,eligible; variance filtering and quotas fit on training movies only
674,rc_nc_r24_left_std,raw_multicell_context,non-centred central and neighbour context,constructed from frames no later than issue frame t,eligible; variance filtering and quotas fit on training movies only
675,rc_nc_r24_left_p10,raw_multicell_context,non-centred central and neighbour context,constructed from frames no later than issue frame t,eligible; variance filtering and quotas fit on training movies only
676,rc_nc_r24_left_p50,raw_multicell_context,non-centred central and neighbour context,constructed from frames no later than issue frame t,eligible; variance filtering and quotas fit on training movies only
677,rc_nc_r24_left_p90,raw_multicell_context,non-centred central and neighbour context,constructed from frames no later than issue frame t,eligible; variance filtering and quotas fit on training movies only
678,rc_nc_r24_left_grad_mean,raw_multicell_context,non-centred central and neighbour context,constructed from frames no later than issue frame t,eligible; variance filtering and quotas fit on training movies only
679,rc_nc_r24_left_grad_p90,raw_multicell_context,non-centred central and neighbour context,constructed from frames no later than issue frame t,eligible; variance filtering and quotas fit on training movies only
680,rc_nc_r24_left_fg_frac,raw_multicell_context,non-centred central and neighbour context,constructed from frames no later than issue frame t,eligible; variance filtering and quotas fit on training movies only
681,rc_nc_r24_left_centroid_dx,raw_multicell_context,non-centred central and neighbour context,constructed from frames no later than issue frame t,eligible; variance filtering and quotas fit on training movies only
682,rc_nc_r24_left_centroid_dy,raw_multicell_context,non-centred central and neighbour context,constructed from frames no later than issue frame t,eligible; variance filtering and quotas fit on training movies only
683,rc_nc_r24_left_elongation,raw_multicell_context,non-centred central and neighbour context,constructed from frames no later than issue frame t,eligible; variance filtering and quotas fit on training movies only
684,rc_nc_r24_left_orient_cos,raw_multicell_context,non-centred central and neighbour context,constructed from frames no later than issue frame t,eligible; variance filtering and quotas fit on training movies only
685,rc_nc_r24_left_orient_sin,raw_multicell_context,non-centred central and neighbour context,constructed from frames no later than issue frame t,eligible; variance filtering and quotas fit on training movies only
686,rc_nc_r24_left_struct_energy,raw_multicell_context,non-centred central and neighbour context,constructed from frames no later than issue frame t,eligible; variance filtering and quotas fit on training movies only
687,rc_nc_r24_left_struct_coherence,raw_multicell_context,non-centred central and neighbour context,constructed from frames no later than issue frame t,eligible; variance filtering and quotas fit on training movies only
688,rc_nc_r24_left_struct_orient_cos,raw_multicell_context,non-centred central and neighbour context,constructed from frames no later than issue frame t,eligible; variance filtering and quotas fit on training movies only
689,rc_nc_r24_left_struct_orient_sin,raw_multicell_context,non-centred central and neighbour context,constructed from frames no later than issue frame t,eligible; variance filtering and quotas fit on training movies only
690,rc_nc_r24_left_struct_anisotropy,raw_multicell_context,non-centred central and neighbour context,constructed from frames no later than issue frame t,eligible; variance filtering and quotas fit on training movies only
691,rc_nc_r24_right_mean,raw_multicell_context,non-centred central and neighbour context,constructed from frames no later than issue frame t,eligible; variance filtering and quotas fit on training movies only
692,rc_nc_r24_right_std,raw_multicell_context,non-centred central and neighbour context,constructed from frames no later than issue frame t,eligible; variance filtering and quotas fit on training movies only
693,rc_nc_r24_right_p10,raw_multicell_context,non-centred central and neighbour context,constructed from frames no later than issue frame t,eligible; variance filtering and quotas fit on training movies only
694,rc_nc_r24_right_p50,raw_multicell_context,non-centred central and neighbour context,constructed from frames no later than issue frame t,eligible; variance filtering and quotas fit on training movies only
695,rc_nc_r24_right_p90,raw_multicell_context,non-centred central and neighbour context,constructed from frames no later than issue frame t,eligible; variance filtering and quotas fit on training movies only
696,rc_nc_r24_right_grad_mean,raw_multicell_context,non-centred central and neighbour context,constructed from frames no later than issue frame t,eligible; variance filtering and quotas fit on training movies only
697,rc_nc_r24_right_grad_p90,raw_multicell_context,non-centred central and neighbour context,constructed from frames no later than issue frame t,eligible; variance filtering and quotas fit on training movies only
698,rc_nc_r24_right_fg_frac,raw_multicell_context,non-centred central and neighbour context,constructed from frames no later than issue frame t,eligible; variance filtering and quotas fit on training movies only
699,rc_nc_r24_right_centroid_dx,raw_multicell_context,non-centred central and neighbour context,constructed from frames no later than issue frame t,eligible; variance filtering and quotas fit on training movies only
700,rc_nc_r24_right_centroid_dy,raw_multicell_context,non-centred central and neighbour context,constructed from frames no later than issue frame t,eligible; variance filtering and quotas fit on training movies only
701,rc_nc_r24_right_elongation,raw_multicell_context,non-centred central and neighbour context,constructed from frames no later than issue frame t,eligible; variance filtering and quotas fit on training movies only
702,rc_nc_r24_right_orient_cos,raw_multicell_context,non-centred central and neighbour context,constructed from frames no later than issue frame t,eligible; variance filtering and quotas fit on training movies only
703,rc_nc_r24_right_orient_sin,raw_multicell_context,non-centred central and neighbour context,constructed from frames no later than issue frame t,eligible; variance filtering and quotas fit on training movies only
704,rc_nc_r24_right_struct_energy,raw_multicell_context,non-centred central and neighbour context,constructed from frames no later than issue frame t,eligible; variance filtering and quotas fit on training movies only
705,rc_nc_r24_right_struct_coherence,raw_multicell_context,non-centred central and neighbour context,constructed from frames no later than issue frame t,eligible; variance filtering and quotas fit on training movies only
706,rc_nc_r24_right_struct_orient_cos,raw_multicell_context,non-centred central and neighbour context,constructed from frames no later than issue frame t,eligible; variance filtering and quotas fit on training movies only
707,rc_nc_r24_right_struct_orient_sin,raw_multicell_context,non-centred central and neighbour context,constructed from frames no later than issue frame t,eligible; variance filtering and quotas fit on training movies only
708,rc_nc_r24_right_struct_anisotropy,raw_multicell_context,non-centred central and neighbour context,constructed from frames no later than issue frame t,eligible; variance filtering and quotas fit on training movies only
709,rc_nc_r24_front_minus_back_mean,raw_multicell_context,non-centred central and neighbour context,constructed from frames no later than issue frame t,eligible; variance filtering and quotas fit on training movies only
710,rc_nc_r24_front_minus_back_std,raw_multicell_context,non-centred central and neighbour context,constructed from frames no later than issue frame t,eligible; variance filtering and quotas fit on training movies only
711,rc_nc_r24_front_minus_back_grad_mean,raw_multicell_context,non-centred central and neighbour context,constructed from frames no later than issue frame t,eligible; variance filtering and quotas fit on training movies only
712,rc_nc_r24_front_minus_back_fg_frac,raw_multicell_context,non-centred central and neighbour context,constructed from frames no later than issue frame t,eligible; variance filtering and quotas fit on training movies only
713,rc_nc_r24_front_minus_back_struct_energy,raw_multicell_context,non-centred central and neighbour context,constructed from frames no later than issue frame t,eligible; variance filtering and quotas fit on training movies only
714,rc_nc_r24_front_minus_back_struct_coherence,raw_multicell_context,non-centred central and neighbour context,constructed from frames no later than issue frame t,eligible; variance filtering and quotas fit on training movies only
715,rc_nc_r24_left_minus_right_mean,raw_multicell_context,non-centred central and neighbour context,constructed from frames no later than issue frame t,eligible; variance filtering and quotas fit on training movies only
716,rc_nc_r24_left_minus_right_std,raw_multicell_context,non-centred central and neighbour context,constructed from frames no later than issue frame t,eligible; variance filtering and quotas fit on training movies only
717,rc_nc_r24_left_minus_right_grad_mean,raw_multicell_context,non-centred central and neighbour context,constructed from frames no later than issue frame t,eligible; variance filtering and quotas fit on training movies only
718,rc_nc_r24_left_minus_right_fg_frac,raw_multicell_context,non-centred central and neighbour context,constructed from frames no later than issue frame t,eligible; variance filtering and quotas fit on training movies only
719,rc_nc_r24_left_minus_right_struct_energy,raw_multicell_context,non-centred central and neighbour context,constructed from frames no later than issue frame t,eligible; variance filtering and quotas fit on training movies only
720,rc_nc_r24_left_minus_right_struct_coherence,raw_multicell_context,non-centred central and neighbour context,constructed from frames no later than issue frame t,eligible; variance filtering and quotas fit on training movies only
721,rc_c_r56_mean,raw_multicell_context,non-centred central and neighbour context,constructed from frames no later than issue frame t,eligible; variance filtering and quotas fit on training movies only
722,rc_c_r56_std,raw_multicell_context,non-centred central and neighbour context,constructed from frames no later than issue frame t,eligible; variance filtering and quotas fit on training movies only
723,rc_c_r56_p10,raw_multicell_context,non-centred central and neighbour context,constructed from frames no later than issue frame t,eligible; variance filtering and quotas fit on training movies only
724,rc_c_r56_p50,raw_multicell_context,non-centred central and neighbour context,constructed from frames no later than issue frame t,eligible; variance filtering and quotas fit on training movies only
725,rc_c_r56_p90,raw_multicell_context,non-centred central and neighbour context,constructed from frames no later than issue frame t,eligible; variance filtering and quotas fit on training movies only
726,rc_c_r56_grad_mean,raw_multicell_context,non-centred central and neighbour context,constructed from frames no later than issue frame t,eligible; variance filtering and quotas fit on training movies only
727,rc_c_r56_grad_p90,raw_multicell_context,non-centred central and neighbour context,constructed from frames no later than issue frame t,eligible; variance filtering and quotas fit on training movies only
728,rc_c_r56_fg_frac,raw_multicell_context,non-centred central and neighbour context,constructed from frames no later than issue frame t,eligible; variance filtering and quotas fit on training movies only
729,rc_c_r56_centroid_dx,raw_multicell_context,non-centred central and neighbour context,constructed from frames no later than issue frame t,eligible; variance filtering and quotas fit on training movies only
730,rc_c_r56_centroid_dy,raw_multicell_context,non-centred central and neighbour context,constructed from frames no later than issue frame t,eligible; variance filtering and quotas fit on training movies only
731,rc_c_r56_elongation,raw_multicell_context,non-centred central and neighbour context,constructed from frames no later than issue frame t,eligible; variance filtering and quotas fit on training movies only
732,rc_c_r56_orient_cos,raw_multicell_context,non-centred central and neighbour context,constructed from frames no later than issue frame t,eligible; variance filtering and quotas fit on training movies only
733,rc_c_r56_orient_sin,raw_multicell_context,non-centred central and neighbour context,constructed from frames no later than issue frame t,eligible; variance filtering and quotas fit on training movies only
734,rc_c_r56_struct_energy,raw_multicell_context,non-centred central and neighbour context,constructed from frames no later than issue frame t,eligible; variance filtering and quotas fit on training movies only
735,rc_c_r56_struct_coherence,raw_multicell_context,non-centred central and neighbour context,constructed from frames no later than issue frame t,eligible; variance filtering and quotas fit on training movies only
736,rc_c_r56_struct_orient_cos,raw_multicell_context,non-centred central and neighbour context,constructed from frames no later than issue frame t,eligible; variance filtering and quotas fit on training movies only
737,rc_c_r56_struct_orient_sin,raw_multicell_context,non-centred central and neighbour context,constructed from frames no later than issue frame t,eligible; variance filtering and quotas fit on training movies only
738,rc_c_r56_struct_anisotropy,raw_multicell_context,non-centred central and neighbour context,constructed from frames no later than issue frame t,eligible; variance filtering and quotas fit on training movies only
739,rc_nc_r56_front_mean,raw_multicell_context,non-centred central and neighbour context,constructed from frames no later than issue frame t,eligible; variance filtering and quotas fit on training movies only
740,rc_nc_r56_front_std,raw_multicell_context,non-centred central and neighbour context,constructed from frames no later than issue frame t,eligible; variance filtering and quotas fit on training movies only
741,rc_nc_r56_front_p10,raw_multicell_context,non-centred central and neighbour context,constructed from frames no later than issue frame t,eligible; variance filtering and quotas fit on training movies only
742,rc_nc_r56_front_p50,raw_multicell_context,non-centred central and neighbour context,constructed from frames no later than issue frame t,eligible; variance filtering and quotas fit on training movies only
743,rc_nc_r56_front_p90,raw_multicell_context,non-centred central and neighbour context,constructed from frames no later than issue frame t,eligible; variance filtering and quotas fit on training movies only
744,rc_nc_r56_front_grad_mean,raw_multicell_context,non-centred central and neighbour context,constructed from frames no later than issue frame t,eligible; variance filtering and quotas fit on training movies only
745,rc_nc_r56_front_grad_p90,raw_multicell_context,non-centred central and neighbour context,constructed from frames no later than issue frame t,eligible; variance filtering and quotas fit on training movies only
746,rc_nc_r56_front_fg_frac,raw_multicell_context,non-centred central and neighbour context,constructed from frames no later than issue frame t,eligible; variance filtering and quotas fit on training movies only
747,rc_nc_r56_front_centroid_dx,raw_multicell_context,non-centred central and neighbour context,constructed from frames no later than issue frame t,eligible; variance filtering and quotas fit on training movies only
748,rc_nc_r56_front_centroid_dy,raw_multicell_context,non-centred central and neighbour context,constructed from frames no later than issue frame t,eligible; variance filtering and quotas fit on training movies only
749,rc_nc_r56_front_elongation,raw_multicell_context,non-centred central and neighbour context,constructed from frames no later than issue frame t,eligible; variance filtering and quotas fit on training movies only
750,rc_nc_r56_front_orient_cos,raw_multicell_context,non-centred central and neighbour context,constructed from frames no later than issue frame t,eligible; variance filtering and quotas fit on training movies only
751,rc_nc_r56_front_orient_sin,raw_multicell_context,non-centred central and neighbour context,constructed from frames no later than issue frame t,eligible; variance filtering and quotas fit on training movies only
752,rc_nc_r56_front_struct_energy,raw_multicell_context,non-centred central and neighbour context,constructed from frames no later than issue frame t,eligible; variance filtering and quotas fit on training movies only
753,rc_nc_r56_front_struct_coherence,raw_multicell_context,non-centred central and neighbour context,constructed from frames no later than issue frame t,eligible; variance filtering and quotas fit on training movies only
754,rc_nc_r56_front_struct_orient_cos,raw_multicell_context,non-centred central and neighbour context,constructed from frames no later than issue frame t,eligible; variance filtering and quotas fit on training movies only
755,rc_nc_r56_front_struct_orient_sin,raw_multicell_context,non-centred central and neighbour context,constructed from frames no later than issue frame t,eligible; variance filtering and quotas fit on training movies only
756,rc_nc_r56_front_struct_anisotropy,raw_multicell_context,non-centred central and neighbour context,constructed from frames no later than issue frame t,eligible; variance filtering and quotas fit on training movies only
757,rc_nc_r56_back_mean,raw_multicell_context,non-centred central and neighbour context,constructed from frames no later than issue frame t,eligible; variance filtering and quotas fit on training movies only
758,rc_nc_r56_back_std,raw_multicell_context,non-centred central and neighbour context,constructed from frames no later than issue frame t,eligible; variance filtering and quotas fit on training movies only
759,rc_nc_r56_back_p10,raw_multicell_context,non-centred central and neighbour context,constructed from frames no later than issue frame t,eligible; variance filtering and quotas fit on training movies only
760,rc_nc_r56_back_p50,raw_multicell_context,non-centred central and neighbour context,constructed from frames no later than issue frame t,eligible; variance filtering and quotas fit on training movies only
761,rc_nc_r56_back_p90,raw_multicell_context,non-centred central and neighbour context,constructed from frames no later than issue frame t,eligible; variance filtering and quotas fit on training movies only
762,rc_nc_r56_back_grad_mean,raw_multicell_context,non-centred central and neighbour context,constructed from frames no later than issue frame t,eligible; variance filtering and quotas fit on training movies only
763,rc_nc_r56_back_grad_p90,raw_multicell_context,non-centred central and neighbour context,constructed from frames no later than issue frame t,eligible; variance filtering and quotas fit on training movies only
764,rc_nc_r56_back_fg_frac,raw_multicell_context,non-centred central and neighbour context,constructed from frames no later than issue frame t,eligible; variance filtering and quotas fit on training movies only
765,rc_nc_r56_back_centroid_dx,raw_multicell_context,non-centred central and neighbour context,constructed from frames no later than issue frame t,eligible; variance filtering and quotas fit on training movies only
766,rc_nc_r56_back_centroid_dy,raw_multicell_context,non-centred central and neighbour context,constructed from frames no later than issue frame t,eligible; variance filtering and quotas fit on training movies only
767,rc_nc_r56_back_elongation,raw_multicell_context,non-centred central and neighbour context,constructed from frames no later than issue frame t,eligible; variance filtering and quotas fit on training movies only
768,rc_nc_r56_back_orient_cos,raw_multicell_context,non-centred central and neighbour context,constructed from frames no later than issue frame t,eligible; variance filtering and quotas fit on training movies only
769,rc_nc_r56_back_orient_sin,raw_multicell_context,non-centred central and neighbour context,constructed from frames no later than issue frame t,eligible; variance filtering and quotas fit on training movies only
770,rc_nc_r56_back_struct_energy,raw_multicell_context,non-centred central and neighbour context,constructed from frames no later than issue frame t,eligible; variance filtering and quotas fit on training movies only
771,rc_nc_r56_back_struct_coherence,raw_multicell_context,non-centred central and neighbour context,constructed from frames no later than issue frame t,eligible; variance filtering and quotas fit on training movies only
772,rc_nc_r56_back_struct_orient_cos,raw_multicell_context,non-centred central and neighbour context,constructed from frames no later than issue frame t,eligible; variance filtering and quotas fit on training movies only
773,rc_nc_r56_back_struct_orient_sin,raw_multicell_context,non-centred central and neighbour context,constructed from frames no later than issue frame t,eligible; variance filtering and quotas fit on training movies only
774,rc_nc_r56_back_struct_anisotropy,raw_multicell_context,non-centred central and neighbour context,constructed from frames no later than issue frame t,eligible; variance filtering and quotas fit on training movies only
775,rc_nc_r56_left_mean,raw_multicell_context,non-centred central and neighbour context,constructed from frames no later than issue frame t,eligible; variance filtering and quotas fit on training movies only
776,rc_nc_r56_left_std,raw_multicell_context,non-centred central and neighbour context,constructed from frames no later than issue frame t,eligible; variance filtering and quotas fit on training movies only
777,rc_nc_r56_left_p10,raw_multicell_context,non-centred central and neighbour context,constructed from frames no later than issue frame t,eligible; variance filtering and quotas fit on training movies only
778,rc_nc_r56_left_p50,raw_multicell_context,non-centred central and neighbour context,constructed from frames no later than issue frame t,eligible; variance filtering and quotas fit on training movies only
779,rc_nc_r56_left_p90,raw_multicell_context,non-centred central and neighbour context,constructed from frames no later than issue frame t,eligible; variance filtering and quotas fit on training movies only
780,rc_nc_r56_left_grad_mean,raw_multicell_context,non-centred central and neighbour context,constructed from frames no later than issue frame t,eligible; variance filtering and quotas fit on training movies only
781,rc_nc_r56_left_grad_p90,raw_multicell_context,non-centred central and neighbour context,constructed from frames no later than issue frame t,eligible; variance filtering and quotas fit on training movies only
782,rc_nc_r56_left_fg_frac,raw_multicell_context,non-centred central and neighbour context,constructed from frames no later than issue frame t,eligible; variance filtering and quotas fit on training movies only
783,rc_nc_r56_left_centroid_dx,raw_multicell_context,non-centred central and neighbour context,constructed from frames no later than issue frame t,eligible; variance filtering and quotas fit on training movies only
784,rc_nc_r56_left_centroid_dy,raw_multicell_context,non-centred central and neighbour context,constructed from frames no later than issue frame t,eligible; variance filtering and quotas fit on training movies only
785,rc_nc_r56_left_elongation,raw_multicell_context,non-centred central and neighbour context,constructed from frames no later than issue frame t,eligible; variance filtering and quotas fit on training movies only
786,rc_nc_r56_left_orient_cos,raw_multicell_context,non-centred central and neighbour context,constructed from frames no later than issue frame t,eligible; variance filtering and quotas fit on training movies only
787,rc_nc_r56_left_orient_sin,raw_multicell_context,non-centred central and neighbour context,constructed from frames no later than issue frame t,eligible; variance filtering and quotas fit on training movies only
788,rc_nc_r56_left_struct_energy,raw_multicell_context,non-centred central and neighbour context,constructed from frames no later than issue frame t,eligible; variance filtering and quotas fit on training movies only
789,rc_nc_r56_left_struct_coherence,raw_multicell_context,non-centred central and neighbour context,constructed from frames no later than issue frame t,eligible; variance filtering and quotas fit on training movies only
790,rc_nc_r56_left_struct_orient_cos,raw_multicell_context,non-centred central and neighbour context,constructed from frames no later than issue frame t,eligible; variance filtering and quotas fit on training movies only
791,rc_nc_r56_left_struct_orient_sin,raw_multicell_context,non-centred central and neighbour context,constructed from frames no later than issue frame t,eligible; variance filtering and quotas fit on training movies only
792,rc_nc_r56_left_struct_anisotropy,raw_multicell_context,non-centred central and neighbour context,constructed from frames no later than issue frame t,eligible; variance filtering and quotas fit on training movies only
793,rc_nc_r56_right_mean,raw_multicell_context,non-centred central and neighbour context,constructed from frames no later than issue frame t,eligible; variance filtering and quotas fit on training movies only
794,rc_nc_r56_right_std,raw_multicell_context,non-centred central and neighbour context,constructed from frames no later than issue frame t,eligible; variance filtering and quotas fit on training movies only
795,rc_nc_r56_right_p10,raw_multicell_context,non-centred central and neighbour context,constructed from frames no later than issue frame t,eligible; variance filtering and quotas fit on training movies only
796,rc_nc_r56_right_p50,raw_multicell_context,non-centred central and neighbour context,constructed from frames no later than issue frame t,eligible; variance filtering and quotas fit on training movies only
797,rc_nc_r56_right_p90,raw_multicell_context,non-centred central and neighbour context,constructed from frames no later than issue frame t,eligible; variance filtering and quotas fit on training movies only
798,rc_nc_r56_right_grad_mean,raw_multicell_context,non-centred central and neighbour context,constructed from frames no later than issue frame t,eligible; variance filtering and quotas fit on training movies only
799,rc_nc_r56_right_grad_p90,raw_multicell_context,non-centred central and neighbour context,constructed from frames no later than issue frame t,eligible; variance filtering and quotas fit on training movies only
800,rc_nc_r56_right_fg_frac,raw_multicell_context,non-centred central and neighbour context,constructed from frames no later than issue frame t,eligible; variance filtering and quotas fit on training movies only
801,rc_nc_r56_right_centroid_dx,raw_multicell_context,non-centred central and neighbour context,constructed from frames no later than issue frame t,eligible; variance filtering and quotas fit on training movies only
802,rc_nc_r56_right_centroid_dy,raw_multicell_context,non-centred central and neighbour context,constructed from frames no later than issue frame t,eligible; variance filtering and quotas fit on training movies only
803,rc_nc_r56_right_elongation,raw_multicell_context,non-centred central and neighbour context,constructed from frames no later than issue frame t,eligible; variance filtering and quotas fit on training movies only
804,rc_nc_r56_right_orient_cos,raw_multicell_context,non-centred central and neighbour context,constructed from frames no later than issue frame t,eligible; variance filtering and quotas fit on training movies only
805,rc_nc_r56_right_orient_sin,raw_multicell_context,non-centred central and neighbour context,constructed from frames no later than issue frame t,eligible; variance filtering and quotas fit on training movies only
806,rc_nc_r56_right_struct_energy,raw_multicell_context,non-centred central and neighbour context,constructed from frames no later than issue frame t,eligible; variance filtering and quotas fit on training movies only
807,rc_nc_r56_right_struct_coherence,raw_multicell_context,non-centred central and neighbour context,constructed from frames no later than issue frame t,eligible; variance filtering and quotas fit on training movies only
808,rc_nc_r56_right_struct_orient_cos,raw_multicell_context,non-centred central and neighbour context,constructed from frames no later than issue frame t,eligible; variance filtering and quotas fit on training movies only
809,rc_nc_r56_right_struct_orient_sin,raw_multicell_context,non-centred central and neighbour context,constructed from frames no later than issue frame t,eligible; variance filtering and quotas fit on training movies only
810,rc_nc_r56_right_struct_anisotropy,raw_multicell_context,non-centred central and neighbour context,constructed from frames no later than issue frame t,eligible; variance filtering and quotas fit on training movies only
811,rc_nc_r56_front_minus_back_mean,raw_multicell_context,non-centred central and neighbour context,constructed from frames no later than issue frame t,eligible; variance filtering and quotas fit on training movies only
812,rc_nc_r56_front_minus_back_std,raw_multicell_context,non-centred central and neighbour context,constructed from frames no later than issue frame t,eligible; variance filtering and quotas fit on training movies only
813,rc_nc_r56_front_minus_back_grad_mean,raw_multicell_context,non-centred central and neighbour context,constructed from frames no later than issue frame t,eligible; variance filtering and quotas fit on training movies only
814,rc_nc_r56_front_minus_back_fg_frac,raw_multicell_context,non-centred central and neighbour context,constructed from frames no later than issue frame t,eligible; variance filtering and quotas fit on training movies only
815,rc_nc_r56_front_minus_back_struct_energy,raw_multicell_context,non-centred central and neighbour context,constructed from frames no later than issue frame t,eligible; variance filtering and quotas fit on training movies only
816,rc_nc_r56_front_minus_back_struct_coherence,raw_multicell_context,non-centred central and neighbour context,constructed from frames no later than issue frame t,eligible; variance filtering and quotas fit on training movies only
817,rc_nc_r56_left_minus_right_mean,raw_multicell_context,non-centred central and neighbour context,constructed from frames no later than issue frame t,eligible; variance filtering and quotas fit on training movies only
818,rc_nc_r56_left_minus_right_std,raw_multicell_context,non-centred central and neighbour context,constructed from frames no later than issue frame t,eligible; variance filtering and quotas fit on training movies only
819,rc_nc_r56_left_minus_right_grad_mean,raw_multicell_context,non-centred central and neighbour context,constructed from frames no later than issue frame t,eligible; variance filtering and quotas fit on training movies only
820,rc_nc_r56_left_minus_right_fg_frac,raw_multicell_context,non-centred central and neighbour context,constructed from frames no later than issue frame t,eligible; variance filtering and quotas fit on training movies only
821,rc_nc_r56_left_minus_right_struct_energy,raw_multicell_context,non-centred central and neighbour context,constructed from frames no later than issue frame t,eligible; variance filtering and quotas fit on training movies only
822,rc_nc_r56_left_minus_right_struct_coherence,raw_multicell_context,non-centred central and neighbour context,constructed from frames no later than issue frame t,eligible; variance filtering and quotas fit on training movies only
823,rc_c_r96_mean,raw_multicell_context,non-centred central and neighbour context,constructed from frames no later than issue frame t,eligible; variance filtering and quotas fit on training movies only
824,rc_c_r96_std,raw_multicell_context,non-centred central and neighbour context,constructed from frames no later than issue frame t,eligible; variance filtering and quotas fit on training movies only
825,rc_c_r96_p10,raw_multicell_context,non-centred central and neighbour context,constructed from frames no later than issue frame t,eligible; variance filtering and quotas fit on training movies only
826,rc_c_r96_p50,raw_multicell_context,non-centred central and neighbour context,constructed from frames no later than issue frame t,eligible; variance filtering and quotas fit on training movies only
827,rc_c_r96_p90,raw_multicell_context,non-centred central and neighbour context,constructed from frames no later than issue frame t,eligible; variance filtering and quotas fit on training movies only
828,rc_c_r96_grad_mean,raw_multicell_context,non-centred central and neighbour context,constructed from frames no later than issue frame t,eligible; variance filtering and quotas fit on training movies only
829,rc_c_r96_grad_p90,raw_multicell_context,non-centred central and neighbour context,constructed from frames no later than issue frame t,eligible; variance filtering and quotas fit on training movies only
830,rc_c_r96_fg_frac,raw_multicell_context,non-centred central and neighbour context,constructed from frames no later than issue frame t,eligible; variance filtering and quotas fit on training movies only
831,rc_c_r96_centroid_dx,raw_multicell_context,non-centred central and neighbour context,constructed from frames no later than issue frame t,eligible; variance filtering and quotas fit on training movies only
832,rc_c_r96_centroid_dy,raw_multicell_context,non-centred central and neighbour context,constructed from frames no later than issue frame t,eligible; variance filtering and quotas fit on training movies only
833,rc_c_r96_elongation,raw_multicell_context,non-centred central and neighbour context,constructed from frames no later than issue frame t,eligible; variance filtering and quotas fit on training movies only
834,rc_c_r96_orient_cos,raw_multicell_context,non-centred central and neighbour context,constructed from frames no later than issue frame t,eligible; variance filtering and quotas fit on training movies only
835,rc_c_r96_orient_sin,raw_multicell_context,non-centred central and neighbour context,constructed from frames no later than issue frame t,eligible; variance filtering and quotas fit on training movies only
836,rc_c_r96_struct_energy,raw_multicell_context,non-centred central and neighbour context,constructed from frames no later than issue frame t,eligible; variance filtering and quotas fit on training movies only
837,rc_c_r96_struct_coherence,raw_multicell_context,non-centred central and neighbour context,constructed from frames no later than issue frame t,eligible; variance filtering and quotas fit on training movies only
838,rc_c_r96_struct_orient_cos,raw_multicell_context,non-centred central and neighbour context,constructed from frames no later than issue frame t,eligible; variance filtering and quotas fit on training movies only
839,rc_c_r96_struct_orient_sin,raw_multicell_context,non-centred central and neighbour context,constructed from frames no later than issue frame t,eligible; variance filtering and quotas fit on training movies only
840,rc_c_r96_struct_anisotropy,raw_multicell_context,non-centred central and neighbour context,constructed from frames no later than issue frame t,eligible; variance filtering and quotas fit on training movies only
841,rc_nc_r96_front_mean,raw_multicell_context,non-centred central and neighbour context,constructed from frames no later than issue frame t,eligible; variance filtering and quotas fit on training movies only
842,rc_nc_r96_front_std,raw_multicell_context,non-centred central and neighbour context,constructed from frames no later than issue frame t,eligible; variance filtering and quotas fit on training movies only
843,rc_nc_r96_front_p10,raw_multicell_context,non-centred central and neighbour context,constructed from frames no later than issue frame t,eligible; variance filtering and quotas fit on training movies only
844,rc_nc_r96_front_p50,raw_multicell_context,non-centred central and neighbour context,constructed from frames no later than issue frame t,eligible; variance filtering and quotas fit on training movies only
845,rc_nc_r96_front_p90,raw_multicell_context,non-centred central and neighbour context,constructed from frames no later than issue frame t,eligible; variance filtering and quotas fit on training movies only
846,rc_nc_r96_front_grad_mean,raw_multicell_context,non-centred central and neighbour context,constructed from frames no later than issue frame t,eligible; variance filtering and quotas fit on training movies only
847,rc_nc_r96_front_grad_p90,raw_multicell_context,non-centred central and neighbour context,constructed from frames no later than issue frame t,eligible; variance filtering and quotas fit on training movies only
848,rc_nc_r96_front_fg_frac,raw_multicell_context,non-centred central and neighbour context,constructed from frames no later than issue frame t,eligible; variance filtering and quotas fit on training movies only
849,rc_nc_r96_front_centroid_dx,raw_multicell_context,non-centred central and neighbour context,constructed from frames no later than issue frame t,eligible; variance filtering and quotas fit on training movies only
850,rc_nc_r96_front_centroid_dy,raw_multicell_context,non-centred central and neighbour context,constructed from frames no later than issue frame t,eligible; variance filtering and quotas fit on training movies only
851,rc_nc_r96_front_elongation,raw_multicell_context,non-centred central and neighbour context,constructed from frames no later than issue frame t,eligible; variance filtering and quotas fit on training movies only
852,rc_nc_r96_front_orient_cos,raw_multicell_context,non-centred central and neighbour context,constructed from frames no later than issue frame t,eligible; variance filtering and quotas fit on training movies only
853,rc_nc_r96_front_orient_sin,raw_multicell_context,non-centred central and neighbour context,constructed from frames no later than issue frame t,eligible; variance filtering and quotas fit on training movies only
854,rc_nc_r96_front_struct_energy,raw_multicell_context,non-centred central and neighbour context,constructed from frames no later than issue frame t,eligible; variance filtering and quotas fit on training movies only
855,rc_nc_r96_front_struct_coherence,raw_multicell_context,non-centred central and neighbour context,constructed from frames no later than issue frame t,eligible; variance filtering and quotas fit on training movies only
856,rc_nc_r96_front_struct_orient_cos,raw_multicell_context,non-centred central and neighbour context,constructed from frames no later than issue frame t,eligible; variance filtering and quotas fit on training movies only
857,rc_nc_r96_front_struct_orient_sin,raw_multicell_context,non-centred central and neighbour context,constructed from frames no later than issue frame t,eligible; variance filtering and quotas fit on training movies only
858,rc_nc_r96_front_struct_anisotropy,raw_multicell_context,non-centred central and neighbour context,constructed from frames no later than issue frame t,eligible; variance filtering and quotas fit on training movies only
859,rc_nc_r96_back_mean,raw_multicell_context,non-centred central and neighbour context,constructed from frames no later than issue frame t,eligible; variance filtering and quotas fit on training movies only
860,rc_nc_r96_back_std,raw_multicell_context,non-centred central and neighbour context,constructed from frames no later than issue frame t,eligible; variance filtering and quotas fit on training movies only
861,rc_nc_r96_back_p10,raw_multicell_context,non-centred central and neighbour context,constructed from frames no later than issue frame t,eligible; variance filtering and quotas fit on training movies only
862,rc_nc_r96_back_p50,raw_multicell_context,non-centred central and neighbour context,constructed from frames no later than issue frame t,eligible; variance filtering and quotas fit on training movies only
863,rc_nc_r96_back_p90,raw_multicell_context,non-centred central and neighbour context,constructed from frames no later than issue frame t,eligible; variance filtering and quotas fit on training movies only
864,rc_nc_r96_back_grad_mean,raw_multicell_context,non-centred central and neighbour context,constructed from frames no later than issue frame t,eligible; variance filtering and quotas fit on training movies only
865,rc_nc_r96_back_grad_p90,raw_multicell_context,non-centred central and neighbour context,constructed from frames no later than issue frame t,eligible; variance filtering and quotas fit on training movies only
866,rc_nc_r96_back_fg_frac,raw_multicell_context,non-centred central and neighbour context,constructed from frames no later than issue frame t,eligible; variance filtering and quotas fit on training movies only
867,rc_nc_r96_back_centroid_dx,raw_multicell_context,non-centred central and neighbour context,constructed from frames no later than issue frame t,eligible; variance filtering and quotas fit on training movies only
868,rc_nc_r96_back_centroid_dy,raw_multicell_context,non-centred central and neighbour context,constructed from frames no later than issue frame t,eligible; variance filtering and quotas fit on training movies only
869,rc_nc_r96_back_elongation,raw_multicell_context,non-centred central and neighbour context,constructed from frames no later than issue frame t,eligible; variance filtering and quotas fit on training movies only
870,rc_nc_r96_back_orient_cos,raw_multicell_context,non-centred central and neighbour context,constructed from frames no later than issue frame t,eligible; variance filtering and quotas fit on training movies only
871,rc_nc_r96_back_orient_sin,raw_multicell_context,non-centred central and neighbour context,constructed from frames no later than issue frame t,eligible; variance filtering and quotas fit on training movies only
872,rc_nc_r96_back_struct_energy,raw_multicell_context,non-centred central and neighbour context,constructed from frames no later than issue frame t,eligible; variance filtering and quotas fit on training movies only
873,rc_nc_r96_back_struct_coherence,raw_multicell_context,non-centred central and neighbour context,constructed from frames no later than issue frame t,eligible; variance filtering and quotas fit on training movies only
874,rc_nc_r96_back_struct_orient_cos,raw_multicell_context,non-centred central and neighbour context,constructed from frames no later than issue frame t,eligible; variance filtering and quotas fit on training movies only
875,rc_nc_r96_back_struct_orient_sin,raw_multicell_context,non-centred central and neighbour context,constructed from frames no later than issue frame t,eligible; variance filtering and quotas fit on training movies only
876,rc_nc_r96_back_struct_anisotropy,raw_multicell_context,non-centred central and neighbour context,constructed from frames no later than issue frame t,eligible; variance filtering and quotas fit on training movies only
877,rc_nc_r96_left_mean,raw_multicell_context,non-centred central and neighbour context,constructed from frames no later than issue frame t,eligible; variance filtering and quotas fit on training movies only
878,rc_nc_r96_left_std,raw_multicell_context,non-centred central and neighbour context,constructed from frames no later than issue frame t,eligible; variance filtering and quotas fit on training movies only
879,rc_nc_r96_left_p10,raw_multicell_context,non-centred central and neighbour context,constructed from frames no later than issue frame t,eligible; variance filtering and quotas fit on training movies only
880,rc_nc_r96_left_p50,raw_multicell_context,non-centred central and neighbour context,constructed from frames no later than issue frame t,eligible; variance filtering and quotas fit on training movies only
881,rc_nc_r96_left_p90,raw_multicell_context,non-centred central and neighbour context,constructed from frames no later than issue frame t,eligible; variance filtering and quotas fit on training movies only
882,rc_nc_r96_left_grad_mean,raw_multicell_context,non-centred central and neighbour context,constructed from frames no later than issue frame t,eligible; variance filtering and quotas fit on training movies only
883,rc_nc_r96_left_grad_p90,raw_multicell_context,non-centred central and neighbour context,constructed from frames no later than issue frame t,eligible; variance filtering and quotas fit on training movies only
884,rc_nc_r96_left_fg_frac,raw_multicell_context,non-centred central and neighbour context,constructed from frames no later than issue frame t,eligible; variance filtering and quotas fit on training movies only
885,rc_nc_r96_left_centroid_dx,raw_multicell_context,non-centred central and neighbour context,constructed from frames no later than issue frame t,eligible; variance filtering and quotas fit on training movies only
886,rc_nc_r96_left_centroid_dy,raw_multicell_context,non-centred central and neighbour context,constructed from frames no later than issue frame t,eligible; variance filtering and quotas fit on training movies only
887,rc_nc_r96_left_elongation,raw_multicell_context,non-centred central and neighbour context,constructed from frames no later than issue frame t,eligible; variance filtering and quotas fit on training movies only
888,rc_nc_r96_left_orient_cos,raw_multicell_context,non-centred central and neighbour context,constructed from frames no later than issue frame t,eligible; variance filtering and quotas fit on training movies only
889,rc_nc_r96_left_orient_sin,raw_multicell_context,non-centred central and neighbour context,constructed from frames no later than issue frame t,eligible; variance filtering and quotas fit on training movies only
890,rc_nc_r96_left_struct_energy,raw_multicell_context,non-centred central and neighbour context,constructed from frames no later than issue frame t,eligible; variance filtering and quotas fit on training movies only
891,rc_nc_r96_left_struct_coherence,raw_multicell_context,non-centred central and neighbour context,constructed from frames no later than issue frame t,eligible; variance filtering and quotas fit on training movies only
892,rc_nc_r96_left_struct_orient_cos,raw_multicell_context,non-centred central and neighbour context,constructed from frames no later than issue frame t,eligible; variance filtering and quotas fit on training movies only
893,rc_nc_r96_left_struct_orient_sin,raw_multicell_context,non-centred central and neighbour context,constructed from frames no later than issue frame t,eligible; variance filtering and quotas fit on training movies only
894,rc_nc_r96_left_struct_anisotropy,raw_multicell_context,non-centred central and neighbour context,constructed from frames no later than issue frame t,eligible; variance filtering and quotas fit on training movies only
895,rc_nc_r96_right_mean,raw_multicell_context,non-centred central and neighbour context,constructed from frames no later than issue frame t,eligible; variance filtering and quotas fit on training movies only
896,rc_nc_r96_right_std,raw_multicell_context,non-centred central and neighbour context,constructed from frames no later than issue frame t,eligible; variance filtering and quotas fit on training movies only
897,rc_nc_r96_right_p10,raw_multicell_context,non-centred central and neighbour context,constructed from frames no later than issue frame t,eligible; variance filtering and quotas fit on training movies only
898,rc_nc_r96_right_p50,raw_multicell_context,non-centred central and neighbour context,constructed from frames no later than issue frame t,eligible; variance filtering and quotas fit on training movies only
899,rc_nc_r96_right_p90,raw_multicell_context,non-centred central and neighbour context,constructed from frames no later than issue frame t,eligible; variance filtering and quotas fit on training movies only
900,rc_nc_r96_right_grad_mean,raw_multicell_context,non-centred central and neighbour context,constructed from frames no later than issue frame t,eligible; variance filtering and quotas fit on training movies only
901,rc_nc_r96_right_grad_p90,raw_multicell_context,non-centred central and neighbour context,constructed from frames no later than issue frame t,eligible; variance filtering and quotas fit on training movies only
902,rc_nc_r96_right_fg_frac,raw_multicell_context,non-centred central and neighbour context,constructed from frames no later than issue frame t,eligible; variance filtering and quotas fit on training movies only
903,rc_nc_r96_right_centroid_dx,raw_multicell_context,non-centred central and neighbour context,constructed from frames no later than issue frame t,eligible; variance filtering and quotas fit on training movies only
904,rc_nc_r96_right_centroid_dy,raw_multicell_context,non-centred central and neighbour context,constructed from frames no later than issue frame t,eligible; variance filtering and quotas fit on training movies only
905,rc_nc_r96_right_elongation,raw_multicell_context,non-centred central and neighbour context,constructed from frames no later than issue frame t,eligible; variance filtering and quotas fit on training movies only
906,rc_nc_r96_right_orient_cos,raw_multicell_context,non-centred central and neighbour context,constructed from frames no later than issue frame t,eligible; variance filtering and quotas fit on training movies only
907,rc_nc_r96_right_orient_sin,raw_multicell_context,non-centred central and neighbour context,constructed from frames no later than issue frame t,eligible; variance filtering and quotas fit on training movies only
908,rc_nc_r96_right_struct_energy,raw_multicell_context,non-centred central and neighbour context,constructed from frames no later than issue frame t,eligible; variance filtering and quotas fit on training movies only
909,rc_nc_r96_right_struct_coherence,raw_multicell_context,non-centred central and neighbour context,constructed from frames no later than issue frame t,eligible; variance filtering and quotas fit on training movies only
910,rc_nc_r96_right_struct_orient_cos,raw_multicell_context,non-centred central and neighbour context,constructed from frames no later than issue frame t,eligible; variance filtering and quotas fit on training movies only
911,rc_nc_r96_right_struct_orient_sin,raw_multicell_context,non-centred central and neighbour context,constructed from frames no later than issue frame t,eligible; variance filtering and quotas fit on training movies only
912,rc_nc_r96_right_struct_anisotropy,raw_multicell_context,non-centred central and neighbour context,constructed from frames no later than issue frame t,eligible; variance filtering and quotas fit on training movies only
913,rc_nc_r96_front_minus_back_mean,raw_multicell_context,non-centred central and neighbour context,constructed from frames no later than issue frame t,eligible; variance filtering and quotas fit on training movies only
914,rc_nc_r96_front_minus_back_std,raw_multicell_context,non-centred central and neighbour context,constructed from frames no later than issue frame t,eligible; variance filtering and quotas fit on training movies only
915,rc_nc_r96_front_minus_back_grad_mean,raw_multicell_context,non-centred central and neighbour context,constructed from frames no later than issue frame t,eligible; variance filtering and quotas fit on training movies only
916,rc_nc_r96_front_minus_back_fg_frac,raw_multicell_context,non-centred central and neighbour context,constructed from frames no later than issue frame t,eligible; variance filtering and quotas fit on training movies only
917,rc_nc_r96_front_minus_back_struct_energy,raw_multicell_context,non-centred central and neighbour context,constructed from frames no later than issue frame t,eligible; variance filtering and quotas fit on training movies only
918,rc_nc_r96_front_minus_back_struct_coherence,raw_multicell_context,non-centred central and neighbour context,constructed from frames no later than issue frame t,eligible; variance filtering and quotas fit on training movies only
919,rc_nc_r96_left_minus_right_mean,raw_multicell_context,non-centred central and neighbour context,constructed from frames no later than issue frame t,eligible; variance filtering and quotas fit on training movies only
920,rc_nc_r96_left_minus_right_std,raw_multicell_context,non-centred central and neighbour context,constructed from frames no later than issue frame t,eligible; variance filtering and quotas fit on training movies only
921,rc_nc_r96_left_minus_right_grad_mean,raw_multicell_context,non-centred central and neighbour context,constructed from frames no later than issue frame t,eligible; variance filtering and quotas fit on training movies only
922,rc_nc_r96_left_minus_right_fg_frac,raw_multicell_context,non-centred central and neighbour context,constructed from frames no later than issue frame t,eligible; variance filtering and quotas fit on training movies only
923,rc_nc_r96_left_minus_right_struct_energy,raw_multicell_context,non-centred central and neighbour context,constructed from frames no later than issue frame t,eligible; variance filtering and quotas fit on training movies only
924,rc_nc_r96_left_minus_right_struct_coherence,raw_multicell_context,non-centred central and neighbour context,constructed from frames no later than issue frame t,eligible; variance filtering and quotas fit on training movies only
925,rc_lag1_has,raw_multicell_context,non-centred central and neighbour context,constructed from frames no later than issue frame t,eligible; variance filtering and quotas fit on training movies only
926,rc_lag1_r24_delta_mean,raw_multicell_context,non-centred central and neighbour context,constructed from frames no later than issue frame t,eligible; variance filtering and quotas fit on training movies only
927,rc_lag1_r24_delta_std,raw_multicell_context,non-centred central and neighbour context,constructed from frames no later than issue frame t,eligible; variance filtering and quotas fit on training movies only
928,rc_lag1_r24_delta_grad_mean,raw_multicell_context,non-centred central and neighbour context,constructed from frames no later than issue frame t,eligible; variance filtering and quotas fit on training movies only
929,rc_lag1_r24_delta_grad_p90,raw_multicell_context,non-centred central and neighbour context,constructed from frames no later than issue frame t,eligible; variance filtering and quotas fit on training movies only
930,rc_lag1_r24_delta_fg_frac,raw_multicell_context,non-centred central and neighbour context,constructed from frames no later than issue frame t,eligible; variance filtering and quotas fit on training movies only
931,rc_lag1_r24_delta_centroid_dx,raw_multicell_context,non-centred central and neighbour context,constructed from frames no later than issue frame t,eligible; variance filtering and quotas fit on training movies only
932,rc_lag1_r24_delta_centroid_dy,raw_multicell_context,non-centred central and neighbour context,constructed from frames no later than issue frame t,eligible; variance filtering and quotas fit on training movies only
933,rc_lag1_r24_delta_elongation,raw_multicell_context,non-centred central and neighbour context,constructed from frames no later than issue frame t,eligible; variance filtering and quotas fit on training movies only
934,rc_lag1_r24_delta_struct_energy,raw_multicell_context,non-centred central and neighbour context,constructed from frames no later than issue frame t,eligible; variance filtering and quotas fit on training movies only
935,rc_lag1_r24_delta_struct_coherence,raw_multicell_context,non-centred central and neighbour context,constructed from frames no later than issue frame t,eligible; variance filtering and quotas fit on training movies only
936,rc_lag1_r56_delta_mean,raw_multicell_context,non-centred central and neighbour context,constructed from frames no later than issue frame t,eligible; variance filtering and quotas fit on training movies only
937,rc_lag1_r56_delta_std,raw_multicell_context,non-centred central and neighbour context,constructed from frames no later than issue frame t,eligible; variance filtering and quotas fit on training movies only
938,rc_lag1_r56_delta_grad_mean,raw_multicell_context,non-centred central and neighbour context,constructed from frames no later than issue frame t,eligible; variance filtering and quotas fit on training movies only
939,rc_lag1_r56_delta_grad_p90,raw_multicell_context,non-centred central and neighbour context,constructed from frames no later than issue frame t,eligible; variance filtering and quotas fit on training movies only
940,rc_lag1_r56_delta_fg_frac,raw_multicell_context,non-centred central and neighbour context,constructed from frames no later than issue frame t,eligible; variance filtering and quotas fit on training movies only
941,rc_lag1_r56_delta_centroid_dx,raw_multicell_context,non-centred central and neighbour context,constructed from frames no later than issue frame t,eligible; variance filtering and quotas fit on training movies only
942,rc_lag1_r56_delta_centroid_dy,raw_multicell_context,non-centred central and neighbour context,constructed from frames no later than issue frame t,eligible; variance filtering and quotas fit on training movies only
943,rc_lag1_r56_delta_elongation,raw_multicell_context,non-centred central and neighbour context,constructed from frames no later than issue frame t,eligible; variance filtering and quotas fit on training movies only
944,rc_lag1_r56_delta_struct_energy,raw_multicell_context,non-centred central and neighbour context,constructed from frames no later than issue frame t,eligible; variance filtering and quotas fit on training movies only
945,rc_lag1_r56_delta_struct_coherence,raw_multicell_context,non-centred central and neighbour context,constructed from frames no later than issue frame t,eligible; variance filtering and quotas fit on training movies only
946,rc_lag2_has,raw_multicell_context,non-centred central and neighbour context,constructed from frames no later than issue frame t,eligible; variance filtering and quotas fit on training movies only
947,rc_lag2_r24_delta_mean,raw_multicell_context,non-centred central and neighbour context,constructed from frames no later than issue frame t,eligible; variance filtering and quotas fit on training movies only
948,rc_lag2_r24_delta_std,raw_multicell_context,non-centred central and neighbour context,constructed from frames no later than issue frame t,eligible; variance filtering and quotas fit on training movies only
949,rc_lag2_r24_delta_grad_mean,raw_multicell_context,non-centred central and neighbour context,constructed from frames no later than issue frame t,eligible; variance filtering and quotas fit on training movies only
950,rc_lag2_r24_delta_grad_p90,raw_multicell_context,non-centred central and neighbour context,constructed from frames no later than issue frame t,eligible; variance filtering and quotas fit on training movies only
951,rc_lag2_r24_delta_fg_frac,raw_multicell_context,non-centred central and neighbour context,constructed from frames no later than issue frame t,eligible; variance filtering and quotas fit on training movies only
952,rc_lag2_r24_delta_centroid_dx,raw_multicell_context,non-centred central and neighbour context,constructed from frames no later than issue frame t,eligible; variance filtering and quotas fit on training movies only
953,rc_lag2_r24_delta_centroid_dy,raw_multicell_context,non-centred central and neighbour context,constructed from frames no later than issue frame t,eligible; variance filtering and quotas fit on training movies only
954,rc_lag2_r24_delta_elongation,raw_multicell_context,non-centred central and neighbour context,constructed from frames no later than issue frame t,eligible; variance filtering and quotas fit on training movies only
955,rc_lag2_r24_delta_struct_energy,raw_multicell_context,non-centred central and neighbour context,constructed from frames no later than issue frame t,eligible; variance filtering and quotas fit on training movies only
956,rc_lag2_r24_delta_struct_coherence,raw_multicell_context,non-centred central and neighbour context,constructed from frames no later than issue frame t,eligible; variance filtering and quotas fit on training movies only
957,rc_lag2_r56_delta_mean,raw_multicell_context,non-centred central and neighbour context,constructed from frames no later than issue frame t,eligible; variance filtering and quotas fit on training movies only
958,rc_lag2_r56_delta_std,raw_multicell_context,non-centred central and neighbour context,constructed from frames no later than issue frame t,eligible; variance filtering and quotas fit on training movies only
959,rc_lag2_r56_delta_grad_mean,raw_multicell_context,non-centred central and neighbour context,constructed from frames no later than issue frame t,eligible; variance filtering and quotas fit on training movies only
960,rc_lag2_r56_delta_grad_p90,raw_multicell_context,non-centred central and neighbour context,constructed from frames no later than issue frame t,eligible; variance filtering and quotas fit on training movies only
961,rc_lag2_r56_delta_fg_frac,raw_multicell_context,non-centred central and neighbour context,constructed from frames no later than issue frame t,eligible; variance filtering and quotas fit on training movies only
962,rc_lag2_r56_delta_centroid_dx,raw_multicell_context,non-centred central and neighbour context,constructed from frames no later than issue frame t,eligible; variance filtering and quotas fit on training movies only
963,rc_lag2_r56_delta_centroid_dy,raw_multicell_context,non-centred central and neighbour context,constructed from frames no later than issue frame t,eligible; variance filtering and quotas fit on training movies only
964,rc_lag2_r56_delta_elongation,raw_multicell_context,non-centred central and neighbour context,constructed from frames no later than issue frame t,eligible; variance filtering and quotas fit on training movies only
965,rc_lag2_r56_delta_struct_energy,raw_multicell_context,non-centred central and neighbour context,constructed from frames no later than issue frame t,eligible; variance filtering and quotas fit on training movies only
966,rc_lag2_r56_delta_struct_coherence,raw_multicell_context,non-centred central and neighbour context,constructed from frames no later than issue frame t,eligible; variance filtering and quotas fit on training movies only
967,rc_lag4_has,raw_multicell_context,non-centred central and neighbour context,constructed from frames no later than issue frame t,eligible; variance filtering and quotas fit on training movies only
968,rc_lag4_r24_delta_mean,raw_multicell_context,non-centred central and neighbour context,constructed from frames no later than issue frame t,eligible; variance filtering and quotas fit on training movies only
969,rc_lag4_r24_delta_std,raw_multicell_context,non-centred central and neighbour context,constructed from frames no later than issue frame t,eligible; variance filtering and quotas fit on training movies only
970,rc_lag4_r24_delta_grad_mean,raw_multicell_context,non-centred central and neighbour context,constructed from frames no later than issue frame t,eligible; variance filtering and quotas fit on training movies only
971,rc_lag4_r24_delta_grad_p90,raw_multicell_context,non-centred central and neighbour context,constructed from frames no later than issue frame t,eligible; variance filtering and quotas fit on training movies only
972,rc_lag4_r24_delta_fg_frac,raw_multicell_context,non-centred central and neighbour context,constructed from frames no later than issue frame t,eligible; variance filtering and quotas fit on training movies only
973,rc_lag4_r24_delta_centroid_dx,raw_multicell_context,non-centred central and neighbour context,constructed from frames no later than issue frame t,eligible; variance filtering and quotas fit on training movies only
974,rc_lag4_r24_delta_centroid_dy,raw_multicell_context,non-centred central and neighbour context,constructed from frames no later than issue frame t,eligible; variance filtering and quotas fit on training movies only
975,rc_lag4_r24_delta_elongation,raw_multicell_context,non-centred central and neighbour context,constructed from frames no later than issue frame t,eligible; variance filtering and quotas fit on training movies only
976,rc_lag4_r24_delta_struct_energy,raw_multicell_context,non-centred central and neighbour context,constructed from frames no later than issue frame t,eligible; variance filtering and quotas fit on training movies only
977,rc_lag4_r24_delta_struct_coherence,raw_multicell_context,non-centred central and neighbour context,constructed from frames no later than issue frame t,eligible; variance filtering and quotas fit on training movies only
978,rc_lag4_r56_delta_mean,raw_multicell_context,non-centred central and neighbour context,constructed from frames no later than issue frame t,eligible; variance filtering and quotas fit on training movies only
979,rc_lag4_r56_delta_std,raw_multicell_context,non-centred central and neighbour context,constructed from frames no later than issue frame t,eligible; variance filtering and quotas fit on training movies only
980,rc_lag4_r56_delta_grad_mean,raw_multicell_context,non-centred central and neighbour context,constructed from frames no later than issue frame t,eligible; variance filtering and quotas fit on training movies only
981,rc_lag4_r56_delta_grad_p90,raw_multicell_context,non-centred central and neighbour context,constructed from frames no later than issue frame t,eligible; variance filtering and quotas fit on training movies only
982,rc_lag4_r56_delta_fg_frac,raw_multicell_context,non-centred central and neighbour context,constructed from frames no later than issue frame t,eligible; variance filtering and quotas fit on training movies only
983,rc_lag4_r56_delta_centroid_dx,raw_multicell_context,non-centred central and neighbour context,constructed from frames no later than issue frame t,eligible; variance filtering and quotas fit on training movies only
984,rc_lag4_r56_delta_centroid_dy,raw_multicell_context,non-centred central and neighbour context,constructed from frames no later than issue frame t,eligible; variance filtering and quotas fit on training movies only
985,rc_lag4_r56_delta_elongation,raw_multicell_context,non-centred central and neighbour context,constructed from frames no later than issue frame t,eligible; variance filtering and quotas fit on training movies only
986,rc_lag4_r56_delta_struct_energy,raw_multicell_context,non-centred central and neighbour context,constructed from frames no later than issue frame t,eligible; variance filtering and quotas fit on training movies only
987,rc_lag4_r56_delta_struct_coherence,raw_multicell_context,non-centred central and neighbour context,constructed from frames no later than issue frame t,eligible; variance filtering and quotas fit on training movies only
988,rc_nei_count,raw_multicell_context,non-centred central and neighbour context,constructed from frames no later than issue frame t,eligible; variance filtering and quotas fit on training movies only
989,rc_nei_dist_mean,raw_multicell_context,non-centred central and neighbour context,constructed from frames no later than issue frame t,eligible; variance filtering and quotas fit on training movies only
990,rc_nei_dist_min,raw_multicell_context,non-centred central and neighbour context,constructed from frames no later than issue frame t,eligible; variance filtering and quotas fit on training movies only
991,rc_nei_r24_mean_mean,raw_multicell_context,non-centred central and neighbour context,constructed from frames no later than issue frame t,eligible; variance filtering and quotas fit on training movies only
992,rc_nei_r24_mean_std,raw_multicell_context,non-centred central and neighbour context,constructed from frames no later than issue frame t,eligible; variance filtering and quotas fit on training movies only
993,rc_nei_r24_std_mean,raw_multicell_context,non-centred central and neighbour context,constructed from frames no later than issue frame t,eligible; variance filtering and quotas fit on training movies only
994,rc_nei_r24_std_std,raw_multicell_context,non-centred central and neighbour context,constructed from frames no later than issue frame t,eligible; variance filtering and quotas fit on training movies only
995,rc_nei_r24_grad_mean_mean,raw_multicell_context,non-centred central and neighbour context,constructed from frames no later than issue frame t,eligible; variance filtering and quotas fit on training movies only
996,rc_nei_r24_grad_mean_std,raw_multicell_context,non-centred central and neighbour context,constructed from frames no later than issue frame t,eligible; variance filtering and quotas fit on training movies only
997,rc_nei_r24_grad_p90_mean,raw_multicell_context,non-centred central and neighbour context,constructed from frames no later than issue frame t,eligible; variance filtering and quotas fit on training movies only
998,rc_nei_r24_grad_p90_std,raw_multicell_context,non-centred central and neighbour context,constructed from frames no later than issue frame t,eligible; variance filtering and quotas fit on training movies only
999,rc_nei_r24_fg_frac_mean,raw_multicell_context,non-centred central and neighbour context,constructed from frames no later than issue frame t,eligible; variance filtering and quotas fit on training movies only
1000,rc_nei_r24_fg_frac_std,raw_multicell_context,non-centred central and neighbour context,constructed from frames no later than issue frame t,eligible; variance filtering and quotas fit on training movies only
1001,rc_nei_r24_centroid_dx_mean,raw_multicell_context,non-centred central and neighbour context,constructed from frames no later than issue frame t,eligible; variance filtering and quotas fit on training movies only
1002,rc_nei_r24_centroid_dx_std,raw_multicell_context,non-centred central and neighbour context,constructed from frames no later than issue frame t,eligible; variance filtering and quotas fit on training movies only
1003,rc_nei_r24_centroid_dy_mean,raw_multicell_context,non-centred central and neighbour context,constructed from frames no later than issue frame t,eligible; variance filtering and quotas fit on training movies only
1004,rc_nei_r24_centroid_dy_std,raw_multicell_context,non-centred central and neighbour context,constructed from frames no later than issue frame t,eligible; variance filtering and quotas fit on training movies only
1005,rc_nei_r24_elongation_mean,raw_multicell_context,non-centred central and neighbour context,constructed from frames no later than issue frame t,eligible; variance filtering and quotas fit on training movies only
1006,rc_nei_r24_elongation_std,raw_multicell_context,non-centred central and neighbour context,constructed from frames no later than issue frame t,eligible; variance filtering and quotas fit on training movies only
1007,rc_nei_r24_orient_cos_mean,raw_multicell_context,non-centred central and neighbour context,constructed from frames no later than issue frame t,eligible; variance filtering and quotas fit on training movies only
1008,rc_nei_r24_orient_cos_std,raw_multicell_context,non-centred central and neighbour context,constructed from frames no later than issue frame t,eligible; variance filtering and quotas fit on training movies only
1009,rc_nei_r24_orient_sin_mean,raw_multicell_context,non-centred central and neighbour context,constructed from frames no later than issue frame t,eligible; variance filtering and quotas fit on training movies only
1010,rc_nei_r24_orient_sin_std,raw_multicell_context,non-centred central and neighbour context,constructed from frames no later than issue frame t,eligible; variance filtering and quotas fit on training movies only
1011,rc_nei_r24_struct_energy_mean,raw_multicell_context,non-centred central and neighbour context,constructed from frames no later than issue frame t,eligible; variance filtering and quotas fit on training movies only
1012,rc_nei_r24_struct_energy_std,raw_multicell_context,non-centred central and neighbour context,constructed from frames no later than issue frame t,eligible; variance filtering and quotas fit on training movies only
1013,rc_nei_r24_struct_coherence_mean,raw_multicell_context,non-centred central and neighbour context,constructed from frames no later than issue frame t,eligible; variance filtering and quotas fit on training movies only
1014,rc_nei_r24_struct_coherence_std,raw_multicell_context,non-centred central and neighbour context,constructed from frames no later than issue frame t,eligible; variance filtering and quotas fit on training movies only
1015,rc_nei_r24_struct_orient_cos_mean,raw_multicell_context,non-centred central and neighbour context,constructed from frames no later than issue frame t,eligible; variance filtering and quotas fit on training movies only
1016,rc_nei_r24_struct_orient_cos_std,raw_multicell_context,non-centred central and neighbour context,constructed from frames no later than issue frame t,eligible; variance filtering and quotas fit on training movies only
1017,rc_nei_r24_struct_orient_sin_mean,raw_multicell_context,non-centred central and neighbour context,constructed from frames no later than issue frame t,eligible; variance filtering and quotas fit on training movies only
1018,rc_nei_r24_struct_orient_sin_std,raw_multicell_context,non-centred central and neighbour context,constructed from frames no later than issue frame t,eligible; variance filtering and quotas fit on training movies only
