test_movie,control,objective,packet,horizon,windows,component_rmse,vector_rmse,component_r2,vector_r2,r2,baseline_component_rmse,baseline_vector_rmse,baseline_component_r2,baseline_vector_r2,baseline_r2,component_rmse_delta,rmse_improvement_percent,selected_alpha,selected_bound_px,validation_score,contract,objective_name,variant,protocol,validation_h1_gain,h1_guard_percent
1,no_update,h1_strict,none,1,14446,3.439468548617472,4.864143068810534,0.48741308058582733,0.48875458576031305,0.48875458576031305,3.439468548617472,4.864143068810534,0.48741308058582733,0.48875458576031305,0.48875458576031305,0.0,0.0,,0.0,,streaming_receding_h1,no_update,no_update,strict_fold_local_streaming,,
1,no_update,h1_strict,none,2,14078,4.654817774545505,6.582906427137599,0.709101066973369,0.7106420137563161,0.7106420137563161,4.654817774545505,6.582906427137599,0.709101066973369,0.7106420137563161,0.7106420137563161,0.0,0.0,,0.0,,streaming_receding_h1,no_update,no_update,strict_fold_local_streaming,,
1,no_update,h1_strict,none,4,13348,6.56971205285295,9.290975886030628,0.8231253778816919,0.8246075819804406,0.8246075819804406,6.56971205285295,9.290975886030628,0.8231253778816919,0.8246075819804406,0.8246075819804406,0.0,0.0,,0.0,,streaming_receding_h1,no_update,no_update,strict_fold_local_streaming,,
1,no_update,h1_strict,none,6,12627,7.968048500592912,11.2685222551851,0.86409412950239,0.8653610978960501,0.8653610978960501,7.968048500592912,11.2685222551851,0.86409412950239,0.8653610978960501,0.8653610978960501,0.0,0.0,,0.0,,streaming_receding_h1,no_update,no_update,strict_fold_local_streaming,,
1,real,h1_strict,update_only,1,14446,3.4381236840447773,4.862241143092273,0.48800869602978003,0.4891543111338372,0.4891543111338372,3.439468548617472,4.864143068810534,0.48741308058582733,0.48875458576031305,0.48875458576031305,0.0013448645726947817,0.039100941139158345,1.0,1.5,0.9781500437144455,streaming_receding_h1,h1_strict,h1_strict_real,strict_fold_local_streaming,0.32541492641455655,0.5
1,real,h1_strict,update_only,2,14078,4.3079054916234805,6.092298371675462,0.7510000758134412,0.752165113782198,0.752165113782198,4.654817774545505,6.582906427137599,0.709101066973369,0.7106420137563161,0.7106420137563161,0.34691228292202414,7.452757545506635,1.0,1.5,0.9781500437144455,streaming_receding_h1,h1_strict,h1_strict_real,strict_fold_local_streaming,0.32541492641455655,0.5
1,real,h1_strict,update_only,4,13348,5.736775507730594,8.113025727322405,0.8653214686401403,0.8662622981479071,0.8662622981479071,6.56971205285295,9.290975886030628,0.8231253778816919,0.8246075819804406,0.8246075819804406,0.8329365451223554,12.67843306405866,1.0,1.5,0.9781500437144455,streaming_receding_h1,h1_strict,h1_strict_real,strict_fold_local_streaming,0.32541492641455655,0.5
1,real,h1_strict,update_only,6,12627,6.782919763333693,9.592497121795013,0.9017097471968907,0.9024336668387227,0.9024336668387227,7.968048500592912,11.2685222551851,0.86409412950239,0.8653610978960501,0.8653610978960501,1.1851287372592187,14.873513096350154,1.0,1.5,0.9781500437144455,streaming_receding_h1,h1_strict,h1_strict_real,strict_fold_local_streaming,0.32541492641455655,0.5
1,wrong_cell,h1_strict,update_only,1,14446,3.4771585241648797,4.917444743395189,0.4762467054794085,0.47748865814758534,0.47748865814758534,3.439468548617472,4.864143068810534,0.48741308058582733,0.48875458576031305,0.48875458576031305,-0.037689975547407606,-1.0958081172906047,1.0,1.5,0.9781500437144455,streaming_receding_h1,h1_strict,h1_strict_wrong_cell,strict_fold_local_streaming,0.32541492641455655,0.5
1,wrong_cell,h1_strict,update_only,2,14078,4.720101813764173,6.675232000807138,0.7010099399520924,0.7024685776187976,0.7024685776187976,4.654817774545505,6.582906427137599,0.709101066973369,0.7106420137563161,0.7106420137563161,-0.06528403921866843,-1.4025047247965094,1.0,1.5,0.9781500437144455,streaming_receding_h1,h1_strict,h1_strict_wrong_cell,strict_fold_local_streaming,0.32541492641455655,0.5
1,wrong_cell,h1_strict,update_only,4,13348,6.643330237856612,9.3950877217001,0.8192596539588434,0.8206547707349782,0.8206547707349782,6.56971205285295,9.290975886030628,0.8231253778816919,0.8246075819804406,0.8246075819804406,-0.0736181850036628,-1.120569431527726,1.0,1.5,0.9781500437144455,streaming_receding_h1,h1_strict,h1_strict_wrong_cell,strict_fold_local_streaming,0.32541492641455655,0.5
1,wrong_cell,h1_strict,update_only,6,12627,8.042596730323607,11.373949372721153,0.8616188731616878,0.8628299775607764,0.8628299775607764,7.968048500592912,11.2685222551851,0.86409412950239,0.8653610978960501,0.8653610978960501,-0.07454822973069586,-0.9355895577837992,1.0,1.5,0.9781500437144455,streaming_receding_h1,h1_strict,h1_strict_wrong_cell,strict_fold_local_streaming,0.32541492641455655,0.5
1,stale_time,h1_strict,update_only,1,14446,3.471447104965035,4.909367576902369,0.4778493671756674,0.4792037541768793,0.4792037541768793,3.439468548617472,4.864143068810534,0.48741308058582733,0.48875458576031305,0.48875458576031305,-0.03197855634756275,-0.9297528352284785,1.0,1.5,0.9781500437144455,streaming_receding_h1,h1_strict,h1_strict_stale_time,strict_fold_local_streaming,0.32541492641455655,0.5
1,stale_time,h1_strict,update_only,2,14078,4.658769567083272,6.588495105740196,0.7086885049516753,0.7101504937112961,0.7101504937112961,4.654817774545505,6.582906427137599,0.709101066973369,0.7106420137563161,0.7106420137563161,-0.003951792537767673,-0.08489682580868647,1.0,1.5,0.9781500437144455,streaming_receding_h1,h1_strict,h1_strict_stale_time,strict_fold_local_streaming,0.32541492641455655,0.5
1,stale_time,h1_strict,update_only,4,13348,6.051387324010212,8.557954024787872,0.8499350672459534,0.8511913942162238,0.8511913942162238,6.56971205285295,9.290975886030628,0.8231253778816919,0.8246075819804406,0.8246075819804406,0.518324728842738,7.889611061684985,1.0,1.5,0.9781500437144455,streaming_receding_h1,h1_strict,h1_strict_stale_time,strict_fold_local_streaming,0.32541492641455655,0.5
1,stale_time,h1_strict,update_only,6,12627,7.065173861152427,9.991664694965648,0.8931879550196866,0.8941447674033931,0.8941447674033931,7.968048500592912,11.2685222551851,0.86409412950239,0.8653610978960501,0.8653610978960501,0.9028746394404843,11.331189053044799,1.0,1.5,0.9781500437144455,streaming_receding_h1,h1_strict,h1_strict_stale_time,strict_fold_local_streaming,0.32541492641455655,0.5
1,real,h1_strict,update_only,1,14446,3.466288888599782,4.9020727573609735,0.47939095741352045,0.4807503045311573,0.4807503045311573,3.439468548617472,4.864143068810534,0.48741308058582733,0.48875458576031305,0.48875458576031305,-0.026820339982309704,-0.7797815157545314,1.0,1.0,0.9421612892588493,streaming_receding_h1,balanced_guard2,balanced_guard2_real,strict_fold_local_streaming,-1.288677513112552,2.0
1,real,h1_strict,update_only,2,14078,4.337212015883554,6.133744055750074,0.7474591935769694,0.748781620485444,0.748781620485444,4.654817774545505,6.582906427137599,0.709101066973369,0.7106420137563161,0.7106420137563161,0.3176057586619505,6.823162023629624,1.0,1.0,0.9421612892588493,streaming_receding_h1,balanced_guard2,balanced_guard2_real,strict_fold_local_streaming,-1.288677513112552,2.0
1,real,h1_strict,update_only,4,13348,5.81303946571293,8.220879251021277,0.8615529707719631,0.8626828793625982,0.8626828793625982,6.56971205285295,9.290975886030628,0.8231253778816919,0.8246075819804406,0.8246075819804406,0.7566725871400193,11.517591350315396,1.0,1.0,0.9421612892588493,streaming_receding_h1,balanced_guard2,balanced_guard2_real,strict_fold_local_streaming,-1.288677513112552,2.0
1,real,h1_strict,update_only,6,12627,6.896400018032352,9.752982437051411,0.8982398403532921,0.8991417305016951,0.8991417305016951,7.968048500592912,11.2685222551851,0.86409412950239,0.8653610978960501,0.8653610978960501,1.0716484825605592,13.4493217816234,1.0,1.0,0.9421612892588493,streaming_receding_h1,balanced_guard2,balanced_guard2_real,strict_fold_local_streaming,-1.288677513112552,2.0
1,wrong_cell,h1_strict,update_only,1,14446,3.49558438013962,4.943502838812999,0.4704970289057588,0.4719362924168621,0.4719362924168621,3.439468548617472,4.864143068810534,0.48741308058582733,0.48875458576031305,0.48875458576031305,-0.05611583152214772,-1.631526229385177,1.0,1.0,0.9421612892588493,streaming_receding_h1,balanced_guard2,balanced_guard2_wrong_cell,strict_fold_local_streaming,-1.288677513112552,2.0
1,wrong_cell,h1_strict,update_only,2,14078,4.7123737342407175,6.66430284593397,0.7019257480548025,0.7034420583861216,0.7034420583861216,4.654817774545505,6.582906427137599,0.709101066973369,0.7106420137563161,0.7106420137563161,-0.05755595969521288,-1.2364814796822552,1.0,1.0,0.9421612892588493,streaming_receding_h1,balanced_guard2,balanced_guard2_wrong_cell,strict_fold_local_streaming,-1.288677513112552,2.0
1,wrong_cell,h1_strict,update_only,4,13348,6.635206161042868,9.383598542088343,0.8196493291368103,0.8210931422988774,0.8210931422988774,6.56971205285295,9.290975886030628,0.8231253778816919,0.8246075819804406,0.8246075819804406,-0.06549410818991852,-0.9969098746341125,1.0,1.0,0.9421612892588493,streaming_receding_h1,balanced_guard2,balanced_guard2_wrong_cell,strict_fold_local_streaming,-1.288677513112552,2.0
1,wrong_cell,h1_strict,update_only,6,12627,8.03013116136373,11.356320396035398,0.8620380709014115,0.8632548595498567,0.8632548595498567,7.968048500592912,11.2685222551851,0.86409412950239,0.8653610978960501,0.8653610978960501,-0.0620826607708187,-0.7791451164761241,1.0,1.0,0.9421612892588493,streaming_receding_h1,balanced_guard2,balanced_guard2_wrong_cell,strict_fold_local_streaming,-1.288677513112552,2.0
1,stale_time,h1_strict,update_only,1,14446,3.46078732587287,4.894292372738329,0.4811201823163009,0.48239726348422385,0.48239726348422385,3.439468548617472,4.864143068810534,0.48741308058582733,0.48875458576031305,0.48875458576031305,-0.02131877725539777,-0.6198276551755957,1.0,1.0,0.9421612892588493,streaming_receding_h1,balanced_guard2,balanced_guard2_stale_time,strict_fold_local_streaming,-1.288677513112552,2.0
1,stale_time,h1_strict,update_only,2,14078,4.671259015268143,6.606157852749797,0.7070753117037075,0.7085943262503669,0.7085943262503669,4.654817774545505,6.582906427137599,0.709101066973369,0.7106420137563161,0.7106420137563161,-0.01644124072263864,-0.35320911620958045,1.0,1.0,0.9421612892588493,streaming_receding_h1,balanced_guard2,balanced_guard2_stale_time,strict_fold_local_streaming,-1.288677513112552,2.0
1,stale_time,h1_strict,update_only,4,13348,6.093412362634348,8.617386404369379,0.847794899598081,0.8491173566294206,0.8491173566294206,6.56971205285295,9.290975886030628,0.8231253778816919,0.8246075819804406,0.8246075819804406,0.4762996902186014,7.249932514344589,1.0,1.0,0.9421612892588493,streaming_receding_h1,balanced_guard2,balanced_guard2_stale_time,strict_fold_local_streaming,-1.288677513112552,2.0
1,stale_time,h1_strict,update_only,6,12627,7.149833626491099,10.111391683294922,0.8905450675050793,0.89159270801299,0.89159270801299,7.968048500592912,11.2685222551851,0.86409412950239,0.8653610978960501,0.8653610978960501,0.8182148741018125,10.268698465388711,1.0,1.0,0.9421612892588493,streaming_receding_h1,balanced_guard2,balanced_guard2_stale_time,strict_fold_local_streaming,-1.288677513112552,2.0
1,real,h1_strict,update_only,1,14446,3.5186245399887928,4.9760865453509435,0.46347171242920215,0.46495218475283284,0.46495218475283284,3.439468548617472,4.864143068810534,0.48741308058582733,0.48875458576031305,0.48875458576031305,-0.07915599137132068,-2.3014018082281402,1.0,1.5,0.8876448059101828,streaming_receding_h1,trajectory_guard5,trajectory_guard5_real,strict_fold_local_streaming,-3.543755097701894,5.0
1,real,h1_strict,update_only,2,14078,4.249294241014743,6.009409546156937,0.7575707094864799,0.7588630770639281,0.7588630770639281,4.654817774545505,6.582906427137599,0.709101066973369,0.7106420137563161,0.7106420137563161,0.4055235335307614,8.711909964517497,1.0,1.5,0.8876448059101828,streaming_receding_h1,trajectory_guard5,trajectory_guard5_real,strict_fold_local_streaming,-3.543755097701894,5.0
1,real,h1_strict,update_only,4,13348,5.559600013222551,7.8624617400689685,0.8733504829363004,0.874395488184037,0.874395488184037,6.56971205285295,9.290975886030628,0.8231253778816919,0.8246075819804406,0.8246075819804406,1.0101120396303989,15.375286336815169,1.0,1.5,0.8876448059101828,streaming_receding_h1,trajectory_guard5,trajectory_guard5_real,strict_fold_local_streaming,-3.543755097701894,5.0
1,real,h1_strict,update_only,6,12627,6.523133941573992,9.225104489350203,0.9089659278217743,0.9097641287372248,0.9097641287372248,7.968048500592912,11.2685222551851,0.86409412950239,0.8653610978960501,0.8653610978960501,1.4449145590189199,18.133857479800756,1.0,1.5,0.8876448059101828,streaming_receding_h1,trajectory_guard5,trajectory_guard5_real,strict_fold_local_streaming,-3.543755097701894,5.0
1,wrong_cell,h1_strict,update_only,1,14446,3.5552868668950777,5.027934905289968,0.45216715112697725,0.4537442296518024,0.4537442296518024,3.439468548617472,4.864143068810534,0.48741308058582733,0.48875458576031305,0.48875458576031305,-0.11581831827760558,-3.367331802587928,1.0,1.5,0.8876448059101828,streaming_receding_h1,trajectory_guard5,trajectory_guard5_wrong_cell,strict_fold_local_streaming,-3.543755097701894,5.0
1,wrong_cell,h1_strict,update_only,2,14078,4.775814872919351,6.754022164665685,0.6938646656569725,0.6954033849960235,0.6954033849960235,4.654817774545505,6.582906427137599,0.709101066973369,0.7106420137563161,0.7106420137563161,-0.12099709837384598,-2.599394954524511,1.0,1.5,0.8876448059101828,streaming_receding_h1,trajectory_guard5,trajectory_guard5_wrong_cell,strict_fold_local_streaming,-3.543755097701894,5.0
1,wrong_cell,h1_strict,update_only,4,13348,6.71994933615679,9.503443489653009,0.8150420635854275,0.816494053169443,0.816494053169443,6.56971205285295,9.290975886030628,0.8231253778816919,0.8246075819804406,0.8246075819804406,-0.15023728330384056,-2.2868168664804545,1.0,1.5,0.8876448059101828,streaming_receding_h1,trajectory_guard5,trajectory_guard5_wrong_cell,strict_fold_local_streaming,-3.543755097701894,5.0
1,wrong_cell,h1_strict,update_only,6,12627,8.128202332563289,11.495013976423628,0.8586882268767851,0.8598943544957355,0.8598943544957355,7.968048500592912,11.2685222551851,0.86409412950239,0.8653610978960501,0.8653610978960501,-0.16015383197037725,-2.009950516220628,1.0,1.5,0.8876448059101828,streaming_receding_h1,trajectory_guard5,trajectory_guard5_wrong_cell,strict_fold_local_streaming,-3.543755097701894,5.0
1,stale_time,h1_strict,update_only,1,14446,3.4957289508190783,4.94370729262861,0.47064743415338345,0.471892612105137,0.471892612105137,3.439468548617472,4.864143068810534,0.48741308058582733,0.48875458576031305,0.48875458576031305,-0.05626040220160622,-1.635729514788575,1.0,1.5,0.8876448059101828,streaming_receding_h1,trajectory_guard5,trajectory_guard5_stale_time,strict_fold_local_streaming,-3.543755097701894,5.0
1,stale_time,h1_strict,update_only,2,14078,4.731812953330314,6.69179405321242,0.6994591007968515,0.7009903236329078,0.7009903236329078,4.654817774545505,6.582906427137599,0.709101066973369,0.7106420137563161,0.7106420137563161,-0.07699517878480933,-1.6540965192203925,1.0,1.5,0.8876448059101828,streaming_receding_h1,trajectory_guard5,trajectory_guard5_stale_time,strict_fold_local_streaming,-3.543755097701894,5.0
1,stale_time,h1_strict,update_only,4,13348,5.968053899402543,8.440102765508712,0.853998363314955,0.855261649539872,0.855261649539872,6.56971205285295,9.290975886030628,0.8231253778816919,0.8246075819804406,0.8246075819804406,0.6016581534504066,9.158059723319713,1.0,1.5,0.8876448059101828,streaming_receding_h1,trajectory_guard5,trajectory_guard5_stale_time,strict_fold_local_streaming,-3.543755097701894,5.0
1,stale_time,h1_strict,update_only,6,12627,6.898522893031586,9.75598463566655,0.8981149991388471,0.8990796278242961,0.8990796278242961,7.968048500592912,11.2685222551851,0.86409412950239,0.8653610978960501,0.8653610978960501,1.0695256075613253,13.422679436272766,1.0,1.5,0.8876448059101828,streaming_receding_h1,trajectory_guard5,trajectory_guard5_stale_time,strict_fold_local_streaming,-3.543755097701894,5.0
1,real,h1_strict,update_only,1,14446,3.665174707722675,5.18333978012825,0.4177044625504001,0.4194547147057964,0.4194547147057964,3.439468548617472,4.864143068810534,0.48741308058582733,0.48875458576031305,0.48875458576031305,-0.22570615910520297,-6.562239366774491,3000.0,3.0,0.7882549400510628,streaming_receding_h1,h6_guard10,h6_guard10_real,strict_fold_local_streaming,-9.200102461972236,10.0
1,real,h1_strict,update_only,2,14078,4.1203133366111775,5.827003001862266,0.7720250027182267,0.7732796030468789,0.7732796030468789,4.654817774545505,6.582906427137599,0.709101066973369,0.7106420137563161,0.7106420137563161,0.5345044379343271,11.482821966892486,3000.0,3.0,0.7882549400510628,streaming_receding_h1,h6_guard10,h6_guard10_real,strict_fold_local_streaming,-9.200102461972236,10.0
1,real,h1_strict,update_only,4,13348,5.0937057546090685,7.203587760906025,0.8936788244208831,0.8945647450055497,0.8945647450055497,6.56971205285295,9.290975886030628,0.8231253778816919,0.8246075819804406,0.8246075819804406,1.476006298243881,22.46683395511853,3000.0,3.0,0.7882549400510628,streaming_receding_h1,h6_guard10,h6_guard10_real,strict_fold_local_streaming,-9.200102461972236,10.0
1,real,h1_strict,update_only,6,12627,5.806996849974077,8.21233370189118,0.9278884435121739,0.9284895016463062,0.9284895016463062,7.968048500592912,11.2685222551851,0.86409412950239,0.8653610978960501,0.8653610978960501,2.161051650618835,27.121467075131743,3000.0,3.0,0.7882549400510628,streaming_receding_h1,h6_guard10,h6_guard10_real,strict_fold_local_streaming,-9.200102461972236,10.0
1,wrong_cell,h1_strict,update_only,1,14446,3.70697665532772,5.242456661364916,0.4042663130444415,0.4061367610120682,0.4061367610120682,3.439468548617472,4.864143068810534,0.48741308058582733,0.48875458576031305,0.48875458576031305,-0.26750810671024805,-7.777600025381117,3000.0,3.0,0.7882549400510628,streaming_receding_h1,h6_guard10,h6_guard10_wrong_cell,strict_fold_local_streaming,-9.200102461972236,10.0
1,wrong_cell,h1_strict,update_only,2,14078,4.951014660283023,7.001792080080273,0.6710651058022594,0.6726453382686202,0.6726453382686202,4.654817774545505,6.582906427137599,0.709101066973369,0.7106420137563161,0.7106420137563161,-0.2961968857375181,-6.363232678135048,3000.0,3.0,0.7882549400510628,streaming_receding_h1,h6_guard10,h6_guard10_wrong_cell,strict_fold_local_streaming,-9.200102461972236,10.0
1,wrong_cell,h1_strict,update_only,4,13348,6.957682256188964,9.839648609385069,0.8018178500183015,0.8032805378700211,0.8032805378700211,6.56971205285295,9.290975886030628,0.8231253778816919,0.8246075819804406,0.8246075819804406,-0.38797020333601484,-5.905436953930662,3000.0,3.0,0.7882549400510628,streaming_receding_h1,h6_guard10,h6_guard10_wrong_cell,strict_fold_local_streaming,-9.200102461972236,10.0
1,wrong_cell,h1_strict,update_only,6,12627,8.410580666996545,11.894357246699464,0.8488069949402324,0.8499905617134488,0.8499905617134488,7.968048500592912,11.2685222551851,0.86409412950239,0.8653610978960501,0.8653610978960501,-0.442532166403633,-5.5538337444947,3000.0,3.0,0.7882549400510628,streaming_receding_h1,h6_guard10,h6_guard10_wrong_cell,strict_fold_local_streaming,-9.200102461972236,10.0
1,stale_time,h1_strict,update_only,1,14446,3.602492264759456,5.0946934191669895,0.4379197182573832,0.4391420833279245,0.4391420833279245,3.439468548617472,4.864143068810534,0.48741308058582733,0.48875458576031305,0.48875458576031305,-0.16302371614198385,-4.739793774463,3000.0,3.0,0.7882549400510628,streaming_receding_h1,h6_guard10,h6_guard10_stale_time,strict_fold_local_streaming,-9.200102461972236,10.0
1,stale_time,h1_strict,update_only,2,14078,4.914762895522226,6.950524342695595,0.6758269432669823,0.6774216270573139,0.6774216270573139,4.654817774545505,6.582906427137599,0.709101066973369,0.7106420137563161,0.7106420137563161,-0.2599451209767212,-5.584431734325028,3000.0,3.0,0.7882549400510628,streaming_receding_h1,h6_guard10,h6_guard10_stale_time,strict_fold_local_streaming,-9.200102461972236,10.0
1,stale_time,h1_strict,update_only,4,13348,5.809814098343356,8.21631789274359,0.8616502337791769,0.8628352180114875,0.8628352180114875,6.56971205285295,9.290975886030628,0.8231253778816919,0.8246075819804406,0.8246075819804406,0.7598979545095936,11.566685851621182,3000.0,3.0,0.7882549400510628,streaming_receding_h1,h6_guard10,h6_guard10_stale_time,strict_fold_local_streaming,-9.200102461972236,10.0
1,stale_time,h1_strict,update_only,6,12627,6.499611968955152,9.191839396658873,0.9095755603747602,0.9104137241222587,0.9104137241222587,7.968048500592912,11.2685222551851,0.86409412950239,0.8653610978960501,0.8653610978960501,1.4684365316377592,18.429061162573134,3000.0,3.0,0.7882549400510628,streaming_receding_h1,h6_guard10,h6_guard10_stale_time,strict_fold_local_streaming,-9.200102461972236,10.0
2,no_update,h1_strict,none,1,13633,3.0963014977109995,4.378831571259022,0.5087787008414699,0.5088474157638294,0.5088474157638294,3.0963014977109995,4.378831571259022,0.5087787008414699,0.5088474157638294,0.5088474157638294,0.0,0.0,,0.0,,streaming_receding_h1,no_update,no_update,strict_fold_local_streaming,,
2,no_update,h1_strict,none,2,13298,4.14208300965924,5.857789968735265,0.7297402724068278,0.7297913097623758,0.7297913097623758,4.14208300965924,5.857789968735265,0.7297402724068278,0.7297913097623758,0.7297913097623758,0.0,0.0,,0.0,,streaming_receding_h1,no_update,no_update,strict_fold_local_streaming,,
2,no_update,h1_strict,none,4,12631,5.742869560830659,8.121644019866338,0.8392841897749787,0.8392629992518919,0.8392629992518919,5.742869560830659,8.121644019866338,0.8392841897749787,0.8392629992518919,0.8392629992518919,0.0,0.0,,0.0,,streaming_receding_h1,no_update,no_update,strict_fold_local_streaming,,
2,no_update,h1_strict,none,6,11967,6.947797820432563,9.825669906281961,0.8743591612530991,0.8744264501072796,0.8744264501072796,6.947797820432563,9.825669906281961,0.8743591612530991,0.8744264501072796,0.8744264501072796,0.0,0.0,,0.0,,streaming_receding_h1,no_update,no_update,strict_fold_local_streaming,,
2,real,h1_strict,update_only,1,13633,3.090834788809674,4.371100477389222,0.5104845091422887,0.5105802043511312,0.5105802043511312,3.0963014977109995,4.378831571259022,0.5087787008414699,0.5088474157638294,0.5088474157638294,0.00546670890132539,0.17655609136793557,10.0,1.0,0.9876536481702503,streaming_receding_h1,h1_strict,h1_strict_real,strict_fold_local_streaming,-0.36100269615725405,0.5
2,real,h1_strict,update_only,2,13298,3.9167523978270715,5.539124361464385,0.758206796357864,0.7583905303744415,0.7583905303744415,4.14208300965924,5.857789968735265,0.7297402724068278,0.7297913097623758,0.7297913097623758,0.22533061183216851,5.4400312911813415,10.0,1.0,0.9876536481702503,streaming_receding_h1,h1_strict,h1_strict_real,strict_fold_local_streaming,-0.36100269615725405,0.5
2,real,h1_strict,update_only,4,12631,5.208253619820142,7.36558290542841,0.8676173824182196,0.867796727738501,0.867796727738501,5.742869560830659,8.121644019866338,0.8392841897749787,0.8392629992518919,0.8392629992518919,0.5346159410105171,9.309212674041465,10.0,1.0,0.9876536481702503,streaming_receding_h1,h1_strict,h1_strict_real,strict_fold_local_streaming,-0.36100269615725405,0.5
2,real,h1_strict,update_only,6,11967,6.222375293417041,8.799767530125647,0.8989615303652172,0.8992798809740706,0.8992798809740706,6.947797820432563,9.825669906281961,0.8743591612530991,0.8744264501072796,0.8744264501072796,0.7254225270155219,10.44104255426301,10.0,1.0,0.9876536481702503,streaming_receding_h1,h1_strict,h1_strict_real,strict_fold_local_streaming,-0.36100269615725405,0.5
2,wrong_cell,h1_strict,update_only,1,13633,3.1138403244578687,4.403635217912557,0.503203307908656,0.5032674439630997,0.5032674439630997,3.0963014977109995,4.378831571259022,0.5087787008414699,0.5088474157638294,0.5088474157638294,-0.01753882674686924,-0.5664444098817624,10.0,1.0,0.9876536481702503,streaming_receding_h1,h1_strict,h1_strict_wrong_cell,strict_fold_local_streaming,-0.36100269615725405,0.5
2,wrong_cell,h1_strict,update_only,2,13298,4.209569958167965,5.953230926599478,0.7207899707330723,0.7209145606054341,0.7209145606054341,4.14208300965924,5.857789968735265,0.7297402724068278,0.7297913097623758,0.7297913097623758,-0.06748694850872461,-1.6292997593565033,10.0,1.0,0.9876536481702503,streaming_receding_h1,h1_strict,h1_strict_wrong_cell,strict_fold_local_streaming,-0.36100269615725405,0.5
2,wrong_cell,h1_strict,update_only,4,12631,5.843049709371928,8.263320144613953,0.8335125944831856,0.8336062083540174,0.8336062083540174,5.742869560830659,8.121644019866338,0.8392841897749787,0.8392629992518919,0.8392629992518919,-0.100180148541269,-1.7444266752034459,10.0,1.0,0.9876536481702503,streaming_receding_h1,h1_strict,h1_strict_wrong_cell,strict_fold_local_streaming,-0.36100269615725405,0.5
2,wrong_cell,h1_strict,update_only,6,11967,7.088054282753473,10.024022497506662,0.8690831674941779,0.869305323752351,0.869305323752351,6.947797820432563,9.825669906281961,0.8743591612530991,0.8744264501072796,0.8744264501072796,-0.1402564623209095,-2.0187182463547457,10.0,1.0,0.9876536481702503,streaming_receding_h1,h1_strict,h1_strict_wrong_cell,strict_fold_local_streaming,-0.36100269615725405,0.5
2,stale_time,h1_strict,update_only,1,13633,3.1581654170413263,4.466320364997525,0.4889422575321225,0.48902494992238077,0.48902494992238077,3.0963014977109995,4.378831571259022,0.5087787008414699,0.5088474157638294,0.5088474157638294,-0.061863919330326755,-1.9979940382440422,10.0,1.0,0.9876536481702503,streaming_receding_h1,h1_strict,h1_strict_stale_time,strict_fold_local_streaming,-0.36100269615725405,0.5
2,stale_time,h1_strict,update_only,2,13298,4.197332201081511,5.935924124554788,0.7224287034021272,0.7225348759227117,0.7225348759227117,4.14208300965924,5.857789968735265,0.7297402724068278,0.7297913097623758,0.7297913097623758,-0.055249191422270805,-1.3338504152000574,10.0,1.0,0.9876536481702503,streaming_receding_h1,h1_strict,h1_strict_stale_time,strict_fold_local_streaming,-0.36100269615725405,0.5
2,stale_time,h1_strict,update_only,4,12631,5.460471218342811,7.72227245392834,0.8545428654344962,0.8546824053245193,0.8546824053245193,5.742869560830659,8.121644019866338,0.8392841897749787,0.8392629992518919,0.8392629992518919,0.28239834248784845,4.917373440169201,10.0,1.0,0.9876536481702503,streaming_receding_h1,h1_strict,h1_strict_stale_time,strict_fold_local_streaming,-0.36100269615725405,0.5
2,stale_time,h1_strict,update_only,6,11967,6.439225223734734,9.10643964258059,0.8918496702721835,0.8921373567569789,0.8921373567569789,6.947797820432563,9.825669906281961,0.8743591612530991,0.8744264501072796,0.8744264501072796,0.508572596697829,7.3199107090045645,10.0,1.0,0.9876536481702503,streaming_receding_h1,h1_strict,h1_strict_stale_time,strict_fold_local_streaming,-0.36100269615725405,0.5
2,real,h1_strict,update_only,1,13633,3.195758323522785,4.5194847631926285,0.4767372098809688,0.47678786848543675,0.47678786848543675,3.0963014977109995,4.378831571259022,0.5087787008414699,0.5088474157638294,0.5088474157638294,-0.09945682581178561,-3.212116968754851,1.0,1.5,0.9299744236826498,streaming_receding_h1,balanced_guard2,balanced_guard2_real,strict_fold_local_streaming,-1.985396597596984,2.0
2,real,h1_strict,update_only,2,13298,3.7875816406232703,5.356449324764767,0.7739204812514306,0.7740638512836036,0.7740638512836036,4.14208300965924,5.857789968735265,0.7297402724068278,0.7297913097623758,0.7297913097623758,0.35450136903596974,8.558528841872093,1.0,1.5,0.9299744236826498,streaming_receding_h1,balanced_guard2,balanced_guard2_real,strict_fold_local_streaming,-1.985396597596984,2.0
2,real,h1_strict,update_only,4,12631,4.84972285229573,6.85854383146735,0.8852576651762798,0.8853717143275094,0.8853717143275094,5.742869560830659,8.121644019866338,0.8392841897749787,0.8392629992518919,0.8392629992518919,0.8931467085349292,15.552272240808875,1.0,1.5,0.9299744236826498,streaming_receding_h1,balanced_guard2,balanced_guard2_real,strict_fold_local_streaming,-1.985396597596984,2.0
2,real,h1_strict,update_only,6,11967,5.695861209266389,8.055164171539344,0.9153971145015867,0.9156038521677639,0.9156038521677639,6.947797820432563,9.825669906281961,0.8743591612530991,0.8744264501072796,0.8744264501072796,1.2519366111661743,18.01918598558514,1.0,1.5,0.9299744236826498,streaming_receding_h1,balanced_guard2,balanced_guard2_real,strict_fold_local_streaming,-1.985396597596984,2.0
2,wrong_cell,h1_strict,update_only,1,13633,3.22740972202125,4.564246600217232,0.4663783687805221,0.46637256003976113,0.46637256003976113,3.0963014977109995,4.378831571259022,0.5087787008414699,0.5088474157638294,0.5088474157638294,-0.1311082243102506,-4.234349413555976,1.0,1.5,0.9299744236826498,streaming_receding_h1,balanced_guard2,balanced_guard2_wrong_cell,strict_fold_local_streaming,-1.985396597596984,2.0
2,wrong_cell,h1_strict,update_only,2,13298,4.26600973272966,6.033048821241907,0.7133195169882112,0.7133807205110684,0.7133807205110684,4.14208300965924,5.857789968735265,0.7297402724068278,0.7297913097623758,0.7297913097623758,-0.12392672307042041,-2.991893759285514,1.0,1.5,0.9299744236826498,streaming_receding_h1,balanced_guard2,balanced_guard2_wrong_cell,strict_fold_local_streaming,-1.985396597596984,2.0
2,wrong_cell,h1_strict,update_only,4,12631,5.88988138502525,8.329550135471537,0.8309278862311643,0.8309282478131775,0.8309282478131775,5.742869560830659,8.121644019866338,0.8392841897749787,0.8392629992518919,0.8392629992518919,-0.1470118241945908,-2.559901851110941,1.0,1.5,0.9299744236826498,streaming_receding_h1,balanced_guard2,balanced_guard2_wrong_cell,strict_fold_local_streaming,-1.985396597596984,2.0
2,wrong_cell,h1_strict,update_only,6,11967,7.10126263922248,10.042701934361789,0.868734487394376,0.868817779436318,0.868817779436318,6.947797820432563,9.825669906281961,0.8743591612530991,0.8744264501072796,0.8744264501072796,-0.15346481878991636,-2.2088267787326283,1.0,1.5,0.9299744236826498,streaming_receding_h1,balanced_guard2,balanced_guard2_wrong_cell,strict_fold_local_streaming,-1.985396597596984,2.0
2,stale_time,h1_strict,update_only,1,13633,3.1761017044789623,4.4916861059504525,0.4830798870650223,0.48320446890942825,0.48320446890942825,3.0963014977109995,4.378831571259022,0.5087787008414699,0.5088474157638294,0.5088474157638294,-0.07980020676796284,-2.5772750756654896,1.0,1.5,0.9299744236826498,streaming_receding_h1,balanced_guard2,balanced_guard2_stale_time,strict_fold_local_streaming,-1.985396597596984,2.0
2,stale_time,h1_strict,update_only,2,13298,4.288876184606224,6.065386867609096,0.7101995880580178,0.7102998409570032,0.7102998409570032,4.14208300965924,5.857789968735265,0.7297402724068278,0.7297913097623758,0.7297913097623758,-0.14679317494698374,-3.5439457539760917,1.0,1.5,0.9299744236826498,streaming_receding_h1,balanced_guard2,balanced_guard2_stale_time,strict_fold_local_streaming,-1.985396597596984,2.0
2,stale_time,h1_strict,update_only,4,12631,5.262669377508875,7.442538407958625,0.8649560096276787,0.8650197806643718,0.8650197806643718,5.742869560830659,8.121644019866338,0.8392841897749787,0.8392629992518919,0.8392629992518919,0.4802001833217844,8.361676653723741,1.0,1.5,0.9299744236826498,streaming_receding_h1,balanced_guard2,balanced_guard2_stale_time,strict_fold_local_streaming,-1.985396597596984,2.0
2,stale_time,h1_strict,update_only,6,11967,6.042535806423529,8.5454360885692,0.9048448344453002,0.9050177850976541,0.9050177850976541,6.947797820432563,9.825669906281961,0.8743591612530991,0.8744264501072796,0.8744264501072796,0.9052620140090344,13.029481245795283,1.0,1.5,0.9299744236826498,streaming_receding_h1,balanced_guard2,balanced_guard2_stale_time,strict_fold_local_streaming,-1.985396597596984,2.0
2,real,h1_strict,update_only,1,13633,3.274914643245724,4.631428704092349,0.4505177647681698,0.4505477982865371,0.4505477982865371,3.0963014977109995,4.378831571259022,0.5087787008414699,0.5088474157638294,0.5088474157638294,-0.17861314553472463,-5.768596684359317,10.0,2.0,0.8704743626671632,streaming_receding_h1,trajectory_guard5,trajectory_guard5_real,strict_fold_local_streaming,-3.5467212779478947,5.0
2,real,h1_strict,update_only,2,13298,3.734858998577228,5.281888249339112,0.7801675719124647,0.7803100766680364,0.7803100766680364,4.14208300965924,5.857789968735265,0.7297402724068278,0.7297913097623758,0.7297913097623758,0.407224011082012,9.831382184576581,10.0,2.0,0.8704743626671632,streaming_receding_h1,trajectory_guard5,trajectory_guard5_real,strict_fold_local_streaming,-3.5467212779478947,5.0
2,real,h1_strict,update_only,4,12631,4.662399092051141,6.5936280291747265,0.8939476411799762,0.8940558826438714,0.8940558826438714,5.742869560830659,8.121644019866338,0.8392841897749787,0.8392629992518919,0.8392629992518919,1.0804704687795184,18.814121709273806,10.0,2.0,0.8704743626671632,streaming_receding_h1,trajectory_guard5,trajectory_guard5_real,strict_fold_local_streaming,-3.5467212779478947,5.0
2,real,h1_strict,update_only,6,11967,5.411668069736106,7.65325437928223,0.9236309518270926,0.9238155863765467,0.9238155863765467,6.947797820432563,9.825669906281961,0.8743591612530991,0.8744264501072796,0.8744264501072796,1.5361297506964569,22.109591994443196,10.0,2.0,0.8704743626671632,streaming_receding_h1,trajectory_guard5,trajectory_guard5_real,strict_fold_local_streaming,-3.5467212779478947,5.0
2,wrong_cell,h1_strict,update_only,1,13633,3.3094891442750267,4.680324432360272,0.4389321364388715,0.43888501179817585,0.43888501179817585,3.0963014977109995,4.378831571259022,0.5087787008414699,0.5088474157638294,0.5088474157638294,-0.21318764656402722,-6.885235392019488,10.0,2.0,0.8704743626671632,streaming_receding_h1,trajectory_guard5,trajectory_guard5_wrong_cell,strict_fold_local_streaming,-3.5467212779478947,5.0
2,wrong_cell,h1_strict,update_only,2,13298,4.326288777931791,6.1182962644936625,0.7051892400155897,0.705223589502403,0.705223589502403,4.14208300965924,5.857789968735265,0.7297402724068278,0.7297913097623758,0.7297913097623758,-0.18420576827255086,-4.447177129067364,10.0,2.0,0.8704743626671632,streaming_receding_h1,trajectory_guard5,trajectory_guard5_wrong_cell,strict_fold_local_streaming,-3.5467212779478947,5.0
2,wrong_cell,h1_strict,update_only,4,12631,5.95825170784848,8.426240373271977,0.8270170083122136,0.8269802626611173,0.8269802626611173,5.742869560830659,8.121644019866338,0.8392841897749787,0.8392629992518919,0.8392629992518919,-0.215382147017821,-3.7504272861574055,10.0,2.0,0.8704743626671632,streaming_receding_h1,trajectory_guard5,trajectory_guard5_wrong_cell,strict_fold_local_streaming,-3.5467212779478947,5.0
2,wrong_cell,h1_strict,update_only,6,11967,7.164897447117867,10.132695142726451,0.8664267727753736,0.8664561831455806,0.8664561831455806,6.947797820432563,9.825669906281961,0.8743591612530991,0.8744264501072796,0.8744264501072796,-0.2170996266853038,-3.1247257375112767,10.0,2.0,0.8704743626671632,streaming_receding_h1,trajectory_guard5,trajectory_guard5_wrong_cell,strict_fold_local_streaming,-3.5467212779478947,5.0
2,stale_time,h1_strict,update_only,1,13633,3.21303027008968,4.543910984276113,0.4709724627696946,0.47111703128923776,0.47111703128923776,3.0963014977109995,4.378831571259022,0.5087787008414699,0.5088474157638294,0.5088474157638294,-0.11672877237868029,-3.7699420571599465,10.0,2.0,0.8704743626671632,streaming_receding_h1,trajectory_guard5,trajectory_guard5_stale_time,strict_fold_local_streaming,-3.5467212779478947,5.0
2,stale_time,h1_strict,update_only,2,13298,4.370496207934976,6.180815011561826,0.6990638447173059,0.6991685676203121,0.6991685676203121,4.14208300965924,5.857789968735265,0.7297402724068278,0.7297913097623758,0.7297913097623758,-0.22841319827573603,-5.514452456483412,10.0,2.0,0.8704743626671632,streaming_receding_h1,trajectory_guard5,trajectory_guard5_stale_time,strict_fold_local_streaming,-3.5467212779478947,5.0
2,stale_time,h1_strict,update_only,4,12631,5.184753511495798,7.332348733518887,0.8689415806921243,0.8689870623053931,0.8689870623053931,5.742869560830659,8.121644019866338,0.8392841897749787,0.8392629992518919,0.8392629992518919,0.5581160493348607,9.718417655548034,10.0,2.0,0.8704743626671632,streaming_receding_h1,trajectory_guard5,trajectory_guard5_stale_time,strict_fold_local_streaming,-3.5467212779478947,5.0
2,stale_time,h1_strict,update_only,6,11967,5.85175296588766,8.275628408015312,0.910776774705536,0.9109209051604678,0.9109209051604678,6.947797820432563,9.825669906281961,0.8743591612530991,0.8744264501072796,0.8744264501072796,1.0960448545449033,15.775428169794736,10.0,2.0,0.8704743626671632,streaming_receding_h1,trajectory_guard5,trajectory_guard5_stale_time,strict_fold_local_streaming,-3.5467212779478947,5.0
2,real,h1_strict,update_only,1,13633,3.481854365913384,4.92408566648268,0.3789300388114778,0.3789148407119195,0.3789148407119195,3.0963014977109995,4.378831571259022,0.5087787008414699,0.5088474157638294,0.5088474157638294,-0.3855528682023843,-12.45204539956499,30.0,4.0,0.7614652503682233,streaming_receding_h1,h6_guard10,h6_guard10_real,strict_fold_local_streaming,-8.758882633674446,10.0
2,real,h1_strict,update_only,2,13298,3.6803550885316163,5.204808080550245,0.7865138959972466,0.7866752915488631,0.7866752915488631,4.14208300965924,5.857789968735265,0.7297402724068278,0.7297913097623758,0.7297913097623758,0.46172792112762373,11.147239687154629,30.0,4.0,0.7614652503682233,streaming_receding_h1,h6_guard10,h6_guard10_real,strict_fold_local_streaming,-8.758882633674446,10.0
2,real,h1_strict,update_only,4,12631,4.302207095160666,6.084239622113971,0.9096598458408848,0.9097929292482085,0.9097929292482085,5.742869560830659,8.121644019866338,0.8392841897749787,0.8392629992518919,0.8392629992518919,1.440662465669993,25.086108093000338,30.0,4.0,0.7614652503682233,streaming_receding_h1,h6_guard10,h6_guard10_real,strict_fold_local_streaming,-8.758882633674446,10.0
2,real,h1_strict,update_only,6,11967,4.833106424001699,6.835044653215733,0.9390415871546,0.9392345743815272,0.9392345743815272,6.947797820432563,9.825669906281961,0.8743591612530991,0.8744264501072796,0.8744264501072796,2.114691396430864,30.436858571385503,30.0,4.0,0.7614652503682233,streaming_receding_h1,h6_guard10,h6_guard10_real,strict_fold_local_streaming,-8.758882633674446,10.0
2,wrong_cell,h1_strict,update_only,1,13633,3.5038701433368193,4.9552206775010905,0.3711813309195383,0.3710357621942926,0.3710357621942926,3.0963014977109995,4.378831571259022,0.5087787008414699,0.5088474157638294,0.5088474157638294,-0.40756864562581985,-13.163080078833499,30.0,4.0,0.7614652503682233,streaming_receding_h1,h6_guard10,h6_guard10_wrong_cell,strict_fold_local_streaming,-8.758882633674446,10.0
2,wrong_cell,h1_strict,update_only,2,13298,4.520957691717442,6.393599682541768,0.6781089900725092,0.6780987955515632,0.6780987955515632,4.14208300965924,5.857789968735265,0.7297402724068278,0.7297913097623758,0.7297913097623758,-0.37887468205820163,-9.146960144803346,30.0,4.0,0.7614652503682233,streaming_receding_h1,h6_guard10,h6_guard10_wrong_cell,strict_fold_local_streaming,-8.758882633674446,10.0
2,wrong_cell,h1_strict,update_only,4,12631,6.207520859568042,8.778760188315019,0.8122855157668181,0.8122005433872463,0.8122005433872463,5.742869560830659,8.121644019866338,0.8392841897749787,0.8392629992518919,0.8392629992518919,-0.4646512987373832,-8.090925517559121,30.0,4.0,0.7614652503682233,streaming_receding_h1,h6_guard10,h6_guard10_wrong_cell,strict_fold_local_streaming,-8.758882633674446,10.0
2,wrong_cell,h1_strict,update_only,6,11967,7.443811968742852,10.52713984195131,0.8558889337190086,0.8558566483619117,0.8558566483619117,6.947797820432563,9.825669906281961,0.8743591612530991,0.8744264501072796,0.8744264501072796,-0.4960141483102891,-7.139156336005871,30.0,4.0,0.7614652503682233,streaming_receding_h1,h6_guard10,h6_guard10_wrong_cell,strict_fold_local_streaming,-8.758882633674446,10.0
2,stale_time,h1_strict,update_only,1,13633,3.3517180144856176,4.740045073335782,0.4243047947268411,0.4244740704583374,0.4244740704583374,3.0963014977109995,4.378831571259022,0.5087787008414699,0.5088474157638294,0.5088474157638294,-0.2554165167746181,-8.249084172308145,30.0,4.0,0.7614652503682233,streaming_receding_h1,h6_guard10,h6_guard10_stale_time,strict_fold_local_streaming,-8.758882633674446,10.0
2,stale_time,h1_strict,update_only,2,13298,4.616865634278779,6.52923399565131,0.6641769753956965,0.6642962544982383,0.6642962544982383,4.14208300965924,5.857789968735265,0.7297402724068278,0.7297913097623758,0.7297913097623758,-0.4747826246195386,-11.462412112754784,30.0,4.0,0.7614652503682233,streaming_receding_h1,h6_guard10,h6_guard10_stale_time,strict_fold_local_streaming,-8.758882633674446,10.0
2,stale_time,h1_strict,update_only,4,12631,5.122267044999545,7.243979525135113,0.8720872444368766,0.8721259593059734,0.8721259593059734,5.742869560830659,8.121644019866338,0.8392841897749787,0.8392629992518919,0.8392629992518919,0.6206025158311137,10.806488102462641,30.0,4.0,0.7614652503682233,streaming_receding_h1,h6_guard10,h6_guard10_stale_time,strict_fold_local_streaming,-8.758882633674446,10.0
2,stale_time,h1_strict,update_only,6,11967,5.558306098343415,7.86063186809834,0.9194942263561907,0.9196309661894789,0.9196309661894789,6.947797820432563,9.825669906281961,0.8743591612530991,0.8744264501072796,0.8744264501072796,1.389491722089148,19.99902354675369,30.0,4.0,0.7614652503682233,streaming_receding_h1,h6_guard10,h6_guard10_stale_time,strict_fold_local_streaming,-8.758882633674446,10.0
3,no_update,h1_strict,none,1,12799,3.245848157306301,4.59032248546629,0.5450646143370472,0.5452556181768187,0.5452556181768187,3.245848157306301,4.59032248546629,0.5450646143370472,0.5452556181768187,0.5452556181768187,0.0,0.0,,0.0,,streaming_receding_h1,no_update,no_update,strict_fold_local_streaming,,
3,no_update,h1_strict,none,2,12481,4.579836603376913,6.4768670379483595,0.7276384946859968,0.7277970767531232,0.7277970767531232,4.579836603376913,6.4768670379483595,0.7276384946859968,0.7277970767531232,0.7277970767531232,0.0,0.0,,0.0,,streaming_receding_h1,no_update,no_update,strict_fold_local_streaming,,
3,no_update,h1_strict,none,4,11850,6.295456553085701,8.903120038704376,0.8406201675001549,0.8406834707262508,0.8406834707262508,6.295456553085701,8.903120038704376,0.8406201675001549,0.8406834707262508,0.8406834707262508,0.0,0.0,,0.0,,streaming_receding_h1,no_update,no_update,strict_fold_local_streaming,,
3,no_update,h1_strict,none,6,11222,7.62439900396513,10.782528476351404,0.8757454033344809,0.8758477940384412,0.8758477940384412,7.62439900396513,10.782528476351404,0.8757454033344809,0.8758477940384412,0.8758477940384412,0.0,0.0,,0.0,,streaming_receding_h1,no_update,no_update,strict_fold_local_streaming,,
3,real,h1_strict,update_only,1,12799,3.308686700572854,4.679189605593618,0.5273388243169159,0.5274777807880295,0.5274777807880295,3.245848157306301,4.59032248546629,0.5450646143370472,0.5452556181768187,0.5452556181768187,-0.06283854326655325,-1.9359668173357305,1.0,3.0,0.9674648478102684,streaming_receding_h1,h1_strict,h1_strict_real,strict_fold_local_streaming,1.5899031690791168,0.5
3,real,h1_strict,update_only,2,12481,4.241676280924023,5.998636123679024,0.7664075057561266,0.7665102293128429,0.7665102293128429,4.579836603376913,6.4768670379483595,0.7276384946859968,0.7277970767531232,0.7277970767531232,0.3381603224528904,7.383676574914267,1.0,3.0,0.9674648478102684,streaming_receding_h1,h1_strict,h1_strict_real,strict_fold_local_streaming,1.5899031690791168,0.5
3,real,h1_strict,update_only,4,11850,5.431237303803221,7.680929455505197,0.8814755336706553,0.8814220516949006,0.8814220516949006,6.295456553085701,8.903120038704376,0.8406201675001549,0.8406834707262508,0.8406834707262508,0.8642192492824803,13.727666007938463,1.0,3.0,0.9674648478102684,streaming_receding_h1,h1_strict,h1_strict_real,strict_fold_local_streaming,1.5899031690791168,0.5
3,real,h1_strict,update_only,6,11222,6.489285189624499,9.177235125273828,0.9101027753307612,0.9100633036823821,0.9100633036823821,7.62439900396513,10.782528476351404,0.8757454033344809,0.8758477940384412,0.8758477940384412,1.135113814340631,14.88791200133028,1.0,3.0,0.9674648478102684,streaming_receding_h1,h1_strict,h1_strict_real,strict_fold_local_streaming,1.5899031690791168,0.5
3,wrong_cell,h1_strict,update_only,1,12799,3.3829953242518376,4.784277869001715,0.5058834125692296,0.5060150263393899,0.5060150263393899,3.245848157306301,4.59032248546629,0.5450646143370472,0.5452556181768187,0.5452556181768187,-0.13714716694553664,-4.225310621411008,1.0,3.0,0.9674648478102684,streaming_receding_h1,h1_strict,h1_strict_wrong_cell,strict_fold_local_streaming,1.5899031690791168,0.5
3,wrong_cell,h1_strict,update_only,2,12481,4.842793439879033,6.848744162448382,0.6955718259015827,0.6956420094029374,0.6956420094029374,4.579836603376913,6.4768670379483595,0.7276384946859968,0.7277970767531232,0.7277970767531232,-0.26295683650212,-5.741620482884268,1.0,3.0,0.9674648478102684,streaming_receding_h1,h1_strict,h1_strict_wrong_cell,strict_fold_local_streaming,1.5899031690791168,0.5
3,wrong_cell,h1_strict,update_only,4,11850,6.741382024398649,9.53375388804276,0.8173951564012663,0.8173144269210116,0.8173144269210116,6.295456553085701,8.903120038704376,0.8406201675001549,0.8406834707262508,0.8406834707262508,-0.4459254713129477,-7.083290426242057,1.0,3.0,0.9674648478102684,streaming_receding_h1,h1_strict,h1_strict_wrong_cell,strict_fold_local_streaming,1.5899031690791168,0.5
3,wrong_cell,h1_strict,update_only,6,11222,8.277515814273324,11.706175127303107,0.8537127387219368,0.8536666729093829,0.8536666729093829,7.62439900396513,10.782528476351404,0.8757454033344809,0.8758477940384412,0.8758477940384412,-0.6531168103081937,-8.56614154071075,1.0,3.0,0.9674648478102684,streaming_receding_h1,h1_strict,h1_strict_wrong_cell,strict_fold_local_streaming,1.5899031690791168,0.5
3,stale_time,h1_strict,update_only,1,12799,3.3783305287451393,4.7776808519304454,0.5073228479248106,0.5073763939701751,0.5073763939701751,3.245848157306301,4.59032248546629,0.5450646143370472,0.5452556181768187,0.5452556181768187,-0.13248237143883834,-4.081594856513073,1.0,3.0,0.9674648478102684,streaming_receding_h1,h1_strict,h1_strict_stale_time,strict_fold_local_streaming,1.5899031690791168,0.5
3,stale_time,h1_strict,update_only,2,12481,4.773468966609683,6.750704552146496,0.7042964668788682,0.7042933956441371,0.7042933956441371,4.579836603376913,6.4768670379483595,0.7276384946859968,0.7277970767531232,0.7277970767531232,-0.1936323632327701,-4.2279316928031125,1.0,3.0,0.9674648478102684,streaming_receding_h1,h1_strict,h1_strict_stale_time,strict_fold_local_streaming,1.5899031690791168,0.5
3,stale_time,h1_strict,update_only,4,11850,5.900480229078954,8.344539164477762,0.860125104224182,0.860047360536806,0.860047360536806,6.295456553085701,8.903120038704376,0.8406201675001549,0.8406834707262508,0.8406834707262508,0.3949763240067474,6.273990149501562,1.0,3.0,0.9674648478102684,streaming_receding_h1,h1_strict,h1_strict_stale_time,strict_fold_local_streaming,1.5899031690791168,0.5
3,stale_time,h1_strict,update_only,6,11222,6.856670464598645,9.696796363758434,0.8996316378957664,0.8995916654111766,0.8995916654111766,7.62439900396513,10.782528476351404,0.8757454033344809,0.8758477940384412,0.8758477940384412,0.7677285393664848,10.069364666870417,1.0,3.0,0.9674648478102684,streaming_receding_h1,h1_strict,h1_strict_stale_time,strict_fold_local_streaming,1.5899031690791168,0.5
3,real,h1_strict,update_only,1,12799,3.328495949966274,4.707204114746223,0.5216292505067995,0.521802821733649,0.521802821733649,3.245848157306301,4.59032248546629,0.5450646143370472,0.5452556181768187,0.5452556181768187,-0.08264779265997291,-2.546261829098054,1.0,2.0,0.9220430649120459,streaming_receding_h1,balanced_guard2,balanced_guard2_real,strict_fold_local_streaming,-1.952640090628324,2.0
3,real,h1_strict,update_only,2,12481,4.155290847308033,5.87646867186781,0.7758093251588558,0.7759238303415752,0.7759238303415752,4.579836603376913,6.4768670379483595,0.7276384946859968,0.7277970767531232,0.7277970767531232,0.4245457560688797,9.269888706418994,1.0,2.0,0.9220430649120459,streaming_receding_h1,balanced_guard2,balanced_guard2_real,strict_fold_local_streaming,-1.952640090628324,2.0
3,real,h1_strict,update_only,4,11850,5.189594397360179,7.339194779962194,0.891763975692583,0.8917387077582111,0.8917387077582111,6.295456553085701,8.903120038704376,0.8406201675001549,0.8406834707262508,0.8406834707262508,1.1058621557255224,17.566035860949384,1.0,2.0,0.9220430649120459,streaming_receding_h1,balanced_guard2,balanced_guard2_real,strict_fold_local_streaming,-1.952640090628324,2.0
3,real,h1_strict,update_only,6,11222,6.084761593366211,8.605152369145419,0.9209327300378536,0.9209266128603549,0.9209266128603549,7.62439900396513,10.782528476351404,0.8757454033344809,0.8758477940384412,0.8758477940384412,1.5396374105989192,20.19355767973605,1.0,2.0,0.9220430649120459,streaming_receding_h1,balanced_guard2,balanced_guard2_real,strict_fold_local_streaming,-1.952640090628324,2.0
3,wrong_cell,h1_strict,update_only,1,12799,3.3967437484056124,4.803721076901241,0.5018131836805385,0.5019917779571333,0.5019917779571333,3.245848157306301,4.59032248546629,0.5450646143370472,0.5452556181768187,0.5452556181768187,-0.1508955910993115,-4.6488801627904355,1.0,2.0,0.9220430649120459,streaming_receding_h1,balanced_guard2,balanced_guard2_wrong_cell,strict_fold_local_streaming,-1.952640090628324,2.0
3,wrong_cell,h1_strict,update_only,2,12481,4.806821654385184,6.797872375540205,0.7000402395009984,0.7001466982963644,0.7001466982963644,4.579836603376913,6.4768670379483595,0.7276384946859968,0.7277970767531232,0.7277970767531232,-0.2269850510082705,-4.956182297877276,1.0,2.0,0.9220430649120459,streaming_receding_h1,balanced_guard2,balanced_guard2_wrong_cell,strict_fold_local_streaming,-1.952640090628324,2.0
3,wrong_cell,h1_strict,update_only,4,11850,6.636265073916142,9.385096071035099,0.8229918550625197,0.8229671650008306,0.8229671650008306,6.295456553085701,8.903120038704376,0.8406201675001549,0.8406834707262508,0.8406834707262508,-0.340808520830441,-5.413563225424764,1.0,2.0,0.9220430649120459,streaming_receding_h1,balanced_guard2,balanced_guard2_wrong_cell,strict_fold_local_streaming,-1.952640090628324,2.0
3,wrong_cell,h1_strict,update_only,6,11222,8.067683851907205,11.409427920305582,0.860975186851981,0.8609916299336595,0.8609916299336595,7.62439900396513,10.782528476351404,0.8757454033344809,0.8758477940384412,0.8758477940384412,-0.443284847942075,-5.814030033207091,1.0,2.0,0.9220430649120459,streaming_receding_h1,balanced_guard2,balanced_guard2_wrong_cell,strict_fold_local_streaming,-1.952640090628324,2.0
3,stale_time,h1_strict,update_only,1,12799,3.4096132005348885,4.821921230642775,0.498070712674653,0.4982109603790549,0.4982109603790549,3.245848157306301,4.59032248546629,0.5450646143370472,0.5452556181768187,0.5452556181768187,-0.16376504322858754,-5.045369816821457,1.0,2.0,0.9220430649120459,streaming_receding_h1,balanced_guard2,balanced_guard2_stale_time,strict_fold_local_streaming,-1.952640090628324,2.0
3,stale_time,h1_strict,update_only,2,12481,4.814193134020624,6.808297222015402,0.6991380384173942,0.6992263157600874,0.6992263157600874,4.579836603376913,6.4768670379483595,0.7276384946859968,0.7277970767531232,0.7277970767531232,-0.2343565306437112,-5.1171373771481266,1.0,2.0,0.9220430649120459,streaming_receding_h1,balanced_guard2,balanced_guard2_stale_time,strict_fold_local_streaming,-1.952640090628324,2.0
3,stale_time,h1_strict,update_only,4,11850,5.759786820556399,8.145568638008667,0.866673756974474,0.8666419630348691,0.8666419630348691,6.295456553085701,8.903120038704376,0.8406201675001549,0.8406834707262508,0.8406834707262508,0.5356697325293025,8.508830583013799,1.0,2.0,0.9220430649120459,streaming_receding_h1,balanced_guard2,balanced_guard2_stale_time,strict_fold_local_streaming,-1.952640090628324,2.0
3,stale_time,h1_strict,update_only,6,11222,6.565264415921376,9.284685977561487,0.9079349885941426,0.9079449427016478,0.9079449427016478,7.62439900396513,10.782528476351404,0.8757454033344809,0.8758477940384412,0.8758477940384412,1.0591345880437535,13.891384586417134,1.0,2.0,0.9220430649120459,streaming_receding_h1,balanced_guard2,balanced_guard2_stale_time,strict_fold_local_streaming,-1.952640090628324,2.0
3,real,h1_strict,update_only,1,12799,3.339517246541359,4.7227905818376446,0.5184371653977403,0.5186307713039748,0.5186307713039748,3.245848157306301,4.59032248546629,0.5450646143370472,0.5452556181768187,0.5452556181768187,-0.09366908923505823,-2.8858124192966974,1.0,2.0,0.8775799052469153,streaming_receding_h1,trajectory_guard5,trajectory_guard5_real,strict_fold_local_streaming,-3.303862741618006,5.0
3,real,h1_strict,update_only,2,12481,4.138857986059367,5.853229096621352,0.7775679795376519,0.777692626677123,0.777692626677123,4.579836603376913,6.4768670379483595,0.7276384946859968,0.7277970767531232,0.7277970767531232,0.44097861731754584,9.628697604460235,1.0,2.0,0.8775799052469153,streaming_receding_h1,trajectory_guard5,trajectory_guard5_real,strict_fold_local_streaming,-3.303862741618006,5.0
3,real,h1_strict,update_only,4,11850,5.1359332286707575,7.263306427428823,0.8939794120649383,0.8939660079501534,0.8939660079501534,6.295456553085701,8.903120038704376,0.8406201675001549,0.8406834707262508,0.8406834707262508,1.1595233244149439,18.418415163974192,1.0,2.0,0.8775799052469153,streaming_receding_h1,trajectory_guard5,trajectory_guard5_real,strict_fold_local_streaming,-3.303862741618006,5.0
3,real,h1_strict,update_only,6,11222,5.990276084832386,8.471529681529166,0.9233576814452058,0.9233632839362779,0.9233632839362779,7.62439900396513,10.782528476351404,0.8757454033344809,0.8758477940384412,0.8758477940384412,1.6341229191327438,21.432809566798706,1.0,2.0,0.8775799052469153,streaming_receding_h1,trajectory_guard5,trajectory_guard5_real,strict_fold_local_streaming,-3.303862741618006,5.0
3,wrong_cell,h1_strict,update_only,1,12799,3.4086706601938834,4.820588277309442,0.4982857018536839,0.4984883472928071,0.4984883472928071,3.245848157306301,4.59032248546629,0.5450646143370472,0.5452556181768187,0.5452556181768187,-0.1628225028875825,-5.016331479372324,1.0,2.0,0.8775799052469153,streaming_receding_h1,trajectory_guard5,trajectory_guard5_wrong_cell,strict_fold_local_streaming,-3.303862741618006,5.0
3,wrong_cell,h1_strict,update_only,2,12481,4.8078664327087814,6.79934991521511,0.6998945661115212,0.7000163359494146,0.7000163359494146,4.579836603376913,6.4768670379483595,0.7276384946859968,0.7277970767531232,0.7277970767531232,-0.22802982933186833,-4.978994865531491,1.0,2.0,0.8775799052469153,streaming_receding_h1,trajectory_guard5,trajectory_guard5_wrong_cell,strict_fold_local_streaming,-3.303862741618006,5.0
3,wrong_cell,h1_strict,update_only,4,11850,6.623967216520412,9.367704274317926,0.8236296846836113,0.8236226865293638,0.8236226865293638,6.295456553085701,8.903120038704376,0.8406201675001549,0.8406834707262508,0.8406834707262508,-0.32851066343471036,-5.218218260496003,1.0,2.0,0.8775799052469153,streaming_receding_h1,trajectory_guard5,trajectory_guard5_wrong_cell,strict_fold_local_streaming,-3.303862741618006,5.0
3,wrong_cell,h1_strict,update_only,6,11222,8.032757376350638,11.36003442488759,0.862157512872767,0.862192609863202,0.862192609863202,7.62439900396513,10.782528476351404,0.8757454033344809,0.8758477940384412,0.8758477940384412,-0.408358372385508,-5.35594178863328,1.0,2.0,0.8775799052469153,streaming_receding_h1,trajectory_guard5,trajectory_guard5_wrong_cell,strict_fold_local_streaming,-3.303862741618006,5.0
3,stale_time,h1_strict,update_only,1,12799,3.4241332714031083,4.84245571179123,0.49375191540976293,0.4939280543849144,0.4939280543849144,3.245848157306301,4.59032248546629,0.5450646143370472,0.5452556181768187,0.5452556181768187,-0.17828511409680736,-5.492712704243211,1.0,2.0,0.8775799052469153,streaming_receding_h1,trajectory_guard5,trajectory_guard5_stale_time,strict_fold_local_streaming,-3.303862741618006,5.0
3,stale_time,h1_strict,update_only,2,12481,4.834246045785874,6.836656321798889,0.6965899749077558,0.6967154278605618,0.6967154278605618,4.579836603376913,6.4768670379483595,0.7276384946859968,0.7277970767531232,0.7277970767531232,-0.2544094424089609,-5.554989499437027,1.0,2.0,0.8775799052469153,streaming_receding_h1,trajectory_guard5,trajectory_guard5_stale_time,strict_fold_local_streaming,-3.303862741618006,5.0
3,stale_time,h1_strict,update_only,4,11850,5.728806145915403,8.101755347759902,0.868089987451774,0.8680727141342173,0.8680727141342173,6.295456553085701,8.903120038704376,0.8406201675001549,0.8406834707262508,0.8406834707262508,0.5666504071702985,9.000942225430121,1.0,2.0,0.8775799052469153,streaming_receding_h1,trajectory_guard5,trajectory_guard5_stale_time,strict_fold_local_streaming,-3.303862741618006,5.0
3,stale_time,h1_strict,update_only,6,11222,6.4957936985675655,9.18643954689194,0.9098577444238838,0.9098828069653795,0.9098828069653795,7.62439900396513,10.782528476351404,0.8757454033344809,0.8758477940384412,0.8758477940384412,1.1286053053975644,14.80254777865933,1.0,2.0,0.8775799052469153,streaming_receding_h1,trajectory_guard5,trajectory_guard5_stale_time,strict_fold_local_streaming,-3.303862741618006,5.0
3,real,h1_strict,update_only,1,12799,3.5016275344399186,4.952049149583995,0.4705251326712578,0.4707622180244573,0.4707622180244573,3.245848157306301,4.59032248546629,0.5450646143370472,0.5452556181768187,0.5452556181768187,-0.25577937713361765,-7.8802015601951805,10000.0,4.0,0.7722019102503502,streaming_receding_h1,h6_guard10,h6_guard10_real,strict_fold_local_streaming,-9.132563319437057,10.0
3,real,h1_strict,update_only,2,12481,4.054269225959492,5.733602524863784,0.7865466892226832,0.7866866741279925,0.7866866741279925,4.579836603376913,6.4768670379483595,0.7276384946859968,0.7277970767531232,0.7277970767531232,0.5255673774174214,11.475679656996881,10000.0,4.0,0.7722019102503502,streaming_receding_h1,h6_guard10,h6_guard10_real,strict_fold_local_streaming,-9.132563319437057,10.0
3,real,h1_strict,update_only,4,11850,4.700941085338957,6.648134638803249,0.9111833892797268,0.9111666599717856,0.9111666599717856,6.295456553085701,8.903120038704376,0.8406201675001549,0.8406834707262508,0.8406834707262508,1.5945154677467448,25.328035453841665,10000.0,4.0,0.7722019102503502,streaming_receding_h1,h6_guard10,h6_guard10_real,strict_fold_local_streaming,-9.132563319437057,10.0
3,real,h1_strict,update_only,6,11222,5.304001017235614,7.500990173415297,0.9399202418911524,0.9399171664565055,0.9399171664565055,7.62439900396513,10.782528476351404,0.8757454033344809,0.8758477940384412,0.8758477940384412,2.3203979867295157,30.433847776366033,10000.0,4.0,0.7722019102503502,streaming_receding_h1,h6_guard10,h6_guard10_real,strict_fold_local_streaming,-9.132563319437057,10.0
3,wrong_cell,h1_strict,update_only,1,12799,3.5797820258996316,5.0625762913666925,0.446629254554683,0.44687395358847537,0.44687395358847537,3.245848157306301,4.59032248546629,0.5450646143370472,0.5452556181768187,0.5452556181768187,-0.33393386859333063,-10.288031121901254,10000.0,4.0,0.7722019102503502,streaming_receding_h1,h6_guard10,h6_guard10_wrong_cell,strict_fold_local_streaming,-9.132563319437057,10.0
3,wrong_cell,h1_strict,update_only,2,12481,5.034119396860076,7.119319925644985,0.6709934069700465,0.6711181999676814,0.6711181999676814,4.579836603376913,6.4768670379483595,0.7276384946859968,0.7277970767531232,0.7277970767531232,-0.4542827934831628,-9.919192163934413,10000.0,4.0,0.7722019102503502,streaming_receding_h1,h6_guard10,h6_guard10_wrong_cell,strict_fold_local_streaming,-9.132563319437057,10.0
3,wrong_cell,h1_strict,update_only,4,11850,6.943575605611328,9.819698792818517,0.8062124242236876,0.8061915483473034,0.8061915483473034,6.295456553085701,8.903120038704376,0.8406201675001549,0.8406834707262508,0.8406834707262508,-0.6481190525256268,-10.295028598171374,10000.0,4.0,0.7722019102503502,streaming_receding_h1,h6_guard10,h6_guard10_wrong_cell,strict_fold_local_streaming,-9.132563319437057,10.0
3,wrong_cell,h1_strict,update_only,6,11222,8.40966494103915,11.893062214631101,0.8489332367946938,0.8489570029220055,0.8489570029220055,7.62439900396513,10.782528476351404,0.8757454033344809,0.8758477940384412,0.8758477940384412,-0.78526593707402,-10.299381455058112,10000.0,4.0,0.7722019102503502,streaming_receding_h1,h6_guard10,h6_guard10_wrong_cell,strict_fold_local_streaming,-9.132563319437057,10.0
3,stale_time,h1_strict,update_only,1,12799,3.606014319796996,5.099674357168503,0.43851458344560895,0.4387377441888354,0.4387377441888354,3.245848157306301,4.59032248546629,0.5450646143370472,0.5452556181768187,0.5452556181768187,-0.3601661624906951,-11.096211068283418,10000.0,4.0,0.7722019102503502,streaming_receding_h1,h6_guard10,h6_guard10_stale_time,strict_fold_local_streaming,-9.132563319437057,10.0
3,stale_time,h1_strict,update_only,2,12481,5.116738682600217,7.23616124005227,0.660075649812404,0.6602344887661918,0.6602344887661918,4.579836603376913,6.4768670379483595,0.7276384946859968,0.7277970767531232,0.7277970767531232,-0.5369020792233039,-11.723171058710317,10000.0,4.0,0.7722019102503502,streaming_receding_h1,h6_guard10,h6_guard10_stale_time,strict_fold_local_streaming,-9.132563319437057,10.0
3,stale_time,h1_strict,update_only,4,11850,5.657670135742289,8.001153837399976,0.8713575904964026,0.8713287203365685,0.8713287203365685,6.295456553085701,8.903120038704376,0.8406201675001549,0.8406834707262508,0.8406834707262508,0.6377864173434125,10.13090014942289,10000.0,4.0,0.7722019102503502,streaming_receding_h1,h6_guard10,h6_guard10_stale_time,strict_fold_local_streaming,-9.132563319437057,10.0
3,stale_time,h1_strict,update_only,6,11222,6.156686434308265,8.7068694546772,0.9190209614534357,0.9190461926427688,0.9190461926427688,7.62439900396513,10.782528476351404,0.8757454033344809,0.8758477940384412,0.8758477940384412,1.4677125696568654,19.250206723094763,10000.0,4.0,0.7722019102503502,streaming_receding_h1,h6_guard10,h6_guard10_stale_time,strict_fold_local_streaming,-9.132563319437057,10.0
4,no_update,h1_strict,none,1,13260,3.871088065780318,5.474545243767158,0.4462375070684319,0.4478515867257473,0.4478515867257473,3.871088065780318,5.474545243767158,0.4462375070684319,0.4478515867257473,0.4478515867257473,0.0,0.0,,0.0,,streaming_receding_h1,no_update,no_update,strict_fold_local_streaming,,
4,no_update,h1_strict,none,2,12929,4.979604481244714,7.0422241926301155,0.7049388879370132,0.7079656673763965,0.7079656673763965,4.979604481244714,7.0422241926301155,0.7049388879370132,0.7079656673763965,0.7079656673763965,0.0,0.0,,0.0,,streaming_receding_h1,no_update,no_update,strict_fold_local_streaming,,
4,no_update,h1_strict,none,4,12268,6.922230960221259,9.789512905823837,0.8229924453678303,0.8256149310029889,0.8256149310029889,6.922230960221259,9.789512905823837,0.8229924453678303,0.8256149310029889,0.8256149310029889,0.0,0.0,,0.0,,streaming_receding_h1,no_update,no_update,strict_fold_local_streaming,,
4,no_update,h1_strict,none,6,11613,8.475571251287862,11.9862678124308,0.8595748017038662,0.862301973194505,0.862301973194505,8.475571251287862,11.9862678124308,0.8595748017038662,0.862301973194505,0.862301973194505,0.0,0.0,,0.0,,streaming_receding_h1,no_update,no_update,strict_fold_local_streaming,,
4,real,h1_strict,update_only,1,13260,3.816761201712741,5.39771545580159,0.46081506247677656,0.46324054499752454,0.46324054499752454,3.871088065780318,5.474545243767158,0.4462375070684319,0.4478515867257473,0.4478515867257473,0.05432686406757714,1.40340036559272,3000.0,1.0,0.9851032703067562,streaming_receding_h1,h1_strict,h1_strict_real,strict_fold_local_streaming,-0.0008137243427632006,0.5
4,real,h1_strict,update_only,2,12929,4.7504570419033305,6.718160776130464,0.731329402404951,0.7342244633199287,0.7342244633199287,4.979604481244714,7.0422241926301155,0.7049388879370132,0.7079656673763965,0.7079656673763965,0.22914743934138393,4.601719678830911,3000.0,1.0,0.9851032703067562,streaming_receding_h1,h1_strict,h1_strict_real,strict_fold_local_streaming,-0.0008137243427632006,0.5
4,real,h1_strict,update_only,4,12268,6.423949654511174,9.08483672541166,0.8472265838227075,0.8498167895537097,0.8498167895537097,6.922230960221259,9.789512905823837,0.8229924453678303,0.8256149310029889,0.8256149310029889,0.4982813057100852,7.198276228768859,3000.0,1.0,0.9851032703067562,streaming_receding_h1,h1_strict,h1_strict_real,strict_fold_local_streaming,-0.0008137243427632006,0.5
4,real,h1_strict,update_only,6,11613,7.84269715433991,11.09124868125238,0.8791861381346142,0.8820981421350724,0.8820981421350724,8.475571251287862,11.9862678124308,0.8595748017038662,0.862301973194505,0.862301973194505,0.632874096947952,7.467037656627414,3000.0,1.0,0.9851032703067562,streaming_receding_h1,h1_strict,h1_strict_real,strict_fold_local_streaming,-0.0008137243427632006,0.5
4,wrong_cell,h1_strict,update_only,1,13260,3.844065397863725,5.436329420308008,0.45294573174741315,0.45553337828801355,0.45553337828801355,3.871088065780318,5.474545243767158,0.4462375070684319,0.4478515867257473,0.4478515867257473,0.027022667916592802,0.6980638894647746,3000.0,1.0,0.9851032703067562,streaming_receding_h1,h1_strict,h1_strict_wrong_cell,strict_fold_local_streaming,-0.0008137243427632006,0.5
4,wrong_cell,h1_strict,update_only,2,12929,5.026803780687511,7.108974082036627,0.69893655398446,0.7024033215802075,0.7024033215802075,4.979604481244714,7.0422241926301155,0.7049388879370132,0.7079656673763965,0.7079656673763965,-0.04719929944279677,-0.9478523770425782,3000.0,1.0,0.9851032703067562,streaming_receding_h1,h1_strict,h1_strict_wrong_cell,strict_fold_local_streaming,-0.0008137243427632006,0.5
4,wrong_cell,h1_strict,update_only,4,12268,7.037818988961942,9.952979063716883,0.8165458620051629,0.8197425130717126,0.8197425130717126,6.922230960221259,9.789512905823837,0.8229924453678303,0.8256149310029889,0.8256149310029889,-0.11558802874068341,-1.6698089012763713,3000.0,1.0,0.9851032703067562,streaming_receding_h1,h1_strict,h1_strict_wrong_cell,strict_fold_local_streaming,-0.0008137243427632006,0.5
4,wrong_cell,h1_strict,update_only,6,11613,8.696444616031554,12.298629920418309,0.8515686570690683,0.8550316387933613,0.8550316387933613,8.475571251287862,11.9862678124308,0.8595748017038662,0.862301973194505,0.862301973194505,-0.22087336474369224,-2.605999739665106,3000.0,1.0,0.9851032703067562,streaming_receding_h1,h1_strict,h1_strict_wrong_cell,strict_fold_local_streaming,-0.0008137243427632006,0.5
4,stale_time,h1_strict,update_only,1,13260,3.923864525974041,5.549182429547164,0.43100001009134653,0.43269353231303764,0.43269353231303764,3.871088065780318,5.474545243767158,0.4462375070684319,0.4478515867257473,0.4478515867257473,-0.05277646019372284,-1.3633495104453115,3000.0,1.0,0.9851032703067562,streaming_receding_h1,h1_strict,h1_strict_stale_time,strict_fold_local_streaming,-0.0008137243427632006,0.5
4,stale_time,h1_strict,update_only,2,12929,5.008782260712823,7.083487804073847,0.7010264702873026,0.7045333155298734,0.7045333155298734,4.979604481244714,7.0422241926301155,0.7049388879370132,0.7079656673763965,0.7079656673763965,-0.02917777946810851,-0.5859457227577873,3000.0,1.0,0.9851032703067562,streaming_receding_h1,h1_strict,h1_strict_stale_time,strict_fold_local_streaming,-0.0008137243427632006,0.5
4,stale_time,h1_strict,update_only,4,12268,6.715411325385473,9.497025773274018,0.8331039448453079,0.8358796765565732,0.8358796765565732,6.922230960221259,9.789512905823837,0.8229924453678303,0.8256149310029889,0.8256149310029889,0.20681963483578603,2.9877598136248165,3000.0,1.0,0.9851032703067562,streaming_receding_h1,h1_strict,h1_strict_stale_time,strict_fold_local_streaming,-0.0008137243427632006,0.5
4,stale_time,h1_strict,update_only,6,11613,8.131568127518678,11.499773929297707,0.8702471424746747,0.8732528016392447,0.8732528016392447,8.475571251287862,11.9862678124308,0.8595748017038662,0.862301973194505,0.862301973194505,0.34400312376918407,4.058760330956015,3000.0,1.0,0.9851032703067562,streaming_receding_h1,h1_strict,h1_strict_stale_time,strict_fold_local_streaming,-0.0008137243427632006,0.5
4,real,h1_strict,update_only,1,13260,3.946422402092536,5.5810840838922715,0.42465022059321994,0.42615201494791155,0.42615201494791155,3.871088065780318,5.474545243767158,0.4462375070684319,0.4478515867257473,0.4478515867257473,-0.07533433631221786,-1.9460765302179268,3000.0,1.5,0.9323807921569743,streaming_receding_h1,balanced_guard2,balanced_guard2_real,strict_fold_local_streaming,-1.9950810919256683,2.0
4,real,h1_strict,update_only,2,12929,4.611956879401982,6.522291967930179,0.747073842480341,0.7494959857456015,0.7494959857456015,4.979604481244714,7.0422241926301155,0.7049388879370132,0.7079656673763965,0.7079656673763965,0.3676476018427328,7.383068338608988,3000.0,1.5,0.9323807921569743,streaming_receding_h1,balanced_guard2,balanced_guard2_real,strict_fold_local_streaming,-1.9950810919256683,2.0
4,real,h1_strict,update_only,4,12268,6.00182229580115,8.487858489675213,0.8669152092575323,0.8689058259387178,0.8689058259387178,6.922230960221259,9.789512905823837,0.8229924453678303,0.8256149310029889,0.8256149310029889,0.9204086644201093,13.296416570167283,3000.0,1.5,0.9323807921569743,streaming_receding_h1,balanced_guard2,balanced_guard2_real,strict_fold_local_streaming,-1.9950810919256683,2.0
4,real,h1_strict,update_only,6,11613,7.180446094725482,10.154684251049702,0.8989904180425039,0.9011691317096473,0.9011691317096473,8.475571251287862,11.9862678124308,0.8595748017038662,0.862301973194505,0.862301973194505,1.2951251565623805,15.280682778350618,3000.0,1.5,0.9323807921569743,streaming_receding_h1,balanced_guard2,balanced_guard2_real,strict_fold_local_streaming,-1.9950810919256683,2.0
4,wrong_cell,h1_strict,update_only,1,13260,3.988406722538516,5.640458879273996,0.4119502844212998,0.41387721472950423,0.41387721472950423,3.871088065780318,5.474545243767158,0.4462375070684319,0.4478515867257473,0.4478515867257473,-0.11731865675819808,-3.0306377629399,3000.0,1.5,0.9323807921569743,streaming_receding_h1,balanced_guard2,balanced_guard2_wrong_cell,strict_fold_local_streaming,-1.9950810919256683,2.0
4,wrong_cell,h1_strict,update_only,2,12929,5.094827653779834,7.205174365928937,0.6908482420663864,0.6942945309254857,0.6942945309254857,4.979604481244714,7.0422241926301155,0.7049388879370132,0.7079656673763965,0.7079656673763965,-0.11522317253511982,-2.3139020974275923,3000.0,1.5,0.9323807921569743,streaming_receding_h1,balanced_guard2,balanced_guard2_wrong_cell,strict_fold_local_streaming,-1.9950810919256683,2.0
4,wrong_cell,h1_strict,update_only,4,12268,7.083739671650149,10.017920715967977,0.8143059303253177,0.8173825342969575,0.8173825342969575,6.922230960221259,9.789512905823837,0.8229924453678303,0.8256149310029889,0.8256149310029889,-0.16150871142889045,-2.3331887126708653,3000.0,1.5,0.9323807921569743,streaming_receding_h1,balanced_guard2,balanced_guard2_wrong_cell,strict_fold_local_streaming,-1.9950810919256683,2.0
4,wrong_cell,h1_strict,update_only,6,11613,8.683763217835352,12.280695715099384,0.852257640465168,0.8554541243472239,0.8554541243472239,8.475571251287862,11.9862678124308,0.8595748017038662,0.862301973194505,0.862301973194505,-0.20819196654749028,-2.4563768078270303,3000.0,1.5,0.9323807921569743,streaming_receding_h1,balanced_guard2,balanced_guard2_wrong_cell,strict_fold_local_streaming,-1.9950810919256683,2.0
4,stale_time,h1_strict,update_only,1,13260,3.9365777462374365,5.567161638065095,0.4270462882818901,0.4290114602877342,0.4290114602877342,3.871088065780318,5.474545243767158,0.4462375070684319,0.4478515867257473,0.4478515867257473,-0.06548968045711856,-1.6917641589204564,3000.0,1.5,0.9323807921569743,streaming_receding_h1,balanced_guard2,balanced_guard2_stale_time,strict_fold_local_streaming,-1.9950810919256683,2.0
4,stale_time,h1_strict,update_only,2,12929,5.097830645057097,7.20942123692093,0.6905130957052034,0.6939340471281382,0.6939340471281382,4.979604481244714,7.0422241926301155,0.7049388879370132,0.7079656673763965,0.7079656673763965,-0.11822616381238227,-2.3742079166663084,3000.0,1.5,0.9323807921569743,streaming_receding_h1,balanced_guard2,balanced_guard2_stale_time,strict_fold_local_streaming,-1.9950810919256683,2.0
4,stale_time,h1_strict,update_only,4,12268,6.44108748479617,9.10907327743035,0.8465082157705384,0.8490144023229969,0.8490144023229969,6.922230960221259,9.789512905823837,0.8229924453678303,0.8256149310029889,0.8256149310029889,0.48114347542508895,6.950699538775718,3000.0,1.5,0.9323807921569743,streaming_receding_h1,balanced_guard2,balanced_guard2_stale_time,strict_fold_local_streaming,-1.9950810919256683,2.0
4,stale_time,h1_strict,update_only,6,11613,7.5976058269176,10.744637201991724,0.8869023341701525,0.8893520748123892,0.8893520748123892,8.475571251287862,11.9862678124308,0.8595748017038662,0.862301973194505,0.862301973194505,0.8779654243702621,10.358775808024214,3000.0,1.5,0.9323807921569743,streaming_receding_h1,balanced_guard2,balanced_guard2_stale_time,strict_fold_local_streaming,-1.9950810919256683,2.0
4,real,h1_strict,update_only,1,13260,4.0393990295928806,5.712572891486971,0.3976602944167745,0.3987940927879171,0.3987940927879171,3.871088065780318,5.474545243767158,0.4462375070684319,0.4478515867257473,0.4478515867257473,-0.1683109638125626,-4.347898083239167,10000.0,2.0,0.8762751904436488,streaming_receding_h1,trajectory_guard5,trajectory_guard5_real,strict_fold_local_streaming,-3.8374903597703023,5.0
4,real,h1_strict,update_only,2,12929,4.560373065696238,6.449341438988589,0.7528635429458101,0.7550683221812894,0.7550683221812894,4.979604481244714,7.0422241926301155,0.7049388879370132,0.7079656673763965,0.7079656673763965,0.4192314155484764,8.418970163744497,10000.0,2.0,0.8762751904436488,streaming_receding_h1,trajectory_guard5,trajectory_guard5_real,strict_fold_local_streaming,-3.8374903597703023,5.0
4,real,h1_strict,update_only,4,12268,5.793497057458058,8.193242112225803,0.8761391260075221,0.8778485270913713,0.8778485270913713,6.922230960221259,9.789512905823837,0.8229924453678303,0.8256149310029889,0.8256149310029889,1.1287339027632006,16.305926647774296,10000.0,2.0,0.8762751904436488,streaming_receding_h1,trajectory_guard5,trajectory_guard5_real,strict_fold_local_streaming,-3.8374903597703023,5.0
4,real,h1_strict,update_only,6,11613,6.833151555439715,9.663535603453655,0.9086676265502257,0.9104981803485634,0.9104981803485634,8.475571251287862,11.9862678124308,0.8595748017038662,0.862301973194505,0.862301973194505,1.6424196958481474,19.378277252976687,10000.0,2.0,0.8762751904436488,streaming_receding_h1,trajectory_guard5,trajectory_guard5_real,strict_fold_local_streaming,-3.8374903597703023,5.0
4,wrong_cell,h1_strict,update_only,1,13260,4.086698669846813,5.779464684229451,0.382936190346698,0.38463192932900925,0.38463192932900925,3.871088065780318,5.474545243767158,0.4462375070684319,0.4478515867257473,0.4478515867257473,-0.2156106040664949,-5.569767476293077,10000.0,2.0,0.8762751904436488,streaming_receding_h1,trajectory_guard5,trajectory_guard5_wrong_cell,strict_fold_local_streaming,-3.8374903597703023,5.0
4,wrong_cell,h1_strict,update_only,2,12929,5.1630902013035,7.301712186439043,0.6825196181378521,0.686047722189137,0.686047722189137,4.979604481244714,7.0422241926301155,0.7049388879370132,0.7079656673763965,0.7079656673763965,-0.18348572005878516,-3.684744857746626,10000.0,2.0,0.8762751904436488,streaming_receding_h1,trajectory_guard5,trajectory_guard5_wrong_cell,strict_fold_local_streaming,-3.8374903597703023,5.0
4,wrong_cell,h1_strict,update_only,4,12268,7.155350474553729,10.119193684646644,0.8105471493535348,0.8136716457644194,0.8136716457644194,6.922230960221259,9.789512905823837,0.8229924453678303,0.8256149310029889,0.8256149310029889,-0.23311951433247025,-3.3676933877545587,10000.0,2.0,0.8762751904436488,streaming_receding_h1,trajectory_guard5,trajectory_guard5_wrong_cell,strict_fold_local_streaming,-3.8374903597703023,5.0
4,wrong_cell,h1_strict,update_only,6,11613,8.738052348700744,12.35747214025867,0.8504605579919975,0.8536411316310433,0.8536411316310433,8.475571251287862,11.9862678124308,0.8595748017038662,0.862301973194505,0.862301973194505,-0.2624810974128824,-3.0969133481474587,10000.0,2.0,0.8762751904436488,streaming_receding_h1,trajectory_guard5,trajectory_guard5_wrong_cell,strict_fold_local_streaming,-3.8374903597703023,5.0
4,stale_time,h1_strict,update_only,1,13260,3.9705358946310785,5.615185712076461,0.41707629060442686,0.4191179204271499,0.4191179204271499,3.871088065780318,5.474545243767158,0.4462375070684319,0.4478515867257473,0.4478515867257473,-0.09944782885076053,-2.5689890583957626,10000.0,2.0,0.8762751904436488,streaming_receding_h1,trajectory_guard5,trajectory_guard5_stale_time,strict_fold_local_streaming,-3.8374903597703023,5.0
4,stale_time,h1_strict,update_only,2,12929,5.178577263770086,7.323614200220609,0.6807227368287376,0.684161452297964,0.684161452297964,4.979604481244714,7.0422241926301155,0.7049388879370132,0.7079656673763965,0.7079656673763965,-0.19897278252537198,-3.99575474869113,10000.0,2.0,0.8762751904436488,streaming_receding_h1,trajectory_guard5,trajectory_guard5_stale_time,strict_fold_local_streaming,-3.8374903597703023,5.0
4,stale_time,h1_strict,update_only,4,12268,6.3313372661337475,8.95386302972454,0.8517761932525336,0.8541158786247779,0.8541158786247779,6.922230960221259,9.789512905823837,0.8229924453678303,0.8256149310029889,0.8256149310029889,0.5908936940875114,8.53617421150918,10000.0,2.0,0.8762751904436488,streaming_receding_h1,trajectory_guard5,trajectory_guard5_stale_time,strict_fold_local_streaming,-3.8374903597703023,5.0
4,stale_time,h1_strict,update_only,6,11613,7.343453159113932,10.385211052270472,0.894504483266964,0.8966309757960439,0.8966309757960439,8.475571251287862,11.9862678124308,0.8595748017038662,0.862301973194505,0.862301973194505,1.13211809217393,13.357425223720522,10000.0,2.0,0.8762751904436488,streaming_receding_h1,trajectory_guard5,trajectory_guard5_stale_time,strict_fold_local_streaming,-3.8374903597703023,5.0
4,real,h1_strict,update_only,1,13260,4.258001992278574,6.021724166092018,0.3310238478564299,0.33196157085438527,0.33196157085438527,3.871088065780318,5.474545243767158,0.4462375070684319,0.4478515867257473,0.4478515867257473,-0.3869139264982562,-9.994965754421907,10000.0,4.0,0.7779659057788267,streaming_receding_h1,h6_guard10,h6_guard10_real,strict_fold_local_streaming,-9.073554472033177,10.0
4,real,h1_strict,update_only,2,12929,4.485886604572199,6.344001675453797,0.761015144945083,0.7630041201820991,0.7630041201820991,4.979604481244714,7.0422241926301155,0.7049388879370132,0.7079656673763965,0.7079656673763965,0.4937178766725152,9.914801035545382,10000.0,4.0,0.7779659057788267,streaming_receding_h1,h6_guard10,h6_guard10_real,strict_fold_local_streaming,-9.073554472033177,10.0
4,real,h1_strict,update_only,4,12268,5.357713815711712,7.576951541493209,0.8941494651972048,0.8955337150725331,0.8955337150725331,6.922230960221259,9.789512905823837,0.8229924453678303,0.8256149310029889,0.8256149310029889,1.564517144509547,22.601342739068897,10000.0,4.0,0.7779659057788267,streaming_receding_h1,h6_guard10,h6_guard10_real,strict_fold_local_streaming,-9.073554472033177,10.0
4,real,h1_strict,update_only,6,11613,6.0981592468884305,8.624099512460518,0.9272733145619554,0.928716784634751,0.928716784634751,8.475571251287862,11.9862678124308,0.8595748017038662,0.862301973194505,0.862301973194505,2.3774120043994316,28.05016834751031,10000.0,4.0,0.7779659057788267,streaming_receding_h1,h6_guard10,h6_guard10_real,strict_fold_local_streaming,-9.073554472033177,10.0
4,wrong_cell,h1_strict,update_only,1,13260,4.297625925533853,6.077760869896201,0.317651607012915,0.3194705136318109,0.3194705136318109,3.871088065780318,5.474545243767158,0.4462375070684319,0.4478515867257473,0.4478515867257473,-0.4265378597535352,-11.0185522133699,10000.0,4.0,0.7779659057788267,streaming_receding_h1,h6_guard10,h6_guard10_wrong_cell,strict_fold_local_streaming,-9.073554472033177,10.0
4,wrong_cell,h1_strict,update_only,2,12929,5.363059152377115,7.584510989100871,0.6572516919330288,0.6612577345683996,0.6612577345683996,4.979604481244714,7.0422241926301155,0.7049388879370132,0.7079656673763965,0.7079656673763965,-0.3834546711324007,-7.700504579764364,10000.0,4.0,0.7779659057788267,streaming_receding_h1,h6_guard10,h6_guard10_wrong_cell,strict_fold_local_streaming,-9.073554472033177,10.0
4,wrong_cell,h1_strict,update_only,4,12268,7.407594672172348,10.475920849948814,0.7967366088138759,0.8003029966281163,0.8003029966281163,6.922230960221259,9.789512905823837,0.8229924453678303,0.8256149310029889,0.8256149310029889,-0.48536371195108874,-7.011665960587579,10000.0,4.0,0.7779659057788267,streaming_receding_h1,h6_guard10,h6_guard10_wrong_cell,strict_fold_local_streaming,-9.073554472033177,10.0
4,wrong_cell,h1_strict,update_only,6,11613,9.014201647710843,12.748006224158576,0.8406977560427036,0.8442441753409842,0.8442441753409842,8.475571251287862,11.9862678124308,0.8595748017038662,0.862301973194505,0.862301973194505,-0.538630396422981,-6.355092541297865,10000.0,4.0,0.7779659057788267,streaming_receding_h1,h6_guard10,h6_guard10_wrong_cell,strict_fold_local_streaming,-9.073554472033177,10.0
4,stale_time,h1_strict,update_only,1,13260,4.097479201623519,5.794710658477661,0.3788541108969026,0.3813810191588184,0.3813810191588184,3.871088065780318,5.474545243767158,0.4462375070684319,0.4478515867257473,0.4478515867257473,-0.2263911358432007,-5.848255890752145,10000.0,4.0,0.7779659057788267,streaming_receding_h1,h6_guard10,h6_guard10_stale_time,strict_fold_local_streaming,-9.073554472033177,10.0
4,stale_time,h1_strict,update_only,2,12929,5.412182816895603,7.653982341696383,0.6511264286471591,0.6550238034141691,0.6550238034141691,4.979604481244714,7.0422241926301155,0.7049388879370132,0.7079656673763965,0.7079656673763965,-0.43257833565088877,-8.687001895033244,10000.0,4.0,0.7779659057788267,streaming_receding_h1,h6_guard10,h6_guard10_stale_time,strict_fold_local_streaming,-9.073554472033177,10.0
4,stale_time,h1_strict,update_only,4,12268,6.197139771155896,8.764079112290366,0.857948059327398,0.8602345878782456,0.8602345878782456,6.922230960221259,9.789512905823837,0.8229924453678303,0.8256149310029889,0.8256149310029889,0.7250911890653624,10.47481936433664,10000.0,4.0,0.7779659057788267,streaming_receding_h1,h6_guard10,h6_guard10_stale_time,strict_fold_local_streaming,-9.073554472033177,10.0
4,stale_time,h1_strict,update_only,6,11613,6.928409777103774,9.798251072458509,0.9061619187453751,0.9079853686912565,0.9079853686912565,8.475571251287862,11.9862678124308,0.8595748017038662,0.862301973194505,0.862301973194505,1.5471614741840884,18.254362193568927,10000.0,4.0,0.7779659057788267,streaming_receding_h1,h6_guard10,h6_guard10_stale_time,strict_fold_local_streaming,-9.073554472033177,10.0
5,no_update,h1_strict,none,1,14154,3.0945886892756964,4.376409294340069,0.5653223455617755,0.5657182705771415,0.5657182705771415,3.0945886892756964,4.376409294340069,0.5653223455617755,0.5657182705771415,0.5657182705771415,0.0,0.0,,0.0,,streaming_receding_h1,no_update,no_update,strict_fold_local_streaming,,
5,no_update,h1_strict,none,2,13795,4.223246602080926,5.972572621908935,0.7581775940478167,0.75830738665695,0.75830738665695,4.223246602080926,5.972572621908935,0.7581775940478167,0.75830738665695,0.75830738665695,0.0,0.0,,0.0,,streaming_receding_h1,no_update,no_update,strict_fold_local_streaming,,
5,no_update,h1_strict,none,4,13080,5.818923837645272,8.229201009614043,0.8615290532857955,0.8614548392271966,0.8614548392271966,5.818923837645272,8.229201009614043,0.8615290532857955,0.8614548392271966,0.8614548392271966,0.0,0.0,,0.0,,streaming_receding_h1,no_update,no_update,strict_fold_local_streaming,,
5,no_update,h1_strict,none,6,12370,7.027150053149779,9.93789090999523,0.8946374548143781,0.8945088818556918,0.8945088818556918,7.027150053149779,9.93789090999523,0.8946374548143781,0.8945088818556918,0.8945088818556918,0.0,0.0,,0.0,,streaming_receding_h1,no_update,no_update,strict_fold_local_streaming,,
5,real,h1_strict,update_only,1,14154,3.1538083243426205,4.460158505410499,0.548607144523822,0.5489379584862153,0.5489379584862153,3.0945886892756964,4.376409294340069,0.5653223455617755,0.5657182705771415,0.5657182705771415,-0.05921963506692407,-1.9136512478104066,30.0,3.0,0.9658027044667461,streaming_receding_h1,h1_strict,h1_strict_real,strict_fold_local_streaming,2.189754378540129,0.5
5,real,h1_strict,update_only,2,13795,3.8543264771695895,5.450840777826947,0.7985810420845566,0.7986890066749853,0.7986890066749853,4.223246602080926,5.972572621908935,0.7581775940478167,0.75830738665695,0.75830738665695,0.3689201249113365,8.735462540348887,30.0,3.0,0.9658027044667461,streaming_receding_h1,h1_strict,h1_strict_real,strict_fold_local_streaming,2.189754378540129,0.5
5,real,h1_strict,update_only,4,13080,4.877123871523873,6.897294724482637,0.9027519443777327,0.9026729438367196,0.9026729438367196,5.818923837645272,8.229201009614043,0.8615290532857955,0.8614548392271966,0.8614548392271966,0.9417999661213994,16.185122754631465,30.0,3.0,0.9658027044667461,streaming_receding_h1,h1_strict,h1_strict_real,strict_fold_local_streaming,2.189754378540129,0.5
5,real,h1_strict,update_only,6,12370,5.6987939069873095,8.059311632430612,0.9307487011544875,0.9306217495727447,0.9306217495727447,7.027150053149779,9.93789090999523,0.8946374548143781,0.8945088818556918,0.8945088818556918,1.328356146162469,18.903198823355996,30.0,3.0,0.9658027044667461,streaming_receding_h1,h1_strict,h1_strict_real,strict_fold_local_streaming,2.189754378540129,0.5
5,wrong_cell,h1_strict,update_only,1,14154,3.188493730243967,4.509211076852599,0.5386338613612057,0.5389618906489568,0.5389618906489568,3.0945886892756964,4.376409294340069,0.5653223455617755,0.5657182705771415,0.5657182705771415,-0.09390504096827046,-3.034491830649371,30.0,3.0,0.9658027044667461,streaming_receding_h1,h1_strict,h1_strict_wrong_cell,strict_fold_local_streaming,2.189754378540129,0.5
5,wrong_cell,h1_strict,update_only,2,13795,4.393708055223569,6.213641520805087,0.7383082823735079,0.7384029225683332,0.7384029225683332,4.223246602080926,5.972572621908935,0.7581775940478167,0.75830738665695,0.75830738665695,-0.17046145314264294,-4.036265679078538,30.0,3.0,0.9658027044667461,streaming_receding_h1,h1_strict,h1_strict_wrong_cell,strict_fold_local_streaming,2.189754378540129,0.5
5,wrong_cell,h1_strict,update_only,4,13080,6.08530997950711,8.605927904263295,0.8486167569316997,0.8484794889230695,0.8484794889230695,5.818923837645272,8.229201009614043,0.8615290532857955,0.8614548392271966,0.8614548392271966,-0.2663861418618376,-4.577927969059574,30.0,3.0,0.9658027044667461,streaming_receding_h1,h1_strict,h1_strict_wrong_cell,strict_fold_local_streaming,2.189754378540129,0.5
5,wrong_cell,h1_strict,update_only,6,12370,7.384368731189332,10.443074409211755,0.8837005066893099,0.8835111949344461,0.8835111949344461,7.027150053149779,9.93789090999523,0.8946374548143781,0.8945088818556918,0.8945088818556918,-0.357218678039553,-5.083407574019811,30.0,3.0,0.9658027044667461,streaming_receding_h1,h1_strict,h1_strict_wrong_cell,strict_fold_local_streaming,2.189754378540129,0.5
5,stale_time,h1_strict,update_only,1,14154,3.2174360033396128,4.550141631990367,0.5301703241379141,0.5305541269236083,0.5305541269236083,3.0945886892756964,4.376409294340069,0.5653223455617755,0.5657182705771415,0.5657182705771415,-0.12284731406391636,-3.9697461084131787,30.0,3.0,0.9658027044667461,streaming_receding_h1,h1_strict,h1_strict_stale_time,strict_fold_local_streaming,2.189754378540129,0.5
5,stale_time,h1_strict,update_only,2,13795,4.380068765298964,6.194352652012573,0.7398868152939713,0.7400245416239656,0.7400245416239656,4.223246602080926,5.972572621908935,0.7581775940478167,0.75830738665695,0.75830738665695,-0.1568221632180382,-3.7133082198128573,30.0,3.0,0.9658027044667461,streaming_receding_h1,h1_strict,h1_strict_stale_time,strict_fold_local_streaming,2.189754378540129,0.5
5,stale_time,h1_strict,update_only,4,13080,5.32974802919063,7.537401946912663,0.8838318908200645,0.883769696835838,0.883769696835838,5.818923837645272,8.229201009614043,0.8615290532857955,0.8614548392271966,0.8614548392271966,0.48917580845464226,8.40663707075767,30.0,3.0,0.9658027044667461,streaming_receding_h1,h1_strict,h1_strict_stale_time,strict_fold_local_streaming,2.189754378540129,0.5
5,stale_time,h1_strict,update_only,6,12370,6.116454871023854,8.649973432244913,0.9201986017475074,0.9200797207792122,0.9200797207792122,7.027150053149779,9.93789090999523,0.8946374548143781,0.8945088818556918,0.8945088818556918,0.9106951821259246,12.959666084228894,30.0,3.0,0.9658027044667461,streaming_receding_h1,h1_strict,h1_strict_stale_time,strict_fold_local_streaming,2.189754378540129,0.5
5,real,h1_strict,update_only,1,14154,3.276854402979691,4.634171938615871,0.5125386906768725,0.5130549208093602,0.5130549208093602,3.0945886892756964,4.376409294340069,0.5653223455617755,0.5657182705771415,0.5657182705771415,-0.1822657137039947,-5.889820328486203,100.0,3.0,0.9087778029894509,streaming_receding_h1,balanced_guard2,balanced_guard2_real,strict_fold_local_streaming,-1.499393569231876,2.0
5,real,h1_strict,update_only,2,13795,3.7666751379378085,5.326883065125197,0.8075881812042887,0.8077409349645239,0.8077409349645239,4.223246602080926,5.972572621908935,0.7581775940478167,0.75830738665695,0.75830738665695,0.45657146414311756,10.810911773850725,100.0,3.0,0.9087778029894509,streaming_receding_h1,balanced_guard2,balanced_guard2_real,strict_fold_local_streaming,-1.499393569231876,2.0
5,real,h1_strict,update_only,4,13080,4.533629610753975,6.411520482304526,0.9159421461943091,0.9158995949301351,0.9158995949301351,5.818923837645272,8.229201009614043,0.8615290532857955,0.8614548392271966,0.8614548392271966,1.2852942268912972,22.088177517913923,100.0,3.0,0.9087778029894509,streaming_receding_h1,balanced_guard2,balanced_guard2_real,strict_fold_local_streaming,-1.499393569231876,2.0
5,real,h1_strict,update_only,6,12370,5.151312175169872,7.285055542142882,0.9433974736765229,0.943311733083131,0.943311733083131,7.027150053149779,9.93789090999523,0.8946374548143781,0.8945088818556918,0.8945088818556918,1.8758378779799063,26.694148606362827,100.0,3.0,0.9087778029894509,streaming_receding_h1,balanced_guard2,balanced_guard2_real,strict_fold_local_streaming,-1.499393569231876,2.0
5,wrong_cell,h1_strict,update_only,1,14154,3.3051358208741317,4.67416790336533,0.5041331889032221,0.5046133337663036,0.5046133337663036,3.0945886892756964,4.376409294340069,0.5653223455617755,0.5657182705771415,0.5657182705771415,-0.2105471315984353,-6.803719419258748,100.0,3.0,0.9087778029894509,streaming_receding_h1,balanced_guard2,balanced_guard2_wrong_cell,strict_fold_local_streaming,-1.499393569231876,2.0
5,wrong_cell,h1_strict,update_only,2,13795,4.5160567674237715,6.386668728937496,0.7234735813113264,0.7236310300759037,0.7236310300759037,4.223246602080926,5.972572621908935,0.7581775940478167,0.75830738665695,0.75830738665695,-0.29281016534284543,-6.933295469854133,100.0,3.0,0.9087778029894509,streaming_receding_h1,balanced_guard2,balanced_guard2_wrong_cell,strict_fold_local_streaming,-1.499393569231876,2.0
5,wrong_cell,h1_strict,update_only,4,13080,6.242187036886607,8.827785566434564,0.8406547738301774,0.8405665036804968,0.8405665036804968,5.818923837645272,8.229201009614043,0.8615290532857955,0.8614548392271966,0.8614548392271966,-0.42326319924133493,-7.2739085619758805,100.0,3.0,0.9087778029894509,streaming_receding_h1,balanced_guard2,balanced_guard2_wrong_cell,strict_fold_local_streaming,-1.499393569231876,2.0
5,wrong_cell,h1_strict,update_only,6,12370,7.548523735922818,10.675224643237273,0.8784215467476153,0.8782745213170876,0.8782745213170876,7.027150053149779,9.93789090999523,0.8946374548143781,0.8945088818556918,0.8945088818556918,-0.5213736827730395,-7.419418666595062,100.0,3.0,0.9087778029894509,streaming_receding_h1,balanced_guard2,balanced_guard2_wrong_cell,strict_fold_local_streaming,-1.499393569231876,2.0
5,stale_time,h1_strict,update_only,1,14154,3.3154549740920096,4.688761389798259,0.5010664680049784,0.5015151548250807,0.5015151548250807,3.0945886892756964,4.376409294340069,0.5653223455617755,0.5657182705771415,0.5657182705771415,-0.2208662848163132,-7.137177408478412,100.0,3.0,0.9087778029894509,streaming_receding_h1,balanced_guard2,balanced_guard2_stale_time,strict_fold_local_streaming,-1.499393569231876,2.0
5,stale_time,h1_strict,update_only,2,13795,4.557230066296586,6.44489656661107,0.7183226151223143,0.7185686960199262,0.7185686960199262,4.223246602080926,5.972572621908935,0.7581775940478167,0.75830738665695,0.75830738665695,-0.3339834642156596,-7.9082160168221165,100.0,3.0,0.9087778029894509,streaming_receding_h1,balanced_guard2,balanced_guard2_stale_time,strict_fold_local_streaming,-1.499393569231876,2.0
5,stale_time,h1_strict,update_only,4,13080,5.230158836709972,7.396561560240732,0.8880881879317017,0.8880727658752148,0.8880727658752148,5.818923837645272,8.229201009614043,0.8615290532857955,0.8614548392271966,0.8614548392271966,0.5887650009353003,10.118108044760973,100.0,3.0,0.9087778029894509,streaming_receding_h1,balanced_guard2,balanced_guard2_stale_time,strict_fold_local_streaming,-1.499393569231876,2.0
5,stale_time,h1_strict,update_only,6,12370,5.809302362159881,8.215594188492561,0.927976397270042,0.9279049572884985,0.9279049572884985,7.027150053149779,9.93789090999523,0.8946374548143781,0.8945088818556918,0.8945088818556918,1.2178476909898972,17.330606032014664,100.0,3.0,0.9087778029894509,streaming_receding_h1,balanced_guard2,balanced_guard2_stale_time,strict_fold_local_streaming,-1.499393569231876,2.0
5,real,h1_strict,update_only,1,14154,3.379333365146989,4.779099076770782,0.4814879833938873,0.4821216407058213,0.4821216407058213,3.0945886892756964,4.376409294340069,0.5653223455617755,0.5657182705771415,0.5657182705771415,-0.2847446758712926,-9.201373896895438,100.0,4.0,0.844618643962175,streaming_receding_h1,trajectory_guard5,trajectory_guard5_real,strict_fold_local_streaming,-4.740807854435941,5.0
5,real,h1_strict,update_only,2,13795,3.7524471461272,5.306761646141302,0.8089929235798098,0.8091906453475162,0.8091906453475162,4.223246602080926,5.972572621908935,0.7581775940478167,0.75830738665695,0.75830738665695,0.47079945595372585,11.14780879055815,100.0,4.0,0.844618643962175,streaming_receding_h1,trajectory_guard5,trajectory_guard5_real,strict_fold_local_streaming,-4.740807854435941,5.0
5,real,h1_strict,update_only,4,13080,4.371161605032695,6.181756025161783,0.9218290385164108,0.9218192664169377,0.9218192664169377,5.818923837645272,8.229201009614043,0.8615290532857955,0.8614548392271966,0.8614548392271966,1.4477622326125772,24.88024028165385,100.0,4.0,0.844618643962175,streaming_receding_h1,trajectory_guard5,trajectory_guard5_real,strict_fold_local_streaming,-4.740807854435941,5.0
5,real,h1_strict,update_only,6,12370,4.872720118880787,6.8910668777694495,0.949335128635783,0.9492775322218423,0.9492775322218423,7.027150053149779,9.93789090999523,0.8946374548143781,0.8945088818556918,0.8945088818556918,2.1544299342689914,30.658658460029773,100.0,4.0,0.844618643962175,streaming_receding_h1,trajectory_guard5,trajectory_guard5_real,strict_fold_local_streaming,-4.740807854435941,5.0
5,wrong_cell,h1_strict,update_only,1,14154,3.397030311547205,4.804126338382558,0.4760988518295313,0.4766833711243196,0.4766833711243196,3.0945886892756964,4.376409294340069,0.5653223455617755,0.5657182705771415,0.5657182705771415,-0.3024416222715085,-9.773241378397737,100.0,4.0,0.844618643962175,streaming_receding_h1,trajectory_guard5,trajectory_guard5_wrong_cell,strict_fold_local_streaming,-4.740807854435941,5.0
5,wrong_cell,h1_strict,update_only,2,13795,4.6254525351950795,6.541377707385897,0.7098745826122567,0.71007948165588,0.71007948165588,4.223246602080926,5.972572621908935,0.7581775940478167,0.75830738665695,0.75830738665695,-0.4022059331141534,-9.523619409673447,100.0,4.0,0.844618643962175,streaming_receding_h1,trajectory_guard5,trajectory_guard5_wrong_cell,strict_fold_local_streaming,-4.740807854435941,5.0
5,wrong_cell,h1_strict,update_only,4,13080,6.391074332057988,9.038343998530976,0.832932240574803,0.8328702542095533,0.8328702542095533,5.818923837645272,8.229201009614043,0.8615290532857955,0.8614548392271966,0.8614548392271966,-0.5721504944127158,-9.832582628272489,100.0,4.0,0.844618643962175,streaming_receding_h1,trajectory_guard5,trajectory_guard5_wrong_cell,strict_fold_local_streaming,-4.740807854435941,5.0
5,wrong_cell,h1_strict,update_only,6,12370,7.722167974682565,10.920794680719258,0.8727391104204811,0.8726098263445529,0.8726098263445529,7.027150053149779,9.93789090999523,0.8946374548143781,0.8945088818556918,0.8945088818556918,-0.6950179215327861,-9.890466494610548,100.0,4.0,0.844618643962175,streaming_receding_h1,trajectory_guard5,trajectory_guard5_wrong_cell,strict_fold_local_streaming,-4.740807854435941,5.0
5,stale_time,h1_strict,update_only,1,14154,3.400594362818662,4.809166668027645,0.47508293063624996,0.47558470226348937,0.47558470226348937,3.0945886892756964,4.376409294340069,0.5653223455617755,0.5657182705771415,0.5657182705771415,-0.3060056735429657,-9.888411813932786,100.0,4.0,0.844618643962175,streaming_receding_h1,trajectory_guard5,trajectory_guard5_stale_time,strict_fold_local_streaming,-4.740807854435941,5.0
5,stale_time,h1_strict,update_only,2,13795,4.696045869810275,6.641211758611848,0.7008487331679614,0.7011624579393858,0.7011624579393858,4.223246602080926,5.972572621908935,0.7581775940478167,0.75830738665695,0.75830738665695,-0.4727992677293491,-11.195161265183664,100.0,4.0,0.844618643962175,streaming_receding_h1,trajectory_guard5,trajectory_guard5_stale_time,strict_fold_local_streaming,-4.740807854435941,5.0
5,stale_time,h1_strict,update_only,4,13080,5.218976199111302,7.38074692248559,0.888534895561031,0.8885508789359963,0.8885508789359963,5.818923837645272,8.229201009614043,0.8615290532857955,0.8614548392271966,0.8614548392271966,0.5999476385339699,10.310285119262689,100.0,4.0,0.844618643962175,streaming_receding_h1,trajectory_guard5,trajectory_guard5_stale_time,strict_fold_local_streaming,-4.740807854435941,5.0
5,stale_time,h1_strict,update_only,6,12370,5.685051183823372,8.039876486948232,0.9310004148138407,0.9309559594004064,0.9309559594004064,7.027150053149779,9.93789090999523,0.8946374548143781,0.8945088818556918,0.8945088818556918,1.3420988693264064,19.09876492141843,100.0,4.0,0.844618643962175,streaming_receding_h1,trajectory_guard5,trajectory_guard5_stale_time,strict_fold_local_streaming,-4.740807854435941,5.0
5,real,h1_strict,update_only,1,14154,3.525713682722817,4.9861121071509995,0.4355166278558404,0.4362847639436608,0.4362847639436608,3.0945886892756964,4.376409294340069,0.5653223455617755,0.5657182705771415,0.5657182705771415,-0.43112499344712063,-13.931576591783754,100.0,6.0,0.7585592750374277,streaming_receding_h1,h6_guard10,h6_guard10_real,strict_fold_local_streaming,-9.146903058621652,10.0
5,real,h1_strict,update_only,2,13795,3.7699114514784338,5.331459903626442,0.8071573744141725,0.8074104164604148,0.8074104164604148,4.223246602080926,5.972572621908935,0.7581775940478167,0.75830738665695,0.75830738665695,0.4533351506024923,10.734280834538996,100.0,6.0,0.7585592750374277,streaming_receding_h1,h6_guard10,h6_guard10_real,strict_fold_local_streaming,-9.146903058621652,10.0
5,real,h1_strict,update_only,4,13080,4.215804279434734,5.9620475882871355,0.9272522802632361,0.9272778188853505,0.9272778188853505,5.818923837645272,8.229201009614043,0.8615290532857955,0.8614548392271966,0.8614548392271966,1.6031195582105378,27.550103815403567,100.0,6.0,0.7585592750374277,streaming_receding_h1,h6_guard10,h6_guard10_real,strict_fold_local_streaming,-9.146903058621652,10.0
5,real,h1_strict,update_only,6,12370,4.579616117106246,6.476555223274066,0.9552261464159914,0.9551961235142111,0.9551961235142111,7.027150053149779,9.93789090999523,0.8946374548143781,0.8945088818556918,0.8945088818556918,2.4475339360435324,34.82968084545846,100.0,6.0,0.7585592750374277,streaming_receding_h1,h6_guard10,h6_guard10_real,strict_fold_local_streaming,-9.146903058621652,10.0
5,wrong_cell,h1_strict,update_only,1,14154,3.5096670668348176,4.9634187653319986,0.44070284599250603,0.44140437247303,0.44140437247303,3.0945886892756964,4.376409294340069,0.5653223455617755,0.5657182705771415,0.5657182705771415,-0.41507837755912114,-13.413038669648607,100.0,6.0,0.7585592750374277,streaming_receding_h1,h6_guard10,h6_guard10_wrong_cell,strict_fold_local_streaming,-9.146903058621652,10.0
5,wrong_cell,h1_strict,update_only,2,13795,4.766038976880563,6.740196959903282,0.6919279397011288,0.6921879095035659,0.6921879095035659,4.223246602080926,5.972572621908935,0.7581775940478167,0.75830738665695,0.75830738665695,-0.542792374799637,-12.852490653332586,100.0,6.0,0.7585592750374277,streaming_receding_h1,h6_guard10,h6_guard10_wrong_cell,strict_fold_local_streaming,-9.146903058621652,10.0
5,wrong_cell,h1_strict,update_only,4,13080,6.585976923982083,9.313977887371701,0.8225558277659046,0.8225212241146891,0.8225212241146891,5.818923837645272,8.229201009614043,0.8615290532857955,0.8614548392271966,0.8614548392271966,-0.7670530863368112,-13.182043754798697,100.0,6.0,0.7585592750374277,streaming_receding_h1,h6_guard10,h6_guard10_wrong_cell,strict_fold_local_streaming,-9.146903058621652,10.0
5,wrong_cell,h1_strict,update_only,6,12370,7.9544076029712345,11.249231112765582,0.8649451184890213,0.8648322377055395,0.8648322377055395,7.027150053149779,9.93789090999523,0.8946374548143781,0.8945088818556918,0.8945088818556918,-0.9272575498214559,-13.19535719044211,100.0,6.0,0.7585592750374277,streaming_receding_h1,h6_guard10,h6_guard10_wrong_cell,strict_fold_local_streaming,-9.146903058621652,10.0
5,stale_time,h1_strict,update_only,1,14154,3.5137829203625204,4.969239461211617,0.43952419425228817,0.440093452754307,0.440093452754307,3.0945886892756964,4.376409294340069,0.5653223455617755,0.5657182705771415,0.5657182705771415,-0.41919423108682397,-13.546040303822684,100.0,6.0,0.7585592750374277,streaming_receding_h1,h6_guard10,h6_guard10_stale_time,strict_fold_local_streaming,-9.146903058621652,10.0
5,stale_time,h1_strict,update_only,2,13795,4.877385209869939,6.897664312716011,0.677248647602637,0.6776374303742722,0.6776374303742722,4.223246602080926,5.972572621908935,0.7581775940478167,0.75830738665695,0.75830738665695,-0.6541386077890126,-15.488998617004698,100.0,6.0,0.7585592750374277,streaming_receding_h1,h6_guard10,h6_guard10_stale_time,strict_fold_local_streaming,-9.146903058621652,10.0
5,stale_time,h1_strict,update_only,4,13080,5.244528256295933,7.416882988302627,0.8874098170801281,0.8874568997743618,0.8874568997743618,5.818923837645272,8.229201009614043,0.8615290532857955,0.8614548392271966,0.8614548392271966,0.5743955813493393,9.871165139390763,100.0,6.0,0.7585592750374277,streaming_receding_h1,h6_guard10,h6_guard10_stale_time,strict_fold_local_streaming,-9.146903058621652,10.0
5,stale_time,h1_strict,update_only,6,12370,5.58884099964471,7.903814739644355,0.9332932916889671,0.9332730998802179,0.9332730998802179,7.027150053149779,9.93789090999523,0.8946374548143781,0.8945088818556918,0.8945088818556918,1.4383090535050682,20.46788588014248,100.0,6.0,0.7585592750374277,streaming_receding_h1,h6_guard10,h6_guard10_stale_time,strict_fold_local_streaming,-9.146903058621652,10.0
6,no_update,h1_strict,none,1,12960,4.150787287998501,5.870099677213318,0.47567001595961017,0.4790871537273188,0.4790871537273188,4.150787287998501,5.870099677213318,0.47567001595961017,0.4790871537273188,0.4790871537273188,0.0,0.0,,0.0,,streaming_receding_h1,no_update,no_update,strict_fold_local_streaming,,
6,no_update,h1_strict,none,2,12638,5.573299625323043,7.881835917300736,0.70023705483519,0.7048328807683156,0.7048328807683156,5.573299625323043,7.881835917300736,0.70023705483519,0.7048328807683156,0.7048328807683156,0.0,0.0,,0.0,,streaming_receding_h1,no_update,no_update,strict_fold_local_streaming,,
6,no_update,h1_strict,none,4,11997,7.530094699831211,10.64916205045506,0.82744091818483,0.8308640120212161,0.8308640120212161,7.530094699831211,10.64916205045506,0.82744091818483,0.8308640120212161,0.8308640120212161,0.0,0.0,,0.0,,streaming_receding_h1,no_update,no_update,strict_fold_local_streaming,,
6,no_update,h1_strict,none,6,11361,8.82927379872645,12.486478752064361,0.8719082504757827,0.8751772045352936,0.8751772045352936,8.82927379872645,12.486478752064361,0.8719082504757827,0.8751772045352936,0.8751772045352936,0.0,0.0,,0.0,,streaming_receding_h1,no_update,no_update,strict_fold_local_streaming,,
6,real,h1_strict,update_only,1,12960,4.038026624282792,5.710632017284371,0.5024356293130279,0.5070050530803207,0.5070050530803207,4.150787287998501,5.870099677213318,0.47567001595961017,0.4790871537273188,0.4790871537273188,0.11276066371570881,2.7166090645440355,1000.0,2.0,0.9789098733385193,streaming_receding_h1,h1_strict,h1_strict_real,strict_fold_local_streaming,-0.06504255819912033,0.5
6,real,h1_strict,update_only,2,12638,5.247475023605854,7.421050346597475,0.7340568560699678,0.7383360135764542,0.7383360135764542,5.573299625323043,7.881835917300736,0.70023705483519,0.7048328807683156,0.7048328807683156,0.32582460171718886,5.846170556428738,1000.0,2.0,0.9789098733385193,streaming_receding_h1,h1_strict,h1_strict_real,strict_fold_local_streaming,-0.06504255819912033,0.5
6,real,h1_strict,update_only,4,11997,6.7231220534694005,9.507930389506079,0.8624085707429796,0.865172916606286,0.865172916606286,7.530094699831211,10.64916205045506,0.82744091818483,0.8308640120212161,0.8308640120212161,0.8069726463618103,10.71663343596328,1000.0,2.0,0.9789098733385193,streaming_receding_h1,h1_strict,h1_strict_real,strict_fold_local_streaming,-0.06504255819912033,0.5
6,real,h1_strict,update_only,6,11361,7.671756720758338,10.849502401723383,0.9032039061711039,0.9057603682913843,0.9057603682913843,8.82927379872645,12.486478752064361,0.8719082504757827,0.8751772045352936,0.8751772045352936,1.1575170779681114,13.109991878778002,1000.0,2.0,0.9789098733385193,streaming_receding_h1,h1_strict,h1_strict_real,strict_fold_local_streaming,-0.06504255819912033,0.5
6,wrong_cell,h1_strict,update_only,1,12960,4.11333971196584,5.817140807309931,0.4835315883068956,0.48844389898130425,0.48844389898130425,4.150787287998501,5.870099677213318,0.47567001595961017,0.4790871537273188,0.4790871537273188,0.03744757603266091,0.9021800789680562,1000.0,2.0,0.9789098733385193,streaming_receding_h1,h1_strict,h1_strict_wrong_cell,strict_fold_local_streaming,-0.06504255819912033,0.5
6,wrong_cell,h1_strict,update_only,2,12638,5.689162547793057,8.045690833634012,0.6874024741063707,0.6924328998367748,0.6924328998367748,5.573299625323043,7.881835917300736,0.70023705483519,0.7048328807683156,0.7048328807683156,-0.11586292247001406,-2.0788927611854056,1000.0,2.0,0.9789098733385193,streaming_receding_h1,h1_strict,h1_strict_wrong_cell,strict_fold_local_streaming,-0.06504255819912033,0.5
6,wrong_cell,h1_strict,update_only,4,11997,7.694248949003849,10.881311215956174,0.8196688668374137,0.8234093860835313,0.8234093860835313,7.530094699831211,10.64916205045506,0.82744091818483,0.8308640120212161,0.8308640120212161,-0.164154249172638,-2.1799758929501585,1000.0,2.0,0.9789098733385193,streaming_receding_h1,h1_strict,h1_strict_wrong_cell,strict_fold_local_streaming,-0.06504255819912033,0.5
6,wrong_cell,h1_strict,update_only,6,11361,9.044966206751873,12.791513880794827,0.8654470985779312,0.8690040609390136,0.8690040609390136,8.82927379872645,12.486478752064361,0.8719082504757827,0.8751772045352936,0.8751772045352936,-0.2156924080254239,-2.4429235398333184,1000.0,2.0,0.9789098733385193,streaming_receding_h1,h1_strict,h1_strict_wrong_cell,strict_fold_local_streaming,-0.06504255819912033,0.5
6,stale_time,h1_strict,update_only,1,12960,4.245630928004453,6.0042288392145675,0.4518101943648366,0.4550099311633874,0.4550099311633874,4.150787287998501,5.870099677213318,0.47567001595961017,0.4790871537273188,0.4790871537273188,-0.09484364000595225,-2.284955441590109,1000.0,2.0,0.9789098733385193,streaming_receding_h1,h1_strict,h1_strict_stale_time,strict_fold_local_streaming,-0.06504255819912033,0.5
6,stale_time,h1_strict,update_only,2,12638,5.585688171228106,7.899355966937758,0.6986134941952273,0.7035192045729222,0.7035192045729222,5.573299625323043,7.881835917300736,0.70023705483519,0.7048328807683156,0.7048328807683156,-0.012388545905062998,-0.22228386661240962,1000.0,2.0,0.9789098733385193,streaming_receding_h1,h1_strict,h1_strict_stale_time,strict_fold_local_streaming,-0.06504255819912033,0.5
6,stale_time,h1_strict,update_only,4,11997,7.089859036561226,10.026574804818331,0.8469671581855639,0.8500624709293244,0.8500624709293244,7.530094699831211,10.64916205045506,0.82744091818483,0.8308640120212161,0.8308640120212161,0.4402356632699851,5.84634962532215,1000.0,2.0,0.9789098733385193,streaming_receding_h1,h1_strict,h1_strict_stale_time,strict_fold_local_streaming,-0.06504255819912033,0.5
6,stale_time,h1_strict,update_only,6,11361,8.04018815781264,11.370543136810186,0.8936623178070757,0.8964914178061419,0.8964914178061419,8.82927379872645,12.486478752064361,0.8719082504757827,0.8751772045352936,0.8751772045352936,0.7890856409138092,8.937152238133429,1000.0,2.0,0.9789098733385193,streaming_receding_h1,h1_strict,h1_strict_stale_time,strict_fold_local_streaming,-0.06504255819912033,0.5
6,real,h1_strict,update_only,1,12960,4.146882630133523,5.864577657104239,0.47660462839440426,0.4800667412670212,0.4800667412670212,4.150787287998501,5.870099677213318,0.47567001595961017,0.4790871537273188,0.4790871537273188,0.003904657864977956,0.09407029544172986,3000.0,1.5,0.930691441415525,streaming_receding_h1,balanced_guard2,balanced_guard2_real,strict_fold_local_streaming,-1.5307374853087992,2.0
6,real,h1_strict,update_only,2,12638,5.150661527193767,7.284135386950744,0.743953535429748,0.7479021069257177,0.7479021069257177,5.573299625323043,7.881835917300736,0.70023705483519,0.7048328807683156,0.7048328807683156,0.42263809812927544,7.583265328297836,3000.0,1.5,0.930691441415525,streaming_receding_h1,balanced_guard2,balanced_guard2_real,strict_fold_local_streaming,-1.5307374853087992,2.0
6,real,h1_strict,update_only,4,11997,6.531014296548457,9.236248994231406,0.8703599988158295,0.8727679814102326,0.8727679814102326,7.530094699831211,10.64916205045506,0.82744091818483,0.8308640120212161,0.8308640120212161,0.999080403282754,13.267833182830339,3000.0,1.5,0.930691441415525,streaming_receding_h1,balanced_guard2,balanced_guard2_real,strict_fold_local_streaming,-1.5307374853087992,2.0
6,real,h1_strict,update_only,6,11361,7.41526600080616,10.486769746944173,0.9097257808887059,0.9119564785349661,0.9119564785349661,8.82927379872645,12.486478752064361,0.8719082504757827,0.8751772045352936,0.8751772045352936,1.4140077979202887,16.014995458904536,3000.0,1.5,0.930691441415525,streaming_receding_h1,balanced_guard2,balanced_guard2_real,strict_fold_local_streaming,-1.5307374853087992,2.0
6,wrong_cell,h1_strict,update_only,1,12960,4.220071188571493,5.968081909057753,0.45771678558703494,0.4615521266438082,0.4615521266438082,4.150787287998501,5.870099677213318,0.47567001595961017,0.4790871537273188,0.4790871537273188,-0.06928390057299261,-1.6691749243166139,3000.0,1.5,0.930691441415525,streaming_receding_h1,balanced_guard2,balanced_guard2_wrong_cell,strict_fold_local_streaming,-1.5307374853087992,2.0
6,wrong_cell,h1_strict,update_only,2,12638,5.671701060748183,8.02099656183595,0.6894727985750057,0.6943180057916261,0.6943180057916261,5.573299625323043,7.881835917300736,0.70023705483519,0.7048328807683156,0.7048328807683156,-0.09840143542514035,-1.7655866728937393,3000.0,1.5,0.930691441415525,streaming_receding_h1,balanced_guard2,balanced_guard2_wrong_cell,strict_fold_local_streaming,-1.5307374853087992,2.0
6,wrong_cell,h1_strict,update_only,4,11997,7.67361106371055,10.852124838675692,0.8207993614046444,0.8243554353182614,0.8243554353182614,7.530094699831211,10.64916205045506,0.82744091818483,0.8308640120212161,0.8308640120212161,-0.14351636387933908,-1.9059038378701405,3000.0,1.5,0.930691441415525,streaming_receding_h1,balanced_guard2,balanced_guard2_wrong_cell,strict_fold_local_streaming,-1.5307374853087992,2.0
6,wrong_cell,h1_strict,update_only,6,11361,9.01711516545907,12.752126560472332,0.8663847838329086,0.869809537981882,0.869809537981882,8.82927379872645,12.486478752064361,0.8719082504757827,0.8751772045352936,0.8751772045352936,-0.18784136673262175,-2.127483766102217,3000.0,1.5,0.930691441415525,streaming_receding_h1,balanced_guard2,balanced_guard2_wrong_cell,strict_fold_local_streaming,-1.5307374853087992,2.0
6,stale_time,h1_strict,update_only,1,12960,4.2283955045235775,5.979854269574669,0.4550758056661111,0.4594257971480893,0.4594257971480893,4.150787287998501,5.870099677213318,0.47567001595961017,0.4790871537273188,0.4790871537273188,-0.07760821652507666,-1.8697228053451793,3000.0,1.5,0.930691441415525,streaming_receding_h1,balanced_guard2,balanced_guard2_stale_time,strict_fold_local_streaming,-1.5307374853087992,2.0
6,stale_time,h1_strict,update_only,2,12638,5.662674604518375,8.008231225015587,0.6900758243671445,0.695290211298105,0.695290211298105,5.573299625323043,7.881835917300736,0.70023705483519,0.7048328807683156,0.7048328807683156,-0.08937497919533222,-1.6036277466448219,3000.0,1.5,0.930691441415525,streaming_receding_h1,balanced_guard2,balanced_guard2_stale_time,strict_fold_local_streaming,-1.5307374853087992,2.0
6,stale_time,h1_strict,update_only,4,11997,6.981531582558765,9.873376650190703,0.8516125082509268,0.8546093217330033,0.8546093217330033,7.530094699831211,10.64916205045506,0.82744091818483,0.8308640120212161,0.8308640120212161,0.5485631172724457,7.284943140021093,3000.0,1.5,0.930691441415525,streaming_receding_h1,balanced_guard2,balanced_guard2_stale_time,strict_fold_local_streaming,-1.5307374853087992,2.0
6,stale_time,h1_strict,update_only,6,11361,7.824524700700202,11.065548950853508,0.899330800220862,0.9019698048813736,0.9019698048813736,8.82927379872645,12.486478752064361,0.8719082504757827,0.8751772045352936,0.8751772045352936,1.004749098026247,11.379747881090445,3000.0,1.5,0.930691441415525,streaming_receding_h1,balanced_guard2,balanced_guard2_stale_time,strict_fold_local_streaming,-1.5307374853087992,2.0
6,real,h1_strict,update_only,1,12960,4.227921323436328,5.97918367625006,0.45632976701427785,0.45954703258610785,0.45954703258610785,4.150787287998501,5.870099677213318,0.47567001595961017,0.4790871537273188,0.4790871537273188,-0.07713403543782693,-1.8582989222514645,3000.0,2.0,0.8778112015025741,streaming_receding_h1,trajectory_guard5,trajectory_guard5_real,strict_fold_local_streaming,-3.1992417983001875,5.0
6,real,h1_strict,update_only,2,12638,5.080789527054587,7.185321456723779,0.7509018473696432,0.7546954508132364,0.7546954508132364,5.573299625323043,7.881835917300736,0.70023705483519,0.7048328807683156,0.7048328807683156,0.4925100982684558,8.836957123759674,3000.0,2.0,0.8778112015025741,streaming_receding_h1,trajectory_guard5,trajectory_guard5_real,strict_fold_local_streaming,-3.1992417983001875,5.0
6,real,h1_strict,update_only,4,11997,6.326202464311346,8.9466013233472,0.8784736407338098,0.8806228180478541,0.8806228180478541,7.530094699831211,10.64916205045506,0.82744091818483,0.8308640120212161,0.8308640120212161,1.2038922355198647,15.987743627538315,3000.0,2.0,0.8778112015025741,streaming_receding_h1,trajectory_guard5,trajectory_guard5_real,strict_fold_local_streaming,-3.1992417983001875,5.0
6,real,h1_strict,update_only,6,11361,7.104977065216152,10.047954925978473,0.9171794037246986,0.9191706109802638,0.9191706109802638,8.82927379872645,12.486478752064361,0.8719082504757827,0.8751772045352936,0.8751772045352936,1.7242967335102968,19.529315466001435,3000.0,2.0,0.8778112015025741,streaming_receding_h1,trajectory_guard5,trajectory_guard5_real,strict_fold_local_streaming,-3.1992417983001875,5.0
6,wrong_cell,h1_strict,update_only,1,12960,4.3109693948279855,6.096631385141071,0.43447841761096595,0.4381065222443934,0.4381065222443934,4.150787287998501,5.870099677213318,0.47567001595961017,0.4790871537273188,0.4790871537273188,-0.16018210682948464,-3.8590777053941507,3000.0,2.0,0.8778112015025741,streaming_receding_h1,trajectory_guard5,trajectory_guard5_wrong_cell,strict_fold_local_streaming,-3.1992417983001875,5.0
6,wrong_cell,h1_strict,update_only,2,12638,5.732331602206154,8.106741095859835,0.682851967442746,0.6877475863865702,0.6877475863865702,5.573299625323043,7.881835917300736,0.70023705483519,0.7048328807683156,0.7048328807683156,-0.159031976883111,-2.8534618192879426,3000.0,2.0,0.8778112015025741,streaming_receding_h1,trajectory_guard5,trajectory_guard5_wrong_cell,strict_fold_local_streaming,-3.1992417983001875,5.0
6,wrong_cell,h1_strict,update_only,4,11997,7.761605670904677,10.97656800558532,0.8167247306241243,0.8203040463835777,0.8203040463835777,7.530094699831211,10.64916205045506,0.82744091818483,0.8308640120212161,0.8308640120212161,-0.2315109710734662,-3.0744762224392153,3000.0,2.0,0.8778112015025741,streaming_receding_h1,trajectory_guard5,trajectory_guard5_wrong_cell,strict_fold_local_streaming,-3.1992417983001875,5.0
6,wrong_cell,h1_strict,update_only,6,11361,9.120617779943919,12.89850136161788,0.8633322284289564,0.866803612163088,0.866803612163088,8.82927379872645,12.486478752064361,0.8719082504757827,0.8751772045352936,0.8751772045352936,-0.2913439812174694,-3.2997502156915033,3000.0,2.0,0.8778112015025741,streaming_receding_h1,trajectory_guard5,trajectory_guard5_wrong_cell,strict_fold_local_streaming,-3.1992417983001875,5.0
6,stale_time,h1_strict,update_only,1,12960,4.28300125326595,6.05707846002967,0.44030392152364395,0.44537362978296335,0.44537362978296335,4.150787287998501,5.870099677213318,0.47567001595961017,0.4790871537273188,0.4790871537273188,-0.13221396526744922,-3.1852744092603804,3000.0,2.0,0.8778112015025741,streaming_receding_h1,trajectory_guard5,trajectory_guard5_stale_time,strict_fold_local_streaming,-3.1992417983001875,5.0
6,stale_time,h1_strict,update_only,2,12638,5.76788380453506,8.157019502565609,0.6782458094582459,0.6838623658367649,0.6838623658367649,5.573299625323043,7.881835917300736,0.70023705483519,0.7048328807683156,0.7048328807683156,-0.19458417921201754,-3.4913640445221703,3000.0,2.0,0.8778112015025741,streaming_receding_h1,trajectory_guard5,trajectory_guard5_stale_time,strict_fold_local_streaming,-3.1992417983001875,5.0
6,stale_time,h1_strict,update_only,4,11997,6.909199506928902,9.771083647840355,0.8546622068675253,0.8576063523541723,0.8576063523541723,7.530094699831211,10.64916205045506,0.82744091818483,0.8308640120212161,0.8308640120212161,0.6208951929023092,8.24551639325634,3000.0,2.0,0.8778112015025741,streaming_receding_h1,trajectory_guard5,trajectory_guard5_stale_time,strict_fold_local_streaming,-3.1992417983001875,5.0
6,stale_time,h1_strict,update_only,6,11361,7.619506199549692,10.775609005989052,0.9045421336857371,0.9070396845460671,0.9070396845460671,8.82927379872645,12.486478752064361,0.8719082504757827,0.8751772045352936,0.8751772045352936,1.2097675991767574,13.701779180879592,3000.0,2.0,0.8778112015025741,streaming_receding_h1,trajectory_guard5,trajectory_guard5_stale_time,strict_fold_local_streaming,-3.1992417983001875,5.0
6,real,h1_strict,update_only,1,12960,4.415417313214168,6.244343047884449,0.40708959554129726,0.4105491149231223,0.4105491149231223,4.150787287998501,5.870099677213318,0.47567001595961017,0.4790871537273188,0.4790871537273188,-0.26463002521566725,-6.375417646209261,3000.0,4.0,0.7795134880888692,streaming_receding_h1,h6_guard10,h6_guard10_real,strict_fold_local_streaming,-8.023603746464829,10.0
6,real,h1_strict,update_only,2,12638,4.973674954858575,7.033838575996389,0.7612032738828725,0.7649295752940624,0.7649295752940624,5.573299625323043,7.881835917300736,0.70023705483519,0.7048328807683156,0.7048328807683156,0.5996246704644674,10.758880928274365,3000.0,4.0,0.7795134880888692,streaming_receding_h1,h6_guard10,h6_guard10_real,strict_fold_local_streaming,-8.023603746464829,10.0
6,real,h1_strict,update_only,4,11997,5.879496892791647,8.314864245716418,0.8951626912889777,0.8968865117422701,0.8968865117422701,7.530094699831211,10.64916205045506,0.82744091818483,0.8308640120212161,0.8308640120212161,1.6505978070395635,21.920013928597232,3000.0,4.0,0.7795134880888692,streaming_receding_h1,h6_guard10,h6_guard10_real,strict_fold_local_streaming,-8.023603746464829,10.0
6,real,h1_strict,update_only,6,11361,6.382612152356934,9.026376669230508,0.9332242185893352,0.9347709813379861,0.9347709813379861,8.82927379872645,12.486478752064361,0.8719082504757827,0.8751772045352936,0.8751772045352936,2.446661646369515,27.710791421174704,3000.0,4.0,0.7795134880888692,streaming_receding_h1,h6_guard10,h6_guard10_real,strict_fold_local_streaming,-8.023603746464829,10.0
6,wrong_cell,h1_strict,update_only,1,12960,4.507858571458135,6.3750747290159,0.3816937153418598,0.38560923947085635,0.38560923947085635,4.150787287998501,5.870099677213318,0.47567001595961017,0.4790871537273188,0.4790871537273188,-0.3570712834596339,-8.602495350510067,3000.0,4.0,0.7795134880888692,streaming_receding_h1,h6_guard10,h6_guard10_wrong_cell,strict_fold_local_streaming,-8.023603746464829,10.0
6,wrong_cell,h1_strict,update_only,2,12638,5.932474216613074,8.389785495562911,0.6602612648333185,0.6655625433575714,0.6655625433575714,5.573299625323043,7.881835917300736,0.70023705483519,0.7048328807683156,0.7048328807683156,-0.3591745912900315,-6.444559155909598,3000.0,4.0,0.7795134880888692,streaming_receding_h1,h6_guard10,h6_guard10_wrong_cell,strict_fold_local_streaming,-8.023603746464829,10.0
6,wrong_cell,h1_strict,update_only,4,11997,8.05025688267411,11.384782464065083,0.8028011357205189,0.8066898640062824,0.8066898640062824,7.530094699831211,10.64916205045506,0.82744091818483,0.8308640120212161,0.8308640120212161,-0.5201621828429,-6.907777439433258,3000.0,4.0,0.7795134880888692,streaming_receding_h1,h6_guard10,h6_guard10_wrong_cell,strict_fold_local_streaming,-8.023603746464829,10.0
6,wrong_cell,h1_strict,update_only,6,11361,9.470570173709246,13.393408783065734,0.8525846840014515,0.8563861952485559,0.8563861952485559,8.82927379872645,12.486478752064361,0.8719082504757827,0.8751772045352936,0.8751772045352936,-0.6412963749827973,-7.263296955127829,3000.0,4.0,0.7795134880888692,streaming_receding_h1,h6_guard10,h6_guard10_wrong_cell,strict_fold_local_streaming,-8.023603746464829,10.0
6,stale_time,h1_strict,update_only,1,12960,4.452342408667436,6.296563018666381,0.3940882346149149,0.4006490132346975,0.4006490132346975,4.150787287998501,5.870099677213318,0.47567001595961017,0.4790871537273188,0.4790871537273188,-0.30155512066893486,-7.2650102196478485,3000.0,4.0,0.7795134880888692,streaming_receding_h1,h6_guard10,h6_guard10_stale_time,strict_fold_local_streaming,-8.023603746464829,10.0
6,stale_time,h1_strict,update_only,2,12638,6.0514799110775535,8.558084962674208,0.6453920157079178,0.6520103036648797,0.6520103036648797,5.573299625323043,7.881835917300736,0.70023705483519,0.7048328807683156,0.7048328807683156,-0.47818028575451077,-8.579841707806876,3000.0,4.0,0.7795134880888692,streaming_receding_h1,h6_guard10,h6_guard10_stale_time,strict_fold_local_streaming,-8.023603746464829,10.0
6,stale_time,h1_strict,update_only,4,11997,6.827859609601587,9.656051661878033,0.8580020116852018,0.8609393310347075,0.8609393310347075,7.530094699831211,10.64916205045506,0.82744091818483,0.8308640120212161,0.8308640120212161,0.7022350902296237,9.325713928210817,3000.0,4.0,0.7795134880888692,streaming_receding_h1,h6_guard10,h6_guard10_stale_time,strict_fold_local_streaming,-8.023603746464829,10.0
6,stale_time,h1_strict,update_only,6,11361,7.246974774755367,10.248770012634745,0.9136216325489519,0.9159074669537915,0.9159074669537915,8.82927379872645,12.486478752064361,0.8719082504757827,0.8751772045352936,0.8751772045352936,1.582299023971082,17.9210551177982,3000.0,4.0,0.7795134880888692,streaming_receding_h1,h6_guard10,h6_guard10_stale_time,strict_fold_local_streaming,-8.023603746464829,10.0
