test_movie,validation_movie,train_movies,method,horizon,component_rmse,vector_rmse,r2,n_rows,n_seeds,source_path,source_sha256,exact_key_contract_verified,method_family,source_fidelity,status,protocol_id
1,2,"3,4,5,6",constant_velocity,1,4.218847274780273,5.96635103225708,0.2308088007489394,14446.0,3,<AIRI_SOURCE_ROOT>/outputs/lachance_online_lomo_baselines_v117_production_2026-07-21/v117_seed_aggregated_within_movie.csv,8510dd42add12014fa4e3d35a32c42381a6aa6fb5ee4acd45719268ac4b3b7f4,True,kinematic,exact local implementation,complete,mdck_bulk_online_outer_lomo_v188
1,2,"3,4,5,6",constant_velocity,2,4.7210893630981445,6.676629066467285,0.7023440468121618,14078.0,3,<AIRI_SOURCE_ROOT>/outputs/lachance_online_lomo_baselines_v117_production_2026-07-21/v117_seed_aggregated_within_movie.csv,8510dd42add12014fa4e3d35a32c42381a6aa6fb5ee4acd45719268ac4b3b7f4,True,kinematic,exact local implementation,complete,mdck_bulk_online_outer_lomo_v188
1,2,"3,4,5,6",constant_velocity,4,5.70266056060791,8.064780235290527,0.8678481583387189,13348.0,3,<AIRI_SOURCE_ROOT>/outputs/lachance_online_lomo_baselines_v117_production_2026-07-21/v117_seed_aggregated_within_movie.csv,8510dd42add12014fa4e3d35a32c42381a6aa6fb5ee4acd45719268ac4b3b7f4,True,kinematic,exact local implementation,complete,mdck_bulk_online_outer_lomo_v188
1,2,"3,4,5,6",constant_velocity,6,6.315346717834473,8.931249618530273,0.9154212950841396,12627.0,3,<AIRI_SOURCE_ROOT>/outputs/lachance_online_lomo_baselines_v117_production_2026-07-21/v117_seed_aggregated_within_movie.csv,8510dd42add12014fa4e3d35a32c42381a6aa6fb5ee4acd45719268ac4b3b7f4,True,kinematic,exact local implementation,complete,mdck_bulk_online_outer_lomo_v188
1,2,"3,4,5,6",displacement_kf_ca,1,4.350731372833252,6.152863025665283,0.1819662390155642,14446.0,3,<AIRI_SOURCE_ROOT>/outputs/lachance_online_lomo_baselines_v117_production_2026-07-21/v117_seed_aggregated_within_movie.csv,8510dd42add12014fa4e3d35a32c42381a6aa6fb5ee4acd45719268ac4b3b7f4,True,classical_filter,exact causal adaptation,complete,mdck_bulk_online_outer_lomo_v188
1,2,"3,4,5,6",displacement_kf_ca,2,5.971278190612793,8.444662094116211,0.5238270872690898,14078.0,3,<AIRI_SOURCE_ROOT>/outputs/lachance_online_lomo_baselines_v117_production_2026-07-21/v117_seed_aggregated_within_movie.csv,8510dd42add12014fa4e3d35a32c42381a6aa6fb5ee4acd45719268ac4b3b7f4,True,classical_filter,exact causal adaptation,complete,mdck_bulk_online_outer_lomo_v188
1,2,"3,4,5,6",displacement_kf_ca,4,7.683241367340088,10.86574363708496,0.7601127981239788,13348.0,3,<AIRI_SOURCE_ROOT>/outputs/lachance_online_lomo_baselines_v117_production_2026-07-21/v117_seed_aggregated_within_movie.csv,8510dd42add12014fa4e3d35a32c42381a6aa6fb5ee4acd45719268ac4b3b7f4,True,classical_filter,exact causal adaptation,complete,mdck_bulk_online_outer_lomo_v188
1,2,"3,4,5,6",displacement_kf_ca,6,8.231795310974121,11.64151668548584,0.8563003382911184,12627.0,3,<AIRI_SOURCE_ROOT>/outputs/lachance_online_lomo_baselines_v117_production_2026-07-21/v117_seed_aggregated_within_movie.csv,8510dd42add12014fa4e3d35a32c42381a6aa6fb5ee4acd45719268ac4b3b7f4,True,classical_filter,exact causal adaptation,complete,mdck_bulk_online_outer_lomo_v188
1,2,"3,4,5,6",displacement_kf_cv,1,3.951497793197632,5.588261604309082,0.3252075448132447,14446.0,3,<AIRI_SOURCE_ROOT>/outputs/lachance_online_lomo_baselines_v117_production_2026-07-21/v117_seed_aggregated_within_movie.csv,8510dd42add12014fa4e3d35a32c42381a6aa6fb5ee4acd45719268ac4b3b7f4,True,classical_filter,exact causal adaptation,complete,mdck_bulk_online_outer_lomo_v188
1,2,"3,4,5,6",displacement_kf_cv,2,5.11052131652832,7.227368354797363,0.6512128493445795,14078.0,3,<AIRI_SOURCE_ROOT>/outputs/lachance_online_lomo_baselines_v117_production_2026-07-21/v117_seed_aggregated_within_movie.csv,8510dd42add12014fa4e3d35a32c42381a6aa6fb5ee4acd45719268ac4b3b7f4,True,classical_filter,exact causal adaptation,complete,mdck_bulk_online_outer_lomo_v188
1,2,"3,4,5,6",displacement_kf_cv,4,6.730307579040527,9.51809310913086,0.8159278868024505,13348.0,3,<AIRI_SOURCE_ROOT>/outputs/lachance_online_lomo_baselines_v117_production_2026-07-21/v117_seed_aggregated_within_movie.csv,8510dd42add12014fa4e3d35a32c42381a6aa6fb5ee4acd45719268ac4b3b7f4,True,classical_filter,exact causal adaptation,complete,mdck_bulk_online_outer_lomo_v188
1,2,"3,4,5,6",displacement_kf_cv,6,7.745458126068115,10.953731536865234,0.872778405797856,12627.0,3,<AIRI_SOURCE_ROOT>/outputs/lachance_online_lomo_baselines_v117_production_2026-07-21/v117_seed_aggregated_within_movie.csv,8510dd42add12014fa4e3d35a32c42381a6aa6fb5ee4acd45719268ac4b3b7f4,True,classical_filter,exact causal adaptation,complete,mdck_bulk_online_outer_lomo_v188
1,2,"3,4,5,6",gru_track,1,3.5129759311676025,4.968098163604736,0.4666678539458397,14446.0,3,<AIRI_SOURCE_ROOT>/outputs/lachance_online_lomo_baselines_v117_production_2026-07-21/v117_seed_aggregated_within_movie.csv,8510dd42add12014fa4e3d35a32c42381a6aa6fb5ee4acd45719268ac4b3b7f4,True,neural_sequence,architecture-faithful causal adaptation,complete,mdck_bulk_online_outer_lomo_v188
1,2,"3,4,5,6",gru_track,2,4.847842534383138,6.855885028839111,0.6861430879381784,14078.0,3,<AIRI_SOURCE_ROOT>/outputs/lachance_online_lomo_baselines_v117_production_2026-07-21/v117_seed_aggregated_within_movie.csv,8510dd42add12014fa4e3d35a32c42381a6aa6fb5ee4acd45719268ac4b3b7f4,True,neural_sequence,architecture-faithful causal adaptation,complete,mdck_bulk_online_outer_lomo_v188
1,2,"3,4,5,6",gru_track,4,6.747161865234375,9.541927655537922,0.814992139228198,13348.0,3,<AIRI_SOURCE_ROOT>/outputs/lachance_online_lomo_baselines_v117_production_2026-07-21/v117_seed_aggregated_within_movie.csv,8510dd42add12014fa4e3d35a32c42381a6aa6fb5ee4acd45719268ac4b3b7f4,True,neural_sequence,architecture-faithful causal adaptation,complete,mdck_bulk_online_outer_lomo_v188
1,2,"3,4,5,6",gru_track,6,8.056342283884684,11.393389383951822,0.8623412516205969,12627.0,3,<AIRI_SOURCE_ROOT>/outputs/lachance_online_lomo_baselines_v117_production_2026-07-21/v117_seed_aggregated_within_movie.csv,8510dd42add12014fa4e3d35a32c42381a6aa6fb5ee4acd45719268ac4b3b7f4,True,neural_sequence,architecture-faithful causal adaptation,complete,mdck_bulk_online_outer_lomo_v188
1,2,"3,4,5,6",hgbdt_v52,1,3.4044343630472818,4.814597129821777,0.4991165209491826,14446.0,3,<AIRI_SOURCE_ROOT>/outputs/lachance_online_lomo_baselines_v117_production_2026-07-21/v117_seed_aggregated_within_movie.csv,8510dd42add12014fa4e3d35a32c42381a6aa6fb5ee4acd45719268ac4b3b7f4,True,tree_regressor,exact local implementation,complete,mdck_bulk_online_outer_lomo_v188
1,2,"3,4,5,6",hgbdt_v52,2,4.777336756388347,6.756174087524414,0.6952087763159122,14078.0,3,<AIRI_SOURCE_ROOT>/outputs/lachance_online_lomo_baselines_v117_production_2026-07-21/v117_seed_aggregated_within_movie.csv,8510dd42add12014fa4e3d35a32c42381a6aa6fb5ee4acd45719268ac4b3b7f4,True,tree_regressor,exact local implementation,complete,mdck_bulk_online_outer_lomo_v188
1,2,"3,4,5,6",hgbdt_v52,4,6.790736198425293,9.603551546732584,0.812606844225809,13348.0,3,<AIRI_SOURCE_ROOT>/outputs/lachance_online_lomo_baselines_v117_production_2026-07-21/v117_seed_aggregated_within_movie.csv,8510dd42add12014fa4e3d35a32c42381a6aa6fb5ee4acd45719268ac4b3b7f4,True,tree_regressor,exact local implementation,complete,mdck_bulk_online_outer_lomo_v188
1,2,"3,4,5,6",hgbdt_v52,6,8.234306971232096,11.645068168640137,0.8562112890840332,12627.0,3,<AIRI_SOURCE_ROOT>/outputs/lachance_online_lomo_baselines_v117_production_2026-07-21/v117_seed_aggregated_within_movie.csv,8510dd42add12014fa4e3d35a32c42381a6aa6fb5ee4acd45719268ac4b3b7f4,True,tree_regressor,exact local implementation,complete,mdck_bulk_online_outer_lomo_v188
1,2,"3,4,5,6",position_imm,1,3.856944084167481,5.454543113708496,0.3571147844676959,14446.0,3,<AIRI_SOURCE_ROOT>/outputs/lachance_online_lomo_baselines_v117_production_2026-07-21/v117_seed_aggregated_within_movie.csv,8510dd42add12014fa4e3d35a32c42381a6aa6fb5ee4acd45719268ac4b3b7f4,True,classical_filter,exact causal adaptation,complete,mdck_bulk_online_outer_lomo_v188
1,2,"3,4,5,6",position_imm,2,5.296651363372803,7.490596294403076,0.6253438722673419,14078.0,3,<AIRI_SOURCE_ROOT>/outputs/lachance_online_lomo_baselines_v117_production_2026-07-21/v117_seed_aggregated_within_movie.csv,8510dd42add12014fa4e3d35a32c42381a6aa6fb5ee4acd45719268ac4b3b7f4,True,classical_filter,exact causal adaptation,complete,mdck_bulk_online_outer_lomo_v188
1,2,"3,4,5,6",position_imm,4,7.086954593658447,10.022467613220217,0.7959026121803007,13348.0,3,<AIRI_SOURCE_ROOT>/outputs/lachance_online_lomo_baselines_v117_production_2026-07-21/v117_seed_aggregated_within_movie.csv,8510dd42add12014fa4e3d35a32c42381a6aa6fb5ee4acd45719268ac4b3b7f4,True,classical_filter,exact causal adaptation,complete,mdck_bulk_online_outer_lomo_v188
1,2,"3,4,5,6",position_imm,6,8.396929740905762,11.875052452087402,0.8504771163516219,12627.0,3,<AIRI_SOURCE_ROOT>/outputs/lachance_online_lomo_baselines_v117_production_2026-07-21/v117_seed_aggregated_within_movie.csv,8510dd42add12014fa4e3d35a32c42381a6aa6fb5ee4acd45719268ac4b3b7f4,True,classical_filter,exact causal adaptation,complete,mdck_bulk_online_outer_lomo_v188
1,2,"3,4,5,6",position_kf_ca,1,4.510451793670654,6.378742694854736,0.1208017294263683,14446.0,3,<AIRI_SOURCE_ROOT>/outputs/lachance_online_lomo_baselines_v117_production_2026-07-21/v117_seed_aggregated_within_movie.csv,8510dd42add12014fa4e3d35a32c42381a6aa6fb5ee4acd45719268ac4b3b7f4,True,classical_filter,exact causal adaptation,complete,mdck_bulk_online_outer_lomo_v188
1,2,"3,4,5,6",position_kf_ca,2,6.137069225311279,8.679126739501953,0.4970183310005354,14078.0,3,<AIRI_SOURCE_ROOT>/outputs/lachance_online_lomo_baselines_v117_production_2026-07-21/v117_seed_aggregated_within_movie.csv,8510dd42add12014fa4e3d35a32c42381a6aa6fb5ee4acd45719268ac4b3b7f4,True,classical_filter,exact causal adaptation,complete,mdck_bulk_online_outer_lomo_v188
1,2,"3,4,5,6",position_kf_ca,4,7.038888454437256,9.95449161529541,0.7986617533576514,13348.0,3,<AIRI_SOURCE_ROOT>/outputs/lachance_online_lomo_baselines_v117_production_2026-07-21/v117_seed_aggregated_within_movie.csv,8510dd42add12014fa4e3d35a32c42381a6aa6fb5ee4acd45719268ac4b3b7f4,True,classical_filter,exact causal adaptation,complete,mdck_bulk_online_outer_lomo_v188
1,2,"3,4,5,6",position_kf_ca,6,6.948436737060547,9.826574325561523,0.8976139395993409,12627.0,3,<AIRI_SOURCE_ROOT>/outputs/lachance_online_lomo_baselines_v117_production_2026-07-21/v117_seed_aggregated_within_movie.csv,8510dd42add12014fa4e3d35a32c42381a6aa6fb5ee4acd45719268ac4b3b7f4,True,classical_filter,exact causal adaptation,complete,mdck_bulk_online_outer_lomo_v188
1,2,"3,4,5,6",position_kf_cv,1,3.897546768188477,5.511963367462158,0.3435080509681186,14446.0,3,<AIRI_SOURCE_ROOT>/outputs/lachance_online_lomo_baselines_v117_production_2026-07-21/v117_seed_aggregated_within_movie.csv,8510dd42add12014fa4e3d35a32c42381a6aa6fb5ee4acd45719268ac4b3b7f4,True,classical_filter,exact causal adaptation,complete,mdck_bulk_online_outer_lomo_v188
1,2,"3,4,5,6",position_kf_cv,2,5.427463054656982,7.675591945648193,0.6066094739892646,14078.0,3,<AIRI_SOURCE_ROOT>/outputs/lachance_online_lomo_baselines_v117_production_2026-07-21/v117_seed_aggregated_within_movie.csv,8510dd42add12014fa4e3d35a32c42381a6aa6fb5ee4acd45719268ac4b3b7f4,True,classical_filter,exact causal adaptation,complete,mdck_bulk_online_outer_lomo_v188
1,2,"3,4,5,6",position_kf_cv,4,7.495380878448486,10.600069046020508,0.7717001902218236,13348.0,3,<AIRI_SOURCE_ROOT>/outputs/lachance_online_lomo_baselines_v117_production_2026-07-21/v117_seed_aggregated_within_movie.csv,8510dd42add12014fa4e3d35a32c42381a6aa6fb5ee4acd45719268ac4b3b7f4,True,classical_filter,exact causal adaptation,complete,mdck_bulk_online_outer_lomo_v188
1,2,"3,4,5,6",position_kf_cv,6,8.780364036560059,12.417309761047363,0.8365098334172777,12627.0,3,<AIRI_SOURCE_ROOT>/outputs/lachance_online_lomo_baselines_v117_production_2026-07-21/v117_seed_aggregated_within_movie.csv,8510dd42add12014fa4e3d35a32c42381a6aa6fb5ee4acd45719268ac4b3b7f4,True,classical_filter,exact causal adaptation,complete,mdck_bulk_online_outer_lomo_v188
1,2,"3,4,5,6",wolf_imq_ca,1,4.499858856201172,6.363761901855469,0.1249264494575255,14446.0,3,<AIRI_SOURCE_ROOT>/outputs/lachance_online_lomo_baselines_v117_production_2026-07-21/v117_seed_aggregated_within_movie.csv,8510dd42add12014fa4e3d35a32c42381a6aa6fb5ee4acd45719268ac4b3b7f4,True,robust_filter,source-faithful WoLF-IMQ update adaptation,complete,mdck_bulk_online_outer_lomo_v188
1,2,"3,4,5,6",wolf_imq_ca,2,6.339879035949707,8.9659423828125,0.4632252918289783,14078.0,3,<AIRI_SOURCE_ROOT>/outputs/lachance_online_lomo_baselines_v117_production_2026-07-21/v117_seed_aggregated_within_movie.csv,8510dd42add12014fa4e3d35a32c42381a6aa6fb5ee4acd45719268ac4b3b7f4,True,robust_filter,source-faithful WoLF-IMQ update adaptation,complete,mdck_bulk_online_outer_lomo_v188
1,2,"3,4,5,6",wolf_imq_ca,4,7.438299655914307,10.519344329833984,0.7751641864814717,13348.0,3,<AIRI_SOURCE_ROOT>/outputs/lachance_online_lomo_baselines_v117_production_2026-07-21/v117_seed_aggregated_within_movie.csv,8510dd42add12014fa4e3d35a32c42381a6aa6fb5ee4acd45719268ac4b3b7f4,True,robust_filter,source-faithful WoLF-IMQ update adaptation,complete,mdck_bulk_online_outer_lomo_v188
1,2,"3,4,5,6",wolf_imq_ca,6,7.359500885009766,10.40790557861328,0.885141448950085,12627.0,3,<AIRI_SOURCE_ROOT>/outputs/lachance_online_lomo_baselines_v117_production_2026-07-21/v117_seed_aggregated_within_movie.csv,8510dd42add12014fa4e3d35a32c42381a6aa6fb5ee4acd45719268ac4b3b7f4,True,robust_filter,source-faithful WoLF-IMQ update adaptation,complete,mdck_bulk_online_outer_lomo_v188
1,2,"3,4,5,6",wolf_imq_cv,1,3.8626046180725098,5.462547779083252,0.355226449663196,14446.0,3,<AIRI_SOURCE_ROOT>/outputs/lachance_online_lomo_baselines_v117_production_2026-07-21/v117_seed_aggregated_within_movie.csv,8510dd42add12014fa4e3d35a32c42381a6aa6fb5ee4acd45719268ac4b3b7f4,True,robust_filter,source-faithful WoLF-IMQ update adaptation,complete,mdck_bulk_online_outer_lomo_v188
1,2,"3,4,5,6",wolf_imq_cv,2,5.5573859214782715,7.859330177307129,0.587550116418549,14078.0,3,<AIRI_SOURCE_ROOT>/outputs/lachance_online_lomo_baselines_v117_production_2026-07-21/v117_seed_aggregated_within_movie.csv,8510dd42add12014fa4e3d35a32c42381a6aa6fb5ee4acd45719268ac4b3b7f4,True,robust_filter,source-faithful WoLF-IMQ update adaptation,complete,mdck_bulk_online_outer_lomo_v188
1,2,"3,4,5,6",wolf_imq_cv,4,7.676263332366943,10.855875968933104,0.7605483188015164,13348.0,3,<AIRI_SOURCE_ROOT>/outputs/lachance_online_lomo_baselines_v117_production_2026-07-21/v117_seed_aggregated_within_movie.csv,8510dd42add12014fa4e3d35a32c42381a6aa6fb5ee4acd45719268ac4b3b7f4,True,robust_filter,source-faithful WoLF-IMQ update adaptation,complete,mdck_bulk_online_outer_lomo_v188
1,2,"3,4,5,6",wolf_imq_cv,6,8.95988941192627,12.67119598388672,0.82975596661527,12627.0,3,<AIRI_SOURCE_ROOT>/outputs/lachance_online_lomo_baselines_v117_production_2026-07-21/v117_seed_aggregated_within_movie.csv,8510dd42add12014fa4e3d35a32c42381a6aa6fb5ee4acd45719268ac4b3b7f4,True,robust_filter,source-faithful WoLF-IMQ update adaptation,complete,mdck_bulk_online_outer_lomo_v188
2,3,"1,4,5,6",constant_velocity,1,3.789653778076172,5.359379768371582,0.264252143672628,13633.0,3,<AIRI_SOURCE_ROOT>/outputs/lachance_online_lomo_baselines_v117_production_2026-07-21/v117_seed_aggregated_within_movie.csv,8510dd42add12014fa4e3d35a32c42381a6aa6fb5ee4acd45719268ac4b3b7f4,True,kinematic,exact local implementation,complete,mdck_bulk_online_outer_lomo_v188
2,3,"1,4,5,6",constant_velocity,2,4.284590721130371,6.059326171875,0.7108784710797789,13298.0,3,<AIRI_SOURCE_ROOT>/outputs/lachance_online_lomo_baselines_v117_production_2026-07-21/v117_seed_aggregated_within_movie.csv,8510dd42add12014fa4e3d35a32c42381a6aa6fb5ee4acd45719268ac4b3b7f4,True,kinematic,exact local implementation,complete,mdck_bulk_online_outer_lomo_v188
2,3,"1,4,5,6",constant_velocity,4,5.286755084991455,7.4766011238098145,0.8637814153072313,12631.0,3,<AIRI_SOURCE_ROOT>/outputs/lachance_online_lomo_baselines_v117_production_2026-07-21/v117_seed_aggregated_within_movie.csv,8510dd42add12014fa4e3d35a32c42381a6aa6fb5ee4acd45719268ac4b3b7f4,True,kinematic,exact local implementation,complete,mdck_bulk_online_outer_lomo_v188
2,3,"1,4,5,6",constant_velocity,6,5.925078392028809,8.379325866699219,0.9086745113119384,11967.0,3,<AIRI_SOURCE_ROOT>/outputs/lachance_online_lomo_baselines_v117_production_2026-07-21/v117_seed_aggregated_within_movie.csv,8510dd42add12014fa4e3d35a32c42381a6aa6fb5ee4acd45719268ac4b3b7f4,True,kinematic,exact local implementation,complete,mdck_bulk_online_outer_lomo_v188
2,3,"1,4,5,6",displacement_kf_ca,1,3.909890651702881,5.529420375823975,0.216824362934245,13633.0,3,<AIRI_SOURCE_ROOT>/outputs/lachance_online_lomo_baselines_v117_production_2026-07-21/v117_seed_aggregated_within_movie.csv,8510dd42add12014fa4e3d35a32c42381a6aa6fb5ee4acd45719268ac4b3b7f4,True,classical_filter,exact causal adaptation,complete,mdck_bulk_online_outer_lomo_v188
2,3,"1,4,5,6",displacement_kf_ca,2,5.44189453125,7.696000576019287,0.5335963549059137,13298.0,3,<AIRI_SOURCE_ROOT>/outputs/lachance_online_lomo_baselines_v117_production_2026-07-21/v117_seed_aggregated_within_movie.csv,8510dd42add12014fa4e3d35a32c42381a6aa6fb5ee4acd45719268ac4b3b7f4,True,classical_filter,exact causal adaptation,complete,mdck_bulk_online_outer_lomo_v188
2,3,"1,4,5,6",displacement_kf_ca,4,7.119054794311523,10.067864418029783,0.7529967881719531,12631.0,3,<AIRI_SOURCE_ROOT>/outputs/lachance_online_lomo_baselines_v117_production_2026-07-21/v117_seed_aggregated_within_movie.csv,8510dd42add12014fa4e3d35a32c42381a6aa6fb5ee4acd45719268ac4b3b7f4,True,classical_filter,exact causal adaptation,complete,mdck_bulk_online_outer_lomo_v188
2,3,"1,4,5,6",displacement_kf_ca,6,7.653542518615723,10.823742866516112,0.847619711143991,11967.0,3,<AIRI_SOURCE_ROOT>/outputs/lachance_online_lomo_baselines_v117_production_2026-07-21/v117_seed_aggregated_within_movie.csv,8510dd42add12014fa4e3d35a32c42381a6aa6fb5ee4acd45719268ac4b3b7f4,True,classical_filter,exact causal adaptation,complete,mdck_bulk_online_outer_lomo_v188
2,3,"1,4,5,6",displacement_kf_cv,1,3.554931402206421,5.027431964874268,0.3525706456653411,13633.0,3,<AIRI_SOURCE_ROOT>/outputs/lachance_online_lomo_baselines_v117_production_2026-07-21/v117_seed_aggregated_within_movie.csv,8510dd42add12014fa4e3d35a32c42381a6aa6fb5ee4acd45719268ac4b3b7f4,True,classical_filter,exact causal adaptation,complete,mdck_bulk_online_outer_lomo_v188
2,3,"1,4,5,6",displacement_kf_cv,2,4.6880998611450195,6.629974365234375,0.6538570719555222,13298.0,3,<AIRI_SOURCE_ROOT>/outputs/lachance_online_lomo_baselines_v117_production_2026-07-21/v117_seed_aggregated_within_movie.csv,8510dd42add12014fa4e3d35a32c42381a6aa6fb5ee4acd45719268ac4b3b7f4,True,classical_filter,exact causal adaptation,complete,mdck_bulk_online_outer_lomo_v188
2,3,"1,4,5,6",displacement_kf_cv,4,6.29271125793457,8.899238586425781,0.8070105386660843,12631.0,3,<AIRI_SOURCE_ROOT>/outputs/lachance_online_lomo_baselines_v117_production_2026-07-21/v117_seed_aggregated_within_movie.csv,8510dd42add12014fa4e3d35a32c42381a6aa6fb5ee4acd45719268ac4b3b7f4,True,classical_filter,exact causal adaptation,complete,mdck_bulk_online_outer_lomo_v188
2,3,"1,4,5,6",displacement_kf_cv,6,7.28338098526001,10.300256729125977,0.8620029224495492,11967.0,3,<AIRI_SOURCE_ROOT>/outputs/lachance_online_lomo_baselines_v117_production_2026-07-21/v117_seed_aggregated_within_movie.csv,8510dd42add12014fa4e3d35a32c42381a6aa6fb5ee4acd45719268ac4b3b7f4,True,classical_filter,exact causal adaptation,complete,mdck_bulk_online_outer_lomo_v188
2,3,"1,4,5,6",gru_track,1,3.2192339102427163,4.552684624989827,0.4690643302598101,13633.0,3,<AIRI_SOURCE_ROOT>/outputs/lachance_online_lomo_baselines_v117_production_2026-07-21/v117_seed_aggregated_within_movie.csv,8510dd42add12014fa4e3d35a32c42381a6aa6fb5ee4acd45719268ac4b3b7f4,True,neural_sequence,architecture-faithful causal adaptation,complete,mdck_bulk_online_outer_lomo_v188
2,3,"1,4,5,6",gru_track,2,4.417470137278239,6.247246106465657,0.6926586755975568,13298.0,3,<AIRI_SOURCE_ROOT>/outputs/lachance_online_lomo_baselines_v117_production_2026-07-21/v117_seed_aggregated_within_movie.csv,8510dd42add12014fa4e3d35a32c42381a6aa6fb5ee4acd45719268ac4b3b7f4,True,neural_sequence,architecture-faithful causal adaptation,complete,mdck_bulk_online_outer_lomo_v188
2,3,"1,4,5,6",gru_track,4,6.0091471672058105,8.498217264811197,0.823993250685224,12631.0,3,<AIRI_SOURCE_ROOT>/outputs/lachance_online_lomo_baselines_v117_production_2026-07-21/v117_seed_aggregated_within_movie.csv,8510dd42add12014fa4e3d35a32c42381a6aa6fb5ee4acd45719268ac4b3b7f4,True,neural_sequence,architecture-faithful causal adaptation,complete,mdck_bulk_online_outer_lomo_v188
2,3,"1,4,5,6",gru_track,6,7.0517471631368,9.972676277160645,0.870614831192345,11967.0,3,<AIRI_SOURCE_ROOT>/outputs/lachance_online_lomo_baselines_v117_production_2026-07-21/v117_seed_aggregated_within_movie.csv,8510dd42add12014fa4e3d35a32c42381a6aa6fb5ee4acd45719268ac4b3b7f4,True,neural_sequence,architecture-faithful causal adaptation,complete,mdck_bulk_online_outer_lomo_v188
2,3,"1,4,5,6",hgbdt_v52,1,3.1206790606180825,4.413306554158528,0.5010830021930922,13633.0,3,<AIRI_SOURCE_ROOT>/outputs/lachance_online_lomo_baselines_v117_production_2026-07-21/v117_seed_aggregated_within_movie.csv,8510dd42add12014fa4e3d35a32c42381a6aa6fb5ee4acd45719268ac4b3b7f4,True,tree_regressor,exact local implementation,complete,mdck_bulk_online_outer_lomo_v188
2,3,"1,4,5,6",hgbdt_v52,2,4.298408508300781,6.0788679122924805,0.709010364061581,13298.0,3,<AIRI_SOURCE_ROOT>/outputs/lachance_online_lomo_baselines_v117_production_2026-07-21/v117_seed_aggregated_within_movie.csv,8510dd42add12014fa4e3d35a32c42381a6aa6fb5ee4acd45719268ac4b3b7f4,True,tree_regressor,exact local implementation,complete,mdck_bulk_online_outer_lomo_v188
2,3,"1,4,5,6",hgbdt_v52,4,5.996774673461914,8.480720202128092,0.8247356410662544,12631.0,3,<AIRI_SOURCE_ROOT>/outputs/lachance_online_lomo_baselines_v117_production_2026-07-21/v117_seed_aggregated_within_movie.csv,8510dd42add12014fa4e3d35a32c42381a6aa6fb5ee4acd45719268ac4b3b7f4,True,tree_regressor,exact local implementation,complete,mdck_bulk_online_outer_lomo_v188
2,3,"1,4,5,6",hgbdt_v52,6,7.274084726969401,10.28710969289144,0.8623549141508707,11967.0,3,<AIRI_SOURCE_ROOT>/outputs/lachance_online_lomo_baselines_v117_production_2026-07-21/v117_seed_aggregated_within_movie.csv,8510dd42add12014fa4e3d35a32c42381a6aa6fb5ee4acd45719268ac4b3b7f4,True,tree_regressor,exact local implementation,complete,mdck_bulk_online_outer_lomo_v188
2,3,"1,4,5,6",position_imm,1,3.4840052127838135,4.927127361297607,0.3781472806260001,13633.0,3,<AIRI_SOURCE_ROOT>/outputs/lachance_online_lomo_baselines_v117_production_2026-07-21/v117_seed_aggregated_within_movie.csv,8510dd42add12014fa4e3d35a32c42381a6aa6fb5ee4acd45719268ac4b3b7f4,True,classical_filter,exact causal adaptation,complete,mdck_bulk_online_outer_lomo_v188
2,3,"1,4,5,6",position_imm,2,4.868255138397217,6.88475227355957,0.626742632034177,13298.0,3,<AIRI_SOURCE_ROOT>/outputs/lachance_online_lomo_baselines_v117_production_2026-07-21/v117_seed_aggregated_within_movie.csv,8510dd42add12014fa4e3d35a32c42381a6aa6fb5ee4acd45719268ac4b3b7f4,True,classical_filter,exact causal adaptation,complete,mdck_bulk_online_outer_lomo_v188
2,3,"1,4,5,6",position_imm,4,6.63165807723999,9.378581047058104,0.785660493878369,12631.0,3,<AIRI_SOURCE_ROOT>/outputs/lachance_online_lomo_baselines_v117_production_2026-07-21/v117_seed_aggregated_within_movie.csv,8510dd42add12014fa4e3d35a32c42381a6aa6fb5ee4acd45719268ac4b3b7f4,True,classical_filter,exact causal adaptation,complete,mdck_bulk_online_outer_lomo_v188
2,3,"1,4,5,6",position_imm,6,7.867354393005371,11.12611961364746,0.83898689321375,11967.0,3,<AIRI_SOURCE_ROOT>/outputs/lachance_online_lomo_baselines_v117_production_2026-07-21/v117_seed_aggregated_within_movie.csv,8510dd42add12014fa4e3d35a32c42381a6aa6fb5ee4acd45719268ac4b3b7f4,True,classical_filter,exact causal adaptation,complete,mdck_bulk_online_outer_lomo_v188
2,3,"1,4,5,6",position_kf_ca,1,4.111970901489258,5.815205097198486,0.1337764102886891,13633.0,3,<AIRI_SOURCE_ROOT>/outputs/lachance_online_lomo_baselines_v117_production_2026-07-21/v117_seed_aggregated_within_movie.csv,8510dd42add12014fa4e3d35a32c42381a6aa6fb5ee4acd45719268ac4b3b7f4,True,classical_filter,exact causal adaptation,complete,mdck_bulk_online_outer_lomo_v188
2,3,"1,4,5,6",position_kf_ca,2,5.435718059539795,7.68726634979248,0.5346544122300589,13298.0,3,<AIRI_SOURCE_ROOT>/outputs/lachance_online_lomo_baselines_v117_production_2026-07-21/v117_seed_aggregated_within_movie.csv,8510dd42add12014fa4e3d35a32c42381a6aa6fb5ee4acd45719268ac4b3b7f4,True,classical_filter,exact causal adaptation,complete,mdck_bulk_online_outer_lomo_v188
2,3,"1,4,5,6",position_kf_ca,4,6.119504451751709,8.65428638458252,0.8174883969624996,12631.0,3,<AIRI_SOURCE_ROOT>/outputs/lachance_online_lomo_baselines_v117_production_2026-07-21/v117_seed_aggregated_within_movie.csv,8510dd42add12014fa4e3d35a32c42381a6aa6fb5ee4acd45719268ac4b3b7f4,True,classical_filter,exact causal adaptation,complete,mdck_bulk_online_outer_lomo_v188
2,3,"1,4,5,6",position_kf_ca,6,6.022468566894531,8.517057418823242,0.9056476109290136,11967.0,3,<AIRI_SOURCE_ROOT>/outputs/lachance_online_lomo_baselines_v117_production_2026-07-21/v117_seed_aggregated_within_movie.csv,8510dd42add12014fa4e3d35a32c42381a6aa6fb5ee4acd45719268ac4b3b7f4,True,classical_filter,exact causal adaptation,complete,mdck_bulk_online_outer_lomo_v188
2,3,"1,4,5,6",position_kf_cv,1,3.5377438068389893,5.003125190734863,0.3588160026755834,13633.0,3,<AIRI_SOURCE_ROOT>/outputs/lachance_online_lomo_baselines_v117_production_2026-07-21/v117_seed_aggregated_within_movie.csv,8510dd42add12014fa4e3d35a32c42381a6aa6fb5ee4acd45719268ac4b3b7f4,True,classical_filter,exact causal adaptation,complete,mdck_bulk_online_outer_lomo_v188
2,3,"1,4,5,6",position_kf_cv,2,5.008353233337402,7.082880973815918,0.6049503818192383,13298.0,3,<AIRI_SOURCE_ROOT>/outputs/lachance_online_lomo_baselines_v117_production_2026-07-21/v117_seed_aggregated_within_movie.csv,8510dd42add12014fa4e3d35a32c42381a6aa6fb5ee4acd45719268ac4b3b7f4,True,classical_filter,exact causal adaptation,complete,mdck_bulk_online_outer_lomo_v188
2,3,"1,4,5,6",position_kf_cv,4,7.0380988121032715,9.953374862670898,0.7585825435756591,12631.0,3,<AIRI_SOURCE_ROOT>/outputs/lachance_online_lomo_baselines_v117_production_2026-07-21/v117_seed_aggregated_within_movie.csv,8510dd42add12014fa4e3d35a32c42381a6aa6fb5ee4acd45719268ac4b3b7f4,True,classical_filter,exact causal adaptation,complete,mdck_bulk_online_outer_lomo_v188
2,3,"1,4,5,6",position_kf_cv,6,8.285446166992188,11.717390060424805,0.8214188689289855,11967.0,3,<AIRI_SOURCE_ROOT>/outputs/lachance_online_lomo_baselines_v117_production_2026-07-21/v117_seed_aggregated_within_movie.csv,8510dd42add12014fa4e3d35a32c42381a6aa6fb5ee4acd45719268ac4b3b7f4,True,classical_filter,exact causal adaptation,complete,mdck_bulk_online_outer_lomo_v188
2,3,"1,4,5,6",wolf_imq_ca,1,4.144491195678711,5.8611955642700195,0.1200208889033983,13633.0,3,<AIRI_SOURCE_ROOT>/outputs/lachance_online_lomo_baselines_v117_production_2026-07-21/v117_seed_aggregated_within_movie.csv,8510dd42add12014fa4e3d35a32c42381a6aa6fb5ee4acd45719268ac4b3b7f4,True,robust_filter,source-faithful WoLF-IMQ update adaptation,complete,mdck_bulk_online_outer_lomo_v188
2,3,"1,4,5,6",wolf_imq_ca,2,5.767472743988037,8.156438827514648,0.4761187638627605,13298.0,3,<AIRI_SOURCE_ROOT>/outputs/lachance_online_lomo_baselines_v117_production_2026-07-21/v117_seed_aggregated_within_movie.csv,8510dd42add12014fa4e3d35a32c42381a6aa6fb5ee4acd45719268ac4b3b7f4,True,robust_filter,source-faithful WoLF-IMQ update adaptation,complete,mdck_bulk_online_outer_lomo_v188
2,3,"1,4,5,6",wolf_imq_ca,4,6.562220573425293,9.280380249023438,0.7901255435442122,12631.0,3,<AIRI_SOURCE_ROOT>/outputs/lachance_online_lomo_baselines_v117_production_2026-07-21/v117_seed_aggregated_within_movie.csv,8510dd42add12014fa4e3d35a32c42381a6aa6fb5ee4acd45719268ac4b3b7f4,True,robust_filter,source-faithful WoLF-IMQ update adaptation,complete,mdck_bulk_online_outer_lomo_v188
2,3,"1,4,5,6",wolf_imq_ca,6,6.343964099884033,8.971719741821289,0.895305171424904,11967.0,3,<AIRI_SOURCE_ROOT>/outputs/lachance_online_lomo_baselines_v117_production_2026-07-21/v117_seed_aggregated_within_movie.csv,8510dd42add12014fa4e3d35a32c42381a6aa6fb5ee4acd45719268ac4b3b7f4,True,robust_filter,source-faithful WoLF-IMQ update adaptation,complete,mdck_bulk_online_outer_lomo_v188
2,3,"1,4,5,6",wolf_imq_cv,1,3.5194129943847656,4.977201461791992,0.3654433677966575,13633.0,3,<AIRI_SOURCE_ROOT>/outputs/lachance_online_lomo_baselines_v117_production_2026-07-21/v117_seed_aggregated_within_movie.csv,8510dd42add12014fa4e3d35a32c42381a6aa6fb5ee4acd45719268ac4b3b7f4,True,robust_filter,source-faithful WoLF-IMQ update adaptation,complete,mdck_bulk_online_outer_lomo_v188
2,3,"1,4,5,6",wolf_imq_cv,2,5.109108924865723,7.225371360778809,0.588895690603727,13298.0,3,<AIRI_SOURCE_ROOT>/outputs/lachance_online_lomo_baselines_v117_production_2026-07-21/v117_seed_aggregated_within_movie.csv,8510dd42add12014fa4e3d35a32c42381a6aa6fb5ee4acd45719268ac4b3b7f4,True,robust_filter,source-faithful WoLF-IMQ update adaptation,complete,mdck_bulk_online_outer_lomo_v188
2,3,"1,4,5,6",wolf_imq_cv,4,7.184332847595215,10.160181045532228,0.7484462482788611,12631.0,3,<AIRI_SOURCE_ROOT>/outputs/lachance_online_lomo_baselines_v117_production_2026-07-21/v117_seed_aggregated_within_movie.csv,8510dd42add12014fa4e3d35a32c42381a6aa6fb5ee4acd45719268ac4b3b7f4,True,robust_filter,source-faithful WoLF-IMQ update adaptation,complete,mdck_bulk_online_outer_lomo_v188
2,3,"1,4,5,6",wolf_imq_cv,6,8.42976188659668,11.921483039855955,0.8151436264177353,11967.0,3,<AIRI_SOURCE_ROOT>/outputs/lachance_online_lomo_baselines_v117_production_2026-07-21/v117_seed_aggregated_within_movie.csv,8510dd42add12014fa4e3d35a32c42381a6aa6fb5ee4acd45719268ac4b3b7f4,True,robust_filter,source-faithful WoLF-IMQ update adaptation,complete,mdck_bulk_online_outer_lomo_v188
3,4,"1,2,5,6",constant_velocity,1,3.9286491870880127,5.555948734283447,0.3338109800501259,12799.0,3,<AIRI_SOURCE_ROOT>/outputs/lachance_online_lomo_baselines_v117_production_2026-07-21/v117_seed_aggregated_within_movie.csv,8510dd42add12014fa4e3d35a32c42381a6aa6fb5ee4acd45719268ac4b3b7f4,True,kinematic,exact local implementation,complete,mdck_bulk_online_outer_lomo_v188
3,4,"1,2,5,6",constant_velocity,2,4.691537380218506,6.634835243225098,0.714357301605343,12481.0,3,<AIRI_SOURCE_ROOT>/outputs/lachance_online_lomo_baselines_v117_production_2026-07-21/v117_seed_aggregated_within_movie.csv,8510dd42add12014fa4e3d35a32c42381a6aa6fb5ee4acd45719268ac4b3b7f4,True,kinematic,exact local implementation,complete,mdck_bulk_online_outer_lomo_v188
3,4,"1,2,5,6",constant_velocity,4,5.742878437042236,8.12165641784668,0.8674237881966445,11850.0,3,<AIRI_SOURCE_ROOT>/outputs/lachance_online_lomo_baselines_v117_production_2026-07-21/v117_seed_aggregated_within_movie.csv,8510dd42add12014fa4e3d35a32c42381a6aa6fb5ee4acd45719268ac4b3b7f4,True,kinematic,exact local implementation,complete,mdck_bulk_online_outer_lomo_v188
3,4,"1,2,5,6",constant_velocity,6,6.463988780975342,9.141460418701172,0.9107631201948444,11222.0,3,<AIRI_SOURCE_ROOT>/outputs/lachance_online_lomo_baselines_v117_production_2026-07-21/v117_seed_aggregated_within_movie.csv,8510dd42add12014fa4e3d35a32c42381a6aa6fb5ee4acd45719268ac4b3b7f4,True,kinematic,exact local implementation,complete,mdck_bulk_online_outer_lomo_v188
3,4,"1,2,5,6",displacement_kf_ca,1,4.143652439117432,5.86000919342041,0.2588986247273388,12799.0,3,<AIRI_SOURCE_ROOT>/outputs/lachance_online_lomo_baselines_v117_production_2026-07-21/v117_seed_aggregated_within_movie.csv,8510dd42add12014fa4e3d35a32c42381a6aa6fb5ee4acd45719268ac4b3b7f4,True,classical_filter,exact causal adaptation,complete,mdck_bulk_online_outer_lomo_v188
3,4,"1,2,5,6",displacement_kf_ca,2,6.032444953918457,8.53116512298584,0.5277417481549183,12481.0,3,<AIRI_SOURCE_ROOT>/outputs/lachance_online_lomo_baselines_v117_production_2026-07-21/v117_seed_aggregated_within_movie.csv,8510dd42add12014fa4e3d35a32c42381a6aa6fb5ee4acd45719268ac4b3b7f4,True,classical_filter,exact causal adaptation,complete,mdck_bulk_online_outer_lomo_v188
3,4,"1,2,5,6",displacement_kf_ca,4,7.978963375091553,11.283958435058594,0.7440828959378555,11850.0,3,<AIRI_SOURCE_ROOT>/outputs/lachance_online_lomo_baselines_v117_production_2026-07-21/v117_seed_aggregated_within_movie.csv,8510dd42add12014fa4e3d35a32c42381a6aa6fb5ee4acd45719268ac4b3b7f4,True,classical_filter,exact causal adaptation,complete,mdck_bulk_online_outer_lomo_v188
3,4,"1,2,5,6",displacement_kf_ca,6,8.634024620056152,12.210354804992676,0.8407902067724532,11222.0,3,<AIRI_SOURCE_ROOT>/outputs/lachance_online_lomo_baselines_v117_production_2026-07-21/v117_seed_aggregated_within_movie.csv,8510dd42add12014fa4e3d35a32c42381a6aa6fb5ee4acd45719268ac4b3b7f4,True,classical_filter,exact causal adaptation,complete,mdck_bulk_online_outer_lomo_v188
3,4,"1,2,5,6",displacement_kf_cv,1,3.727596282958984,5.271617412567139,0.4002521055694443,12799.0,3,<AIRI_SOURCE_ROOT>/outputs/lachance_online_lomo_baselines_v117_production_2026-07-21/v117_seed_aggregated_within_movie.csv,8510dd42add12014fa4e3d35a32c42381a6aa6fb5ee4acd45719268ac4b3b7f4,True,classical_filter,exact causal adaptation,complete,mdck_bulk_online_outer_lomo_v188
3,4,"1,2,5,6",displacement_kf_cv,2,5.4027605056762695,7.640657424926758,0.6211875238053832,12481.0,3,<AIRI_SOURCE_ROOT>/outputs/lachance_online_lomo_baselines_v117_production_2026-07-21/v117_seed_aggregated_within_movie.csv,8510dd42add12014fa4e3d35a32c42381a6aa6fb5ee4acd45719268ac4b3b7f4,True,classical_filter,exact causal adaptation,complete,mdck_bulk_online_outer_lomo_v188
3,4,"1,2,5,6",displacement_kf_cv,4,7.589347839355469,10.732958793640137,0.7684657415262196,11850.0,3,<AIRI_SOURCE_ROOT>/outputs/lachance_online_lomo_baselines_v117_production_2026-07-21/v117_seed_aggregated_within_movie.csv,8510dd42add12014fa4e3d35a32c42381a6aa6fb5ee4acd45719268ac4b3b7f4,True,classical_filter,exact causal adaptation,complete,mdck_bulk_online_outer_lomo_v188
3,4,"1,2,5,6",displacement_kf_cv,6,9.021239280700684,12.757959365844728,0.8261896469609793,11222.0,3,<AIRI_SOURCE_ROOT>/outputs/lachance_online_lomo_baselines_v117_production_2026-07-21/v117_seed_aggregated_within_movie.csv,8510dd42add12014fa4e3d35a32c42381a6aa6fb5ee4acd45719268ac4b3b7f4,True,classical_filter,exact causal adaptation,complete,mdck_bulk_online_outer_lomo_v188
3,4,"1,2,5,6",gru_track,1,3.3872230052948,4.79025665918986,0.5047741662294883,12799.0,3,<AIRI_SOURCE_ROOT>/outputs/lachance_online_lomo_baselines_v117_production_2026-07-21/v117_seed_aggregated_within_movie.csv,8510dd42add12014fa4e3d35a32c42381a6aa6fb5ee4acd45719268ac4b3b7f4,True,neural_sequence,architecture-faithful causal adaptation,complete,mdck_bulk_online_outer_lomo_v188
3,4,"1,2,5,6",gru_track,2,4.848739941914876,6.85715389251709,0.6948923587803958,12481.0,3,<AIRI_SOURCE_ROOT>/outputs/lachance_online_lomo_baselines_v117_production_2026-07-21/v117_seed_aggregated_within_movie.csv,8510dd42add12014fa4e3d35a32c42381a6aa6fb5ee4acd45719268ac4b3b7f4,True,neural_sequence,architecture-faithful causal adaptation,complete,mdck_bulk_online_outer_lomo_v188
3,4,"1,2,5,6",gru_track,4,6.70496400197347,9.482251167297363,0.8192751157414966,11850.0,3,<AIRI_SOURCE_ROOT>/outputs/lachance_online_lomo_baselines_v117_production_2026-07-21/v117_seed_aggregated_within_movie.csv,8510dd42add12014fa4e3d35a32c42381a6aa6fb5ee4acd45719268ac4b3b7f4,True,neural_sequence,architecture-faithful causal adaptation,complete,mdck_bulk_online_outer_lomo_v188
3,4,"1,2,5,6",gru_track,6,8.136152267456055,11.506256739298502,0.8586107808353463,11222.0,3,<AIRI_SOURCE_ROOT>/outputs/lachance_online_lomo_baselines_v117_production_2026-07-21/v117_seed_aggregated_within_movie.csv,8510dd42add12014fa4e3d35a32c42381a6aa6fb5ee4acd45719268ac4b3b7f4,True,neural_sequence,architecture-faithful causal adaptation,complete,mdck_bulk_online_outer_lomo_v188
3,4,"1,2,5,6",hgbdt_v52,1,3.229025681813558,4.566531817118327,0.5499565175328347,12799.0,3,<AIRI_SOURCE_ROOT>/outputs/lachance_online_lomo_baselines_v117_production_2026-07-21/v117_seed_aggregated_within_movie.csv,8510dd42add12014fa4e3d35a32c42381a6aa6fb5ee4acd45719268ac4b3b7f4,True,tree_regressor,exact local implementation,complete,mdck_bulk_online_outer_lomo_v188
3,4,"1,2,5,6",hgbdt_v52,2,4.642393906911214,6.565336545308431,0.7203053033157022,12481.0,3,<AIRI_SOURCE_ROOT>/outputs/lachance_online_lomo_baselines_v117_production_2026-07-21/v117_seed_aggregated_within_movie.csv,8510dd42add12014fa4e3d35a32c42381a6aa6fb5ee4acd45719268ac4b3b7f4,True,tree_regressor,exact local implementation,complete,mdck_bulk_online_outer_lomo_v188
3,4,"1,2,5,6",hgbdt_v52,4,6.521925926208496,9.223396301269531,0.8290142058158624,11850.0,3,<AIRI_SOURCE_ROOT>/outputs/lachance_online_lomo_baselines_v117_production_2026-07-21/v117_seed_aggregated_within_movie.csv,8510dd42add12014fa4e3d35a32c42381a6aa6fb5ee4acd45719268ac4b3b7f4,True,tree_regressor,exact local implementation,complete,mdck_bulk_online_outer_lomo_v188
3,4,"1,2,5,6",hgbdt_v52,6,8.024662017822266,11.348586718241371,0.8624656699554679,11222.0,3,<AIRI_SOURCE_ROOT>/outputs/lachance_online_lomo_baselines_v117_production_2026-07-21/v117_seed_aggregated_within_movie.csv,8510dd42add12014fa4e3d35a32c42381a6aa6fb5ee4acd45719268ac4b3b7f4,True,tree_regressor,exact local implementation,complete,mdck_bulk_online_outer_lomo_v188
3,4,"1,2,5,6",position_imm,1,3.705294370651245,5.240077495574951,0.4074071107639445,12799.0,3,<AIRI_SOURCE_ROOT>/outputs/lachance_online_lomo_baselines_v117_production_2026-07-21/v117_seed_aggregated_within_movie.csv,8510dd42add12014fa4e3d35a32c42381a6aa6fb5ee4acd45719268ac4b3b7f4,True,classical_filter,exact causal adaptation,complete,mdck_bulk_online_outer_lomo_v188
3,4,"1,2,5,6",position_imm,2,5.607743263244629,7.930546760559082,0.591897698703018,12481.0,3,<AIRI_SOURCE_ROOT>/outputs/lachance_online_lomo_baselines_v117_production_2026-07-21/v117_seed_aggregated_within_movie.csv,8510dd42add12014fa4e3d35a32c42381a6aa6fb5ee4acd45719268ac4b3b7f4,True,classical_filter,exact causal adaptation,complete,mdck_bulk_online_outer_lomo_v188
3,4,"1,2,5,6",position_imm,4,7.810312747955322,11.045450210571287,0.7547871451312839,11850.0,3,<AIRI_SOURCE_ROOT>/outputs/lachance_online_lomo_baselines_v117_production_2026-07-21/v117_seed_aggregated_within_movie.csv,8510dd42add12014fa4e3d35a32c42381a6aa6fb5ee4acd45719268ac4b3b7f4,True,classical_filter,exact causal adaptation,complete,mdck_bulk_online_outer_lomo_v188
3,4,"1,2,5,6",position_imm,6,9.187909126281738,12.99366569519043,0.8197079355155799,11222.0,3,<AIRI_SOURCE_ROOT>/outputs/lachance_online_lomo_baselines_v117_production_2026-07-21/v117_seed_aggregated_within_movie.csv,8510dd42add12014fa4e3d35a32c42381a6aa6fb5ee4acd45719268ac4b3b7f4,True,classical_filter,exact causal adaptation,complete,mdck_bulk_online_outer_lomo_v188
3,4,"1,2,5,6",position_kf_ca,1,4.321596622467041,6.111660480499268,0.1938804803347749,12799.0,3,<AIRI_SOURCE_ROOT>/outputs/lachance_online_lomo_baselines_v117_production_2026-07-21/v117_seed_aggregated_within_movie.csv,8510dd42add12014fa4e3d35a32c42381a6aa6fb5ee4acd45719268ac4b3b7f4,True,classical_filter,exact causal adaptation,complete,mdck_bulk_online_outer_lomo_v188
3,4,"1,2,5,6",position_kf_ca,2,6.359213829040527,8.9932861328125,0.475192979165769,12481.0,3,<AIRI_SOURCE_ROOT>/outputs/lachance_online_lomo_baselines_v117_production_2026-07-21/v117_seed_aggregated_within_movie.csv,8510dd42add12014fa4e3d35a32c42381a6aa6fb5ee4acd45719268ac4b3b7f4,True,classical_filter,exact causal adaptation,complete,mdck_bulk_online_outer_lomo_v188
3,4,"1,2,5,6",position_kf_ca,4,7.690604209899902,10.8761568069458,0.7622463030608538,11850.0,3,<AIRI_SOURCE_ROOT>/outputs/lachance_online_lomo_baselines_v117_production_2026-07-21/v117_seed_aggregated_within_movie.csv,8510dd42add12014fa4e3d35a32c42381a6aa6fb5ee4acd45719268ac4b3b7f4,True,classical_filter,exact causal adaptation,complete,mdck_bulk_online_outer_lomo_v188
3,4,"1,2,5,6",position_kf_ca,6,7.629843235015869,10.790227890014648,0.875670432048279,11222.0,3,<AIRI_SOURCE_ROOT>/outputs/lachance_online_lomo_baselines_v117_production_2026-07-21/v117_seed_aggregated_within_movie.csv,8510dd42add12014fa4e3d35a32c42381a6aa6fb5ee4acd45719268ac4b3b7f4,True,classical_filter,exact causal adaptation,complete,mdck_bulk_online_outer_lomo_v188
3,4,"1,2,5,6",position_kf_cv,1,3.7362184524536137,5.283811092376709,0.3974743810703938,12799.0,3,<AIRI_SOURCE_ROOT>/outputs/lachance_online_lomo_baselines_v117_production_2026-07-21/v117_seed_aggregated_within_movie.csv,8510dd42add12014fa4e3d35a32c42381a6aa6fb5ee4acd45719268ac4b3b7f4,True,classical_filter,exact causal adaptation,complete,mdck_bulk_online_outer_lomo_v188
3,4,"1,2,5,6",position_kf_cv,2,5.447081089019775,7.703336238861084,0.6149469960002731,12481.0,3,<AIRI_SOURCE_ROOT>/outputs/lachance_online_lomo_baselines_v117_production_2026-07-21/v117_seed_aggregated_within_movie.csv,8510dd42add12014fa4e3d35a32c42381a6aa6fb5ee4acd45719268ac4b3b7f4,True,classical_filter,exact causal adaptation,complete,mdck_bulk_online_outer_lomo_v188
3,4,"1,2,5,6",position_kf_cv,4,7.641968250274658,10.807374954223633,0.7652439295873776,11850.0,3,<AIRI_SOURCE_ROOT>/outputs/lachance_online_lomo_baselines_v117_production_2026-07-21/v117_seed_aggregated_within_movie.csv,8510dd42add12014fa4e3d35a32c42381a6aa6fb5ee4acd45719268ac4b3b7f4,True,classical_filter,exact causal adaptation,complete,mdck_bulk_online_outer_lomo_v188
3,4,"1,2,5,6",position_kf_cv,6,9.07616901397705,12.835641860961914,0.8240665645626871,11222.0,3,<AIRI_SOURCE_ROOT>/outputs/lachance_online_lomo_baselines_v117_production_2026-07-21/v117_seed_aggregated_within_movie.csv,8510dd42add12014fa4e3d35a32c42381a6aa6fb5ee4acd45719268ac4b3b7f4,True,classical_filter,exact causal adaptation,complete,mdck_bulk_online_outer_lomo_v188
3,4,"1,2,5,6",wolf_imq_ca,1,4.301567554473877,6.0833353996276855,0.201335362796165,12799.0,3,<AIRI_SOURCE_ROOT>/outputs/lachance_online_lomo_baselines_v117_production_2026-07-21/v117_seed_aggregated_within_movie.csv,8510dd42add12014fa4e3d35a32c42381a6aa6fb5ee4acd45719268ac4b3b7f4,True,robust_filter,source-faithful WoLF-IMQ update adaptation,complete,mdck_bulk_online_outer_lomo_v188
3,4,"1,2,5,6",wolf_imq_ca,2,6.323483467102051,8.942755699157715,0.4810738389455388,12481.0,3,<AIRI_SOURCE_ROOT>/outputs/lachance_online_lomo_baselines_v117_production_2026-07-21/v117_seed_aggregated_within_movie.csv,8510dd42add12014fa4e3d35a32c42381a6aa6fb5ee4acd45719268ac4b3b7f4,True,robust_filter,source-faithful WoLF-IMQ update adaptation,complete,mdck_bulk_online_outer_lomo_v188
3,4,"1,2,5,6",wolf_imq_ca,4,7.44332218170166,10.526447296142578,0.777289856600206,11850.0,3,<AIRI_SOURCE_ROOT>/outputs/lachance_online_lomo_baselines_v117_production_2026-07-21/v117_seed_aggregated_within_movie.csv,8510dd42add12014fa4e3d35a32c42381a6aa6fb5ee4acd45719268ac4b3b7f4,True,robust_filter,source-faithful WoLF-IMQ update adaptation,complete,mdck_bulk_online_outer_lomo_v188
3,4,"1,2,5,6",wolf_imq_ca,6,7.286449432373047,10.304594993591309,0.8866099028489675,11222.0,3,<AIRI_SOURCE_ROOT>/outputs/lachance_online_lomo_baselines_v117_production_2026-07-21/v117_seed_aggregated_within_movie.csv,8510dd42add12014fa4e3d35a32c42381a6aa6fb5ee4acd45719268ac4b3b7f4,True,robust_filter,source-faithful WoLF-IMQ update adaptation,complete,mdck_bulk_online_outer_lomo_v188
3,4,"1,2,5,6",wolf_imq_cv,1,3.714507579803467,5.253107070922852,0.4044564997225174,12799.0,3,<AIRI_SOURCE_ROOT>/outputs/lachance_online_lomo_baselines_v117_production_2026-07-21/v117_seed_aggregated_within_movie.csv,8510dd42add12014fa4e3d35a32c42381a6aa6fb5ee4acd45719268ac4b3b7f4,True,robust_filter,source-faithful WoLF-IMQ update adaptation,complete,mdck_bulk_online_outer_lomo_v188
3,4,"1,2,5,6",wolf_imq_cv,2,5.559906959533691,7.862895965576172,0.5988305606499591,12481.0,3,<AIRI_SOURCE_ROOT>/outputs/lachance_online_lomo_baselines_v117_production_2026-07-21/v117_seed_aggregated_within_movie.csv,8510dd42add12014fa4e3d35a32c42381a6aa6fb5ee4acd45719268ac4b3b7f4,True,robust_filter,source-faithful WoLF-IMQ update adaptation,complete,mdck_bulk_online_outer_lomo_v188
3,4,"1,2,5,6",wolf_imq_cv,4,7.81085729598999,11.046220779418944,0.7547529469971749,11850.0,3,<AIRI_SOURCE_ROOT>/outputs/lachance_online_lomo_baselines_v117_production_2026-07-21/v117_seed_aggregated_within_movie.csv,8510dd42add12014fa4e3d35a32c42381a6aa6fb5ee4acd45719268ac4b3b7f4,True,robust_filter,source-faithful WoLF-IMQ update adaptation,complete,mdck_bulk_online_outer_lomo_v188
3,4,"1,2,5,6",wolf_imq_cv,6,9.244537353515623,13.073750495910645,0.8174786692606597,11222.0,3,<AIRI_SOURCE_ROOT>/outputs/lachance_online_lomo_baselines_v117_production_2026-07-21/v117_seed_aggregated_within_movie.csv,8510dd42add12014fa4e3d35a32c42381a6aa6fb5ee4acd45719268ac4b3b7f4,True,robust_filter,source-faithful WoLF-IMQ update adaptation,complete,mdck_bulk_online_outer_lomo_v188
4,5,"1,2,3,6",constant_velocity,1,4.85044002532959,6.85955810546875,0.1331339479418996,13260.0,3,<AIRI_SOURCE_ROOT>/outputs/lachance_online_lomo_baselines_v117_production_2026-07-21/v117_seed_aggregated_within_movie.csv,8510dd42add12014fa4e3d35a32c42381a6aa6fb5ee4acd45719268ac4b3b7f4,True,kinematic,exact local implementation,complete,mdck_bulk_online_outer_lomo_v188
4,5,"1,2,3,6",constant_velocity,2,5.183265686035156,7.330245018005371,0.6835893012690225,12929.0,3,<AIRI_SOURCE_ROOT>/outputs/lachance_online_lomo_baselines_v117_production_2026-07-21/v117_seed_aggregated_within_movie.csv,8510dd42add12014fa4e3d35a32c42381a6aa6fb5ee4acd45719268ac4b3b7f4,True,kinematic,exact local implementation,complete,mdck_bulk_online_outer_lomo_v188
4,5,"1,2,3,6",constant_velocity,4,6.328442573547363,8.949769020080566,0.8542492495142738,12268.0,3,<AIRI_SOURCE_ROOT>/outputs/lachance_online_lomo_baselines_v117_production_2026-07-21/v117_seed_aggregated_within_movie.csv,8510dd42add12014fa4e3d35a32c42381a6aa6fb5ee4acd45719268ac4b3b7f4,True,kinematic,exact local implementation,complete,mdck_bulk_online_outer_lomo_v188
4,5,"1,2,3,6",constant_velocity,6,7.124242782592773,10.075201034545898,0.9027102287188896,11613.0,3,<AIRI_SOURCE_ROOT>/outputs/lachance_online_lomo_baselines_v117_production_2026-07-21/v117_seed_aggregated_within_movie.csv,8510dd42add12014fa4e3d35a32c42381a6aa6fb5ee4acd45719268ac4b3b7f4,True,kinematic,exact local implementation,complete,mdck_bulk_online_outer_lomo_v188
4,5,"1,2,3,6",displacement_kf_ca,1,4.86952018737793,6.886541843414307,0.1263004452218711,13260.0,3,<AIRI_SOURCE_ROOT>/outputs/lachance_online_lomo_baselines_v117_production_2026-07-21/v117_seed_aggregated_within_movie.csv,8510dd42add12014fa4e3d35a32c42381a6aa6fb5ee4acd45719268ac4b3b7f4,True,classical_filter,exact causal adaptation,complete,mdck_bulk_online_outer_lomo_v188
4,5,"1,2,3,6",displacement_kf_ca,2,6.407458305358887,9.061513900756836,0.5164785621160624,12929.0,3,<AIRI_SOURCE_ROOT>/outputs/lachance_online_lomo_baselines_v117_production_2026-07-21/v117_seed_aggregated_within_movie.csv,8510dd42add12014fa4e3d35a32c42381a6aa6fb5ee4acd45719268ac4b3b7f4,True,classical_filter,exact causal adaptation,complete,mdck_bulk_online_outer_lomo_v188
4,5,"1,2,3,6",displacement_kf_ca,4,8.282991409301758,11.713918685913086,0.7503155051040742,12268.0,3,<AIRI_SOURCE_ROOT>/outputs/lachance_online_lomo_baselines_v117_production_2026-07-21/v117_seed_aggregated_within_movie.csv,8510dd42add12014fa4e3d35a32c42381a6aa6fb5ee4acd45719268ac4b3b7f4,True,classical_filter,exact causal adaptation,complete,mdck_bulk_online_outer_lomo_v188
4,5,"1,2,3,6",displacement_kf_ca,6,8.996238708496094,12.722601890563965,0.844864318757207,11613.0,3,<AIRI_SOURCE_ROOT>/outputs/lachance_online_lomo_baselines_v117_production_2026-07-21/v117_seed_aggregated_within_movie.csv,8510dd42add12014fa4e3d35a32c42381a6aa6fb5ee4acd45719268ac4b3b7f4,True,classical_filter,exact causal adaptation,complete,mdck_bulk_online_outer_lomo_v188
4,5,"1,2,3,6",displacement_kf_cv,1,4.483483791351318,6.340603351593018,0.2593365297980489,13260.0,3,<AIRI_SOURCE_ROOT>/outputs/lachance_online_lomo_baselines_v117_production_2026-07-21/v117_seed_aggregated_within_movie.csv,8510dd42add12014fa4e3d35a32c42381a6aa6fb5ee4acd45719268ac4b3b7f4,True,classical_filter,exact causal adaptation,complete,mdck_bulk_online_outer_lomo_v188
4,5,"1,2,3,6",displacement_kf_cv,2,5.576390266418457,7.88620662689209,0.633772908162394,12929.0,3,<AIRI_SOURCE_ROOT>/outputs/lachance_online_lomo_baselines_v117_production_2026-07-21/v117_seed_aggregated_within_movie.csv,8510dd42add12014fa4e3d35a32c42381a6aa6fb5ee4acd45719268ac4b3b7f4,True,classical_filter,exact causal adaptation,complete,mdck_bulk_online_outer_lomo_v188
4,5,"1,2,3,6",displacement_kf_cv,4,7.438480854034424,10.519600868225098,0.7986342301883115,12268.0,3,<AIRI_SOURCE_ROOT>/outputs/lachance_online_lomo_baselines_v117_production_2026-07-21/v117_seed_aggregated_within_movie.csv,8510dd42add12014fa4e3d35a32c42381a6aa6fb5ee4acd45719268ac4b3b7f4,True,classical_filter,exact causal adaptation,complete,mdck_bulk_online_outer_lomo_v188
4,5,"1,2,3,6",displacement_kf_cv,6,8.71408462524414,12.323575973510742,0.8544429415151376,11613.0,3,<AIRI_SOURCE_ROOT>/outputs/lachance_online_lomo_baselines_v117_production_2026-07-21/v117_seed_aggregated_within_movie.csv,8510dd42add12014fa4e3d35a32c42381a6aa6fb5ee4acd45719268ac4b3b7f4,True,classical_filter,exact causal adaptation,complete,mdck_bulk_online_outer_lomo_v188
4,5,"1,2,3,6",gru_track,1,4.0719780921936035,5.758646806081136,0.3890562735482819,13260.0,3,<AIRI_SOURCE_ROOT>/outputs/lachance_online_lomo_baselines_v117_production_2026-07-21/v117_seed_aggregated_within_movie.csv,8510dd42add12014fa4e3d35a32c42381a6aa6fb5ee4acd45719268ac4b3b7f4,True,neural_sequence,architecture-faithful causal adaptation,complete,mdck_bulk_online_outer_lomo_v188
4,5,"1,2,3,6",gru_track,2,5.345868746439616,7.560200214385986,0.6633722276307974,12929.0,3,<AIRI_SOURCE_ROOT>/outputs/lachance_online_lomo_baselines_v117_production_2026-07-21/v117_seed_aggregated_within_movie.csv,8510dd42add12014fa4e3d35a32c42381a6aa6fb5ee4acd45719268ac4b3b7f4,True,neural_sequence,architecture-faithful causal adaptation,complete,mdck_bulk_online_outer_lomo_v188
4,5,"1,2,3,6",gru_track,4,7.578985691070557,10.7183043162028,0.790836876685988,12268.0,3,<AIRI_SOURCE_ROOT>/outputs/lachance_online_lomo_baselines_v117_production_2026-07-21/v117_seed_aggregated_within_movie.csv,8510dd42add12014fa4e3d35a32c42381a6aa6fb5ee4acd45719268ac4b3b7f4,True,neural_sequence,architecture-faithful causal adaptation,complete,mdck_bulk_online_outer_lomo_v188
4,5,"1,2,3,6",gru_track,6,9.378500938415527,13.263202985127768,0.831238787521055,11613.0,3,<AIRI_SOURCE_ROOT>/outputs/lachance_online_lomo_baselines_v117_production_2026-07-21/v117_seed_aggregated_within_movie.csv,8510dd42add12014fa4e3d35a32c42381a6aa6fb5ee4acd45719268ac4b3b7f4,True,neural_sequence,architecture-faithful causal adaptation,complete,mdck_bulk_online_outer_lomo_v188
4,5,"1,2,3,6",hgbdt_v52,1,3.9053801695505777,5.523041566212972,0.4380223576543913,13260.0,3,<AIRI_SOURCE_ROOT>/outputs/lachance_online_lomo_baselines_v117_production_2026-07-21/v117_seed_aggregated_within_movie.csv,8510dd42add12014fa4e3d35a32c42381a6aa6fb5ee4acd45719268ac4b3b7f4,True,tree_regressor,exact local implementation,complete,mdck_bulk_online_outer_lomo_v188
4,5,"1,2,3,6",hgbdt_v52,2,5.196909427642822,7.349539597829183,0.6819207273679595,12929.0,3,<AIRI_SOURCE_ROOT>/outputs/lachance_online_lomo_baselines_v117_production_2026-07-21/v117_seed_aggregated_within_movie.csv,8510dd42add12014fa4e3d35a32c42381a6aa6fb5ee4acd45719268ac4b3b7f4,True,tree_regressor,exact local implementation,complete,mdck_bulk_online_outer_lomo_v188
4,5,"1,2,3,6",hgbdt_v52,4,7.492818673451741,10.59644603729248,0.7956814569101273,12268.0,3,<AIRI_SOURCE_ROOT>/outputs/lachance_online_lomo_baselines_v117_production_2026-07-21/v117_seed_aggregated_within_movie.csv,8510dd42add12014fa4e3d35a32c42381a6aa6fb5ee4acd45719268ac4b3b7f4,True,tree_regressor,exact local implementation,complete,mdck_bulk_online_outer_lomo_v188
4,5,"1,2,3,6",hgbdt_v52,6,9.387155532836916,13.275442123413086,0.8310890356247477,11613.0,3,<AIRI_SOURCE_ROOT>/outputs/lachance_online_lomo_baselines_v117_production_2026-07-21/v117_seed_aggregated_within_movie.csv,8510dd42add12014fa4e3d35a32c42381a6aa6fb5ee4acd45719268ac4b3b7f4,True,tree_regressor,exact local implementation,complete,mdck_bulk_online_outer_lomo_v188
4,5,"1,2,3,6",position_imm,1,4.347368240356445,6.148107051849365,0.3036259115099822,13260.0,3,<AIRI_SOURCE_ROOT>/outputs/lachance_online_lomo_baselines_v117_production_2026-07-21/v117_seed_aggregated_within_movie.csv,8510dd42add12014fa4e3d35a32c42381a6aa6fb5ee4acd45719268ac4b3b7f4,True,classical_filter,exact causal adaptation,complete,mdck_bulk_online_outer_lomo_v188
4,5,"1,2,3,6",position_imm,2,5.7519073486328125,8.134425163269043,0.6103560265760304,12929.0,3,<AIRI_SOURCE_ROOT>/outputs/lachance_online_lomo_baselines_v117_production_2026-07-21/v117_seed_aggregated_within_movie.csv,8510dd42add12014fa4e3d35a32c42381a6aa6fb5ee4acd45719268ac4b3b7f4,True,classical_filter,exact causal adaptation,complete,mdck_bulk_online_outer_lomo_v188
4,5,"1,2,3,6",position_imm,4,7.7556376457214355,10.968128204345703,0.7810967852556976,12268.0,3,<AIRI_SOURCE_ROOT>/outputs/lachance_online_lomo_baselines_v117_production_2026-07-21/v117_seed_aggregated_within_movie.csv,8510dd42add12014fa4e3d35a32c42381a6aa6fb5ee4acd45719268ac4b3b7f4,True,classical_filter,exact causal adaptation,complete,mdck_bulk_online_outer_lomo_v188
4,5,"1,2,3,6",position_imm,6,9.300159454345703,13.15241241455078,0.8342053076627746,11613.0,3,<AIRI_SOURCE_ROOT>/outputs/lachance_online_lomo_baselines_v117_production_2026-07-21/v117_seed_aggregated_within_movie.csv,8510dd42add12014fa4e3d35a32c42381a6aa6fb5ee4acd45719268ac4b3b7f4,True,classical_filter,exact causal adaptation,complete,mdck_bulk_online_outer_lomo_v188
4,5,"1,2,3,6",position_kf_ca,1,5.02203893661499,7.102235317230225,0.0707130114685097,13260.0,3,<AIRI_SOURCE_ROOT>/outputs/lachance_online_lomo_baselines_v117_production_2026-07-21/v117_seed_aggregated_within_movie.csv,8510dd42add12014fa4e3d35a32c42381a6aa6fb5ee4acd45719268ac4b3b7f4,True,classical_filter,exact causal adaptation,complete,mdck_bulk_online_outer_lomo_v188
4,5,"1,2,3,6",position_kf_ca,2,6.558577537536621,9.275229454040527,0.4934019937715987,12929.0,3,<AIRI_SOURCE_ROOT>/outputs/lachance_online_lomo_baselines_v117_production_2026-07-21/v117_seed_aggregated_within_movie.csv,8510dd42add12014fa4e3d35a32c42381a6aa6fb5ee4acd45719268ac4b3b7f4,True,classical_filter,exact causal adaptation,complete,mdck_bulk_online_outer_lomo_v188
4,5,"1,2,3,6",position_kf_ca,4,7.525797367095947,10.643084526062012,0.7938790341157113,12268.0,3,<AIRI_SOURCE_ROOT>/outputs/lachance_online_lomo_baselines_v117_production_2026-07-21/v117_seed_aggregated_within_movie.csv,8510dd42add12014fa4e3d35a32c42381a6aa6fb5ee4acd45719268ac4b3b7f4,True,classical_filter,exact causal adaptation,complete,mdck_bulk_online_outer_lomo_v188
4,5,"1,2,3,6",position_kf_ca,6,7.5606369972229,10.69235610961914,0.890426240361656,11613.0,3,<AIRI_SOURCE_ROOT>/outputs/lachance_online_lomo_baselines_v117_production_2026-07-21/v117_seed_aggregated_within_movie.csv,8510dd42add12014fa4e3d35a32c42381a6aa6fb5ee4acd45719268ac4b3b7f4,True,classical_filter,exact causal adaptation,complete,mdck_bulk_online_outer_lomo_v188
4,5,"1,2,3,6",position_kf_cv,1,4.376183986663818,6.188858985900879,0.2943637127155338,13260.0,3,<AIRI_SOURCE_ROOT>/outputs/lachance_online_lomo_baselines_v117_production_2026-07-21/v117_seed_aggregated_within_movie.csv,8510dd42add12014fa4e3d35a32c42381a6aa6fb5ee4acd45719268ac4b3b7f4,True,classical_filter,exact causal adaptation,complete,mdck_bulk_online_outer_lomo_v188
4,5,"1,2,3,6",position_kf_cv,2,5.882532119750977,8.319156646728516,0.5924575996174144,12929.0,3,<AIRI_SOURCE_ROOT>/outputs/lachance_online_lomo_baselines_v117_production_2026-07-21/v117_seed_aggregated_within_movie.csv,8510dd42add12014fa4e3d35a32c42381a6aa6fb5ee4acd45719268ac4b3b7f4,True,classical_filter,exact causal adaptation,complete,mdck_bulk_online_outer_lomo_v188
4,5,"1,2,3,6",position_kf_cv,4,8.237345695495605,11.649365425109863,0.753059863686666,12268.0,3,<AIRI_SOURCE_ROOT>/outputs/lachance_online_lomo_baselines_v117_production_2026-07-21/v117_seed_aggregated_within_movie.csv,8510dd42add12014fa4e3d35a32c42381a6aa6fb5ee4acd45719268ac4b3b7f4,True,classical_filter,exact causal adaptation,complete,mdck_bulk_online_outer_lomo_v188
4,5,"1,2,3,6",position_kf_cv,6,9.87109088897705,13.959830284118652,0.8132244335672693,11613.0,3,<AIRI_SOURCE_ROOT>/outputs/lachance_online_lomo_baselines_v117_production_2026-07-21/v117_seed_aggregated_within_movie.csv,8510dd42add12014fa4e3d35a32c42381a6aa6fb5ee4acd45719268ac4b3b7f4,True,classical_filter,exact causal adaptation,complete,mdck_bulk_online_outer_lomo_v188
4,5,"1,2,3,6",wolf_imq_ca,1,5.052589416503906,7.145440101623535,0.0593724101376373,13260.0,3,<AIRI_SOURCE_ROOT>/outputs/lachance_online_lomo_baselines_v117_production_2026-07-21/v117_seed_aggregated_within_movie.csv,8510dd42add12014fa4e3d35a32c42381a6aa6fb5ee4acd45719268ac4b3b7f4,True,robust_filter,source-faithful WoLF-IMQ update adaptation,complete,mdck_bulk_online_outer_lomo_v188
4,5,"1,2,3,6",wolf_imq_ca,2,6.815597057342529,9.638710021972656,0.4529185240852391,12929.0,3,<AIRI_SOURCE_ROOT>/outputs/lachance_online_lomo_baselines_v117_production_2026-07-21/v117_seed_aggregated_within_movie.csv,8510dd42add12014fa4e3d35a32c42381a6aa6fb5ee4acd45719268ac4b3b7f4,True,robust_filter,source-faithful WoLF-IMQ update adaptation,complete,mdck_bulk_online_outer_lomo_v188
4,5,"1,2,3,6",wolf_imq_ca,4,7.958320617675781,11.254764556884766,0.7695058059465435,12268.0,3,<AIRI_SOURCE_ROOT>/outputs/lachance_online_lomo_baselines_v117_production_2026-07-21/v117_seed_aggregated_within_movie.csv,8510dd42add12014fa4e3d35a32c42381a6aa6fb5ee4acd45719268ac4b3b7f4,True,robust_filter,source-faithful WoLF-IMQ update adaptation,complete,mdck_bulk_online_outer_lomo_v188
4,5,"1,2,3,6",wolf_imq_ca,6,7.934282302856445,11.220768928527832,0.8793283930750828,11613.0,3,<AIRI_SOURCE_ROOT>/outputs/lachance_online_lomo_baselines_v117_production_2026-07-21/v117_seed_aggregated_within_movie.csv,8510dd42add12014fa4e3d35a32c42381a6aa6fb5ee4acd45719268ac4b3b7f4,True,robust_filter,source-faithful WoLF-IMQ update adaptation,complete,mdck_bulk_online_outer_lomo_v188
4,5,"1,2,3,6",wolf_imq_cv,1,4.3421831130981445,6.140773773193359,0.3052860718982263,13260.0,3,<AIRI_SOURCE_ROOT>/outputs/lachance_online_lomo_baselines_v117_production_2026-07-21/v117_seed_aggregated_within_movie.csv,8510dd42add12014fa4e3d35a32c42381a6aa6fb5ee4acd45719268ac4b3b7f4,True,robust_filter,source-faithful WoLF-IMQ update adaptation,complete,mdck_bulk_online_outer_lomo_v188
4,5,"1,2,3,6",wolf_imq_cv,2,6.009309768676758,8.49844741821289,0.574702015975223,12929.0,3,<AIRI_SOURCE_ROOT>/outputs/lachance_online_lomo_baselines_v117_production_2026-07-21/v117_seed_aggregated_within_movie.csv,8510dd42add12014fa4e3d35a32c42381a6aa6fb5ee4acd45719268ac4b3b7f4,True,robust_filter,source-faithful WoLF-IMQ update adaptation,complete,mdck_bulk_online_outer_lomo_v188
4,5,"1,2,3,6",wolf_imq_cv,4,8.429088592529297,11.920530319213867,0.7414298749904886,12268.0,3,<AIRI_SOURCE_ROOT>/outputs/lachance_online_lomo_baselines_v117_production_2026-07-21/v117_seed_aggregated_within_movie.csv,8510dd42add12014fa4e3d35a32c42381a6aa6fb5ee4acd45719268ac4b3b7f4,True,robust_filter,source-faithful WoLF-IMQ update adaptation,complete,mdck_bulk_online_outer_lomo_v188
4,5,"1,2,3,6",wolf_imq_cv,6,10.063051223754885,14.231304168701172,0.8058894379562501,11613.0,3,<AIRI_SOURCE_ROOT>/outputs/lachance_online_lomo_baselines_v117_production_2026-07-21/v117_seed_aggregated_within_movie.csv,8510dd42add12014fa4e3d35a32c42381a6aa6fb5ee4acd45719268ac4b3b7f4,True,robust_filter,source-faithful WoLF-IMQ update adaptation,complete,mdck_bulk_online_outer_lomo_v188
5,6,"1,2,3,4",constant_velocity,1,3.81516170501709,5.395453453063965,0.3399275745835808,14154.0,3,<AIRI_SOURCE_ROOT>/outputs/lachance_online_lomo_baselines_v117_production_2026-07-21/v117_seed_aggregated_within_movie.csv,8510dd42add12014fa4e3d35a32c42381a6aa6fb5ee4acd45719268ac4b3b7f4,True,kinematic,exact local implementation,complete,mdck_bulk_online_outer_lomo_v188
5,6,"1,2,3,4",constant_velocity,2,4.45202112197876,6.296108722686768,0.731412996017713,13795.0,3,<AIRI_SOURCE_ROOT>/outputs/lachance_online_lomo_baselines_v117_production_2026-07-21/v117_seed_aggregated_within_movie.csv,8510dd42add12014fa4e3d35a32c42381a6aa6fb5ee4acd45719268ac4b3b7f4,True,kinematic,exact local implementation,complete,mdck_bulk_online_outer_lomo_v188
5,6,"1,2,3,4",constant_velocity,4,5.529365539550781,7.819703102111816,0.874900209559924,13080.0,3,<AIRI_SOURCE_ROOT>/outputs/lachance_online_lomo_baselines_v117_production_2026-07-21/v117_seed_aggregated_within_movie.csv,8510dd42add12014fa4e3d35a32c42381a6aa6fb5ee4acd45719268ac4b3b7f4,True,kinematic,exact local implementation,complete,mdck_bulk_online_outer_lomo_v188
5,6,"1,2,3,4",constant_velocity,6,6.257326126098633,8.84919548034668,0.9163559466632036,12370.0,3,<AIRI_SOURCE_ROOT>/outputs/lachance_online_lomo_baselines_v117_production_2026-07-21/v117_seed_aggregated_within_movie.csv,8510dd42add12014fa4e3d35a32c42381a6aa6fb5ee4acd45719268ac4b3b7f4,True,kinematic,exact local implementation,complete,mdck_bulk_online_outer_lomo_v188
5,6,"1,2,3,4",displacement_kf_ca,1,3.9726686477661137,5.618201732635498,0.2843010981357584,14154.0,3,<AIRI_SOURCE_ROOT>/outputs/lachance_online_lomo_baselines_v117_production_2026-07-21/v117_seed_aggregated_within_movie.csv,8510dd42add12014fa4e3d35a32c42381a6aa6fb5ee4acd45719268ac4b3b7f4,True,classical_filter,exact causal adaptation,complete,mdck_bulk_online_outer_lomo_v188
5,6,"1,2,3,4",displacement_kf_ca,2,5.712459087371826,8.07863712310791,0.5578020997870351,13795.0,3,<AIRI_SOURCE_ROOT>/outputs/lachance_online_lomo_baselines_v117_production_2026-07-21/v117_seed_aggregated_within_movie.csv,8510dd42add12014fa4e3d35a32c42381a6aa6fb5ee4acd45719268ac4b3b7f4,True,classical_filter,exact causal adaptation,complete,mdck_bulk_online_outer_lomo_v188
5,6,"1,2,3,4",displacement_kf_ca,4,7.694163322448731,10.881190299987791,0.7577695186503327,13080.0,3,<AIRI_SOURCE_ROOT>/outputs/lachance_online_lomo_baselines_v117_production_2026-07-21/v117_seed_aggregated_within_movie.csv,8510dd42add12014fa4e3d35a32c42381a6aa6fb5ee4acd45719268ac4b3b7f4,True,classical_filter,exact causal adaptation,complete,mdck_bulk_online_outer_lomo_v188
5,6,"1,2,3,4",displacement_kf_ca,6,8.452555656433105,11.953718185424805,0.8473722525662518,12370.0,3,<AIRI_SOURCE_ROOT>/outputs/lachance_online_lomo_baselines_v117_production_2026-07-21/v117_seed_aggregated_within_movie.csv,8510dd42add12014fa4e3d35a32c42381a6aa6fb5ee4acd45719268ac4b3b7f4,True,classical_filter,exact causal adaptation,complete,mdck_bulk_online_outer_lomo_v188
5,6,"1,2,3,4",displacement_kf_cv,1,3.6134095191955566,5.110132694244385,0.4078931849261098,14154.0,3,<AIRI_SOURCE_ROOT>/outputs/lachance_online_lomo_baselines_v117_production_2026-07-21/v117_seed_aggregated_within_movie.csv,8510dd42add12014fa4e3d35a32c42381a6aa6fb5ee4acd45719268ac4b3b7f4,True,classical_filter,exact causal adaptation,complete,mdck_bulk_online_outer_lomo_v188
5,6,"1,2,3,4",displacement_kf_cv,2,4.880169868469238,6.901602268218994,0.6772692356052211,13795.0,3,<AIRI_SOURCE_ROOT>/outputs/lachance_online_lomo_baselines_v117_production_2026-07-21/v117_seed_aggregated_within_movie.csv,8510dd42add12014fa4e3d35a32c42381a6aa6fb5ee4acd45719268ac4b3b7f4,True,classical_filter,exact causal adaptation,complete,mdck_bulk_online_outer_lomo_v188
5,6,"1,2,3,4",displacement_kf_cv,4,6.619491100311279,9.361374855041504,0.8207103444834812,13080.0,3,<AIRI_SOURCE_ROOT>/outputs/lachance_online_lomo_baselines_v117_production_2026-07-21/v117_seed_aggregated_within_movie.csv,8510dd42add12014fa4e3d35a32c42381a6aa6fb5ee4acd45719268ac4b3b7f4,True,classical_filter,exact causal adaptation,complete,mdck_bulk_online_outer_lomo_v188
5,6,"1,2,3,4",displacement_kf_cv,6,7.757187843322754,10.97032070159912,0.8714517755876963,12370.0,3,<AIRI_SOURCE_ROOT>/outputs/lachance_online_lomo_baselines_v117_production_2026-07-21/v117_seed_aggregated_within_movie.csv,8510dd42add12014fa4e3d35a32c42381a6aa6fb5ee4acd45719268ac4b3b7f4,True,classical_filter,exact causal adaptation,complete,mdck_bulk_online_outer_lomo_v188
5,6,"1,2,3,4",gru_track,1,3.232852300008138,4.571943600972493,0.5260419013313837,14154.0,3,<AIRI_SOURCE_ROOT>/outputs/lachance_online_lomo_baselines_v117_production_2026-07-21/v117_seed_aggregated_within_movie.csv,8510dd42add12014fa4e3d35a32c42381a6aa6fb5ee4acd45719268ac4b3b7f4,True,neural_sequence,architecture-faithful causal adaptation,complete,mdck_bulk_online_outer_lomo_v188
5,6,"1,2,3,4",gru_track,2,4.509047190348308,6.376756032307942,0.7244762258744529,13795.0,3,<AIRI_SOURCE_ROOT>/outputs/lachance_online_lomo_baselines_v117_production_2026-07-21/v117_seed_aggregated_within_movie.csv,8510dd42add12014fa4e3d35a32c42381a6aa6fb5ee4acd45719268ac4b3b7f4,True,neural_sequence,architecture-faithful causal adaptation,complete,mdck_bulk_online_outer_lomo_v188
5,6,"1,2,3,4",gru_track,4,6.209656715393066,8.781780560811361,0.842201824183843,13080.0,3,<AIRI_SOURCE_ROOT>/outputs/lachance_online_lomo_baselines_v117_production_2026-07-21/v117_seed_aggregated_within_movie.csv,8510dd42add12014fa4e3d35a32c42381a6aa6fb5ee4acd45719268ac4b3b7f4,True,neural_sequence,architecture-faithful causal adaptation,complete,mdck_bulk_online_outer_lomo_v188
5,6,"1,2,3,4",gru_track,6,7.45344336827596,10.54076035817464,0.8812975974171721,12370.0,3,<AIRI_SOURCE_ROOT>/outputs/lachance_online_lomo_baselines_v117_production_2026-07-21/v117_seed_aggregated_within_movie.csv,8510dd42add12014fa4e3d35a32c42381a6aa6fb5ee4acd45719268ac4b3b7f4,True,neural_sequence,architecture-faithful causal adaptation,complete,mdck_bulk_online_outer_lomo_v188
5,6,"1,2,3,4",hgbdt_v52,1,3.092791159947714,4.373867034912109,0.5662211566399877,14154.0,3,<AIRI_SOURCE_ROOT>/outputs/lachance_online_lomo_baselines_v117_production_2026-07-21/v117_seed_aggregated_within_movie.csv,8510dd42add12014fa4e3d35a32c42381a6aa6fb5ee4acd45719268ac4b3b7f4,True,tree_regressor,exact local implementation,complete,mdck_bulk_online_outer_lomo_v188
5,6,"1,2,3,4",hgbdt_v52,2,4.354451497395833,6.158124287923177,0.7430557243901816,13795.0,3,<AIRI_SOURCE_ROOT>/outputs/lachance_online_lomo_baselines_v117_production_2026-07-21/v117_seed_aggregated_within_movie.csv,8510dd42add12014fa4e3d35a32c42381a6aa6fb5ee4acd45719268ac4b3b7f4,True,tree_regressor,exact local implementation,complete,mdck_bulk_online_outer_lomo_v188
5,6,"1,2,3,4",hgbdt_v52,4,6.181407928466797,8.741830825805664,0.8436549735889011,13080.0,3,<AIRI_SOURCE_ROOT>/outputs/lachance_online_lomo_baselines_v117_production_2026-07-21/v117_seed_aggregated_within_movie.csv,8510dd42add12014fa4e3d35a32c42381a6aa6fb5ee4acd45719268ac4b3b7f4,True,tree_regressor,exact local implementation,complete,mdck_bulk_online_outer_lomo_v188
5,6,"1,2,3,4",hgbdt_v52,6,7.585781415303548,10.727914810180664,0.8770681650363671,12370.0,3,<AIRI_SOURCE_ROOT>/outputs/lachance_online_lomo_baselines_v117_production_2026-07-21/v117_seed_aggregated_within_movie.csv,8510dd42add12014fa4e3d35a32c42381a6aa6fb5ee4acd45719268ac4b3b7f4,True,tree_regressor,exact local implementation,complete,mdck_bulk_online_outer_lomo_v188
5,6,"1,2,3,4",position_imm,1,3.580991744995117,5.064287185668945,0.4184696926825859,14154.0,3,<AIRI_SOURCE_ROOT>/outputs/lachance_online_lomo_baselines_v117_production_2026-07-21/v117_seed_aggregated_within_movie.csv,8510dd42add12014fa4e3d35a32c42381a6aa6fb5ee4acd45719268ac4b3b7f4,True,classical_filter,exact causal adaptation,complete,mdck_bulk_online_outer_lomo_v188
5,6,"1,2,3,4",position_imm,2,5.115866184234619,7.234927177429199,0.645342730607225,13795.0,3,<AIRI_SOURCE_ROOT>/outputs/lachance_online_lomo_baselines_v117_production_2026-07-21/v117_seed_aggregated_within_movie.csv,8510dd42add12014fa4e3d35a32c42381a6aa6fb5ee4acd45719268ac4b3b7f4,True,classical_filter,exact causal adaptation,complete,mdck_bulk_online_outer_lomo_v188
5,6,"1,2,3,4",position_imm,4,6.94108247756958,9.81617259979248,0.802866527314583,13080.0,3,<AIRI_SOURCE_ROOT>/outputs/lachance_online_lomo_baselines_v117_production_2026-07-21/v117_seed_aggregated_within_movie.csv,8510dd42add12014fa4e3d35a32c42381a6aa6fb5ee4acd45719268ac4b3b7f4,True,classical_filter,exact causal adaptation,complete,mdck_bulk_online_outer_lomo_v188
5,6,"1,2,3,4",position_imm,6,8.164763450622559,11.546719551086426,0.857588612731068,12370.0,3,<AIRI_SOURCE_ROOT>/outputs/lachance_online_lomo_baselines_v117_production_2026-07-21/v117_seed_aggregated_within_movie.csv,8510dd42add12014fa4e3d35a32c42381a6aa6fb5ee4acd45719268ac4b3b7f4,True,classical_filter,exact causal adaptation,complete,mdck_bulk_online_outer_lomo_v188
5,6,"1,2,3,4",position_kf_ca,1,4.158217906951904,5.880608558654785,0.2158841806093803,14154.0,3,<AIRI_SOURCE_ROOT>/outputs/lachance_online_lomo_baselines_v117_production_2026-07-21/v117_seed_aggregated_within_movie.csv,8510dd42add12014fa4e3d35a32c42381a6aa6fb5ee4acd45719268ac4b3b7f4,True,classical_filter,exact causal adaptation,complete,mdck_bulk_online_outer_lomo_v188
5,6,"1,2,3,4",position_kf_ca,2,5.816666126251221,8.226007461547852,0.5415217144658981,13795.0,3,<AIRI_SOURCE_ROOT>/outputs/lachance_online_lomo_baselines_v117_production_2026-07-21/v117_seed_aggregated_within_movie.csv,8510dd42add12014fa4e3d35a32c42381a6aa6fb5ee4acd45719268ac4b3b7f4,True,classical_filter,exact causal adaptation,complete,mdck_bulk_online_outer_lomo_v188
5,6,"1,2,3,4",position_kf_ca,4,6.785854339599609,9.596647262573242,0.8115851891279098,13080.0,3,<AIRI_SOURCE_ROOT>/outputs/lachance_online_lomo_baselines_v117_production_2026-07-21/v117_seed_aggregated_within_movie.csv,8510dd42add12014fa4e3d35a32c42381a6aa6fb5ee4acd45719268ac4b3b7f4,True,classical_filter,exact causal adaptation,complete,mdck_bulk_online_outer_lomo_v188
5,6,"1,2,3,4",position_kf_ca,6,6.764020919799805,9.56576919555664,0.9022611307862308,12370.0,3,<AIRI_SOURCE_ROOT>/outputs/lachance_online_lomo_baselines_v117_production_2026-07-21/v117_seed_aggregated_within_movie.csv,8510dd42add12014fa4e3d35a32c42381a6aa6fb5ee4acd45719268ac4b3b7f4,True,classical_filter,exact causal adaptation,complete,mdck_bulk_online_outer_lomo_v188
5,6,"1,2,3,4",position_kf_cv,1,3.61458683013916,5.11179780960083,0.4075073085231026,14154.0,3,<AIRI_SOURCE_ROOT>/outputs/lachance_online_lomo_baselines_v117_production_2026-07-21/v117_seed_aggregated_within_movie.csv,8510dd42add12014fa4e3d35a32c42381a6aa6fb5ee4acd45719268ac4b3b7f4,True,classical_filter,exact causal adaptation,complete,mdck_bulk_online_outer_lomo_v188
5,6,"1,2,3,4",position_kf_cv,2,5.225064754486084,7.389357089996338,0.6300407879898783,13795.0,3,<AIRI_SOURCE_ROOT>/outputs/lachance_online_lomo_baselines_v117_production_2026-07-21/v117_seed_aggregated_within_movie.csv,8510dd42add12014fa4e3d35a32c42381a6aa6fb5ee4acd45719268ac4b3b7f4,True,classical_filter,exact causal adaptation,complete,mdck_bulk_online_outer_lomo_v188
5,6,"1,2,3,4",position_kf_cv,4,7.417940616607666,10.490551948547363,0.7748496183093873,13080.0,3,<AIRI_SOURCE_ROOT>/outputs/lachance_online_lomo_baselines_v117_production_2026-07-21/v117_seed_aggregated_within_movie.csv,8510dd42add12014fa4e3d35a32c42381a6aa6fb5ee4acd45719268ac4b3b7f4,True,classical_filter,exact causal adaptation,complete,mdck_bulk_online_outer_lomo_v188
5,6,"1,2,3,4",position_kf_cv,6,8.850985527038574,12.517183303833008,0.8326442280210049,12370.0,3,<AIRI_SOURCE_ROOT>/outputs/lachance_online_lomo_baselines_v117_production_2026-07-21/v117_seed_aggregated_within_movie.csv,8510dd42add12014fa4e3d35a32c42381a6aa6fb5ee4acd45719268ac4b3b7f4,True,classical_filter,exact causal adaptation,complete,mdck_bulk_online_outer_lomo_v188
5,6,"1,2,3,4",wolf_imq_ca,1,4.132085800170898,5.843652248382568,0.2257086599115267,14154.0,3,<AIRI_SOURCE_ROOT>/outputs/lachance_online_lomo_baselines_v117_production_2026-07-21/v117_seed_aggregated_within_movie.csv,8510dd42add12014fa4e3d35a32c42381a6aa6fb5ee4acd45719268ac4b3b7f4,True,robust_filter,source-faithful WoLF-IMQ update adaptation,complete,mdck_bulk_online_outer_lomo_v188
5,6,"1,2,3,4",wolf_imq_ca,2,5.988413333892822,8.468894958496094,0.5140472864653323,13795.0,3,<AIRI_SOURCE_ROOT>/outputs/lachance_online_lomo_baselines_v117_production_2026-07-21/v117_seed_aggregated_within_movie.csv,8510dd42add12014fa4e3d35a32c42381a6aa6fb5ee4acd45719268ac4b3b7f4,True,robust_filter,source-faithful WoLF-IMQ update adaptation,complete,mdck_bulk_online_outer_lomo_v188
5,6,"1,2,3,4",wolf_imq_ca,4,7.137472152709961,10.093910217285156,0.7915533922649584,13080.0,3,<AIRI_SOURCE_ROOT>/outputs/lachance_online_lomo_baselines_v117_production_2026-07-21/v117_seed_aggregated_within_movie.csv,8510dd42add12014fa4e3d35a32c42381a6aa6fb5ee4acd45719268ac4b3b7f4,True,robust_filter,source-faithful WoLF-IMQ update adaptation,complete,mdck_bulk_online_outer_lomo_v188
5,6,"1,2,3,4",wolf_imq_ca,6,7.10430908203125,10.04701042175293,0.8921795399631357,12370.0,3,<AIRI_SOURCE_ROOT>/outputs/lachance_online_lomo_baselines_v117_production_2026-07-21/v117_seed_aggregated_within_movie.csv,8510dd42add12014fa4e3d35a32c42381a6aa6fb5ee4acd45719268ac4b3b7f4,True,robust_filter,source-faithful WoLF-IMQ update adaptation,complete,mdck_bulk_online_outer_lomo_v188
5,6,"1,2,3,4",wolf_imq_cv,1,3.594705104827881,5.083680629730225,0.4140072833920758,14154.0,3,<AIRI_SOURCE_ROOT>/outputs/lachance_online_lomo_baselines_v117_production_2026-07-21/v117_seed_aggregated_within_movie.csv,8510dd42add12014fa4e3d35a32c42381a6aa6fb5ee4acd45719268ac4b3b7f4,True,robust_filter,source-faithful WoLF-IMQ update adaptation,complete,mdck_bulk_online_outer_lomo_v188
5,6,"1,2,3,4",wolf_imq_cv,2,5.3360419273376465,7.546302318572998,0.614158484019772,13795.0,3,<AIRI_SOURCE_ROOT>/outputs/lachance_online_lomo_baselines_v117_production_2026-07-21/v117_seed_aggregated_within_movie.csv,8510dd42add12014fa4e3d35a32c42381a6aa6fb5ee4acd45719268ac4b3b7f4,True,robust_filter,source-faithful WoLF-IMQ update adaptation,complete,mdck_bulk_online_outer_lomo_v188
5,6,"1,2,3,4",wolf_imq_cv,4,7.581198692321777,10.721433639526367,0.7648301028654871,13080.0,3,<AIRI_SOURCE_ROOT>/outputs/lachance_online_lomo_baselines_v117_production_2026-07-21/v117_seed_aggregated_within_movie.csv,8510dd42add12014fa4e3d35a32c42381a6aa6fb5ee4acd45719268ac4b3b7f4,True,robust_filter,source-faithful WoLF-IMQ update adaptation,complete,mdck_bulk_online_outer_lomo_v188
5,6,"1,2,3,4",wolf_imq_cv,6,9.014081001281738,12.747835159301758,0.826419732304006,12370.0,3,<AIRI_SOURCE_ROOT>/outputs/lachance_online_lomo_baselines_v117_production_2026-07-21/v117_seed_aggregated_within_movie.csv,8510dd42add12014fa4e3d35a32c42381a6aa6fb5ee4acd45719268ac4b3b7f4,True,robust_filter,source-faithful WoLF-IMQ update adaptation,complete,mdck_bulk_online_outer_lomo_v188
6,1,"2,3,4,5",constant_velocity,1,5.147495746612549,7.279658317565918,0.1988826936198172,12960.0,3,<AIRI_SOURCE_ROOT>/outputs/lachance_online_lomo_baselines_v117_production_2026-07-21/v117_seed_aggregated_within_movie.csv,8510dd42add12014fa4e3d35a32c42381a6aa6fb5ee4acd45719268ac4b3b7f4,True,kinematic,exact local implementation,complete,mdck_bulk_online_outer_lomo_v188
6,1,"2,3,4,5",constant_velocity,2,5.762453079223633,8.14933967590332,0.6844573797726906,12638.0,3,<AIRI_SOURCE_ROOT>/outputs/lachance_online_lomo_baselines_v117_production_2026-07-21/v117_seed_aggregated_within_movie.csv,8510dd42add12014fa4e3d35a32c42381a6aa6fb5ee4acd45719268ac4b3b7f4,True,kinematic,exact local implementation,complete,mdck_bulk_online_outer_lomo_v188
6,1,"2,3,4,5",constant_velocity,4,7.090378761291504,10.02730941772461,0.8500404995527054,11997.0,3,<AIRI_SOURCE_ROOT>/outputs/lachance_online_lomo_baselines_v117_production_2026-07-21/v117_seed_aggregated_within_movie.csv,8510dd42add12014fa4e3d35a32c42381a6aa6fb5ee4acd45719268ac4b3b7f4,True,kinematic,exact local implementation,complete,mdck_bulk_online_outer_lomo_v188
6,1,"2,3,4,5",constant_velocity,6,7.855530261993408,11.109397888183594,0.901191346984566,11361.0,3,<AIRI_SOURCE_ROOT>/outputs/lachance_online_lomo_baselines_v117_production_2026-07-21/v117_seed_aggregated_within_movie.csv,8510dd42add12014fa4e3d35a32c42381a6aa6fb5ee4acd45719268ac4b3b7f4,True,kinematic,exact local implementation,complete,mdck_bulk_online_outer_lomo_v188
6,1,"2,3,4,5",displacement_kf_ca,1,5.256406307220459,7.433681011199951,0.1646240407432116,12960.0,3,<AIRI_SOURCE_ROOT>/outputs/lachance_online_lomo_baselines_v117_production_2026-07-21/v117_seed_aggregated_within_movie.csv,8510dd42add12014fa4e3d35a32c42381a6aa6fb5ee4acd45719268ac4b3b7f4,True,classical_filter,exact causal adaptation,complete,mdck_bulk_online_outer_lomo_v188
6,1,"2,3,4,5",displacement_kf_ca,2,7.19356632232666,10.173239707946776,0.5082643175549146,12638.0,3,<AIRI_SOURCE_ROOT>/outputs/lachance_online_lomo_baselines_v117_production_2026-07-21/v117_seed_aggregated_within_movie.csv,8510dd42add12014fa4e3d35a32c42381a6aa6fb5ee4acd45719268ac4b3b7f4,True,classical_filter,exact causal adaptation,complete,mdck_bulk_online_outer_lomo_v188
6,1,"2,3,4,5",displacement_kf_ca,4,9.284856796264648,13.130770683288574,0.7428505593544239,11997.0,3,<AIRI_SOURCE_ROOT>/outputs/lachance_online_lomo_baselines_v117_production_2026-07-21/v117_seed_aggregated_within_movie.csv,8510dd42add12014fa4e3d35a32c42381a6aa6fb5ee4acd45719268ac4b3b7f4,True,classical_filter,exact causal adaptation,complete,mdck_bulk_online_outer_lomo_v188
6,1,"2,3,4,5",displacement_kf_ca,6,9.908448219299316,14.012661933898926,0.8427990135765354,11361.0,3,<AIRI_SOURCE_ROOT>/outputs/lachance_online_lomo_baselines_v117_production_2026-07-21/v117_seed_aggregated_within_movie.csv,8510dd42add12014fa4e3d35a32c42381a6aa6fb5ee4acd45719268ac4b3b7f4,True,classical_filter,exact causal adaptation,complete,mdck_bulk_online_outer_lomo_v188
6,1,"2,3,4,5",displacement_kf_cv,1,4.797775745391846,6.7850799560546875,0.3040404136872474,12960.0,3,<AIRI_SOURCE_ROOT>/outputs/lachance_online_lomo_baselines_v117_production_2026-07-21/v117_seed_aggregated_within_movie.csv,8510dd42add12014fa4e3d35a32c42381a6aa6fb5ee4acd45719268ac4b3b7f4,True,classical_filter,exact causal adaptation,complete,mdck_bulk_online_outer_lomo_v188
6,1,"2,3,4,5",displacement_kf_cv,2,6.226020812988281,8.804923057556152,0.6316469159167322,12638.0,3,<AIRI_SOURCE_ROOT>/outputs/lachance_online_lomo_baselines_v117_production_2026-07-21/v117_seed_aggregated_within_movie.csv,8510dd42add12014fa4e3d35a32c42381a6aa6fb5ee4acd45719268ac4b3b7f4,True,classical_filter,exact causal adaptation,complete,mdck_bulk_online_outer_lomo_v188
6,1,"2,3,4,5",displacement_kf_cv,4,8.30150318145752,11.740099906921388,0.7944352445997694,11997.0,3,<AIRI_SOURCE_ROOT>/outputs/lachance_online_lomo_baselines_v117_production_2026-07-21/v117_seed_aggregated_within_movie.csv,8510dd42add12014fa4e3d35a32c42381a6aa6fb5ee4acd45719268ac4b3b7f4,True,classical_filter,exact causal adaptation,complete,mdck_bulk_online_outer_lomo_v188
6,1,"2,3,4,5",displacement_kf_cv,6,9.595641136169434,13.57028579711914,0.8525679302442594,11361.0,3,<AIRI_SOURCE_ROOT>/outputs/lachance_online_lomo_baselines_v117_production_2026-07-21/v117_seed_aggregated_within_movie.csv,8510dd42add12014fa4e3d35a32c42381a6aa6fb5ee4acd45719268ac4b3b7f4,True,classical_filter,exact causal adaptation,complete,mdck_bulk_online_outer_lomo_v188
6,1,"2,3,4,5",gru_track,1,4.344979445139567,6.144728978474935,0.4292053551017725,12960.0,3,<AIRI_SOURCE_ROOT>/outputs/lachance_online_lomo_baselines_v117_production_2026-07-21/v117_seed_aggregated_within_movie.csv,8510dd42add12014fa4e3d35a32c42381a6aa6fb5ee4acd45719268ac4b3b7f4,True,neural_sequence,architecture-faithful causal adaptation,complete,mdck_bulk_online_outer_lomo_v188
6,1,"2,3,4,5",gru_track,2,5.997044563293457,8.481101353963217,0.6582244131575422,12638.0,3,<AIRI_SOURCE_ROOT>/outputs/lachance_online_lomo_baselines_v117_production_2026-07-21/v117_seed_aggregated_within_movie.csv,8510dd42add12014fa4e3d35a32c42381a6aa6fb5ee4acd45719268ac4b3b7f4,True,neural_sequence,architecture-faithful causal adaptation,complete,mdck_bulk_online_outer_lomo_v188
6,1,"2,3,4,5",gru_track,4,8.519895553588867,12.048951784769692,0.783434389004891,11997.0,3,<AIRI_SOURCE_ROOT>/outputs/lachance_online_lomo_baselines_v117_production_2026-07-21/v117_seed_aggregated_within_movie.csv,8510dd42add12014fa4e3d35a32c42381a6aa6fb5ee4acd45719268ac4b3b7f4,True,neural_sequence,architecture-faithful causal adaptation,complete,mdck_bulk_online_outer_lomo_v188
6,1,"2,3,4,5",gru_track,6,10.39641030629476,14.702744483947754,0.8268816601905761,11361.0,3,<AIRI_SOURCE_ROOT>/outputs/lachance_online_lomo_baselines_v117_production_2026-07-21/v117_seed_aggregated_within_movie.csv,8510dd42add12014fa4e3d35a32c42381a6aa6fb5ee4acd45719268ac4b3b7f4,True,neural_sequence,architecture-faithful causal adaptation,complete,mdck_bulk_online_outer_lomo_v188
6,1,"2,3,4,5",hgbdt_v52,1,4.20186710357666,5.94233767191569,0.4661867761231975,12960.0,3,<AIRI_SOURCE_ROOT>/outputs/lachance_online_lomo_baselines_v117_production_2026-07-21/v117_seed_aggregated_within_movie.csv,8510dd42add12014fa4e3d35a32c42381a6aa6fb5ee4acd45719268ac4b3b7f4,True,tree_regressor,exact local implementation,complete,mdck_bulk_online_outer_lomo_v188
6,1,"2,3,4,5",hgbdt_v52,2,5.778485139211019,8.172012011210123,0.682698313920942,12638.0,3,<AIRI_SOURCE_ROOT>/outputs/lachance_online_lomo_baselines_v117_production_2026-07-21/v117_seed_aggregated_within_movie.csv,8510dd42add12014fa4e3d35a32c42381a6aa6fb5ee4acd45719268ac4b3b7f4,True,tree_regressor,exact local implementation,complete,mdck_bulk_online_outer_lomo_v188
6,1,"2,3,4,5",hgbdt_v52,4,8.178521792093912,11.566176414489746,0.8004790877560962,11997.0,3,<AIRI_SOURCE_ROOT>/outputs/lachance_online_lomo_baselines_v117_production_2026-07-21/v117_seed_aggregated_within_movie.csv,8510dd42add12014fa4e3d35a32c42381a6aa6fb5ee4acd45719268ac4b3b7f4,True,tree_regressor,exact local implementation,complete,mdck_bulk_online_outer_lomo_v188
6,1,"2,3,4,5",hgbdt_v52,6,9.918540000915526,14.026933670043944,0.8424765831892245,11361.0,3,<AIRI_SOURCE_ROOT>/outputs/lachance_online_lomo_baselines_v117_production_2026-07-21/v117_seed_aggregated_within_movie.csv,8510dd42add12014fa4e3d35a32c42381a6aa6fb5ee4acd45719268ac4b3b7f4,True,tree_regressor,exact local implementation,complete,mdck_bulk_online_outer_lomo_v188
6,1,"2,3,4,5",position_imm,1,4.697327136993408,6.64302396774292,0.3328772239524278,12960.0,3,<AIRI_SOURCE_ROOT>/outputs/lachance_online_lomo_baselines_v117_production_2026-07-21/v117_seed_aggregated_within_movie.csv,8510dd42add12014fa4e3d35a32c42381a6aa6fb5ee4acd45719268ac4b3b7f4,True,classical_filter,exact causal adaptation,complete,mdck_bulk_online_outer_lomo_v188
6,1,"2,3,4,5",position_imm,2,6.4080681800842285,9.062376976013184,0.6097908463817612,12638.0,3,<AIRI_SOURCE_ROOT>/outputs/lachance_online_lomo_baselines_v117_production_2026-07-21/v117_seed_aggregated_within_movie.csv,8510dd42add12014fa4e3d35a32c42381a6aa6fb5ee4acd45719268ac4b3b7f4,True,classical_filter,exact causal adaptation,complete,mdck_bulk_online_outer_lomo_v188
6,1,"2,3,4,5",position_imm,4,8.538497924804688,12.0752592086792,0.7825306417918835,11997.0,3,<AIRI_SOURCE_ROOT>/outputs/lachance_online_lomo_baselines_v117_production_2026-07-21/v117_seed_aggregated_within_movie.csv,8510dd42add12014fa4e3d35a32c42381a6aa6fb5ee4acd45719268ac4b3b7f4,True,classical_filter,exact causal adaptation,complete,mdck_bulk_online_outer_lomo_v188
6,1,"2,3,4,5",position_imm,6,10.032503128051758,14.188102722167969,0.8388380279705102,11361.0,3,<AIRI_SOURCE_ROOT>/outputs/lachance_online_lomo_baselines_v117_production_2026-07-21/v117_seed_aggregated_within_movie.csv,8510dd42add12014fa4e3d35a32c42381a6aa6fb5ee4acd45719268ac4b3b7f4,True,classical_filter,exact causal adaptation,complete,mdck_bulk_online_outer_lomo_v188
6,1,"2,3,4,5",position_kf_ca,1,5.486300468444824,7.758800506591797,0.0899541793424806,12960.0,3,<AIRI_SOURCE_ROOT>/outputs/lachance_online_lomo_baselines_v117_production_2026-07-21/v117_seed_aggregated_within_movie.csv,8510dd42add12014fa4e3d35a32c42381a6aa6fb5ee4acd45719268ac4b3b7f4,True,classical_filter,exact causal adaptation,complete,mdck_bulk_online_outer_lomo_v188
6,1,"2,3,4,5",position_kf_ca,2,7.433588027954102,10.512681007385254,0.4749022425287577,12638.0,3,<AIRI_SOURCE_ROOT>/outputs/lachance_online_lomo_baselines_v117_production_2026-07-21/v117_seed_aggregated_within_movie.csv,8510dd42add12014fa4e3d35a32c42381a6aa6fb5ee4acd45719268ac4b3b7f4,True,classical_filter,exact causal adaptation,complete,mdck_bulk_online_outer_lomo_v188
6,1,"2,3,4,5",position_kf_ca,4,8.539129257202148,12.076152801513672,0.7824984590838592,11997.0,3,<AIRI_SOURCE_ROOT>/outputs/lachance_online_lomo_baselines_v117_production_2026-07-21/v117_seed_aggregated_within_movie.csv,8510dd42add12014fa4e3d35a32c42381a6aa6fb5ee4acd45719268ac4b3b7f4,True,classical_filter,exact causal adaptation,complete,mdck_bulk_online_outer_lomo_v188
6,1,"2,3,4,5",position_kf_ca,6,8.373491287231445,11.841904640197754,0.8877317193139712,11361.0,3,<AIRI_SOURCE_ROOT>/outputs/lachance_online_lomo_baselines_v117_production_2026-07-21/v117_seed_aggregated_within_movie.csv,8510dd42add12014fa4e3d35a32c42381a6aa6fb5ee4acd45719268ac4b3b7f4,True,classical_filter,exact causal adaptation,complete,mdck_bulk_online_outer_lomo_v188
6,1,"2,3,4,5",position_kf_cv,1,4.743753910064697,6.708681106567383,0.3196248758542391,12960.0,3,<AIRI_SOURCE_ROOT>/outputs/lachance_online_lomo_baselines_v117_production_2026-07-21/v117_seed_aggregated_within_movie.csv,8510dd42add12014fa4e3d35a32c42381a6aa6fb5ee4acd45719268ac4b3b7f4,True,classical_filter,exact causal adaptation,complete,mdck_bulk_online_outer_lomo_v188
6,1,"2,3,4,5",position_kf_cv,2,6.588519096374512,9.31757354736328,0.5875048733053398,12638.0,3,<AIRI_SOURCE_ROOT>/outputs/lachance_online_lomo_baselines_v117_production_2026-07-21/v117_seed_aggregated_within_movie.csv,8510dd42add12014fa4e3d35a32c42381a6aa6fb5ee4acd45719268ac4b3b7f4,True,classical_filter,exact causal adaptation,complete,mdck_bulk_online_outer_lomo_v188
6,1,"2,3,4,5",position_kf_cv,4,9.198559761047363,13.00872802734375,0.7476084409633318,11997.0,3,<AIRI_SOURCE_ROOT>/outputs/lachance_online_lomo_baselines_v117_production_2026-07-21/v117_seed_aggregated_within_movie.csv,8510dd42add12014fa4e3d35a32c42381a6aa6fb5ee4acd45719268ac4b3b7f4,True,classical_filter,exact causal adaptation,complete,mdck_bulk_online_outer_lomo_v188
6,1,"2,3,4,5",position_kf_cv,6,10.877467155456545,15.383062362670898,0.8105478533063297,11361.0,3,<AIRI_SOURCE_ROOT>/outputs/lachance_online_lomo_baselines_v117_production_2026-07-21/v117_seed_aggregated_within_movie.csv,8510dd42add12014fa4e3d35a32c42381a6aa6fb5ee4acd45719268ac4b3b7f4,True,classical_filter,exact causal adaptation,complete,mdck_bulk_online_outer_lomo_v188
6,1,"2,3,4,5",wolf_imq_ca,1,5.451332092285156,7.709347724914551,0.1015180065757611,12960.0,3,<AIRI_SOURCE_ROOT>/outputs/lachance_online_lomo_baselines_v117_production_2026-07-21/v117_seed_aggregated_within_movie.csv,8510dd42add12014fa4e3d35a32c42381a6aa6fb5ee4acd45719268ac4b3b7f4,True,robust_filter,source-faithful WoLF-IMQ update adaptation,complete,mdck_bulk_online_outer_lomo_v188
6,1,"2,3,4,5",wolf_imq_ca,2,7.660051345825195,10.832948684692385,0.4424207930451495,12638.0,3,<AIRI_SOURCE_ROOT>/outputs/lachance_online_lomo_baselines_v117_production_2026-07-21/v117_seed_aggregated_within_movie.csv,8510dd42add12014fa4e3d35a32c42381a6aa6fb5ee4acd45719268ac4b3b7f4,True,robust_filter,source-faithful WoLF-IMQ update adaptation,complete,mdck_bulk_online_outer_lomo_v188
6,1,"2,3,4,5",wolf_imq_ca,4,8.991501808166504,12.715903282165527,0.7588431741455283,11997.0,3,<AIRI_SOURCE_ROOT>/outputs/lachance_online_lomo_baselines_v117_production_2026-07-21/v117_seed_aggregated_within_movie.csv,8510dd42add12014fa4e3d35a32c42381a6aa6fb5ee4acd45719268ac4b3b7f4,True,robust_filter,source-faithful WoLF-IMQ update adaptation,complete,mdck_bulk_online_outer_lomo_v188
6,1,"2,3,4,5",wolf_imq_ca,6,8.791943550109863,12.433686256408691,0.8762304572162253,11361.0,3,<AIRI_SOURCE_ROOT>/outputs/lachance_online_lomo_baselines_v117_production_2026-07-21/v117_seed_aggregated_within_movie.csv,8510dd42add12014fa4e3d35a32c42381a6aa6fb5ee4acd45719268ac4b3b7f4,True,robust_filter,source-faithful WoLF-IMQ update adaptation,complete,mdck_bulk_online_outer_lomo_v188
6,1,"2,3,4,5",wolf_imq_cv,1,4.7192535400390625,6.674032688140869,0.3266347052313235,12960.0,3,<AIRI_SOURCE_ROOT>/outputs/lachance_online_lomo_baselines_v117_production_2026-07-21/v117_seed_aggregated_within_movie.csv,8510dd42add12014fa4e3d35a32c42381a6aa6fb5ee4acd45719268ac4b3b7f4,True,robust_filter,source-faithful WoLF-IMQ update adaptation,complete,mdck_bulk_online_outer_lomo_v188
6,1,"2,3,4,5",wolf_imq_cv,2,6.73964262008667,9.531293869018556,0.5683647198634234,12638.0,3,<AIRI_SOURCE_ROOT>/outputs/lachance_online_lomo_baselines_v117_production_2026-07-21/v117_seed_aggregated_within_movie.csv,8510dd42add12014fa4e3d35a32c42381a6aa6fb5ee4acd45719268ac4b3b7f4,True,robust_filter,source-faithful WoLF-IMQ update adaptation,complete,mdck_bulk_online_outer_lomo_v188
6,1,"2,3,4,5",wolf_imq_cv,4,9.431636810302734,13.338349342346191,0.7346559809923425,11997.0,3,<AIRI_SOURCE_ROOT>/outputs/lachance_online_lomo_baselines_v117_production_2026-07-21/v117_seed_aggregated_within_movie.csv,8510dd42add12014fa4e3d35a32c42381a6aa6fb5ee4acd45719268ac4b3b7f4,True,robust_filter,source-faithful WoLF-IMQ update adaptation,complete,mdck_bulk_online_outer_lomo_v188
6,1,"2,3,4,5",wolf_imq_cv,6,11.125733375549316,15.734163284301758,0.8018010790195804,11361.0,3,<AIRI_SOURCE_ROOT>/outputs/lachance_online_lomo_baselines_v117_production_2026-07-21/v117_seed_aggregated_within_movie.csv,8510dd42add12014fa4e3d35a32c42381a6aa6fb5ee4acd45719268ac4b3b7f4,True,robust_filter,source-faithful WoLF-IMQ update adaptation,complete,mdck_bulk_online_outer_lomo_v188
1,2,"3,4,5,6",v97_seed_mean,1,3.4563121795654297,4.887963612874349,0.4837300061096576,14446.0,3,<AIRI_SOURCE_ROOT>/outputs/lachance_online_lomo_benchmark_v102_v97_production_2026-07-21/v102_seed_aggregated_within_movie.csv,4865a68649299186c3a06267c1145d7d41b3303b2102551db0bf4db24092e63f,True,learned_state_space_prior,mean metric over three frozen local checkpoints,complete,mdck_bulk_online_outer_lomo_v188
1,2,"3,4,5,6",v97_seed_mean,2,4.693958441416423,6.638259410858154,0.7057297657257532,14078.0,3,<AIRI_SOURCE_ROOT>/outputs/lachance_online_lomo_benchmark_v102_v97_production_2026-07-21/v102_seed_aggregated_within_movie.csv,4865a68649299186c3a06267c1145d7d41b3303b2102551db0bf4db24092e63f,True,learned_state_space_prior,mean metric over three frozen local checkpoints,complete,mdck_bulk_online_outer_lomo_v188
1,2,"3,4,5,6",v97_seed_mean,4,6.653974374135335,9.410140673319498,0.819975938825591,13348.0,3,<AIRI_SOURCE_ROOT>/outputs/lachance_online_lomo_benchmark_v102_v97_production_2026-07-21/v102_seed_aggregated_within_movie.csv,4865a68649299186c3a06267c1145d7d41b3303b2102551db0bf4db24092e63f,True,learned_state_space_prior,mean metric over three frozen local checkpoints,complete,mdck_bulk_online_outer_lomo_v188
1,2,"3,4,5,6",v97_seed_mean,6,8.096722284952799,11.450494766235352,0.8608644259253629,12627.0,3,<AIRI_SOURCE_ROOT>/outputs/lachance_online_lomo_benchmark_v102_v97_production_2026-07-21/v102_seed_aggregated_within_movie.csv,4865a68649299186c3a06267c1145d7d41b3303b2102551db0bf4db24092e63f,True,learned_state_space_prior,mean metric over three frozen local checkpoints,complete,mdck_bulk_online_outer_lomo_v188
2,3,"1,4,5,6",v97_seed_mean,1,3.1075449784596763,4.394732475280762,0.5052728392820361,13633.0,3,<AIRI_SOURCE_ROOT>/outputs/lachance_online_lomo_benchmark_v102_v97_production_2026-07-21/v102_seed_aggregated_within_movie.csv,4865a68649299186c3a06267c1145d7d41b3303b2102551db0bf4db24092e63f,True,learned_state_space_prior,mean metric over three frozen local checkpoints,complete,mdck_bulk_online_outer_lomo_v188
2,3,"1,4,5,6",v97_seed_mean,2,4.170321941375732,5.897725582122803,0.7260859848609619,13298.0,3,<AIRI_SOURCE_ROOT>/outputs/lachance_online_lomo_benchmark_v102_v97_production_2026-07-21/v102_seed_aggregated_within_movie.csv,4865a68649299186c3a06267c1145d7d41b3303b2102551db0bf4db24092e63f,True,learned_state_space_prior,mean metric over three frozen local checkpoints,complete,mdck_bulk_online_outer_lomo_v188
2,3,"1,4,5,6",v97_seed_mean,4,5.811497688293457,8.218698819478353,0.8353732861038212,12631.0,3,<AIRI_SOURCE_ROOT>/outputs/lachance_online_lomo_benchmark_v102_v97_production_2026-07-21/v102_seed_aggregated_within_movie.csv,4865a68649299186c3a06267c1145d7d41b3303b2102551db0bf4db24092e63f,True,learned_state_space_prior,mean metric over three frozen local checkpoints,complete,mdck_bulk_online_outer_lomo_v188
2,3,"1,4,5,6",v97_seed_mean,6,7.061301072438558,9.986187616984049,0.8702514859426316,11967.0,3,<AIRI_SOURCE_ROOT>/outputs/lachance_online_lomo_benchmark_v102_v97_production_2026-07-21/v102_seed_aggregated_within_movie.csv,4865a68649299186c3a06267c1145d7d41b3303b2102551db0bf4db24092e63f,True,learned_state_space_prior,mean metric over three frozen local checkpoints,complete,mdck_bulk_online_outer_lomo_v188
3,4,"1,2,5,6",v97_seed_mean,1,3.26008947690328,4.610462824503581,0.5412558437688796,12799.0,3,<AIRI_SOURCE_ROOT>/outputs/lachance_online_lomo_benchmark_v102_v97_production_2026-07-21/v102_seed_aggregated_within_movie.csv,4865a68649299186c3a06267c1145d7d41b3303b2102551db0bf4db24092e63f,True,learned_state_space_prior,mean metric over three frozen local checkpoints,complete,mdck_bulk_online_outer_lomo_v188
3,4,"1,2,5,6",v97_seed_mean,2,4.611714998881022,6.5219502449035645,0.723989542105464,12481.0,3,<AIRI_SOURCE_ROOT>/outputs/lachance_online_lomo_benchmark_v102_v97_production_2026-07-21/v102_seed_aggregated_within_movie.csv,4865a68649299186c3a06267c1145d7d41b3303b2102551db0bf4db24092e63f,True,learned_state_space_prior,mean metric over three frozen local checkpoints,complete,mdck_bulk_online_outer_lomo_v188
3,4,"1,2,5,6",v97_seed_mean,4,6.365343411763509,9.001955350240072,0.8370697674727589,11850.0,3,<AIRI_SOURCE_ROOT>/outputs/lachance_online_lomo_benchmark_v102_v97_production_2026-07-21/v102_seed_aggregated_within_movie.csv,4865a68649299186c3a06267c1145d7d41b3303b2102551db0bf4db24092e63f,True,learned_state_space_prior,mean metric over three frozen local checkpoints,complete,mdck_bulk_online_outer_lomo_v188
3,4,"1,2,5,6",v97_seed_mean,6,7.730694611867269,10.932853062947592,0.8722581283125708,11222.0,3,<AIRI_SOURCE_ROOT>/outputs/lachance_online_lomo_benchmark_v102_v97_production_2026-07-21/v102_seed_aggregated_within_movie.csv,4865a68649299186c3a06267c1145d7d41b3303b2102551db0bf4db24092e63f,True,learned_state_space_prior,mean metric over three frozen local checkpoints,complete,mdck_bulk_online_outer_lomo_v188
4,5,"1,2,3,6",v97_seed_mean,1,3.8883653481801352,5.498978932698567,0.442910475021425,13260.0,3,<AIRI_SOURCE_ROOT>/outputs/lachance_online_lomo_benchmark_v102_v97_production_2026-07-21/v102_seed_aggregated_within_movie.csv,4865a68649299186c3a06267c1145d7d41b3303b2102551db0bf4db24092e63f,True,learned_state_space_prior,mean metric over three frozen local checkpoints,complete,mdck_bulk_online_outer_lomo_v188
4,5,"1,2,3,6",v97_seed_mean,2,5.020519097646077,7.100086212158203,0.7031379509280926,12929.0,3,<AIRI_SOURCE_ROOT>/outputs/lachance_online_lomo_benchmark_v102_v97_production_2026-07-21/v102_seed_aggregated_within_movie.csv,4865a68649299186c3a06267c1145d7d41b3303b2102551db0bf4db24092e63f,True,learned_state_space_prior,mean metric over three frozen local checkpoints,complete,mdck_bulk_online_outer_lomo_v188
4,5,"1,2,3,6",v97_seed_mean,4,7.0125142733256025,9.917193094889322,0.8210025847550623,12268.0,3,<AIRI_SOURCE_ROOT>/outputs/lachance_online_lomo_benchmark_v102_v97_production_2026-07-21/v102_seed_aggregated_within_movie.csv,4865a68649299186c3a06267c1145d7d41b3303b2102551db0bf4db24092e63f,True,learned_state_space_prior,mean metric over three frozen local checkpoints,complete,mdck_bulk_online_outer_lomo_v188
4,5,"1,2,3,6",v97_seed_mean,6,8.612074216206869,12.179312388102211,0.8577697939902489,11613.0,3,<AIRI_SOURCE_ROOT>/outputs/lachance_online_lomo_benchmark_v102_v97_production_2026-07-21/v102_seed_aggregated_within_movie.csv,4865a68649299186c3a06267c1145d7d41b3303b2102551db0bf4db24092e63f,True,learned_state_space_prior,mean metric over three frozen local checkpoints,complete,mdck_bulk_online_outer_lomo_v188
5,6,"1,2,3,4",v97_seed_mean,1,3.1131109396616616,4.402603626251221,0.5605037813017285,14154.0,3,<AIRI_SOURCE_ROOT>/outputs/lachance_online_lomo_benchmark_v102_v97_production_2026-07-21/v102_seed_aggregated_within_movie.csv,4865a68649299186c3a06267c1145d7d41b3303b2102551db0bf4db24092e63f,True,learned_state_space_prior,mean metric over three frozen local checkpoints,complete,mdck_bulk_online_outer_lomo_v188
5,6,"1,2,3,4",v97_seed_mean,2,4.265034993489583,6.031670252482097,0.7534706873619853,13795.0,3,<AIRI_SOURCE_ROOT>/outputs/lachance_online_lomo_benchmark_v102_v97_production_2026-07-21/v102_seed_aggregated_within_movie.csv,4865a68649299186c3a06267c1145d7d41b3303b2102551db0bf4db24092e63f,True,learned_state_space_prior,mean metric over three frozen local checkpoints,complete,mdck_bulk_online_outer_lomo_v188
5,6,"1,2,3,4",v97_seed_mean,4,5.911564191182454,8.360214551289877,0.8569381323775974,13080.0,3,<AIRI_SOURCE_ROOT>/outputs/lachance_online_lomo_benchmark_v102_v97_production_2026-07-21/v102_seed_aggregated_within_movie.csv,4865a68649299186c3a06267c1145d7d41b3303b2102551db0bf4db24092e63f,True,learned_state_space_prior,mean metric over three frozen local checkpoints,complete,mdck_bulk_online_outer_lomo_v188
5,6,"1,2,3,4",v97_seed_mean,6,7.169641653696696,10.13940461476644,0.8900847470262381,12370.0,3,<AIRI_SOURCE_ROOT>/outputs/lachance_online_lomo_benchmark_v102_v97_production_2026-07-21/v102_seed_aggregated_within_movie.csv,4865a68649299186c3a06267c1145d7d41b3303b2102551db0bf4db24092e63f,True,learned_state_space_prior,mean metric over three frozen local checkpoints,complete,mdck_bulk_online_outer_lomo_v188
6,1,"2,3,4,5",v97_seed_mean,1,4.168104648590088,5.8945902188618975,0.4747272292634569,12960.0,3,<AIRI_SOURCE_ROOT>/outputs/lachance_online_lomo_benchmark_v102_v97_production_2026-07-21/v102_seed_aggregated_within_movie.csv,4865a68649299186c3a06267c1145d7d41b3303b2102551db0bf4db24092e63f,True,learned_state_space_prior,mean metric over three frozen local checkpoints,complete,mdck_bulk_online_outer_lomo_v188
6,1,"2,3,4,5",v97_seed_mean,2,5.613211949666341,7.93828026453654,0.7005836421483171,12638.0,3,<AIRI_SOURCE_ROOT>/outputs/lachance_online_lomo_benchmark_v102_v97_production_2026-07-21/v102_seed_aggregated_within_movie.csv,4865a68649299186c3a06267c1145d7d41b3303b2102551db0bf4db24092e63f,True,learned_state_space_prior,mean metric over three frozen local checkpoints,complete,mdck_bulk_online_outer_lomo_v188
6,1,"2,3,4,5",v97_seed_mean,4,7.621784210205078,10.778830528259276,0.8267163603316261,11997.0,3,<AIRI_SOURCE_ROOT>/outputs/lachance_online_lomo_benchmark_v102_v97_production_2026-07-21/v102_seed_aggregated_within_movie.csv,4865a68649299186c3a06267c1145d7d41b3303b2102551db0bf4db24092e63f,True,learned_state_space_prior,mean metric over three frozen local checkpoints,complete,mdck_bulk_online_outer_lomo_v188
6,1,"2,3,4,5",v97_seed_mean,6,8.975541432698568,12.693331718444824,0.8710043348935145,11361.0,3,<AIRI_SOURCE_ROOT>/outputs/lachance_online_lomo_benchmark_v102_v97_production_2026-07-21/v102_seed_aggregated_within_movie.csv,4865a68649299186c3a06267c1145d7d41b3303b2102551db0bf4db24092e63f,True,learned_state_space_prior,mean metric over three frozen local checkpoints,complete,mdck_bulk_online_outer_lomo_v188
1,2,"3,4,5,6",v97_no_update,1,3.439468548617472,4.864143068810534,0.488754585760313,14446.0,3,<AIRI_SOURCE_ROOT>/outputs/lachance_foldlocal_semigroup_pareto_v157h_full_2026-07-24/v157h_pareto_metrics.csv,e903acd6d74add1a542fa00d7f7fcbad12e72c2125b70998c03179ff796f2fb7,True,learned_state_space_prior,prediction ensemble matched exactly to transport input,complete,mdck_bulk_online_outer_lomo_v188
1,2,"3,4,5,6",v97_no_update,2,4.654817774545505,6.582906427137599,0.7106420137563161,14078.0,3,<AIRI_SOURCE_ROOT>/outputs/lachance_foldlocal_semigroup_pareto_v157h_full_2026-07-24/v157h_pareto_metrics.csv,e903acd6d74add1a542fa00d7f7fcbad12e72c2125b70998c03179ff796f2fb7,True,learned_state_space_prior,prediction ensemble matched exactly to transport input,complete,mdck_bulk_online_outer_lomo_v188
1,2,"3,4,5,6",v97_no_update,4,6.56971205285295,9.290975886030628,0.8246075819804406,13348.0,3,<AIRI_SOURCE_ROOT>/outputs/lachance_foldlocal_semigroup_pareto_v157h_full_2026-07-24/v157h_pareto_metrics.csv,e903acd6d74add1a542fa00d7f7fcbad12e72c2125b70998c03179ff796f2fb7,True,learned_state_space_prior,prediction ensemble matched exactly to transport input,complete,mdck_bulk_online_outer_lomo_v188
1,2,"3,4,5,6",v97_no_update,6,7.968048500592912,11.2685222551851,0.8653610978960501,12627.0,3,<AIRI_SOURCE_ROOT>/outputs/lachance_foldlocal_semigroup_pareto_v157h_full_2026-07-24/v157h_pareto_metrics.csv,e903acd6d74add1a542fa00d7f7fcbad12e72c2125b70998c03179ff796f2fb7,True,learned_state_space_prior,prediction ensemble matched exactly to transport input,complete,mdck_bulk_online_outer_lomo_v188
2,3,"1,4,5,6",v97_no_update,1,3.0963014977109995,4.378831571259022,0.5088474157638294,13633.0,3,<AIRI_SOURCE_ROOT>/outputs/lachance_foldlocal_semigroup_pareto_v157h_full_2026-07-24/v157h_pareto_metrics.csv,e903acd6d74add1a542fa00d7f7fcbad12e72c2125b70998c03179ff796f2fb7,True,learned_state_space_prior,prediction ensemble matched exactly to transport input,complete,mdck_bulk_online_outer_lomo_v188
2,3,"1,4,5,6",v97_no_update,2,4.14208300965924,5.857789968735265,0.7297913097623758,13298.0,3,<AIRI_SOURCE_ROOT>/outputs/lachance_foldlocal_semigroup_pareto_v157h_full_2026-07-24/v157h_pareto_metrics.csv,e903acd6d74add1a542fa00d7f7fcbad12e72c2125b70998c03179ff796f2fb7,True,learned_state_space_prior,prediction ensemble matched exactly to transport input,complete,mdck_bulk_online_outer_lomo_v188
2,3,"1,4,5,6",v97_no_update,4,5.742869560830659,8.121644019866338,0.8392629992518919,12631.0,3,<AIRI_SOURCE_ROOT>/outputs/lachance_foldlocal_semigroup_pareto_v157h_full_2026-07-24/v157h_pareto_metrics.csv,e903acd6d74add1a542fa00d7f7fcbad12e72c2125b70998c03179ff796f2fb7,True,learned_state_space_prior,prediction ensemble matched exactly to transport input,complete,mdck_bulk_online_outer_lomo_v188
2,3,"1,4,5,6",v97_no_update,6,6.947797820432563,9.82566990628196,0.8744264501072796,11967.0,3,<AIRI_SOURCE_ROOT>/outputs/lachance_foldlocal_semigroup_pareto_v157h_full_2026-07-24/v157h_pareto_metrics.csv,e903acd6d74add1a542fa00d7f7fcbad12e72c2125b70998c03179ff796f2fb7,True,learned_state_space_prior,prediction ensemble matched exactly to transport input,complete,mdck_bulk_online_outer_lomo_v188
3,4,"1,2,5,6",v97_no_update,1,3.245848157306301,4.59032248546629,0.5452556181768187,12799.0,3,<AIRI_SOURCE_ROOT>/outputs/lachance_foldlocal_semigroup_pareto_v157h_full_2026-07-24/v157h_pareto_metrics.csv,e903acd6d74add1a542fa00d7f7fcbad12e72c2125b70998c03179ff796f2fb7,True,learned_state_space_prior,prediction ensemble matched exactly to transport input,complete,mdck_bulk_online_outer_lomo_v188
3,4,"1,2,5,6",v97_no_update,2,4.579836603376913,6.4768670379483595,0.7277970767531232,12481.0,3,<AIRI_SOURCE_ROOT>/outputs/lachance_foldlocal_semigroup_pareto_v157h_full_2026-07-24/v157h_pareto_metrics.csv,e903acd6d74add1a542fa00d7f7fcbad12e72c2125b70998c03179ff796f2fb7,True,learned_state_space_prior,prediction ensemble matched exactly to transport input,complete,mdck_bulk_online_outer_lomo_v188
3,4,"1,2,5,6",v97_no_update,4,6.295456553085701,8.903120038704376,0.8406834707262508,11850.0,3,<AIRI_SOURCE_ROOT>/outputs/lachance_foldlocal_semigroup_pareto_v157h_full_2026-07-24/v157h_pareto_metrics.csv,e903acd6d74add1a542fa00d7f7fcbad12e72c2125b70998c03179ff796f2fb7,True,learned_state_space_prior,prediction ensemble matched exactly to transport input,complete,mdck_bulk_online_outer_lomo_v188
3,4,"1,2,5,6",v97_no_update,6,7.62439900396513,10.782528476351404,0.8758477940384412,11222.0,3,<AIRI_SOURCE_ROOT>/outputs/lachance_foldlocal_semigroup_pareto_v157h_full_2026-07-24/v157h_pareto_metrics.csv,e903acd6d74add1a542fa00d7f7fcbad12e72c2125b70998c03179ff796f2fb7,True,learned_state_space_prior,prediction ensemble matched exactly to transport input,complete,mdck_bulk_online_outer_lomo_v188
4,5,"1,2,3,6",v97_no_update,1,3.871088065780318,5.474545243767158,0.4478515867257473,13260.0,3,<AIRI_SOURCE_ROOT>/outputs/lachance_foldlocal_semigroup_pareto_v157h_full_2026-07-24/v157h_pareto_metrics.csv,e903acd6d74add1a542fa00d7f7fcbad12e72c2125b70998c03179ff796f2fb7,True,learned_state_space_prior,prediction ensemble matched exactly to transport input,complete,mdck_bulk_online_outer_lomo_v188
4,5,"1,2,3,6",v97_no_update,2,4.979604481244714,7.0422241926301155,0.7079656673763965,12929.0,3,<AIRI_SOURCE_ROOT>/outputs/lachance_foldlocal_semigroup_pareto_v157h_full_2026-07-24/v157h_pareto_metrics.csv,e903acd6d74add1a542fa00d7f7fcbad12e72c2125b70998c03179ff796f2fb7,True,learned_state_space_prior,prediction ensemble matched exactly to transport input,complete,mdck_bulk_online_outer_lomo_v188
4,5,"1,2,3,6",v97_no_update,4,6.922230960221259,9.789512905823836,0.8256149310029889,12268.0,3,<AIRI_SOURCE_ROOT>/outputs/lachance_foldlocal_semigroup_pareto_v157h_full_2026-07-24/v157h_pareto_metrics.csv,e903acd6d74add1a542fa00d7f7fcbad12e72c2125b70998c03179ff796f2fb7,True,learned_state_space_prior,prediction ensemble matched exactly to transport input,complete,mdck_bulk_online_outer_lomo_v188
4,5,"1,2,3,6",v97_no_update,6,8.475571251287862,11.9862678124308,0.862301973194505,11613.0,3,<AIRI_SOURCE_ROOT>/outputs/lachance_foldlocal_semigroup_pareto_v157h_full_2026-07-24/v157h_pareto_metrics.csv,e903acd6d74add1a542fa00d7f7fcbad12e72c2125b70998c03179ff796f2fb7,True,learned_state_space_prior,prediction ensemble matched exactly to transport input,complete,mdck_bulk_online_outer_lomo_v188
5,6,"1,2,3,4",v97_no_update,1,3.0945886892756964,4.376409294340069,0.5657182705771415,14154.0,3,<AIRI_SOURCE_ROOT>/outputs/lachance_foldlocal_semigroup_pareto_v157h_full_2026-07-24/v157h_pareto_metrics.csv,e903acd6d74add1a542fa00d7f7fcbad12e72c2125b70998c03179ff796f2fb7,True,learned_state_space_prior,prediction ensemble matched exactly to transport input,complete,mdck_bulk_online_outer_lomo_v188
5,6,"1,2,3,4",v97_no_update,2,4.223246602080926,5.972572621908935,0.75830738665695,13795.0,3,<AIRI_SOURCE_ROOT>/outputs/lachance_foldlocal_semigroup_pareto_v157h_full_2026-07-24/v157h_pareto_metrics.csv,e903acd6d74add1a542fa00d7f7fcbad12e72c2125b70998c03179ff796f2fb7,True,learned_state_space_prior,prediction ensemble matched exactly to transport input,complete,mdck_bulk_online_outer_lomo_v188
5,6,"1,2,3,4",v97_no_update,4,5.818923837645272,8.229201009614043,0.8614548392271966,13080.0,3,<AIRI_SOURCE_ROOT>/outputs/lachance_foldlocal_semigroup_pareto_v157h_full_2026-07-24/v157h_pareto_metrics.csv,e903acd6d74add1a542fa00d7f7fcbad12e72c2125b70998c03179ff796f2fb7,True,learned_state_space_prior,prediction ensemble matched exactly to transport input,complete,mdck_bulk_online_outer_lomo_v188
5,6,"1,2,3,4",v97_no_update,6,7.027150053149779,9.93789090999523,0.8945088818556918,12370.0,3,<AIRI_SOURCE_ROOT>/outputs/lachance_foldlocal_semigroup_pareto_v157h_full_2026-07-24/v157h_pareto_metrics.csv,e903acd6d74add1a542fa00d7f7fcbad12e72c2125b70998c03179ff796f2fb7,True,learned_state_space_prior,prediction ensemble matched exactly to transport input,complete,mdck_bulk_online_outer_lomo_v188
6,1,"2,3,4,5",v97_no_update,1,4.150787287998501,5.870099677213318,0.4790871537273188,12960.0,3,<AIRI_SOURCE_ROOT>/outputs/lachance_foldlocal_semigroup_pareto_v157h_full_2026-07-24/v157h_pareto_metrics.csv,e903acd6d74add1a542fa00d7f7fcbad12e72c2125b70998c03179ff796f2fb7,True,learned_state_space_prior,prediction ensemble matched exactly to transport input,complete,mdck_bulk_online_outer_lomo_v188
6,1,"2,3,4,5",v97_no_update,2,5.573299625323043,7.881835917300736,0.7048328807683156,12638.0,3,<AIRI_SOURCE_ROOT>/outputs/lachance_foldlocal_semigroup_pareto_v157h_full_2026-07-24/v157h_pareto_metrics.csv,e903acd6d74add1a542fa00d7f7fcbad12e72c2125b70998c03179ff796f2fb7,True,learned_state_space_prior,prediction ensemble matched exactly to transport input,complete,mdck_bulk_online_outer_lomo_v188
6,1,"2,3,4,5",v97_no_update,4,7.530094699831211,10.64916205045506,0.8308640120212161,11997.0,3,<AIRI_SOURCE_ROOT>/outputs/lachance_foldlocal_semigroup_pareto_v157h_full_2026-07-24/v157h_pareto_metrics.csv,e903acd6d74add1a542fa00d7f7fcbad12e72c2125b70998c03179ff796f2fb7,True,learned_state_space_prior,prediction ensemble matched exactly to transport input,complete,mdck_bulk_online_outer_lomo_v188
6,1,"2,3,4,5",v97_no_update,6,8.82927379872645,12.48647875206436,0.8751772045352936,11361.0,3,<AIRI_SOURCE_ROOT>/outputs/lachance_foldlocal_semigroup_pareto_v157h_full_2026-07-24/v157h_pareto_metrics.csv,e903acd6d74add1a542fa00d7f7fcbad12e72c2125b70998c03179ff796f2fb7,True,learned_state_space_prior,prediction ensemble matched exactly to transport input,complete,mdck_bulk_online_outer_lomo_v188
1,2,"3,4,5,6",v166_h1_strict,1,3.4381236840447773,4.862241143092273,0.4891543111338372,14446.0,3,<AIRI_SOURCE_ROOT>/outputs/lachance_foldlocal_semigroup_pareto_v157h_full_2026-07-24/v157h_pareto_metrics.csv,e903acd6d74add1a542fa00d7f7fcbad12e72c2125b70998c03179ff796f2fb7,True,bounded_innovation_transport,frozen fold-local operating point,complete,mdck_bulk_online_outer_lomo_v188
1,2,"3,4,5,6",v166_h1_strict,2,4.3079054916234805,6.092298371675462,0.752165113782198,14078.0,3,<AIRI_SOURCE_ROOT>/outputs/lachance_foldlocal_semigroup_pareto_v157h_full_2026-07-24/v157h_pareto_metrics.csv,e903acd6d74add1a542fa00d7f7fcbad12e72c2125b70998c03179ff796f2fb7,True,bounded_innovation_transport,frozen fold-local operating point,complete,mdck_bulk_online_outer_lomo_v188
1,2,"3,4,5,6",v166_h1_strict,4,5.736775507730594,8.113025727322405,0.8662622981479071,13348.0,3,<AIRI_SOURCE_ROOT>/outputs/lachance_foldlocal_semigroup_pareto_v157h_full_2026-07-24/v157h_pareto_metrics.csv,e903acd6d74add1a542fa00d7f7fcbad12e72c2125b70998c03179ff796f2fb7,True,bounded_innovation_transport,frozen fold-local operating point,complete,mdck_bulk_online_outer_lomo_v188
1,2,"3,4,5,6",v166_h1_strict,6,6.782919763333693,9.592497121795011,0.9024336668387228,12627.0,3,<AIRI_SOURCE_ROOT>/outputs/lachance_foldlocal_semigroup_pareto_v157h_full_2026-07-24/v157h_pareto_metrics.csv,e903acd6d74add1a542fa00d7f7fcbad12e72c2125b70998c03179ff796f2fb7,True,bounded_innovation_transport,frozen fold-local operating point,complete,mdck_bulk_online_outer_lomo_v188
2,3,"1,4,5,6",v166_h1_strict,1,3.090834788809674,4.371100477389222,0.5105802043511312,13633.0,3,<AIRI_SOURCE_ROOT>/outputs/lachance_foldlocal_semigroup_pareto_v157h_full_2026-07-24/v157h_pareto_metrics.csv,e903acd6d74add1a542fa00d7f7fcbad12e72c2125b70998c03179ff796f2fb7,True,bounded_innovation_transport,frozen fold-local operating point,complete,mdck_bulk_online_outer_lomo_v188
2,3,"1,4,5,6",v166_h1_strict,2,3.916752397827071,5.539124361464385,0.7583905303744415,13298.0,3,<AIRI_SOURCE_ROOT>/outputs/lachance_foldlocal_semigroup_pareto_v157h_full_2026-07-24/v157h_pareto_metrics.csv,e903acd6d74add1a542fa00d7f7fcbad12e72c2125b70998c03179ff796f2fb7,True,bounded_innovation_transport,frozen fold-local operating point,complete,mdck_bulk_online_outer_lomo_v188
2,3,"1,4,5,6",v166_h1_strict,4,5.208253619820142,7.36558290542841,0.867796727738501,12631.0,3,<AIRI_SOURCE_ROOT>/outputs/lachance_foldlocal_semigroup_pareto_v157h_full_2026-07-24/v157h_pareto_metrics.csv,e903acd6d74add1a542fa00d7f7fcbad12e72c2125b70998c03179ff796f2fb7,True,bounded_innovation_transport,frozen fold-local operating point,complete,mdck_bulk_online_outer_lomo_v188
2,3,"1,4,5,6",v166_h1_strict,6,6.222375293417041,8.799767530125647,0.8992798809740706,11967.0,3,<AIRI_SOURCE_ROOT>/outputs/lachance_foldlocal_semigroup_pareto_v157h_full_2026-07-24/v157h_pareto_metrics.csv,e903acd6d74add1a542fa00d7f7fcbad12e72c2125b70998c03179ff796f2fb7,True,bounded_innovation_transport,frozen fold-local operating point,complete,mdck_bulk_online_outer_lomo_v188
3,4,"1,2,5,6",v166_h1_strict,1,3.308686700572854,4.679189605593618,0.5274777807880295,12799.0,3,<AIRI_SOURCE_ROOT>/outputs/lachance_foldlocal_semigroup_pareto_v157h_full_2026-07-24/v157h_pareto_metrics.csv,e903acd6d74add1a542fa00d7f7fcbad12e72c2125b70998c03179ff796f2fb7,True,bounded_innovation_transport,frozen fold-local operating point,complete,mdck_bulk_online_outer_lomo_v188
3,4,"1,2,5,6",v166_h1_strict,2,4.241676280924023,5.998636123679024,0.7665102293128429,12481.0,3,<AIRI_SOURCE_ROOT>/outputs/lachance_foldlocal_semigroup_pareto_v157h_full_2026-07-24/v157h_pareto_metrics.csv,e903acd6d74add1a542fa00d7f7fcbad12e72c2125b70998c03179ff796f2fb7,True,bounded_innovation_transport,frozen fold-local operating point,complete,mdck_bulk_online_outer_lomo_v188
3,4,"1,2,5,6",v166_h1_strict,4,5.431237303803221,7.680929455505197,0.8814220516949006,11850.0,3,<AIRI_SOURCE_ROOT>/outputs/lachance_foldlocal_semigroup_pareto_v157h_full_2026-07-24/v157h_pareto_metrics.csv,e903acd6d74add1a542fa00d7f7fcbad12e72c2125b70998c03179ff796f2fb7,True,bounded_innovation_transport,frozen fold-local operating point,complete,mdck_bulk_online_outer_lomo_v188
3,4,"1,2,5,6",v166_h1_strict,6,6.489285189624499,9.177235125273828,0.910063303682382,11222.0,3,<AIRI_SOURCE_ROOT>/outputs/lachance_foldlocal_semigroup_pareto_v157h_full_2026-07-24/v157h_pareto_metrics.csv,e903acd6d74add1a542fa00d7f7fcbad12e72c2125b70998c03179ff796f2fb7,True,bounded_innovation_transport,frozen fold-local operating point,complete,mdck_bulk_online_outer_lomo_v188
4,5,"1,2,3,6",v166_h1_strict,1,3.816761201712741,5.39771545580159,0.4632405449975245,13260.0,3,<AIRI_SOURCE_ROOT>/outputs/lachance_foldlocal_semigroup_pareto_v157h_full_2026-07-24/v157h_pareto_metrics.csv,e903acd6d74add1a542fa00d7f7fcbad12e72c2125b70998c03179ff796f2fb7,True,bounded_innovation_transport,frozen fold-local operating point,complete,mdck_bulk_online_outer_lomo_v188
4,5,"1,2,3,6",v166_h1_strict,2,4.7504570419033305,6.718160776130464,0.7342244633199287,12929.0,3,<AIRI_SOURCE_ROOT>/outputs/lachance_foldlocal_semigroup_pareto_v157h_full_2026-07-24/v157h_pareto_metrics.csv,e903acd6d74add1a542fa00d7f7fcbad12e72c2125b70998c03179ff796f2fb7,True,bounded_innovation_transport,frozen fold-local operating point,complete,mdck_bulk_online_outer_lomo_v188
4,5,"1,2,3,6",v166_h1_strict,4,6.423949654511174,9.08483672541166,0.8498167895537097,12268.0,3,<AIRI_SOURCE_ROOT>/outputs/lachance_foldlocal_semigroup_pareto_v157h_full_2026-07-24/v157h_pareto_metrics.csv,e903acd6d74add1a542fa00d7f7fcbad12e72c2125b70998c03179ff796f2fb7,True,bounded_innovation_transport,frozen fold-local operating point,complete,mdck_bulk_online_outer_lomo_v188
4,5,"1,2,3,6",v166_h1_strict,6,7.84269715433991,11.09124868125238,0.8820981421350724,11613.0,3,<AIRI_SOURCE_ROOT>/outputs/lachance_foldlocal_semigroup_pareto_v157h_full_2026-07-24/v157h_pareto_metrics.csv,e903acd6d74add1a542fa00d7f7fcbad12e72c2125b70998c03179ff796f2fb7,True,bounded_innovation_transport,frozen fold-local operating point,complete,mdck_bulk_online_outer_lomo_v188
5,6,"1,2,3,4",v166_h1_strict,1,3.1538083243426205,4.460158505410499,0.5489379584862153,14154.0,3,<AIRI_SOURCE_ROOT>/outputs/lachance_foldlocal_semigroup_pareto_v157h_full_2026-07-24/v157h_pareto_metrics.csv,e903acd6d74add1a542fa00d7f7fcbad12e72c2125b70998c03179ff796f2fb7,True,bounded_innovation_transport,frozen fold-local operating point,complete,mdck_bulk_online_outer_lomo_v188
5,6,"1,2,3,4",v166_h1_strict,2,3.8543264771695895,5.450840777826947,0.7986890066749853,13795.0,3,<AIRI_SOURCE_ROOT>/outputs/lachance_foldlocal_semigroup_pareto_v157h_full_2026-07-24/v157h_pareto_metrics.csv,e903acd6d74add1a542fa00d7f7fcbad12e72c2125b70998c03179ff796f2fb7,True,bounded_innovation_transport,frozen fold-local operating point,complete,mdck_bulk_online_outer_lomo_v188
5,6,"1,2,3,4",v166_h1_strict,4,4.877123871523873,6.897294724482637,0.9026729438367196,13080.0,3,<AIRI_SOURCE_ROOT>/outputs/lachance_foldlocal_semigroup_pareto_v157h_full_2026-07-24/v157h_pareto_metrics.csv,e903acd6d74add1a542fa00d7f7fcbad12e72c2125b70998c03179ff796f2fb7,True,bounded_innovation_transport,frozen fold-local operating point,complete,mdck_bulk_online_outer_lomo_v188
5,6,"1,2,3,4",v166_h1_strict,6,5.6987939069873095,8.059311632430612,0.9306217495727448,12370.0,3,<AIRI_SOURCE_ROOT>/outputs/lachance_foldlocal_semigroup_pareto_v157h_full_2026-07-24/v157h_pareto_metrics.csv,e903acd6d74add1a542fa00d7f7fcbad12e72c2125b70998c03179ff796f2fb7,True,bounded_innovation_transport,frozen fold-local operating point,complete,mdck_bulk_online_outer_lomo_v188
6,1,"2,3,4,5",v166_h1_strict,1,4.038026624282792,5.710632017284371,0.5070050530803207,12960.0,3,<AIRI_SOURCE_ROOT>/outputs/lachance_foldlocal_semigroup_pareto_v157h_full_2026-07-24/v157h_pareto_metrics.csv,e903acd6d74add1a542fa00d7f7fcbad12e72c2125b70998c03179ff796f2fb7,True,bounded_innovation_transport,frozen fold-local operating point,complete,mdck_bulk_online_outer_lomo_v188
6,1,"2,3,4,5",v166_h1_strict,2,5.247475023605854,7.421050346597475,0.7383360135764542,12638.0,3,<AIRI_SOURCE_ROOT>/outputs/lachance_foldlocal_semigroup_pareto_v157h_full_2026-07-24/v157h_pareto_metrics.csv,e903acd6d74add1a542fa00d7f7fcbad12e72c2125b70998c03179ff796f2fb7,True,bounded_innovation_transport,frozen fold-local operating point,complete,mdck_bulk_online_outer_lomo_v188
6,1,"2,3,4,5",v166_h1_strict,4,6.7231220534694005,9.50793038950608,0.865172916606286,11997.0,3,<AIRI_SOURCE_ROOT>/outputs/lachance_foldlocal_semigroup_pareto_v157h_full_2026-07-24/v157h_pareto_metrics.csv,e903acd6d74add1a542fa00d7f7fcbad12e72c2125b70998c03179ff796f2fb7,True,bounded_innovation_transport,frozen fold-local operating point,complete,mdck_bulk_online_outer_lomo_v188
6,1,"2,3,4,5",v166_h1_strict,6,7.671756720758338,10.849502401723385,0.9057603682913844,11361.0,3,<AIRI_SOURCE_ROOT>/outputs/lachance_foldlocal_semigroup_pareto_v157h_full_2026-07-24/v157h_pareto_metrics.csv,e903acd6d74add1a542fa00d7f7fcbad12e72c2125b70998c03179ff796f2fb7,True,bounded_innovation_transport,frozen fold-local operating point,complete,mdck_bulk_online_outer_lomo_v188
1,2,"3,4,5,6",v166_h6_utility,1,3.665174707722675,5.18333978012825,0.4194547147057964,14446.0,3,<AIRI_SOURCE_ROOT>/outputs/lachance_foldlocal_semigroup_pareto_v157h_full_2026-07-24/v157h_pareto_metrics.csv,e903acd6d74add1a542fa00d7f7fcbad12e72c2125b70998c03179ff796f2fb7,True,bounded_innovation_transport,frozen fold-local operating point,complete,mdck_bulk_online_outer_lomo_v188
1,2,"3,4,5,6",v166_h6_utility,2,4.1203133366111775,5.827003001862266,0.7732796030468789,14078.0,3,<AIRI_SOURCE_ROOT>/outputs/lachance_foldlocal_semigroup_pareto_v157h_full_2026-07-24/v157h_pareto_metrics.csv,e903acd6d74add1a542fa00d7f7fcbad12e72c2125b70998c03179ff796f2fb7,True,bounded_innovation_transport,frozen fold-local operating point,complete,mdck_bulk_online_outer_lomo_v188
1,2,"3,4,5,6",v166_h6_utility,4,5.0937057546090685,7.203587760906025,0.8945647450055497,13348.0,3,<AIRI_SOURCE_ROOT>/outputs/lachance_foldlocal_semigroup_pareto_v157h_full_2026-07-24/v157h_pareto_metrics.csv,e903acd6d74add1a542fa00d7f7fcbad12e72c2125b70998c03179ff796f2fb7,True,bounded_innovation_transport,frozen fold-local operating point,complete,mdck_bulk_online_outer_lomo_v188
1,2,"3,4,5,6",v166_h6_utility,6,5.806996849974077,8.21233370189118,0.9284895016463062,12627.0,3,<AIRI_SOURCE_ROOT>/outputs/lachance_foldlocal_semigroup_pareto_v157h_full_2026-07-24/v157h_pareto_metrics.csv,e903acd6d74add1a542fa00d7f7fcbad12e72c2125b70998c03179ff796f2fb7,True,bounded_innovation_transport,frozen fold-local operating point,complete,mdck_bulk_online_outer_lomo_v188
2,3,"1,4,5,6",v166_h6_utility,1,3.481854365913384,4.92408566648268,0.3789148407119195,13633.0,3,<AIRI_SOURCE_ROOT>/outputs/lachance_foldlocal_semigroup_pareto_v157h_full_2026-07-24/v157h_pareto_metrics.csv,e903acd6d74add1a542fa00d7f7fcbad12e72c2125b70998c03179ff796f2fb7,True,bounded_innovation_transport,frozen fold-local operating point,complete,mdck_bulk_online_outer_lomo_v188
2,3,"1,4,5,6",v166_h6_utility,2,3.680355088531616,5.204808080550245,0.7866752915488631,13298.0,3,<AIRI_SOURCE_ROOT>/outputs/lachance_foldlocal_semigroup_pareto_v157h_full_2026-07-24/v157h_pareto_metrics.csv,e903acd6d74add1a542fa00d7f7fcbad12e72c2125b70998c03179ff796f2fb7,True,bounded_innovation_transport,frozen fold-local operating point,complete,mdck_bulk_online_outer_lomo_v188
2,3,"1,4,5,6",v166_h6_utility,4,4.302207095160666,6.084239622113971,0.9097929292482084,12631.0,3,<AIRI_SOURCE_ROOT>/outputs/lachance_foldlocal_semigroup_pareto_v157h_full_2026-07-24/v157h_pareto_metrics.csv,e903acd6d74add1a542fa00d7f7fcbad12e72c2125b70998c03179ff796f2fb7,True,bounded_innovation_transport,frozen fold-local operating point,complete,mdck_bulk_online_outer_lomo_v188
2,3,"1,4,5,6",v166_h6_utility,6,4.833106424001699,6.835044653215733,0.9392345743815272,11967.0,3,<AIRI_SOURCE_ROOT>/outputs/lachance_foldlocal_semigroup_pareto_v157h_full_2026-07-24/v157h_pareto_metrics.csv,e903acd6d74add1a542fa00d7f7fcbad12e72c2125b70998c03179ff796f2fb7,True,bounded_innovation_transport,frozen fold-local operating point,complete,mdck_bulk_online_outer_lomo_v188
3,4,"1,2,5,6",v166_h6_utility,1,3.5016275344399186,4.952049149583995,0.4707622180244573,12799.0,3,<AIRI_SOURCE_ROOT>/outputs/lachance_foldlocal_semigroup_pareto_v157h_full_2026-07-24/v157h_pareto_metrics.csv,e903acd6d74add1a542fa00d7f7fcbad12e72c2125b70998c03179ff796f2fb7,True,bounded_innovation_transport,frozen fold-local operating point,complete,mdck_bulk_online_outer_lomo_v188
3,4,"1,2,5,6",v166_h6_utility,2,4.054269225959492,5.733602524863784,0.7866866741279925,12481.0,3,<AIRI_SOURCE_ROOT>/outputs/lachance_foldlocal_semigroup_pareto_v157h_full_2026-07-24/v157h_pareto_metrics.csv,e903acd6d74add1a542fa00d7f7fcbad12e72c2125b70998c03179ff796f2fb7,True,bounded_innovation_transport,frozen fold-local operating point,complete,mdck_bulk_online_outer_lomo_v188
3,4,"1,2,5,6",v166_h6_utility,4,4.700941085338957,6.648134638803249,0.9111666599717856,11850.0,3,<AIRI_SOURCE_ROOT>/outputs/lachance_foldlocal_semigroup_pareto_v157h_full_2026-07-24/v157h_pareto_metrics.csv,e903acd6d74add1a542fa00d7f7fcbad12e72c2125b70998c03179ff796f2fb7,True,bounded_innovation_transport,frozen fold-local operating point,complete,mdck_bulk_online_outer_lomo_v188
3,4,"1,2,5,6",v166_h6_utility,6,5.304001017235614,7.500990173415297,0.9399171664565056,11222.0,3,<AIRI_SOURCE_ROOT>/outputs/lachance_foldlocal_semigroup_pareto_v157h_full_2026-07-24/v157h_pareto_metrics.csv,e903acd6d74add1a542fa00d7f7fcbad12e72c2125b70998c03179ff796f2fb7,True,bounded_innovation_transport,frozen fold-local operating point,complete,mdck_bulk_online_outer_lomo_v188
4,5,"1,2,3,6",v166_h6_utility,1,4.258001992278574,6.021724166092018,0.3319615708543852,13260.0,3,<AIRI_SOURCE_ROOT>/outputs/lachance_foldlocal_semigroup_pareto_v157h_full_2026-07-24/v157h_pareto_metrics.csv,e903acd6d74add1a542fa00d7f7fcbad12e72c2125b70998c03179ff796f2fb7,True,bounded_innovation_transport,frozen fold-local operating point,complete,mdck_bulk_online_outer_lomo_v188
4,5,"1,2,3,6",v166_h6_utility,2,4.485886604572199,6.344001675453797,0.7630041201820991,12929.0,3,<AIRI_SOURCE_ROOT>/outputs/lachance_foldlocal_semigroup_pareto_v157h_full_2026-07-24/v157h_pareto_metrics.csv,e903acd6d74add1a542fa00d7f7fcbad12e72c2125b70998c03179ff796f2fb7,True,bounded_innovation_transport,frozen fold-local operating point,complete,mdck_bulk_online_outer_lomo_v188
4,5,"1,2,3,6",v166_h6_utility,4,5.357713815711712,7.576951541493209,0.8955337150725331,12268.0,3,<AIRI_SOURCE_ROOT>/outputs/lachance_foldlocal_semigroup_pareto_v157h_full_2026-07-24/v157h_pareto_metrics.csv,e903acd6d74add1a542fa00d7f7fcbad12e72c2125b70998c03179ff796f2fb7,True,bounded_innovation_transport,frozen fold-local operating point,complete,mdck_bulk_online_outer_lomo_v188
4,5,"1,2,3,6",v166_h6_utility,6,6.0981592468884305,8.624099512460518,0.928716784634751,11613.0,3,<AIRI_SOURCE_ROOT>/outputs/lachance_foldlocal_semigroup_pareto_v157h_full_2026-07-24/v157h_pareto_metrics.csv,e903acd6d74add1a542fa00d7f7fcbad12e72c2125b70998c03179ff796f2fb7,True,bounded_innovation_transport,frozen fold-local operating point,complete,mdck_bulk_online_outer_lomo_v188
5,6,"1,2,3,4",v166_h6_utility,1,3.525713682722817,4.9861121071509995,0.4362847639436608,14154.0,3,<AIRI_SOURCE_ROOT>/outputs/lachance_foldlocal_semigroup_pareto_v157h_full_2026-07-24/v157h_pareto_metrics.csv,e903acd6d74add1a542fa00d7f7fcbad12e72c2125b70998c03179ff796f2fb7,True,bounded_innovation_transport,frozen fold-local operating point,complete,mdck_bulk_online_outer_lomo_v188
5,6,"1,2,3,4",v166_h6_utility,2,3.7699114514784338,5.331459903626442,0.8074104164604148,13795.0,3,<AIRI_SOURCE_ROOT>/outputs/lachance_foldlocal_semigroup_pareto_v157h_full_2026-07-24/v157h_pareto_metrics.csv,e903acd6d74add1a542fa00d7f7fcbad12e72c2125b70998c03179ff796f2fb7,True,bounded_innovation_transport,frozen fold-local operating point,complete,mdck_bulk_online_outer_lomo_v188
5,6,"1,2,3,4",v166_h6_utility,4,4.215804279434734,5.9620475882871355,0.9272778188853504,13080.0,3,<AIRI_SOURCE_ROOT>/outputs/lachance_foldlocal_semigroup_pareto_v157h_full_2026-07-24/v157h_pareto_metrics.csv,e903acd6d74add1a542fa00d7f7fcbad12e72c2125b70998c03179ff796f2fb7,True,bounded_innovation_transport,frozen fold-local operating point,complete,mdck_bulk_online_outer_lomo_v188
5,6,"1,2,3,4",v166_h6_utility,6,4.579616117106246,6.476555223274066,0.9551961235142112,12370.0,3,<AIRI_SOURCE_ROOT>/outputs/lachance_foldlocal_semigroup_pareto_v157h_full_2026-07-24/v157h_pareto_metrics.csv,e903acd6d74add1a542fa00d7f7fcbad12e72c2125b70998c03179ff796f2fb7,True,bounded_innovation_transport,frozen fold-local operating point,complete,mdck_bulk_online_outer_lomo_v188
6,1,"2,3,4,5",v166_h6_utility,1,4.415417313214168,6.244343047884449,0.4105491149231223,12960.0,3,<AIRI_SOURCE_ROOT>/outputs/lachance_foldlocal_semigroup_pareto_v157h_full_2026-07-24/v157h_pareto_metrics.csv,e903acd6d74add1a542fa00d7f7fcbad12e72c2125b70998c03179ff796f2fb7,True,bounded_innovation_transport,frozen fold-local operating point,complete,mdck_bulk_online_outer_lomo_v188
6,1,"2,3,4,5",v166_h6_utility,2,4.973674954858575,7.033838575996389,0.7649295752940624,12638.0,3,<AIRI_SOURCE_ROOT>/outputs/lachance_foldlocal_semigroup_pareto_v157h_full_2026-07-24/v157h_pareto_metrics.csv,e903acd6d74add1a542fa00d7f7fcbad12e72c2125b70998c03179ff796f2fb7,True,bounded_innovation_transport,frozen fold-local operating point,complete,mdck_bulk_online_outer_lomo_v188
6,1,"2,3,4,5",v166_h6_utility,4,5.879496892791647,8.314864245716418,0.8968865117422701,11997.0,3,<AIRI_SOURCE_ROOT>/outputs/lachance_foldlocal_semigroup_pareto_v157h_full_2026-07-24/v157h_pareto_metrics.csv,e903acd6d74add1a542fa00d7f7fcbad12e72c2125b70998c03179ff796f2fb7,True,bounded_innovation_transport,frozen fold-local operating point,complete,mdck_bulk_online_outer_lomo_v188
6,1,"2,3,4,5",v166_h6_utility,6,6.382612152356934,9.026376669230508,0.934770981337986,11361.0,3,<AIRI_SOURCE_ROOT>/outputs/lachance_foldlocal_semigroup_pareto_v157h_full_2026-07-24/v157h_pareto_metrics.csv,e903acd6d74add1a542fa00d7f7fcbad12e72c2125b70998c03179ff796f2fb7,True,bounded_innovation_transport,frozen fold-local operating point,complete,mdck_bulk_online_outer_lomo_v188
1,2,"3,4,5,6",kalmannet,1,3.838656743367513,5.428680260976155,0.3631685682765611,14446.0,3,<AIRI_SOURCE_ROOT>/outputs/lachance_online_lomo_kalmannet_v188_exact_2026-07-29/kalmannet_lomo_movie_metrics.csv,c006c169d3d9ce2089cf181671d40c5667f9983221a4c3950b1aee9a6994da36,True,learned_filter,source-faithful predictive-prior adaptation,complete,mdck_bulk_online_outer_lomo_v188
1,2,"3,4,5,6",kalmannet,2,5.219574610392253,7.381593386332194,0.6361625977486564,14078.0,3,<AIRI_SOURCE_ROOT>/outputs/lachance_online_lomo_kalmannet_v188_exact_2026-07-29/kalmannet_lomo_movie_metrics.csv,c006c169d3d9ce2089cf181671d40c5667f9983221a4c3950b1aee9a6994da36,True,learned_filter,source-faithful predictive-prior adaptation,complete,mdck_bulk_online_outer_lomo_v188
1,2,"3,4,5,6",kalmannet,4,7.016705671946208,9.923120180765787,0.7999116895203553,13348.0,3,<AIRI_SOURCE_ROOT>/outputs/lachance_online_lomo_kalmannet_v188_exact_2026-07-29/kalmannet_lomo_movie_metrics.csv,c006c169d3d9ce2089cf181671d40c5667f9983221a4c3950b1aee9a6994da36,True,learned_filter,source-faithful predictive-prior adaptation,complete,mdck_bulk_online_outer_lomo_v188
1,2,"3,4,5,6",kalmannet,6,8.08226744333903,11.430052439371744,0.8614376423646689,12627.0,3,<AIRI_SOURCE_ROOT>/outputs/lachance_online_lomo_kalmannet_v188_exact_2026-07-29/kalmannet_lomo_movie_metrics.csv,c006c169d3d9ce2089cf181671d40c5667f9983221a4c3950b1aee9a6994da36,True,learned_filter,source-faithful predictive-prior adaptation,complete,mdck_bulk_online_outer_lomo_v188
2,3,"1,4,5,6",kalmannet,1,3.488060394922892,4.932862281799316,0.3766973995499514,13633.0,3,<AIRI_SOURCE_ROOT>/outputs/lachance_online_lomo_kalmannet_v188_exact_2026-07-29/kalmannet_lomo_movie_metrics.csv,c006c169d3d9ce2089cf181671d40c5667f9983221a4c3950b1aee9a6994da36,True,learned_filter,source-faithful predictive-prior adaptation,complete,mdck_bulk_online_outer_lomo_v188
2,3,"1,4,5,6",kalmannet,2,4.919355233510335,6.957018693288167,0.6188555255317828,13298.0,3,<AIRI_SOURCE_ROOT>/outputs/lachance_online_lomo_kalmannet_v188_exact_2026-07-29/kalmannet_lomo_movie_metrics.csv,c006c169d3d9ce2089cf181671d40c5667f9983221a4c3950b1aee9a6994da36,True,learned_filter,source-faithful predictive-prior adaptation,complete,mdck_bulk_online_outer_lomo_v188
2,3,"1,4,5,6",kalmannet,4,6.91017484664917,9.77246348063151,0.7672716947106766,12631.0,3,<AIRI_SOURCE_ROOT>/outputs/lachance_online_lomo_kalmannet_v188_exact_2026-07-29/kalmannet_lomo_movie_metrics.csv,c006c169d3d9ce2089cf181671d40c5667f9983221a4c3950b1aee9a6994da36,True,learned_filter,source-faithful predictive-prior adaptation,complete,mdck_bulk_online_outer_lomo_v188
2,3,"1,4,5,6",kalmannet,6,8.145835558573404,11.519951184590658,0.8273821900205941,11967.0,3,<AIRI_SOURCE_ROOT>/outputs/lachance_online_lomo_kalmannet_v188_exact_2026-07-29/kalmannet_lomo_movie_metrics.csv,c006c169d3d9ce2089cf181671d40c5667f9983221a4c3950b1aee9a6994da36,True,learned_filter,source-faithful predictive-prior adaptation,complete,mdck_bulk_online_outer_lomo_v188
3,4,"1,2,5,6",kalmannet,1,3.7102025349934897,5.247018655141194,0.40580175831041,12799.0,3,<AIRI_SOURCE_ROOT>/outputs/lachance_online_lomo_kalmannet_v188_exact_2026-07-29/kalmannet_lomo_movie_metrics.csv,c006c169d3d9ce2089cf181671d40c5667f9983221a4c3950b1aee9a6994da36,True,learned_filter,source-faithful predictive-prior adaptation,complete,mdck_bulk_online_outer_lomo_v188
3,4,"1,2,5,6",kalmannet,2,5.373857021331787,7.599781513214111,0.6251993056057848,12481.0,3,<AIRI_SOURCE_ROOT>/outputs/lachance_online_lomo_kalmannet_v188_exact_2026-07-29/kalmannet_lomo_movie_metrics.csv,c006c169d3d9ce2089cf181671d40c5667f9983221a4c3950b1aee9a6994da36,True,learned_filter,source-faithful predictive-prior adaptation,complete,mdck_bulk_online_outer_lomo_v188
3,4,"1,2,5,6",kalmannet,4,7.437591393788655,10.51834233601888,0.7775981486448931,11850.0,3,<AIRI_SOURCE_ROOT>/outputs/lachance_online_lomo_kalmannet_v188_exact_2026-07-29/kalmannet_lomo_movie_metrics.csv,c006c169d3d9ce2089cf181671d40c5667f9983221a4c3950b1aee9a6994da36,True,learned_filter,source-faithful predictive-prior adaptation,complete,mdck_bulk_online_outer_lomo_v188
3,4,"1,2,5,6",kalmannet,6,8.816924095153809,12.469013532002768,0.8339272825544456,11222.0,3,<AIRI_SOURCE_ROOT>/outputs/lachance_online_lomo_kalmannet_v188_exact_2026-07-29/kalmannet_lomo_movie_metrics.csv,c006c169d3d9ce2089cf181671d40c5667f9983221a4c3950b1aee9a6994da36,True,learned_filter,source-faithful predictive-prior adaptation,complete,mdck_bulk_online_outer_lomo_v188
4,5,"1,2,3,6",kalmannet,1,4.3382260004679365,6.135178248087565,0.3065488595516844,13260.0,3,<AIRI_SOURCE_ROOT>/outputs/lachance_online_lomo_kalmannet_v188_exact_2026-07-29/kalmannet_lomo_movie_metrics.csv,c006c169d3d9ce2089cf181671d40c5667f9983221a4c3950b1aee9a6994da36,True,learned_filter,source-faithful predictive-prior adaptation,complete,mdck_bulk_online_outer_lomo_v188
4,5,"1,2,3,6",kalmannet,2,5.8077460924784345,8.213393211364746,0.6026834313518971,12929.0,3,<AIRI_SOURCE_ROOT>/outputs/lachance_online_lomo_kalmannet_v188_exact_2026-07-29/kalmannet_lomo_movie_metrics.csv,c006c169d3d9ce2089cf181671d40c5667f9983221a4c3950b1aee9a6994da36,True,learned_filter,source-faithful predictive-prior adaptation,complete,mdck_bulk_online_outer_lomo_v188
4,5,"1,2,3,6",kalmannet,4,8.242395401000977,11.65650717417399,0.7524556878825819,12268.0,3,<AIRI_SOURCE_ROOT>/outputs/lachance_online_lomo_kalmannet_v188_exact_2026-07-29/kalmannet_lomo_movie_metrics.csv,c006c169d3d9ce2089cf181671d40c5667f9983221a4c3950b1aee9a6994da36,True,learned_filter,source-faithful predictive-prior adaptation,complete,mdck_bulk_online_outer_lomo_v188
4,5,"1,2,3,6",kalmannet,6,10.048360506693522,14.210527737935385,0.8057145073287783,11613.0,3,<AIRI_SOURCE_ROOT>/outputs/lachance_online_lomo_kalmannet_v188_exact_2026-07-29/kalmannet_lomo_movie_metrics.csv,c006c169d3d9ce2089cf181671d40c5667f9983221a4c3950b1aee9a6994da36,True,learned_filter,source-faithful predictive-prior adaptation,complete,mdck_bulk_online_outer_lomo_v188
5,6,"1,2,3,4",kalmannet,1,3.555377642313639,5.028063138326009,0.4267552720588838,14154.0,3,<AIRI_SOURCE_ROOT>/outputs/lachance_online_lomo_kalmannet_v188_exact_2026-07-29/kalmannet_lomo_movie_metrics.csv,c006c169d3d9ce2089cf181671d40c5667f9983221a4c3950b1aee9a6994da36,True,learned_filter,source-faithful predictive-prior adaptation,complete,mdck_bulk_online_outer_lomo_v188
5,6,"1,2,3,4",kalmannet,2,5.017571449279785,7.095917383829753,0.658829537276066,13795.0,3,<AIRI_SOURCE_ROOT>/outputs/lachance_online_lomo_kalmannet_v188_exact_2026-07-29/kalmannet_lomo_movie_metrics.csv,c006c169d3d9ce2089cf181671d40c5667f9983221a4c3950b1aee9a6994da36,True,learned_filter,source-faithful predictive-prior adaptation,complete,mdck_bulk_online_outer_lomo_v188
5,6,"1,2,3,4",kalmannet,4,6.955412864685059,9.83643913269043,0.8020032279131275,13080.0,3,<AIRI_SOURCE_ROOT>/outputs/lachance_online_lomo_kalmannet_v188_exact_2026-07-29/kalmannet_lomo_movie_metrics.csv,c006c169d3d9ce2089cf181671d40c5667f9983221a4c3950b1aee9a6994da36,True,learned_filter,source-faithful predictive-prior adaptation,complete,mdck_bulk_online_outer_lomo_v188
5,6,"1,2,3,4",kalmannet,6,8.179821332295736,11.5680144627889,0.8569766351452194,12370.0,3,<AIRI_SOURCE_ROOT>/outputs/lachance_online_lomo_kalmannet_v188_exact_2026-07-29/kalmannet_lomo_movie_metrics.csv,c006c169d3d9ce2089cf181671d40c5667f9983221a4c3950b1aee9a6994da36,True,learned_filter,source-faithful predictive-prior adaptation,complete,mdck_bulk_online_outer_lomo_v188
6,1,"2,3,4,5",kalmannet,1,4.627027670542399,6.543605486551921,0.3526582375009104,12960.0,3,<AIRI_SOURCE_ROOT>/outputs/lachance_online_lomo_kalmannet_v188_exact_2026-07-29/kalmannet_lomo_movie_metrics.csv,c006c169d3d9ce2089cf181671d40c5667f9983221a4c3950b1aee9a6994da36,True,learned_filter,source-faithful predictive-prior adaptation,complete,mdck_bulk_online_outer_lomo_v188
6,1,"2,3,4,5",kalmannet,2,6.195933659871419,8.762373606363932,0.6351670370441383,12638.0,3,<AIRI_SOURCE_ROOT>/outputs/lachance_online_lomo_kalmannet_v188_exact_2026-07-29/kalmannet_lomo_movie_metrics.csv,c006c169d3d9ce2089cf181671d40c5667f9983221a4c3950b1aee9a6994da36,True,learned_filter,source-faithful predictive-prior adaptation,complete,mdck_bulk_online_outer_lomo_v188
6,1,"2,3,4,5",kalmannet,4,8.275916735331217,11.703913370768229,0.7956611659462051,11997.0,3,<AIRI_SOURCE_ROOT>/outputs/lachance_online_lomo_kalmannet_v188_exact_2026-07-29/kalmannet_lomo_movie_metrics.csv,c006c169d3d9ce2089cf181671d40c5667f9983221a4c3950b1aee9a6994da36,True,learned_filter,source-faithful predictive-prior adaptation,complete,mdck_bulk_online_outer_lomo_v188
6,1,"2,3,4,5",kalmannet,6,9.49322319030762,13.425445874532064,0.8556517074141254,11361.0,3,<AIRI_SOURCE_ROOT>/outputs/lachance_online_lomo_kalmannet_v188_exact_2026-07-29/kalmannet_lomo_movie_metrics.csv,c006c169d3d9ce2089cf181671d40c5667f9983221a4c3950b1aee9a6994da36,True,learned_filter,source-faithful predictive-prior adaptation,complete,mdck_bulk_online_outer_lomo_v188
